date,pnl
2002-01-08,0
2002-01-09,19.3630506544079874259124
2002-01-10,19.3667999317144391218134
2002-01-11,19.3705499349953548401798
2002-01-14,19.3743006643913053842181
2002-01-15,19.3780521200428887759310
2002-01-16,19.3818043020907302613872
2002-01-17,19.3855572106754823159932
2002-01-18,19.3893108459378246497655
2002-01-21,19.3930652080184642126040
2002-01-22,19.3968202970581351995667
2002-01-23,19.4005761131975990561451
2002-01-24,19.4043326565776444835405
2002-01-25,19.4080899273390874439420
2002-01-28,19.4118479256227711658046
2002-01-29,19.4156066515695661491291
2002-01-30,19.4193661053203701707424
2002-01-31,19.4231262870161082895795
2002-02-01,19.4268871967977328519657
2002-02-04,19.4306488348062234969007
2002-02-05,19.4344112011825871613432
2002-02-06,19.4381742960678580854963
2002-02-07,19.4419381196030978180945
2002-02-08,19.4457026719293952216917
2002-02-11,19.4494679531878664779494
2002-02-12,19.4532339635196550929269
2002-02-13,19.4570007030659319023723
2002-02-14,19.4607681719678950770139
2002-02-15,19.4645363703667701278534
2002-02-18,19.4683052984038099114598
2002-02-19,19.4720749562202946352641
2002-02-20,19.4758453439575318628555
2002-02-21,19.4796164617568565192784
2002-02-22,19.4833883097596308963304
2002-02-25,19.4871608881072446578609
2002-02-26,19.4909341969411148450720
2002-02-27,19.4947082364026858818187
2002-02-28,19.4984830066334295799117
2002-03-01,19.5022585077748451444203
2002-03-04,19.5060347399684591789763
2002-03-05,19.5098117033558256910798
2002-03-06,19.5135893980785260974048
2002-03-07,19.5173678242781692291068
2002-03-08,19.5211469820963913371311
2002-03-11,19.5249268716748560975219
2002-03-12,19.5287074931552546167328
2002-03-13,19.5324888466793054369381
2002-03-14,19.5362709323887545413453
2002-03-15,19.5400537504253753595082
2002-03-18,19.5438373009309687726419
2002-03-19,19.5476215840473631189376
2002-03-20,19.5514065999164141988798
2002-03-21,19.5551923486800052805633
2002-03-22,19.5589788304800471050121
2002-03-26,19.5627660454584778914986
2002-03-27,19.5665539937572633428649
2002-03-28,19.5703426755183966508438
2002-04-01,19.5741320908838985013817
2002-04-02,19.5779222399958170799625
2002-04-03,19.5817131229962280769322
2002-04-04,19.5855047400272346928246
2002-04-05,19.5892970912309676436882
2002-04-08,19.5930901767495851664141
2002-04-09,19.5968839967252730240649
2002-04-10,19.6006785513002445112043
2002-04-11,19.6044738406167404592285
2002-04-12,19.6082698648170292416979
2002-04-15,19.6120666240434067796698
2002-04-16,19.6158641184381965470333
2002-04-17,19.6196623481437495758435
2002-04-18,19.6234613133024444616580
2002-04-19,19.6272610140566873688740
2002-04-22,19.6310614505489120360665
2002-04-23,19.6348626229215797813274
2002-04-24,19.6386645313171795076057
2002-04-25,19.6424671758782277080491
2002-04-26,19.6462705567472684713458
2002-04-29,19.6500746740668734870682
2002-04-30,19.6538795279796420510172
2002-05-02,19.6576851186282010705675
2002-05-03,19.6614914461552050700142
2002-05-06,19.6652985107033361959202
2002-05-07,19.6691063124153042224647
2002-05-08,19.6729148514338465567927
2002-05-09,19.6767241279017282443657
2002-05-10,19.6805341419617419743133
2002-05-13,19.6843448937567080847857
2002-05-14,19.6881563834294745683077
2002-05-15,19.6919686111229170771332
2002-05-16,19.6957815769799389286009
2002-05-17,19.6995952811434711104913
2002-05-20,19.7034097237564722863846
2002-05-21,19.7072249049619288010191
2002-05-22,19.7110408249028546856519
2002-05-23,19.7148574837222916634191
2002-05-24,19.7186748815633091546981
2002-05-27,19.7224930185690042824709
2002-05-28,19.7263118948825018776876
2002-05-29,19.7301315106469544846321
2002-05-30,19.7339518660055423662878
2002-05-31,19.7377729611014735097048
2002-06-03,19.7415947960779836313687
2002-06-04,19.7454173710783361825690
2002-06-05,19.7492406862458223547701
2002-06-06,19.7530647417237610849824
2002-06-07,19.7568895376554990611344
2002-06-10,19.7607150741844107274467
2002-06-11,19.7645413514538982898060
2002-06-12,19.7683683696073917211408
2002-06-13,19.7721961287883487667979
2002-06-14,19.7760246291402549499201
2002-06-17,19.7798538708066235768246
2002-06-18,19.7836838539309957423829
2002-06-19,19.7875145786569403354012
2002-06-20,19.7913460451280540440026
2002-06-21,19.7951782534879613610096
2002-06-24,19.7990112038803145893279
2002-06-25,19.8028448964487938473315
2002-06-26,19.8066793313371070742485
2002-06-27,19.8105145086889900355480
2002-06-28,19.8143504286482063283281
2002-07-01,19.8181870913585473867052
2002-07-02,19.8220244969638324872038
2002-07-03,19.8258626456079087541479
2002-07-04,19.8297015374346511650528
2002-07-05,19.8335411725879625560189
2002-07-08,19.8373815512117736271255
2002-07-09,19.8412226734500429478260
2002-07-10,19.8450645394467569623451
2002-07-11,19.8489071493459299950750
2002-07-12,19.8527505032916042559750
2002-07-15,19.8565946014278498459702
2002-07-16,19.8604394438987647623523
2002-07-17,19.8642850308484749041814
2002-07-18,19.8681313624211340776882
2002-07-19,19.8719784387609240016782
2002-07-22,19.8758262600120543129359
2002-07-23,19.8796748263187625716310
2002-07-24,19.8835241378253142667249
2002-07-25,19.8873741946760028213787
2002-07-26,19.8912249970151495983622
2002-07-29,19.8950765449871039054638
2002-07-30,19.8989288387362430009015
2002-07-31,19.9027818784069720987348
2002-08-01,19.9066356641437243742780
2002-08-02,19.9104901960909609695144
2002-08-05,19.9143454743931709985113
2002-08-06,19.9182014991948715528363
2002-08-07,19.9220582706406077069748
2002-08-08,19.9259157888749525237482
2002-08-09,19.9297740540425070597330
2002-08-12,19.9336330662879003706818
2002-08-13,19.9374928257557895169445
2002-08-14,19.9413533325908595688908
2002-08-16,19.9452145869378236123338
2002-08-19,19.9490765889414227539549
2002-08-20,19.9529393387464261267292
2002-08-21,19.9568028364976308953524
2002-08-22,19.9606670823398622616683
2002-08-23,19.9645320764179734700983
2002-08-26,19.9683978188768458130706
2002-08-27,19.9722643098613886364515
2002-08-28,19.9761315495165393449774
2002-08-29,19.9799995379872634076878
2002-08-30,19.9838682754185543633593
2002-09-02,19.9877377619554338259410
2002-09-03,19.9916079977429514899904
2002-09-04,19.9954789829261851361110
2002-09-05,19.9993507176502406363903
2002-09-06,20.0032232020602519598395
2002-09-09,20.0070964363013811778335
2002-09-11,20.0109704205188184695529
2002-09-12,20.0148451548577821274258
2002-09-13,20.0187206394635185625724
2002-09-16,20.0225968744813023102485
2002-09-17,20.0264738600564360352922
2002-09-18,20.0303515963342505375699
2002-09-19,20.0342300834601047574245
2002-09-20,20.0381093215793857811242
2002-09-23,20.0419893108375088463123
2002-09-24,20.0458700513799173474581
2002-09-25,20.0497515433520828413093
2002-09-26,20.0536337868995050523446
2002-09-27,20.0575167821677118782283
2002-09-30,20.0614005293022593952649
2002-10-01,20.0652850284487318638560
2002-10-03,20.0691702797527417339571
2002-10-04,20.0730562833599296505363
2002-10-07,20.0769430394159644590333
2002-10-08,20.0808305480665432108203
2002-10-09,20.0847188094573911686635
2002-10-10,20.0886078237342618121853
2002-10-11,20.0924975910429368433283
2002-10-14,20.0963881115292261918199
2002-10-16,20.1002793853389680206380
2002-10-17,20.1041714126180287314779
2002-10-18,20.1080641935123029702202
2002-10-21,20.1119577281677136323995
2002-10-22,20.1158520167302118686749
2002-10-23,20.1197470593457770903004
2002-10-24,20.1236428561604169745975
2002-10-25,20.1275394073201674704283
2002-10-28,20.1314367129710928036695
2002-10-29,20.1353347732592854826879
2002-10-30,20.1392335883308663038167
2002-10-31,20.1431331583319843568329
2002-11-01,20.1470334834088170304359
2002-11-04,20.1509345637075700177267
2002-11-05,20.1548363993744773216889
2002-11-07,20.1587389905558012606701
2002-11-08,20.1626423373978324738646
2002-11-11,20.1665464400468899267975
2002-11-12,20.1704512986493209168091
2002-11-13,20.1743569133515010785411
2002-11-14,20.1782632842998343894235
2002-11-15,20.1821704116407531751625
2002-11-18,20.1860782955207181152299
2002-11-20,20.1899869360862182483528
2002-11-21,20.1938963334837709780053
2002-11-22,20.1978064878599220779005
2002-11-25,20.2017173993612456974838
2002-11-26,20.2056290681343443674275
2002-11-27,20.2095414943258490051260
2002-11-28,20.2134546780824189201928
2002-11-29,20.2173686195507418199576
2002-12-02,20.2212833188775338149653
2002-12-03,20.2251987762095394244754
2002-12-04,20.2291149916935315819632
2002-12-05,20.2330319654763116406214
2002-12-06,20.2369496977047093788631
2002-12-09,20.2408681885255830058256
2002-12-10,20.2447874380858191668759
2002-12-11,20.2487074465323329491163
2002-12-12,20.2526282140120678868920
2002-12-13,20.2565497406719959672992
2002-12-16,20.2604720266591176356942
2002-12-17,20.2643950721204618012042
2002-12-18,20.2683188772030858422385
2002-12-19,20.2722434420540756120010
2002-12-20,20.2761687668205454440040
2002-12-23,20.2800948516496381575827
2002-12-24,20.2840216966885250634107
2002-12-26,20.2879493020844059690173
2002-12-27,20.2918776679845091843050
2002-12-30,20.2958067945360915270686
2002-12-31,20.2997366818864383285150
2003-01-01,20.3036673301828634387845
2003-01-02,20.3075987395727092324727
2003-01-03,20.3115309102033466141539
2003-01-06,20.3154638422221750239053
2003-01-07,20.3193975357766224428324
2003-01-08,20.3233319910141453985953
2003-01-09,20.3272672080822289709362
2003-01-10,20.3312031871283867972080
2003-01-13,20.3351399283001610779041
2003-01-14,20.3390774317451225821887
2003-01-15,20.3430156976108706534290
2003-01-16,20.3469547260450332147275
2003-01-17,20.3508945171952667744566
2003-01-20,20.3548350712092564317929
2003-01-21,20.3587763882347158822538
2003-01-22,20.3627184684193874232342
2003-01-23,20.3666613119110419595450
2003-01-24,20.3706049188574790089523
2003-01-27,20.3745492894065267077175
2003-01-28,20.3784944237060418161391
2003-01-29,20.3824403219039097240949
2003-01-30,20.3863869841480444565856
2003-01-31,20.3903344105863886792795
2003-02-03,20.3942826013669137040584
2003-02-04,20.3982315566376194945640
2003-02-05,20.4021812765465346717458
2003-02-06,20.4061317612417165194104
2003-02-07,20.4100830108712509897711
2003-02-10,20.4140350255832527089993
2003-02-11,20.4179878055258649827763
2003-02-12,20.4219413508472598018468
2003-02-14,20.4258956616956378475733
2003-02-17,20.4298507382192284974909
2003-02-18,20.4338065805662898308646
2003-02-19,20.4377631888851086342461
2003-02-20,20.4417205633240004070328
2003-02-21,20.4456787040313093670273
2003-02-24,20.4496376111554084559983
2003-02-25,20.4535972848446993452424
2003-02-26,20.4575577252476124411469
2003-02-27,20.4615189325126068907540
2003-02-28,20.4654809067881705873256
2003-03-03,20.4694436482228201759096
2003-03-04,20.4734071569651010589073
2003-03-05,20.4773714331635874016413
2003-03-06,20.4813364769668821379252
2003-03-07,20.4853022885236169756338
2003-03-10,20.4892688679824524022751
2003-03-11,20.4932362154920776905622
2003-03-12,20.4972043312012109039877
2003-03-13,20.5011732152585989023980
2003-03-17,20.5051428678130173475695
2003-03-19,20.5091132890132707087850
2003-03-20,20.5130844790081922684126
2003-03-21,20.5170564379466441274836
2003-03-22,20.5210291659775172112740
2003-03-24,20.5250026632497312748845
2003-03-25,20.5289769299122349088238
2003-03-26,20.5329519661140055445915
2003-03-27,20.5369277720040494602627
2003-03-28,20.5409043477314017860736
2003-03-31,20.5448816934451265100082
2003-04-01,20.5488598092943164833860
2003-04-02,20.5528386954280934264508
2003-04-03,20.5568183519956079339607
2003-04-04,20.5607987791460394807788
2003-04-07,20.5647799770285964274658
2003-04-08,20.5687619457925160258726
2003-04-09,20.5727446855870644247348
2003-04-10,20.5767281965615366752681
2003-04-11,20.5807124788652567367646
2003-04-15,20.5846975326475774821900
2003-04-16,20.5886833580578807037828
2003-04-17,20.5926699552455771186533
2003-04-21,20.5966573243601063743850
2003-04-22,20.6006454655509370546357
2003-04-23,20.6046343789675666847409
2003-04-24,20.6086240647595217373177
2003-04-25,20.6126145230763576378698
2003-04-28,20.6166057540676587703937
2003-04-29,20.6205977578830384829860
2003-04-30,20.6245905346721390934516
2003-05-02,20.6285840845846318949131
2003-05-05,20.6325784077702171614216
2003-05-06,20.6365735043786241535680
2003-05-07,20.6405693745596111240959
2003-05-08,20.6445660184629653235149
2003-05-09,20.6485634362385030057163
2003-05-12,20.6525616280360694335880
2003-05-13,20.6565605940055388846323
2003-05-14,20.6605603342968146565840
2003-05-15,20.6645608490598290730289
2003-05-16,20.6685621384445434890250
2003-05-19,20.6725642026009482967231
2003-05-20,20.6765670416790629309899
2003-05-21,20.6805706558289358750309
2003-05-22,20.6845750452006446660159
2003-05-23,20.6885802099442959007038
2003-05-26,20.6925861502100252410701
2003-05-27,20.6965928661479974199345
2003-05-28,20.7006003579084062465900
2003-05-29,20.7046086256414746124330
2003-05-30,20.7086176694974544965944
2003-06-02,20.7126274896266269715720
2003-06-03,20.7166380861793022088637
2003-06-04,20.7206494593058194846021
2003-06-05,20.7246616091565471851901
2003-06-06,20.7286745358818828129371
2003-06-09,20.7326882396322529916975
2003-06-10,20.7367027205581134725087
2003-06-11,20.7407179788099491392315
2003-06-12,20.7447340145382740141911
2003-06-13,20.7487508278936312638190
2003-06-16,20.7527684190265932042963
2003-06-17,20.7567867880877613071978
2003-06-18,20.7608059352277662051378
2003-06-19,20.7648258605972676974161
2003-06-20,20.7688465643469547556659
2003-06-23,20.7728680466275455295020
2003-06-24,20.7768903075897873521712
2003-06-25,20.7809133473844567462027
2003-06-26,20.7849371661623594290600
2003-06-27,20.7889617640743303187943
2003-06-30,20.7929871412712335396981
2003-07-01,20.7970132979039624279609
2003-07-02,20.8010402341234395373254
2003-07-03,20.8050679500806166447445
2003-07-04,20.8090964459264747560404
2003-07-07,20.8131257218120241115640
2003-07-08,20.8171557778883041918552
2003-07-09,20.8211866143063837233055
2003-07-10,20.8252182312173606838199
2003-07-11,20.8292506287723623084817
2003-07-14,20.8332838071225450952173
2003-07-15,20.8373177664190948104623
2003-07-16,20.8413525068132264948288
2003-07-17,20.8453880284561844687738
2003-07-18,20.8494243314992423382687
2003-07-21,20.8534614160937030004699
2003-07-22,20.8574992823908986493905
2003-07-23,20.8615379305421907815727
2003-07-24,20.8655773606989702017621
2003-07-25,20.8696175730126570285827
2003-07-28,20.8736585676347007002125
2003-07-29,20.8777003447165799800611
2003-07-30,20.8817429044098029624476
2003-07-31,20.8857862468659070782803
2003-08-01,20.8898303722364591007370
2003-08-04,20.8938752806730551509466
2003-08-05,20.8979209723273207036715
2003-08-06,20.9019674473509105929919
2003-08-07,20.9060147058955090179901
2003-08-08,20.9100627481128295484368
2003-08-11,20.9141115741546151304781
2003-08-12,20.9181611841726380923236
2003-08-13,20.9222115783187001499356
2003-08-14,20.9262627567446324127196
2003-08-18,20.9303147196022953892159
2003-08-19,20.9343674670435789927917
2003-08-20,20.9384209992204025473353
2003-08-21,20.9424753162847147929505
2003-08-22,20.9465304183884938916527
2003-08-25,20.9505863056837474330657
2003-08-26,20.9546429783225124401200
2003-08-27,20.9587004364568553747518
2003-08-28,20.9627586802388721436032
2003-08-29,20.9668177098206881037241
2003-09-01,20.9708775253544580682741
2003-09-02,20.9749381269923663122263
2003-09-03,20.9789995148866265780722
2003-09-04,20.9830616891894820815273
2003-09-05,20.9871246500532055172381
2003-09-08,20.9911883976300990644899
2003-09-09,20.9952529320724943929166
2003-09-10,20.9993182535327526682099
2003-09-11,21.0033843621632645578315
2003-09-12,21.0074512581164502367252
2003-09-15,21.0115189415447593930305
2003-09-16,21.0155874126006712337971
2003-09-17,21.0196566714366944907010
2003-09-18,21.0237267182053674257610
2003-09-19,21.0277975530592578370568
2003-09-22,21.0318691761509630644484
2003-09-23,21.0359415876331099952958
2003-09-24,21.0400147876583550701804
2003-09-25,21.0440887763793842886279
2003-09-26,21.0481635539489132148310
2003-09-29,21.0522391205196869833748
2003-09-30,21.0563154762444803049619
2003-10-01,21.0603926212760974721397
2003-10-03,21.0644705557673723650282
2003-10-06,21.0685492798711684570488
2003-10-07,21.0726287937403788206550
2003-10-08,21.0767090975279261330631
2003-10-09,21.0807901913867626819849
2003-10-10,21.0848720754698703713614
2003-10-13,21.0889547499302607270967
2003-10-14,21.0930382149209749027946
2003-10-15,21.0971224705950836854948
2003-10-16,21.1012075171056875014109
2003-10-17,21.1052933546059164216699
2003-10-20,21.1093799832489301680518
2003-10-21,21.1134674031879181187312
2003-10-22,21.1175556145760993140195
2003-10-23,21.1216446175667224621086
2003-10-24,21.1257344123130659448154
2003-10-25,21.1298249989684378233274
2003-10-27,21.1339163776861758439497
2003-10-28,21.1380085486196474438530
2003-10-29,21.1421015119222497568223
2003-10-30,21.1461952677474096190075
2003-10-31,21.1502898162485835746746
2003-11-03,21.1543851575792578819577
2003-11-04,21.1584812918929485186130
2003-11-05,21.1625782193432011877733
2003-11-06,21.1666759400835913237036
2003-11-07,21.1707744542677240975578
2003-11-10,21.1748737620492344231374
2003-11-11,21.1789738635817869626495
2003-11-12,21.1830747590190761324681
2003-11-13,21.1871764485148261088946
2003-11-14,21.1912789322227908339206
2003-11-15,21.1953822102967540209913
2003-11-17,21.1994862828905291607704
2003-11-18,21.2035911501579595269056
2003-11-19,21.2076968122529181817955
2003-11-20,21.2118032693293079823580
2003-11-21,21.2159105215410615857988
2003-11-24,21.2200185690421414553823
2003-11-25,21.2241274119865398662025
2003-11-27,21.2282370505282789109555
2003-11-28,21.2323474848214105057136
2003-12-01,21.2364587150200163956992
2003-12-02,21.2405707412782081610614
2003-12-03,21.2446835637501272226525
2003-12-04,21.2487971825899448478062
2003-12-05,21.2529115979518621561169
2003-12-08,21.2570268099901101252197
2003-12-09,21.2611428188589495965721
2003-12-10,21.2652596247126712812366
2003-12-11,21.2693772277055957656641
2003-12-12,21.2734956279920735174789
2003-12-15,21.2776148257264848912644
2003-12-16,21.2817348210632401343504
2003-12-17,21.2858556141567793926011
2003-12-18,21.2899772051615727162042
2003-12-19,21.2940995942321200654618
2003-12-22,21.2982227815229513165812
2003-12-23,21.3023467671886262674682
2003-12-24,21.3064715513837346435203
2003-12-26,21.3105971342628961034221
2003-12-29,21.3147235159807602449408
2003-12-30,21.3188506966920066107237
2003-12-31,21.3229786765513446940963
2004-01-01,21.3271074557135139448616
2004-01-02,21.3312370343332837751006
2004-01-05,21.3353674125654535649740
2004-01-06,21.3394985905648526685250
2004-01-07,21.3436305684863404194830
2004-01-08,21.3477633464848061370684
2004-01-09,21.3518969247151691317993
2004-01-12,21.3560313033323787112982
2004-01-13,21.3601664824914141861004
2004-01-14,21.3643024623472848754639
2004-01-15,21.3684392430550301131794
2004-01-16,21.3725768247697192533825
2004-01-19,21.3767152076464516763665
2004-01-20,21.3808543918403567943959
2004-01-21,21.3849943775065940575223
2004-01-22,21.3891351648003529593999
2004-01-23,21.3932767538768530431034
2004-01-27,21.3974191448913439069461
2004-01-28,21.4015623379991052102996
2004-01-29,21.4057063333554466794148
2004-01-30,21.4098511311157081132435
2004-02-03,21.4139967314352593892614
2004-02-04,21.4181431344695004692922
2004-02-05,21.4222903403738614053331
2004-02-06,21.4264383493038023453809
2004-02-09,21.4305871614148135392597
2004-02-10,21.4347367768624153444492
2004-02-11,21.4388871958021582319151
2004-02-12,21.4430384183896227919392
2004-02-13,21.4471904447804197399519
2004-02-16,21.4513432751301899223655
2004-02-17,21.4554969095946043224079
2004-02-18,21.4596513483293640659584
2004-02-19,21.4638065914902004273844
2004-02-20,21.4679626392328748353786
2004-02-23,21.4721194917131788787982
2004-02-24,21.4762771490869343125045
2004-02-25,21.4804356115099930632042
2004-02-26,21.4845948791382372352917
2004-02-27,21.4887549521275791166918
2004-03-01,21.4929158306339611847051
2004-03-03,21.4970775148133561118527
2004-03-04,21.5012400048217667717234
2004-03-05,21.5054033008152262448214
2004-03-08,21.5095674029497978244155
2004-03-09,21.5137323113815750223888
2004-03-10,21.5178980262666815750903
2004-03-11,21.5220645477612714491871
2004-03-12,21.5262318760215288475179
2004-03-15,21.5304000112036682149479
2004-03-16,21.5345689534639342442243
2004-03-17,21.5387387029586018818332
2004-03-18,21.5429092598439763338578
2004-03-19,21.5470806242763930718377
2004-03-22,21.5512527964122178386287
2004-03-23,21.5554257764078466542650
2004-03-24,21.5595995644197058218211
2004-03-25,21.5637741606042519332758
2004-03-26,21.5679495651179718753773
2004-03-29,21.5721257781173828355086
2004-03-30,21.5763027997590323075553
2004-03-31,21.5804806301994980977733
2004-04-01,21.5846592695953883306587
2004-04-02,21.5888387181033414548178
2004-04-05,21.5930189758800262488391
2004-04-06,21.5972000430821418271662
2004-04-07,21.6013819198664176459716
2004-04-08,21.6055646063896135090315
2004-04-12,21.6097481028085195736028
2004-04-13,21.6139324092799563562995
2004-04-15,21.6181175259607747389719
2004-04-16,21.6223034530078559745860
2004-04-17,21.6264901905781116931042
2004-04-19,21.6306777388284839073674
2004-04-20,21.6348660979159450189779
2004-04-21,21.6390552679974978241836
2004-04-22,21.6432452492301755197633
2004-04-23,21.6474360417710417089134
2004-04-27,21.6516276457771904071353
2004-04-28,21.6558200614057460481241
2004-04-29,21.6600132888138634896587
2004-04-30,21.6642073281587280194927
2004-05-03,21.6684021795975553612464
2004-05-04,21.6725978432875916803007
2004-05-05,21.6767943193861135896907
2004-05-06,21.6809916080504281560021
2004-05-07,21.6851897094378729052673
2004-05-10,21.6893886237058158288640
2004-05-11,21.6935883510116553894132
2004-05-12,21.6977888915128205266804
2004-05-13,21.7019902453667706634762
2004-05-14,21.7061924127309957115593
2004-05-17,21.7103953937630160775393
2004-05-18,21.7145991886203826687825
2004-05-19,21.7188037974606768993167
2004-05-20,21.7230092204415106957390
2004-05-21,21.7272154577205265031236
2004-05-24,21.7314225094553972909312
2004-05-25,21.7356303758038265589195
2004-05-26,21.7398390569235483430547
2004-05-27,21.7440485529723272214241
2004-05-28,21.7482588641079583201506
2004-05-31,21.7524699904882673193069
2004-06-01,21.7566819322711104588323
2004-06-02,21.7608946896143745444496
2004-06-03,21.7651082626759769535840
2004-06-04,21.7693226516138656412824
2004-06-07,21.7735378565860191461341
2004-06-08,21.7777538777504465961931
2004-06-09,21.7819707152651877149007
2004-06-10,21.7861883692883128270100
2004-06-11,21.7904068399779228645111
2004-06-14,21.7946261274921493725577
2004-06-15,21.7988462319891545153947
2004-06-16,21.8030671536271310822870
2004-06-17,21.8072888925643024934492
2004-06-18,21.8115114489589228059771
2004-06-21,21.8157348229692767197798
2004-06-22,21.8199590147536795835128
2004-06-23,21.8241840244704774005130
2004-06-24,21.8284098522780468347340
2004-06-25,21.8326364983347952166830
2004-06-28,21.8368639627991605493590
2004-06-29,21.8410922458296115141916
2004-06-30,21.8453213475846474769817
2004-07-01,21.8495512682227984938424
2004-07-02,21.8537820079026253171422
2004-07-05,21.8580135667827194014480
2004-07-06,21.8622459450217029094707
2004-07-07,21.8664791427782287180109
2004-07-08,21.8707131602109804239058
2004-07-09,21.8749479974786723499782
2004-07-12,21.8791836547400495509854
2004-07-13,21.8834201321538878195702
2004-07-14,21.8876574298789936922125
2004-07-15,21.8918955480742044551821
2004-07-16,21.8961344868983881504934
2004-07-19,21.9003742465104435818600
2004-07-20,21.9046148270693003206513
2004-07-21,21.9088562287339187118502
2004-07-22,21.9130984516632898800119
2004-07-23,21.9173414960164357352232
2004-07-26,21.9215853619524089790642
2004-07-27,21.9258300496302931105700
2004-07-28,21.9300755592092024321943
2004-07-29,21.9343218908482820557739
2004-07-30,21.9385690447067079084939
2004-08-02,21.9428170209436867388551
2004-08-03,21.9470658197184561226415
2004-08-04,21.9513154411902844688896
2004-08-05,21.9555658855184710258587
2004-08-06,21.9598171528623458870020
2004-08-09,21.9640692433812699969398
2004-08-10,21.9683221572346351574323
2004-08-11,21.9725758945818640333556
2004-08-12,21.9768304555824101586767
2004-08-13,21.9810858403957579424313
2004-08-16,21.9853420491814226747021
2004-08-17,21.9895990820989505325980
2004-08-18,21.9938569393079185862353
2004-08-19,21.9981156209679348047190
2004-08-20,22.0023751272386380621260
2004-08-23,22.0066354582796981434893
2004-08-24,22.0108966142508157507834
2004-08-25,22.0151585953117225089103
2004-08-26,22.0194214016221809716878
2004-08-27,22.0236850333419846278376
2004-08-30,22.0279494906309579069758
2004-08-31,22.0322147736489561856037
2004-09-01,22.0364808825558657931000
2004-09-02,22.0407478175116040177144
2004-09-03,22.0450155786761191125624
2004-09-06,22.0492841662093903016204
2004-09-07,22.0535535802714277857231
2004-09-08,22.0578238210222727485615
2004-09-09,22.0620948886219973626820
2004-09-10,22.0663667832307047954870
2004-09-13,22.0706395050085292152360
2004-09-14,22.0749130541156357970490
2004-09-15,22.0791874307122207289097
2004-09-16,22.0834626349585112176708
2004-09-17,22.0877386670147654950606
2004-09-20,22.0920155270412728236895
2004-09-21,22.0962932151983535030593
2004-09-22,22.1005717316463588755726
2004-09-23,22.1048510765456713325435
2004-09-24,22.1091312500567043202100
2004-09-27,22.1134122523399023457467
2004-09-28,22.1176940835557409832796
2004-09-29,22.1219767438647268799013
2004-09-30,22.1262602334273977616877
2004-10-01,22.1305445524043224397162
2004-10-04,22.1348297009561008160842
2004-10-05,22.1391156792433638899294
2004-10-06,22.1434024874267737634515
2004-10-07,22.1476901256670236479343
2004-10-08,22.1519785941248378697695
2004-10-09,22.1562678929609718764815
2004-10-11,22.1605580223362122427534
2004-10-12,22.1648489824113766764544
2004-10-14,22.1691407733473140246678
2004-10-15,22.1734333953049042797205
2004-10-18,22.1777268484450585852141
2004-10-19,22.1820211329287192420562
2004-10-20,22.1863162489168597144938
2004-10-21,22.1906121965704846361472
2004-10-25,22.1949089760506298160456
2004-10-26,22.1992065875183622446634
2004-10-27,22.2035050311347800999579
2004-10-28,22.2078043070610127534083
2004-10-29,22.2121044154582207760556
2004-11-01,22.2164053564875959445437
2004-11-02,22.2207071303103612471620
2004-11-03,22.2250097370877708898888
2004-11-04,22.2293131769811103024357
2004-11-05,22.2336174501516961442942
2004-11-08,22.2379225567608763107820
2004-11-09,22.2422284969700299390915
2004-11-10,22.2465352709405674143394
2004-11-11,22.2508428788339303756166
2004-11-12,22.2551513208115917220409
2004-11-16,22.2594605970350556188090
2004-11-17,22.2637707076658575032509
2004-11-18,22.2680816528655640908853
2004-11-19,22.2723934327957733814759
2004-11-22,22.2767060476181146650888
2004-11-23,22.2810194974942485281514
2004-11-24,22.2853337825858668595126
2004-11-25,22.2896489030546928565033
2004-11-29,22.2939648590624810309992
2004-11-30,22.2982816507710172154841
2004-12-01,22.3025992783421185691145
2004-12-02,22.3069177419376335837851
2004-12-03,22.3112370417194420901965
2004-12-06,22.3155571778494552639227
2004-12-07,22.3198781504896156314806
2004-12-08,22.3241999598018970764007
2004-12-09,22.3285226059483048452984
2004-12-10,22.3328460890908755539473
2004-12-13,22.3371704093916771933528
2004-12-14,22.3414955670128091358276
2004-12-15,22.3458215621164021410679
2004-12-16,22.3501483948646183622311
2004-12-17,22.3544760654196513520144
2004-12-20,22.3588045739437260687349
2004-12-21,22.3631339205990988824103
2004-12-22,22.3674641055480575808416
2004-12-24,22.3717951289529213756963
2004-12-27,22.3761269909760409085932
2004-12-28,22.3804596917797982571878
2004-12-29,22.3847932315266069412599
2004-12-30,22.3891276103789119288011
2004-12-31,22.3934628284991896421047
2005-01-03,22.3977988860499479638556
2005-01-04,22.4021357831937262432227
2005-01-05,22.4064735200930953019513
2005-01-06,22.4108120969106574404571
2005-01-07,22.4151515138090464439218
2005-01-10,22.4194917709509275883893
2005-01-11,22.4238328684989976468631
2005-01-12,22.4281748066159848954054
2005-01-13,22.4325175854646491192371
2005-01-14,22.4368612052077816188384
2005-01-17,22.4412056660082052160517
2005-01-18,22.4455509680287742601848
2005-01-19,22.4498971114323746341157
2005-01-20,22.4542440963819237603984
2005-01-24,22.4585919230403706073699
2005-01-25,22.4629405915706956952586
2005-01-27,22.4672901021359111022934
2005-01-28,22.4716404548990604708146
2005-01-31,22.4759916500232190133856
2005-02-01,22.4803436876714935189057
2005-02-02,22.4846965680070223587244
2005-02-03,22.4890502911929754927568
2005-02-04,22.4934048573925544755997
2005-02-07,22.4977602667689924626499
2005-02-08,22.5021165194855542162226
2005-02-09,22.5064736157055361116717
2005-02-10,22.5108315555922661435109
2005-02-11,22.5151903393091039315361
2005-02-14,22.5195499670194407269495
2005-02-15,22.5239104388866994184838
2005-02-16,22.5282717550743345385283
2005-02-17,22.5326339157458322692563
2005-02-18,22.5369969210647104487536
2005-02-21,22.5413607711945185771476
2005-02-22,22.5457254662988378227381
2005-02-23,22.5500910065412810281297
2005-02-24,22.5544573920854927163644
2005-02-25,22.5588246230951490970562
2005-02-28,22.5631926997339580725264
2005-03-01,22.5675616221656592439403
2005-03-02,22.5719313905540239174453
2005-03-03,22.5763020050628551103095
2005-03-04,22.5806734658559875570625
2005-03-07,22.5850457730972877156363
2005-03-08,22.5894189269506537735083
2005-03-09,22.5937929275800156538448
2005-03-10,22.5981677751493350216464
2005-03-11,22.6025434698226052898938
2005-03-14,22.6069200117638516256953
2005-03-15,22.6112974011371309564355
2005-03-16,22.6156756381065319759248
2005-03-17,22.6200547228361751505507
2005-03-18,22.6244346554902127254296
2005-03-21,22.6288154362328287305602
2005-03-22,22.6331970652282389869783
2005-03-23,22.6375795426406911129121
2005-03-24,22.6419628686344645299396
2005-03-28,22.6463470433738704691461
2005-03-29,22.6507320670232519772840
2005-03-30,22.6551179397469839229331
2005-03-31,22.6595046617094730026620
2005-04-01,22.6638922330751577471916
2005-04-04,22.6682806540085085275586
2005-04-05,22.6726699246740275612810
2005-04-06,22.6770600452362489185245
2005-04-07,22.6814510158597385282701
2005-04-08,22.6858428367090941844831
2005-04-11,22.6902355079489455522829
2005-04-12,22.6946290297439541741145
2005-04-13,22.6990234022588134759205
2005-04-15,22.7034186256582487733153
2005-04-18,22.7078147001070172777594
2005-04-19,22.7122116257699081027358
2005-04-20,22.7166094028117422699268
2005-04-21,22.7210080313973727153928
2005-04-22,22.7254075116916842957515
2005-04-25,22.7298078438595937943591
2005-04-26,22.7342090280660499274921
2005-04-27,22.7386110644760333505303
2005-04-28,22.7430139532545566641417
2005-04-29,22.7474176945666644204673
2005-05-02,22.7518222885774331293088
2005-05-03,22.7562277354519712643157
2005-05-04,22.7606340353554192691752
2005-05-05,22.7650411884529495638022
2005-05-06,22.7694491949097665505307
2005-05-09,22.7738580548911066203072
2005-05-10,22.7782677685622381588838
2005-05-11,22.7826783360884615530144
2005-05-12,22.7870897576351091966501
2005-05-13,22.7915020333675454971372
2005-05-16,22.7959151634511668814163
2005-05-17,22.8003291480514018022216
2005-05-18,22.8047439873337107442825
2005-05-19,22.8091596814635862305259
2005-05-20,22.8135762306065528282798
2005-05-23,22.8179936349281671554778
2005-05-24,22.8224118945940178868655
2005-05-25,22.8268310097697257602074
2005-05-26,22.8312509806209435824953
2005-05-27,22.8356718073133562361581
2005-05-30,22.8400934900126806852722
2005-05-31,22.8445160288846659817739
2005-06-01,22.8489394240950932716721
2005-06-02,22.8533636758097758012632
2005-06-03,22.8577887841945589233465
2005-06-04,22.8622147494153201034408
2005-06-06,22.8666415716379689260027
2005-06-07,22.8710692510284471006457
2005-06-08,22.8754977877527284683605
2005-06-09,22.8799271819768190077366
2005-06-10,22.8843574338667568411856
2005-06-13,22.8887885435886122411645
2005-06-14,22.8932205113084876364013
2005-06-15,22.8976533371925176181216
2005-06-16,22.9020870214068689462760
2005-06-17,22.9065215641177405557688
2005-06-20,22.9109569654913635626885
2005-06-21,22.9153932256940012705387
2005-06-22,22.9198303448919491764707
2005-06-23,22.9242683232515349775172
2005-06-24,22.9287071609391185768269
2005-06-27,22.9331468581210920899012
2005-06-28,22.9375874149638798508308
2005-06-29,22.9420288316339384185346
2005-06-30,22.9464711082977565829993
2005-07-01,22.9509142451218553715204
2005-07-04,22.9553582422727880549443
2005-07-05,22.9598030999171401539114
2005-07-06,22.9642488182215294451011
2005-07-07,22.9686953973526059674771
2005-07-08,22.9731428374770520285347
2005-07-11,22.9775911387615822105487
2005-07-12,22.9820403013729433768231
2005-07-13,22.9864903254779146779412
2005-07-14,22.9909412112433075580181
2005-07-15,22.9953929588359657609530
2005-07-18,22.9998455684227653366839
2005-07-19,23.0042990401706146474428
2005-07-20,23.0087533742464543740125
2005-07-21,23.0132085708172575219843
2005-07-22,23.0176646300500294280174
2005-07-25,23.0221215521118077660985
2005-07-26,23.0265793371696625538041
2005-07-27,23.0310379853906961585626
2005-07-29,23.0354974969420433039186
2005-08-01,23.0399578719908710757978
2005-08-02,23.0444191107043789287736
2005-08-03,23.0488812132497986923341
2005-08-04,23.0533441797943945771516
2005-08-05,23.0578080105054631813521
2005-08-08,23.0622727055503334967867
2005-08-09,23.0667382650963669153040
2005-08-10,23.0712046893109572350234
2005-08-11,23.0756719783615306666105
2005-08-12,23.0801401324155458395528
2005-08-16,23.0846091516404938084372
2005-08-17,23.0890790362038980592279
2005-08-18,23.0935497862733145155471
2005-08-19,23.0980214020163315449549
2005-08-22,23.1024938836005699652323
2005-08-23,23.1069672311936830506638
2005-08-24,23.1114414449633565383226
2005-08-25,23.1159165250773086343559
2005-08-26,23.1203924717032900202722
2005-08-29,23.1248692850090838592295
2005-08-30,23.1293469651625058023246
2005-08-31,23.1338255123314039948839
2005-09-01,23.1383049266836590827550
2005-09-02,23.1427852083871842186002
2005-09-05,23.1472663576099250681905
2005-09-06,23.1517483745198598167014
2005-09-08,23.1562312592849991750092
2005-09-09,23.1607150120733863859896
2005-09-12,23.1651996330530972308161
2005-09-13,23.1696851223922400352613
2005-09-14,23.1741714802589556759979
2005-09-15,23.1786587068214175869015
2005-09-16,23.1831468022478317653552
2005-09-19,23.1876357667064367785544
2005-09-20,23.1921256003655037698136
2005-09-21,23.1966163033933364648739
2005-09-22,23.2011078759582711782122
2005-09-23,23.2056003182286768193512
2005-09-26,23.2100936303729548991707
2005-09-27,23.2145878125595395362205
2005-09-28,23.2190828649568974630340
2005-09-29,23.2235787877335280324436
2005-09-30,23.2280755810579632238963
2005-10-03,23.2325732450987676497721
2005-10-04,23.2370717800245385617020
2005-10-05,23.2415711860039058568884
2005-10-06,23.2460714632055320844259
2005-10-07,23.2505726117981124516241
2005-10-10,23.2550746319503748303311
2005-10-11,23.2595775238310797632580
2005-10-13,23.2640812876090204703056
2005-10-14,23.2685859234530228548911
2005-10-17,23.2730914315319455102771
2005-10-18,23.2775978120146797259011
2005-10-19,23.2821050650701494937065
2005-10-20,23.2866131908673115144748
2005-10-21,23.2911221895751552041590
2005-10-24,23.2956320613627027002185
2005-10-25,23.3001428063990088679546
2005-10-26,23.3046544248531613068479
2005-10-27,23.3091669168942803568966
2005-10-28,23.3136802826915191049558
2005-10-31,23.3181945224140633910787
2005-11-01,23.3227096362311318148584
2005-11-02,23.3272256243119757417709
2005-11-07,23.3317424868258793095201
2005-11-08,23.3362602239421594343832
2005-11-09,23.3407788358301658175575
2005-11-10,23.3452983226592809515089
2005-11-11,23.3498186845989201263211
2005-11-14,23.3543399218185314360461
2005-11-16,23.3588620344875957850563
2005-11-17,23.3633850227756268943975
2005-11-18,23.3679088868521713081430
2005-11-21,23.3724336268868083997494
2005-11-22,23.3769592430491503784134
2005-11-23,23.3814857355088422954296
2005-11-24,23.3860131044355620505497
2005-11-25,23.3905413499990203983432
2005-11-26,23.3950704723689609545590
2005-11-28,23.3996004717151602024882
2005-11-29,23.4041313482074274993285
2005-11-30,23.4086631020156050825492
2005-12-01,23.4131957333095680762584
2005-12-02,23.4177292422592244975702
2005-12-05,23.4222636290345152629744
2005-12-06,23.4267988938054141947064
2005-12-07,23.4313350367419280271189
2005-12-08,23.4358720580140964130547
2005-12-09,23.4404099577919919302207
2005-12-12,23.4449487362457200875634
2005-12-13,23.4494883935454193316447
2005-12-14,23.4540289298612610530204
2005-12-15,23.4585703453634495926190
2005-12-16,23.4631126402222222481213
2005-12-19,23.4676558146078492803427
2005-12-20,23.4721998686906339196152
2005-12-21,23.4767448026409123721716
2005-12-22,23.4812906166290538265308
2005-12-23,23.4858373108254604598836
2005-12-26,23.4903848854005674444811
2005-12-27,23.4949333405248429540228
2005-12-28,23.4994826763687881700472
2005-12-29,23.5040328931029372883229
2005-12-30,23.5085839908978575252412
2006-01-02,23.5131359699241491242099
2006-01-03,23.5176888303524453620484
2006-01-04,23.5222425723534125553839
2006-01-05,23.5267971960977500670489
2006-01-06,23.5313527017561903124800
2006-01-09,23.5359090894994987661179
2006-01-10,23.5404663594984739678088
2006-01-12,23.5450245119239475292062
2006-01-13,23.5495835469467841401757
2006-01-16,23.5541434647378815751989
2006-01-17,23.5587042654681706997803
2006-01-18,23.5632659493086154768542
2006-01-19,23.5678285164302129731940
2006-01-20,23.5723919670039933658215
2006-01-23,23.5769563012010199484183
2006-01-24,23.5815215191923891377384
2006-01-25,23.5860876211492304800215
2006-01-27,23.5906546072427066574080
2006-01-30,23.5952224776440134943553
2006-01-31,23.5997912325243799640549
2006-02-01,23.6043608720550681948510
2006-02-02,23.6089313964073734766606
2006-02-03,23.6135028057526242673946
2006-02-06,23.6180751002621821993797
2006-02-07,23.6226482801074420857824
2006-02-08,23.6272223454598319270338
2006-02-10,23.6317972964908129172553
2006-02-13,23.6363731333718794506864
2006-02-14,23.6409498562745591281130
2006-02-15,23.6455274653704127632970
2006-02-16,23.6501059608310343894080
2006-02-17,23.6546853428280512654547
2006-02-20,23.6592656115331238827192
2006-02-21,23.6638467671179459711913
2006-02-22,23.6684288097542445060049
2006-02-23,23.6730117396137797138750
2006-02-24,23.6775955568683450795362
2006-02-27,23.6821802616897673521827
2006-02-28,23.6867658542499065519091
2006-03-01,23.6913523347206559761527
2006-03-02,23.6959397032739422061374
2006-03-03,23.7005279600817251133176
2006-03-06,23.7051171053159978658250
2006-03-07,23.7097071391487869349156
2006-03-08,23.7142980617521521014181
2006-03-09,23.7188898732981864621837
2006-03-10,23.7234825739590164365370
2006-03-13,23.7280761639068017727287
2006-03-14,23.7326706433137355543885
2006-03-16,23.7372660123520442069801
2006-03-17,23.7418622711939875042573
2006-03-20,23.7464594200118585747211
2006-03-21,23.7510574589779839080783
2006-03-22,23.7556563882647233617010
2006-03-23,23.7602562080444701670882
2006-03-24,23.7648569184896509363272
2006-03-27,23.7694585197727256685577
2006-03-28,23.7740610120661877564366
2006-03-29,23.7786643955425639926034
2006-03-30,23.7832686703744145761482
2006-03-31,23.7878738367343331190797
2006-04-03,23.7924798947949466527951
2006-04-04,23.7970868447289156345512
2006-04-05,23.8016946867089339539366
2006-04-07,23.8063034209077289393451
2006-04-10,23.8109130474980613644508
2006-04-12,23.8155235666527254546836
2006-04-13,23.8201349785445488937073
2006-04-17,23.8247472833463928298971
2006-04-18,23.8293604812311518828202
2006-04-19,23.8339745723717541497165
2006-04-20,23.8385895569411612119811
2006-04-21,23.8432054351123681416474
2006-04-24,23.8478222070584035078726
2006-04-25,23.8524398729523293834232
2006-04-26,23.8570584329672413511624
2006-04-27,23.8616778872762685105391
2006-04-28,23.8662982360525734840771
2006-04-29,23.8709194794693524238667
2006-05-02,23.8755416176998350180569
2006-05-03,23.8801646509172844973487
2006-05-04,23.8847885792949976414907
2006-05-05,23.8894134030063047857742
2006-05-08,23.8940391222245698275315
2006-05-09,23.8986657371231902326340
2006-05-10,23.9032932478755970419923
2006-05-11,23.9079216546552548780573
2006-05-12,23.9125509576356619513225
2006-05-15,23.9171811569903500668280
2006-05-16,23.9218122528928846306651
2006-05-17,23.9264442455168646564826
2006-05-18,23.9310771350359227719941
2006-05-19,23.9357109216237252254871
2006-05-22,23.9403456054539718923327
2006-05-23,23.9449811867003962814966
2006-05-24,23.9496176655367655420522
2006-05-25,23.9542550421368804696938
2006-05-26,23.9588933166745755132517
2006-05-29,23.9635324893237187812088
2006-05-30,23.9681725602582120482178
2006-05-31,23.9728135296519907616201
2006-06-01,23.9774553976790240479660
2006-06-02,23.9820981645133147195359
2006-06-05,23.9867418303288992808626
2006-06-06,23.9913863952998479352557
2006-06-07,23.9960318596002645913264
2006-06-08,24.0006782234042868695138
2006-06-09,24.0053254868860861086128
2006-06-12,24.0099736502198673723029
2006-06-13,24.0146227135798694556780
2006-06-14,24.0192726771403648917785
2006-06-15,24.0239235410756599581235
2006-06-16,24.0285753055600946832449
2006-06-19,24.0332279707680428532227
2006-06-20,24.0378815368739120182214
2006-06-21,24.0425360040521434990277
2006-06-22,24.0471913724772123935898
2006-06-23,24.0518476423236275835572
2006-06-25,24.0565048137659317408229
2006-06-26,24.0611628869787013340656
2006-06-27,24.0658218621365466352942
2006-06-28,24.0704817394141117263930
2006-06-29,24.0751425189860745056683
2006-06-30,24.0798042010271466943963
2006-07-03,24.0844667857120738433723
2006-07-04,24.0891302732156353394613
2006-07-05,24.0937946637126444121492
2006-07-06,24.0984599573779481400964
2006-07-07,24.1031261543864274576915
2006-07-10,24.1077932549129971616070
2006-07-11,24.1124612591326059173562
2006-07-12,24.1171301672202362658510
2006-07-13,24.1217999793509046299614
2006-07-14,24.1264706956996613210762
2006-07-17,24.1311423164415905456642
2006-07-18,24.1358148417518104118383
2006-07-19,24.1404882718054729359190
2006-07-20,24.1451626067777640490006
2006-07-21,24.1498378468439036035180
2006-07-24,24.1545139921791453798149
2006-07-25,24.1591910429587770927131
2006-07-26,24.1638689993581203980836
2006-07-27,24.1685478615525308994182
2006-07-28,24.1732276297173981544034
2006-07-31,24.1779083040281456814943
2006-08-01,24.1825898846602309664907
2006-08-02,24.1872723717891454691145
2006-08-03,24.1919557655904146295877
2006-08-04,24.1966400662395978752122
2006-08-07,24.2013252739122886269508
2006-08-08,24.2060113887841143060092
2006-08-09,24.2106984110307363404197
2006-08-10,24.2153863408278501716261
2006-08-11,24.2200751783511852610692
2006-08-14,24.2247649237765050967745
2006-08-16,24.2294555772796071999410
2006-08-17,24.2341471390363231315305
2006-08-18,24.2388396092225184988590
2006-08-21,24.2435329880140929621893
2006-08-22,24.2482272755869802413244
2006-08-23,24.2529224721171481222027
2006-08-24,24.2576185777805984634939
2006-08-25,24.2623155927533672031970
2006-08-28,24.2670135172115243652387
2006-08-29,24.2717123513311740660737
2006-08-30,24.2764120952884545212858
2006-08-31,24.2811127492595380521910
2006-09-01,24.2858143134206310924409
2006-09-04,24.2905167879479741946280
2006-09-05,24.2952201730178420368927
2006-09-06,24.2999244688065434295302
2006-09-07,24.3046296754904213216000
2006-09-08,24.3093357932458528075364
2006-09-11,24.3140428222492491337597
2006-09-12,24.3187507626770557052890
2006-09-13,24.3234596147057520923569
2006-09-14,24.3281693785118520370244
2006-09-15,24.3328800542719034597977
2006-09-18,24.3375916421624884662465
2006-09-19,24.3423041423602233536229
2006-09-20,24.3470175550417586174821
2006-09-21,24.3517318803837789583043
2006-09-22,24.3564471185630032881176
2006-09-25,24.3611632697561847371229
2006-09-26,24.3658803341401106603187
2006-09-27,24.3705983118916026441292
2006-09-28,24.3753172031875165130315
2006-09-29,24.3800370082047423361857
2006-10-03,24.3847577271202044340657
2006-10-04,24.3894793601108613850912
2006-10-05,24.3942019073537060322607
2006-10-06,24.3989253690257654897871
2006-10-09,24.4036497453041011497328
2006-10-10,24.4083750363658086886472
2006-10-11,24.4131012423880180742053
2006-10-12,24.4178283635478935718476
2006-10-13,24.4225564000226337514209
2006-10-16,24.4272853519894714938208
2006-10-17,24.4320152196256739976357
2006-10-18,24.4367460031085427857910
2006-10-19,24.4414777026154137121962
2006-10-20,24.4462103183236569683918
2006-10-21,24.4509438504106770901985
2006-10-23,24.4556782990539129643669
2006-10-26,24.4604136644308378352294
2006-10-27,24.4651499467189593113523
2006-10-30,24.4698871460958193721903
2006-10-31,24.4746252627389943747414
2006-11-01,24.4793642968260950602036
2006-11-02,24.4841042485347665606327
2006-11-03,24.4888451180426884056013
2006-11-06,24.4935869055275745288594
2006-11-07,24.4983296111671732749961
2006-11-08,24.5030732351392674061023
2006-11-09,24.5078177776216741084354
2006-11-10,24.5125632387922449990844
2006-11-13,24.5173096188288661326372
2006-11-14,24.5220569179094580078484
2006-11-15,24.5268051362119755743091
2006-11-16,24.5315542739144082391173
2006-11-17,24.5363043311947798735501
2006-11-20,24.5410553082311488197369
2006-11-21,24.5458072052016078973341
2006-11-22,24.5505600222842844102011
2006-11-23,24.5553137596573401530772
2006-11-24,24.5600684174989714182604
2006-11-27,24.5648239959874090022870
2006-11-28,24.5695804953009182126126
2006-11-29,24.5743379156177988742949
2006-11-30,24.5790962571163853366767
2006-12-01,24.5838555199750464800713
2006-12-04,24.5886157043721857224487
2006-12-05,24.5933768104862410261231
2006-12-06,24.5981388384956849044417
2006-12-07,24.6029017885790244284748
2006-12-08,24.6076656609148012337074
2006-12-11,24.6124304556815915267318
2006-12-12,24.6171961730580060919415
2006-12-13,24.6219628132226902982269
2006-12-14,24.6267303763543241056715
2006-12-15,24.6314988626316220722499
2006-12-18,24.6362682722333333605274
2006-12-19,24.6410386053382417443598
2006-12-20,24.6458098621251656155959
2006-12-21,24.6505820427729579907802
2006-12-22,24.6553551474605065178573
2006-12-26,24.6601291763667334828778
2006-12-27,24.6649041296705958167052
2006-12-28,24.6696800075510851017240
2006-12-29,24.6744568101872275785496
2007-01-02,24.6792345377580841527391
2007-01-03,24.6840131904427504015033
2007-01-04,24.6887927684203565804204
2007-01-05,24.6935732718700676301508
2007-01-08,24.6983547009710831831531
2007-01-09,24.7031370559026375704013
2007-01-10,24.7079203368439998281040
2007-01-11,24.7127045439744737044238
2007-01-12,24.7174896774733976661992
2007-01-15,24.7222757375201449056666
2007-01-16,24.7270627242941233471845
2007-01-17,24.7318506379747756539589
2007-01-18,24.7366394787415792347693
2007-01-19,24.7414292467740462506969
2007-01-22,24.7462199422517236218537
2007-01-23,24.7510115653541930341126
2007-01-24,24.7558041162610709458392
2007-01-25,24.7605975951520085946253
2007-01-29,24.7653920022066920040226
2007-01-31,24.7701873376048419902784
2007-02-01,24.7749836015262141690731
2007-02-02,24.7797807941505989622576
2007-02-05,24.7845789156578216045935
2007-02-06,24.7893779662277421504937
2007-02-07,24.7941779460402554807643
2007-02-08,24.7989788552752913093487
2007-02-09,24.8037806941128141900715
2007-02-12,24.8085834627328235233855
2007-02-13,24.8133871613153535631181
2007-02-14,24.8181917900404734232207
2007-02-15,24.8229973490882870845186
2007-02-19,24.8278038386389334014619
2007-02-20,24.8326112588725861088784
2007-02-21,24.8374196099694538287274
2007-02-22,24.8422288921097800768551
2007-02-23,24.8470391054738432697509
2007-02-26,24.8518502502419567313052
2007-02-27,24.8566623265944686995688
2007-02-28,24.8614753347117623335130
2007-03-01,24.8662892747742557197918
2007-03-02,24.8711041469624018795045
2007-03-05,24.8759199514566887749604
2007-03-06,24.8807366884376393164442
2007-03-07,24.8855543580858113689834
2007-03-08,24.8903729605817977591163
2007-03-09,24.8951924961062262816614
2007-03-12,24.9000129648397597064890
2007-03-13,24.9048343669630957852928
2007-03-14,24.9096567026569672583639
2007-03-15,24.9144799721021418613652
2007-03-16,24.9193041754794223321079
2007-03-19,24.9241293129696464173291
2007-03-20,24.9289553847536868794702
2007-03-21,24.9337823910124515034571
2007-03-22,24.9386103319268831034822
2007-03-23,24.9434392076779595297861
2007-03-26,24.9482690184466936754426
2007-03-28,24.9530997644141334831435
2007-03-29,24.9579314457613619519856
2007-03-30,24.9627640626694971442584
2007-04-02,24.9675976153196921922336
2007-04-03,24.9724321038931353049556
2007-04-04,24.9772675285710497750337
2007-04-05,24.9821038895346939854349
2007-04-09,24.9869411869653614162788
2007-04-10,24.9917794210443806516334
2007-04-11,24.9966185919531153863123
2007-04-12,25.0014586998729644326733
2007-04-13,25.0062997449853617274178
2007-04-16,25.0111417274717763383926
2007-04-17,25.0159846475137124713919
2007-04-18,25.0208285052927094769612
2007-04-19,25.0256733009903418572023
2007-04-20,25.0305190347882192725801
2007-04-23,25.0353657068679865487298
2007-04-24,25.0402133174113236832662
2007-04-25,25.0450618665999458525943
2007-04-26,25.0499113546156034187205
2007-04-27,25.0547617816400819360660
2007-04-30,25.0596131478552021582809
2007-05-03,25.0644654534428200450600
2007-05-04,25.0693186985848267689597
2007-05-07,25.0741728834631487222162
2007-05-08,25.0790280082597475235652
2007-05-09,25.0838840731566200250629
2007-05-10,25.0887410783357983189081
2007-05-11,25.0935990239793497442657
2007-05-14,25.0984579102693768940919
2007-05-15,25.1033177373880176219601
2007-05-16,25.1081785055174450488886
2007-05-17,25.1130402148398675701694
2007-05-18,25.1179028655375288621984
2007-05-21,25.1227664577927078893067
2007-05-22,25.1276309917877189105938
2007-05-23,25.1324964677049114867615
2007-05-24,25.1373628857266704869493
2007-05-25,25.1422302460354160955715
2007-05-28,25.1470985488136038191548
2007-05-29,25.1519677942437244931784
2007-05-30,25.1568379825083042889142
2007-05-31,25.1617091137899047202692
2007-06-01,25.1665811882711226506286
2007-06-04,25.1714542061345902997011
2007-06-05,25.1763281675629752503643
2007-06-06,25.1812030727389804555127
2007-06-07,25.1860789218453442449057
2007-06-08,25.1909557150648403320185
2007-06-11,25.1958334525802778208927
2007-06-12,25.2007121345745012129895
2007-06-13,25.2055917612303904140435
2007-06-14,25.2104723327308607409180
2007-06-15,25.2153538492588629284619
2007-06-18,25.2202363109973831363674
2007-06-19,25.2251197181294429560297
2007-06-20,25.2300040708380994174071
2007-06-21,25.2348893693064449958838
2007-06-22,25.2397756137176076191324
2007-06-25,25.2446628042547506739791
2007-06-26,25.2495509411010730132692
2007-06-27,25.2544400244398089627351
2007-06-28,25.2593300544542283278641
2007-06-29,25.2642210313276364007689
2007-07-02,25.2691129552433739670590
2007-07-03,25.2740058263848173127127
2007-07-04,25.2788996449353782309517
2007-07-05,25.2837944110785040291161
2007-07-06,25.2886901249976775355409
2007-07-09,25.2935867868764171064344
2007-07-10,25.2984843968982766327567
2007-07-11,25.3033829552468455471012
2007-07-12,25.3082824621057488305761
2007-07-13,25.3131829176586470196873
2007-07-16,25.3180843220892362132240
2007-07-17,25.3229866755812480791435
2007-07-18,25.3278899783184498614595
2007-07-19,25.3327942304846443871300
2007-07-20,25.3376994322636700729474
2007-07-23,25.3426055838394009324302
2007-07-24,25.3475126853957465827149
2007-07-25,25.3524207371166522514507
2007-07-26,25.3573297391860987836939
2007-07-27,25.3622396917881026488056
2007-07-30,25.3671505951067159473488
2007-07-31,25.3720624493260264179877
2007-08-01,25.3769752546301574443891
2007-08-02,25.3818890112032680621236
2007-08-03,25.3868037192295529655690
2007-08-06,25.3917193788932425148152
2007-08-07,25.3966359903786027425703
2007-08-08,25.4015535538699353610671
2007-08-09,25.4064720695515777689729
2007-08-10,25.4113915376079030582983
2007-08-13,25.4163119582233200213096
2007-08-14,25.4212333315822731574407
2007-08-16,25.4261556578692426802074
2007-08-17,25.4310789372687445241226
2007-08-20,25.4360031699653303516133
2007-08-21,25.4409283561435875599381
2007-08-22,25.4458544959881392881070
2007-08-23,25.4507815896836444238020
2007-08-24,25.4557096374147976102988
2007-08-27,25.4606386393663292533907
2007-08-28,25.4655685957230055283128
2007-08-29,25.4704995066696283866686
2007-08-30,25.4754313723910355633568
2007-08-31,25.4803641930721005835006
2007-09-03,25.4852979688977327693773
2007-09-04,25.4902327000528772473501
2007-09-05,25.4951683867225149548005
2007-09-06,25.5001050290916626470629
2007-09-07,25.5050426273453729043595
2007-09-10,25.5099811816687341387373
2007-09-11,25.5149206922468706010067
2007-09-12,25.5198611592649423876800
2007-09-13,25.5248025829081454479133
2007-09-14,25.5297449633617115904477
2007-09-17,25.5346883008109084905535
2007-09-18,25.5396325954410396969748
2007-09-19,25.5445778474374446388756
2007-09-20,25.5495240569854986327876
2007-09-21,25.5544712242706128895589
2007-09-24,25.5594193494782345213041
2007-09-25,25.5643684327938465483562
2007-09-26,25.5693184744029679062195
2007-09-27,25.5742694744911534525235
2007-09-28,25.5792214332439939739790
2007-10-01,25.5841743508471161933347
2007-10-03,25.5891282274861827763357
2007-10-04,25.5940830633468923386831
2007-10-05,25.5990388586149794529950
2007-10-08,25.6039956134762146557690
2007-10-09,25.6089533281164044543457
2007-10-10,25.6139120027213913338738
2007-10-11,25.6188716374770537642765
2007-10-12,25.6238322325693062072194
2007-10-15,25.6287937881840991230796
2007-10-16,25.6337563045074189779156
2007-10-17,25.6387197817252882504400
2007-10-18,25.6436842200237654389919
2007-10-19,25.6486496195889450685119
2007-10-22,25.6536159806069576975174
2007-10-23,25.6585833032639699250805
2007-10-24,25.6635515877461843978060
2007-10-25,25.6685208342398398168114
2007-10-26,25.6734910429312109447084
2007-10-29,25.6784622140066086125853
2007-10-30,25.6834343476523797269908
2007-10-31,25.6884074440549072769199
2007-11-01,25.6933815034006103407998
2007-11-02,25.6983565258759440934785
2007-11-05,25.7033325116673998132138
2007-11-06,25.7083094609615048886643
2007-11-07,25.7132873739448228258813
2007-11-08,25.7182662508039532553024
2007-11-09,25.7232460917255319387459
2007-11-12,25.7282268968962307764075
2007-11-13,25.7332086665027578138572
2007-11-14,25.7381914007318572490386
2007-11-15,25.7431750997703094392690
2007-11-16,25.7481597638049309082408
2007-11-19,25.7531453930225743530246
2007-11-20,25.7581319876101286510732
2007-11-21,25.7631195477545188672276
2007-11-22,25.7681080736427062607237
2007-11-23,25.7730975654616882922008
2007-11-26,25.7780880233984986307111
2007-11-27,25.7830794476402071607310
2007-11-28,25.7880718383739199891734
2007-11-29,25.7930651957867794524013
2007-11-30,25.7980595200659641232433
2007-12-03,25.8030548113986888180096
2007-12-04,25.8080510699722046035105
2007-12-05,25.8130482959737988040748
2007-12-06,25.8180464895907950085711
2007-12-07,25.8230456510105530774293
2007-12-10,25.8280457804204691496638
2007-12-11,25.8330468780079756498985
2007-12-12,25.8380489439605412953928
2007-12-13,25.8430519784656711030684
2007-12-14,25.8480559817109063965386
2007-12-17,25.8530609538838248131383
2007-12-18,25.8580668951720403109550
2007-12-19,25.8630738057632031758624
2007-12-20,25.8680816858450000285537
2007-12-24,25.8730905356051538315778
2007-12-26,25.8781003552314238963757
2007-12-27,25.8831111449116058903192
2007-12-28,25.8881229048335318437502
2007-12-31,25.8931356351850701570217
2008-01-01,25.8981493361541256075404
2008-01-02,25.9031640079286393568102
2008-01-03,25.9081796506965889574771
2008-01-04,25.9131962646459883603760
2008-01-07,25.9182138499648879215784
2008-01-08,25.9232324068413744094414
2008-01-09,25.9282519354635710116584
2008-01-10,25.9332724360196373423107
2008-01-11,25.9382939086977694489214
2008-01-14,25.9433163536861998195092
2008-01-15,25.9483397711731973896450
2008-01-16,25.9533641613470675495092
2008-01-17,25.9583895243961521509499
2008-01-18,25.9634158605088295145437
2008-01-21,25.9684431698735144366568
2008-01-22,25.9734714526786581965078
2008-01-23,25.9785007091127485632318
2008-01-24,25.9835309393643098029464
2008-01-25,25.9885621436219026858182
2008-01-28,25.9935943220741244931312
2008-01-29,25.9986274749096090243566
2008-01-30,26.0036616023170266042237
2008-01-31,26.0086967044850840897924
2008-02-01,26.0137327816025248775268
2008-02-04,26.0187698338581289103705
2008-02-05,26.0238078614407126848232
2008-02-06,26.0288468645391292580184
2008-02-07,26.0338868433422682548026
2008-02-08,26.0389277980390558748161
2008-02-11,26.0439697288184548995751
2008-02-12,26.0490126358694646995547
2008-02-13,26.0540565193811212412740
2008-02-14,26.0591013795424970943818
2008-02-15,26.0641472165427014387445
2008-02-18,26.0691940305708800715350
2008-02-19,26.0742418218162154143223
2008-02-20,26.0792905904679265201638
2008-02-21,26.0843403367152690806979
2008-02-22,26.0893910607475354332384
2008-02-25,26.0944427627540545678704
2008-02-26,26.0994954429241921345472
2008-02-27,26.1045491014473504501887
2008-02-28,26.1096037385129685057814
2008-02-29,26.1146593543105219734797
2008-03-03,26.1197159490295232137084
2008-03-04,26.1247735228595212822664
2008-03-05,26.1298320759901019374326
2008-03-07,26.1348916086108876470721
2008-03-10,26.1399521209115375957445
2008-03-11,26.1450136130817476918135
2008-03-12,26.1500760853112505745575
2008-03-13,26.1551395377898156212821
2008-03-14,26.1602039707072489544334
2008-03-17,26.1652693842533934487133
2008-03-18,26.1703357786181287381956
2008-03-19,26.1754031539913712234437
2008-03-24,26.1804715105630740786300
2008-03-25,26.1855408485232272586563
2008-03-26,26.1906111680618575062754
2008-03-27,26.1956824693690283592147
2008-03-28,26.2007547526348401573007
2008-03-31,26.2058280180494300495849
2008-04-01,26.2109022658029720014713
2008-04-02,881.6554774960856768018453
2008-04-03,1292.1715931924602536039053
2008-04-04,704.8215935009509167050195
2008-04-07,234.9415938095013130094941
2008-04-08,2349.4015941181114540834994
2008-04-09,-2819.2784055732186485045544
2008-04-10,3406.6315947355110168159825
2008-04-11,-939.7584049556995383819993
2008-04-15,704.8215953531496974766313
2008-04-16,1527.1115956620587359692470
2008-04-17,2819.2815959710275886754620
2008-04-21,-5051.2084037199437328228670
2008-04-22,-234.9384034108552169416412
2008-04-23,0.0015968982931479054816
2008-04-24,-3054.2184027924986266929128
2008-04-25,-939.7584024832305291459953
2008-04-28,1174.7015978260974521393083
2008-04-29,-117.4684018645146712416836
2008-04-30,-1996.9884015550668876914072
2008-05-02,-1409.6384012455591856100531
2008-05-05,0.0015990640084466044344
2008-05-06,3289.1615993736360205563573
2008-05-07,1174.7015996833235478522645
2008-05-08,0.0015999930710401009522
2008-05-09,1292.1716003028785089134651
2008-05-12,-117.4683993872540340969050
2008-05-13,-234.9383990773265773146165
2008-05-14,0.0016012326608908781206
2008-05-15,234.9416015427083821013463
2008-05-16,2349.4016018528159079773501
2008-05-20,3759.0416021629834801306725
2008-05-21,3993.9816024732111101881044
2008-05-22,822.2916027834988097786885
2008-05-23,-352.4083969061534094662815
2008-05-26,-822.2883965957455359132589
2008-05-27,1292.1716037147224420735549
2008-05-28,-5403.6183959747494638677880
2008-05-29,1292.1716043358387579030180
2008-05-30,-3876.5083953535128809714680
2008-06-02,587.3516049571956311535678
2008-06-03,2231.9316052679643059251940
2008-06-04,-2701.8083944212068450072658
2008-06-05,-352.4083941103178099922321
2008-06-06,1174.7016062006314226241306
2008-06-09,4228.9216065116408644979142
2008-06-10,-3054.2183931772894727125321
2008-06-11,-1762.0483928661595773466021
2008-06-12,-704.8183925549694377414312
2008-06-13,-704.8183922437190422318972
2008-06-16,822.2916080675916208493815
2008-06-17,1644.5816083789625631720452
2008-06-18,-117.4683913096062035920062
2008-06-19,1174.7016090018853322313876
2008-06-20,1057.2316093134371823186471
2008-06-23,1879.5216096250493583484537
2008-06-24,-2349.3983900632781279982497
2008-06-25,-1174.6983897515452650382585
2008-06-26,587.3516105602479589138939
2008-06-27,5403.6216108721015555459374
2008-06-30,3641.5716111840155365478642
2008-07-01,-822.2883885040100863880694
2008-07-02,-587.3483881919753015673433
2008-07-03,1879.5216121201199027068270
2008-07-04,-1409.6383875677244618665091
2008-07-07,-1174.6983872555083835860369
2008-07-08,1174.7016130567681492518240
2008-07-09,-1762.0483866308948516470801
2008-07-10,1174.7016136815026254253644
2008-07-11,2114.4616139939605921795374
2008-07-14,1527.1116143064790603280869
2008-07-15,5051.2116146190580415859283
2008-07-16,-1292.1683850683024523297543
2008-07-17,-3171.6883847556024096995082
2008-07-18,-704.8183844428418188016111
2008-07-21,704.8216158699793320879285
2008-07-22,822.2916161828610546953725
2008-07-23,-8457.8383835041966392507465
2008-07-24,822.2916168088062619803747
2008-07-25,-117.4683828781302298781889
2008-07-28,0.0016174349938969089093
2008-07-29,234.9416177481786540792885
2008-07-30,-3054.2183819385759466271595
2008-07-31,822.2916183747301065317304
2008-08-01,-939.7583813119031746996034
2008-08-04,0.0016190015242214255521
2008-08-05,-4463.8583806849876933438158
2008-08-06,704.8216196285610927435550
2008-08-07,-1409.6383800578294085587979
2008-08-08,-117.4683797441591854950609
2008-08-11,-1762.0483794304282263071443
2008-08-12,-704.8183791166365192346815
2008-08-13,-939.7583788027840525150289
2008-08-14,1644.5816215111291856167346
2008-08-18,-2231.9283781748967930721915
2008-08-19,587.3516221391380231876705
2008-08-20,352.4116224532336461680775
2008-08-21,2349.4016227673900876430654
2008-08-22,-1057.2283769183926406110498
2008-08-25,-822.2883766041145268156720
2008-08-26,-1996.9883762897755591899242
2008-08-27,2349.4016240246242740493514
2008-08-28,-234.9383756609150153124054
2008-08-29,469.8816246536065845125269
2008-09-01,352.4116249681890853141523
2008-09-02,-2819.2783747171675011152421
2008-09-04,352.4116255975368370189138
2008-09-05,-1174.6983740876978884865256
2008-09-08,234.9416262271283341675777
2008-09-09,-117.4683734579844832173530
2008-09-10,-1762.0483731430363288376098
2008-09-11,-1996.9883728280271908871988
2008-09-12,469.8816274870429424421595
2008-09-15,2349.4016278021740829610311
2008-09-16,1527.1116281173662424822695
2008-09-17,234.9416284326194328210144
2008-09-18,10219.8916287479336657946945
2008-09-19,-3524.0983709366910467769743
2008-09-22,3054.2216293787453069280131
2008-09-23,1527.1116296942427387339510
2008-09-24,-469.8783699901987395325774
2008-09-25,469.8816303254208839573020
2008-09-26,-469.8783693588983789652472
2008-09-29,2701.8116309568434835332301
2008-09-30,352.4116312726464832884804
2008-10-01,-2231.9283684114893678614588
2008-10-03,-2231.9283680955640580762570
2008-10-06,2701.8116322204224244867087
2008-10-07,4111.4516325364700916723540
2008-10-08,3289.1616328525789553278887
2008-10-10,3876.5116331687490273028160
2008-10-13,-8810.2483665150196805510660
2008-10-14,-2114.4583661987271563796649
2008-10-15,2701.8116341176266116734078
2008-10-16,-822.2883655659583645331643
2008-10-17,-4228.9183652494820731384011
2008-10-20,-469.8783649329445022790260
2008-10-21,-2231.9283646163456400894651
2008-10-22,-3524.0983642996854747018472
2008-10-23,-3993.9783639829639942460029
2008-10-24,-4346.3883636661811868494646
2008-10-27,1409.6416366506629593625343
2008-10-28,5990.9716369675684562670598
2008-10-29,-352.4083627154646842565224
2008-10-31,-4111.4483623984364503265466
2008-11-03,587.3516379186531699409539
2008-11-04,-324.9310317641958115677533
2008-11-05,26.3465671514658826343882
2008-11-06,26.3516686506091185888273
2008-11-07,26.3567711375582177822338
2008-11-10,26.3618746125044495642739
2008-11-11,26.3669790756391203201946
2008-11-12,26.3720845271535734779957
2008-11-14,26.3771909672391895156014
2008-11-17,26.3822983960873859680351
2008-11-18,26.3874068138896174345944
2008-11-19,26.3925162208373755860277
2008-11-20,26.3976266171221891717129
2008-11-21,26.4027380029356240268367
2008-11-24,26.4078503784692830795752
2008-11-25,26.4129637439148063582767
2008-11-26,26.4180780994638709986453
2008-11-28,26.4231934453081912509260
2008-12-01,26.4283097816395184870911
2008-12-02,-4995.7948228913503587919717
2008-12-03,2457.0921804521408080334662
2008-12-04,-2029.7678191256571394467510
2008-12-05,-854.6378187033733357296747
2008-12-08,427.3221817189922350142207
2008-12-10,427.3221821414395886175259
2008-12-11,2670.7521825639687409158976
2008-12-12,-320.4878170134202922519415
2008-12-15,961.4721834092725049557981
2008-12-16,534.1521838320471483839737
2008-12-17,1495.6221842549036538805101
2008-12-18,1175.1321846778420372964014
2008-12-19,-2884.4078148991376855142895
2008-12-22,1068.3021855239645013055700
2008-12-23,854.6421859471486136161835
2008-12-24,213.6621863704146672808250
2008-12-26,-427.3178132062373218341594
2008-12-29,4807.3521872171926621406482
2008-12-30,-1068.2978123592953649222611
2008-12-31,213.6621880642986128526767
2009-01-01,1816.1121884879746113441003
2009-01-02,0.0021889117326464337223
2009-01-05,-1922.9378106644272659936692
2009-01-06,-1816.1078102405051100502104
2009-01-07,2029.7721901834991301550391
2009-01-09,-854.6378093924145294839037
2009-01-12,320.4921910317539269300562
2009-01-13,-2777.5778085439954847029087
2009-01-14,854.6421918803372515204538
2009-01-15,-1709.2778076952478484935258
2009-01-16,1495.6221927292492311645640
2009-01-19,1495.6221931538285064072143
2009-01-20,-427.3178064215100068500020
2009-01-21,3845.8821940032337073115695
2009-01-22,-961.4678055719403351863346
2009-01-23,1495.6221948529678815811057
2009-01-27,2136.6021952779583735417934
2009-01-28,-1922.9378042969688433732843
2009-01-29,-747.8078038718137532300551
2009-01-30,6302.9721965534236599086384
2009-02-02,-213.6578030212565880169606
2009-02-03,-1175.1278025958544810635223
2009-02-04,-1068.2978021703700032846296
2009-02-05,1281.9621982551968612692221
2009-02-06,427.3221986808461285506256
2009-02-09,-640.9778008934221854847369
2009-02-10,-534.1478004676080648780944
2009-02-11,3204.9021999582885063324149
2009-02-12,3311.7322003842675441117431
2009-02-13,-427.3177991896709355720664
2009-02-16,961.4722012364730832521219
2009-02-17,5555.1622016626996165585358
2009-02-18,5661.9922020890086803244965
2009-02-19,-1922.9377974845997094695816
2009-02-20,961.4722029418744631598106
2009-02-24,-320.4877966315687858007229
2009-02-25,-5021.0077962049294403614829
2009-02-26,-640.9777957782074845296738
2009-02-27,1388.7922046485970976905964
2009-03-02,4166.3722050754843222983173
2009-03-03,-3845.8777944975457947044239
2009-03-04,-1709.2777940704932373124411
2009-03-05,0.0022063566420104825504
2009-03-06,3739.0522067838599646919352
2009-03-09,-106.8277927888393586698017
2009-03-12,-3098.0677923614559435850744
2009-03-13,747.8122080660102259668041
2009-03-16,106.8322084935591660096236
2009-03-17,-961.4677910788091074297242
2009-03-18,-1068.2977906510945783212436
2009-03-19,747.8122097767027693681644
2009-03-20,3845.8822102045829516747039
2009-03-23,213.6622106325459846376834
2009-03-24,-2563.9177889394081157004822
2009-03-25,-1922.9377885112793332942723
2009-03-26,1922.9422119169323479049412
2009-03-27,0.0022123452269439488932
2009-03-30,0.0022127736044708924274
2009-03-31,-1495.6177867979350552065043
2009-04-01,-213.6577863693916182868403
2009-04-02,-1816.1077859407652022844095
2009-04-06,-7371.2677855120557911319300
2009-04-08,3311.7322149167366312409913
2009-04-09,-1602.4477846543879190921412
2009-04-13,0.0022157745705739452896
2009-04-15,640.9822162036121264330138
2009-04-16,-534.1477833672632455461255
2009-04-17,-2777.5777829380555259061706
2009-04-20,640.9822174912353014419510
2009-04-21,2563.9222179206092525904265
2009-04-22,-213.6577816499336563654401
2009-04-23,320.4922187796065906727711
2009-04-24,3204.9022192092300098065972
2009-04-27,747.8122196389366171406936
2009-04-28,-1068.2977799312735712171666
2009-04-29,-1816.1077795014005391560912
2009-05-04,-1388.7877790714442705620680
2009-05-05,320.4922213585952506820348
2009-05-06,427.3222217887180406964700
2009-05-07,1602.4522222189241156046120
2009-05-08,-213.6577773507865084670434
2009-05-11,106.8322230795861846111230
2009-05-12,-213.6577764899577890281474
2009-05-13,2136.6022239405815867510116
2009-05-14,213.6622243712043280875897
2009-05-15,-106.8277751980895488762976
2009-05-18,0.0022252326999720045900
2009-05-19,-5768.8177743364270931213802
2009-05-20,-320.4877739054707281027146
2009-05-21,1816.1122265255690832152079
2009-05-22,1175.1322269566923569901366
2009-05-25,427.3222273878991093829492
2009-05-26,0.0022278191893565576529
2009-05-27,747.8122282505631146813845
2009-05-28,640.9822286820203999244116
2009-05-29,1495.6222291135612284601322
2009-06-01,1495.6222295451856164650768
2009-06-02,-4904.7101400231064198810924
2009-06-03,1947.2734837548211770172423
2009-06-04,4927.7734863656874531579273
2009-06-05,1927.4034889770592726581802
2009-06-08,-9358.7565084110632665933820
2009-06-09,3318.3034942013199333108115
2009-06-10,5384.7834968142089702972897
2009-06-11,576.2434994276039423115431
2009-06-12,-993.4864979584950526819726
2009-06-15,-158.9464953440879166998329
2009-06-16,3517.0035072708254482603595
2009-06-17,-6934.6164901137548597800220
2009-06-18,-3576.5864874978287427806239
2009-06-19,2821.5535151186038973178906
2009-06-22,-2066.4664822644568414061541
2009-06-23,-298.0364796470108608554429
2009-06-24,4411.1535229709419370863342
2009-06-25,-973.6164744105983494455149
2009-06-26,4689.3335282083683777033201
2009-06-29,2424.1535308278422167061552
2009-06-30,-5146.3164665521767342446847
2009-07-01,-437.1264639316883769378614
2009-07-02,476.8935386893073868569802
2009-07-03,2980.5135413108106553892152
2009-07-06,-9239.5364560671784730727569
2009-07-07,1430.6535465553400997584910
2009-07-08,-6616.6964508216335278105826
2009-07-09,-715.3064481980992574544838
2009-07-10,-2424.1264455740569908286803
2009-07-13,-3238.7964429495066295695969
2009-07-14,5345.0435596755519247053875
2009-07-15,5861.6635623011187703979440
2009-07-16,814.6835649271940059287974
2009-07-17,1649.2235675537777297377294
2009-07-20,5583.4835701808700402835830
2009-07-21,-834.5264271915289639557343
2009-07-22,-417.2564245634191844832468
2009-07-23,2424.1535780651994772170934
2009-07-24,2384.4135806943271196804099
2009-07-27,1013.3835833239638414609056
2009-07-28,1887.6635859541097411318666
2009-07-29,-2265.1664114152350827143343
2009-07-30,-596.0864087840705314662338
2009-07-31,5583.4835938476034935067258
2009-08-03,3119.6035964797870908541998
2009-08-04,-3059.9664008875196407550549
2009-08-05,3218.9536017456833973668243
2009-08-06,-4053.4663956206036960731918
2009-08-07,-4570.0863929863808223490189
2009-08-10,-2404.2563903516478827154567
2009-08-11,-1072.9663877164047784081850
2009-08-12,536.5036149193485893562406
2009-08-13,6338.5436175556123193803916
2009-08-14,1251.8236201923865104859710
2009-08-17,-7073.7063771703287384861835
2009-08-18,2384.4136254674666713239046
2009-08-19,-3497.1063718942271612046462
2009-08-20,2960.6436307445898628264289
2009-08-21,1092.8636333839178423345442
2009-08-24,2801.6836360237568762562677
2009-08-25,278.1936386641070635473242
2009-08-26,2245.3236413049685031825998
2009-08-27,-536.4763560536587058438555
2009-08-28,1291.5636465882255354811773
2009-08-31,-19.8563507693786738099113
2009-09-01,-2980.4863481264712346655551
2009-09-02,-198.6863454830520480150082
2009-09-03,-2046.5963428391210147683418
2009-09-04,3020.2536598053219641835598
2009-09-07,3358.0436624502769879690027
2009-09-08,1887.6636650957441557354875
2009-09-09,-198.6863322582764333502873
2009-09-10,615.9836703882153198975784
2009-09-11,-1907.5063269647804853158098
2009-09-14,158.9736756827362502338628
2009-09-15,4152.8436783307656257901240
2009-09-16,1609.4836809793077406157176
2009-09-17,2642.7236836283626939926082
2009-09-18,-1649.1963137220694147780157
2009-09-22,2881.1636889280115136242621
2009-09-23,-2086.3363084213944214609108
2009-09-24,3040.1236942297128793253486
2009-09-25,-556.3463031186664846388382
2009-09-29,1748.5736995334675860438934
2009-09-30,874.2937021861151907901541
2009-10-01,-675.5662951607235709641951
2009-10-05,-397.3862925070485997640399
2009-10-06,-1728.6762898528597961350077
2009-10-07,2404.2837128018429394165347
2009-10-08,1510.1337154570597064034860
2009-10-09,1649.2237181127906043580132
2009-10-12,556.3737207690357328315563
2009-10-14,4152.8437234257951913948307
2009-10-15,4788.6837260830690796378327
2009-10-16,2304.9337287408574971698415
2009-10-17,99.3637313991605436194240
2009-10-20,-397.3862659420216813655619
2009-10-21,-4331.6462632826890781179631
2009-10-22,-1847.8962606228415469513283
2009-10-23,1251.8237420375210118400963
2009-10-26,-2006.8562553016013020186295
2009-10-27,-10153.5562526402083887831358
2009-10-28,1390.9137500216998513102605
2009-10-29,-615.9562473158764819554401
2009-10-30,-278.1662446529372887779160
2009-11-03,-5265.5362419894824693355209
2009-11-04,5205.9537606744880762127202
2009-11-05,4490.6337633389744477271143
2009-11-06,2324.8037660039767450873045
2009-11-09,5245.6937686694950681922737
2009-11-10,-79.4662286644704830396517
2009-11-11,2940.7737740020801913292017
2009-11-12,-2165.8162233308528087441413
2009-11-13,1609.4837793367306167166985
2009-11-16,2483.7637820048305677074588
2009-11-17,-1828.0262153265528557567603
2009-11-18,1530.0037873425804463585072
2009-11-19,-2801.6562099877694258929031
2009-11-20,1907.5337926823976275622180
2009-11-23,0.0137953530817068164571
2009-11-24,-2185.6862019757170880182188
2009-11-25,1649.2238006960013431895427
2009-11-26,-596.0861966317628994095178
2009-11-27,-2364.5161939590097156452677
2009-11-30,1828.0538087142609946718220
2009-12-01,3556.7438113880493317506799
2009-12-02,-298.0361859376446041803619
2009-12-03,4371.4138167371792871264357
2009-12-04,-2781.7861805874788940617766
2009-12-07,894.1638220883809525415661
2009-12-08,496.7638247647589272424476
2009-12-09,894.1638274416551303662738
2009-12-10,-596.0861698809303377421231
2009-12-11,99.3638327970026232815185
2009-12-14,-3179.1861645245458861791056
2009-12-15,-198.6861618455757657208630
2009-12-16,-1092.8361591660869149211795
2009-12-17,298.0638435139207666619634
2009-12-18,-1430.6261538055526205099665
2009-12-21,1331.3038488754930240439502
2009-12-22,2583.1138515570578008240897
2009-12-23,1987.0138542391418103502880
2009-12-24,1688.9638569217451531618446
2009-12-29,0.0138596048679298175265
2009-12-30,993.5138622885102408955724
2009-12-31,-1291.5361350273278130063046
2010-01-04,4272.0638676573538687290877
2010-01-05,1589.6138703425553867384240
2010-01-06,3079.8638730282768416778654
2010-01-07,-1192.1861242854816657769369
2010-01-08,-1887.6361215987200349308380
2010-01-11,2086.3638810885618349308048
2010-01-12,-1291.5361162236359554578644
2010-01-13,1192.2138864646866946568039
2010-01-14,1887.6638891535298860479677
2010-01-15,-298.0361081571062804917018
2010-01-18,1092.8638945327782958499829
2010-01-19,-2185.6861027768162840952702
2010-01-20,-99.3361000858899194762291
2010-01-21,-4768.7860973944425094221341
2010-01-22,-2185.6860947024739530426935
2010-01-25,-3576.5860920099841494280805
2010-01-27,-6994.2260893169729976489287
2010-01-28,1033.2539133765596032436708
2010-01-29,1887.6639160706137542181742
2010-02-01,2384.4139187651895562625880
2010-02-02,-1291.5360785397128896155270
2010-02-03,4272.0639241559065176109485
2010-02-04,-3477.2360731479521210113049
2010-02-05,-4808.5260704512887044160401
2010-02-06,11266.3039322458968684825588
2010-02-08,-8246.0360650563953012101185
2010-02-09,298.0639376418348876308945
2010-02-10,-1192.1860596594124638498547
2010-02-11,1291.5639430398627455117662
2010-02-15,496.7639457396606168994775
2010-02-16,496.7639484399812515165923
2010-02-17,1490.2639511408247505860195
2010-02-18,-1688.9360461578087846497323
2010-02-19,-596.0860434559192529285505
2010-02-22,-1589.5860407535065529687156
2010-02-23,-397.3860380505705834688960
2010-02-24,-317.9060353471112431081462
2010-02-25,-496.7360326431284305459009
2010-02-26,3497.1339700613779555780272
2010-03-02,3377.9139727664080166434523
2010-03-03,5265.5639754719618540498185
2010-03-04,1291.5639781780395692162038
2010-03-05,1788.3139808846412635813245
2010-03-08,993.5139835917670386035383
2010-03-09,-1986.9860137005830042391520
2010-03-10,-1986.9860109924087634490938
2010-03-11,99.3639917162898624910182
2010-03-12,99.3639944255129751181462
2010-03-15,-1092.8360028647393240110868
2010-03-16,1291.5639998455330666796065
2010-03-17,-496.7359974436697512138185
2010-03-18,1192.2140052676523239242663
2010-03-19,993.5140079794993937291640
2010-03-22,-1688.9359893081284401441418
2010-03-23,-198.6859865952310760209845
2010-03-25,1092.8640161181915877929902
2010-03-26,2285.0640188321396530118274
2010-03-29,-596.0859784533867786307329
2010-03-30,1291.5640242616123946187484
2010-03-31,1291.5640269771372745334129
2010-04-01,894.1640296931879629061081
2010-04-05,2682.4640324097645615493925
2010-04-06,794.8140351268671722955379
2010-04-07,1192.2140378444958969965344
2010-04-08,-1490.2359594373491624759067
2010-04-09,894.1640432813320957696521
2010-04-12,-1688.9359539994602263556233
2010-04-13,198.7140487202739730791668
2010-04-15,-993.4859485594652039753413
2010-04-16,-993.4859458386776555487704
2010-04-19,-2483.7359431173632796509989
2010-04-20,596.1140596044780257278433
2010-04-21,596.1140623268463626173788
2010-04-22,2285.0640650497418330669857
2010-04-23,1490.2640677731645391458023
2010-04-26,-298.0359295028854170572694
2010-04-27,298.0640732215920665664401
2010-04-28,-3179.1859240534029078546284
2010-04-29,1987.0140786721297618277410
2010-04-30,2980.5140813981901777815436
2010-05-03,-298.0359158752215578054430
2010-05-04,-3874.6359131481053427256541
2010-05-05,1589.6140895795389252482652
2010-05-06,-2682.4359076922886516365356
2010-05-07,-3675.9359049635879711131090
2010-05-10,4868.1640977656410691052944
2010-05-11,-2185.6858995046014286747697
2010-05-12,-695.4358967743153621269366
2010-05-13,6060.3641059564993710949724
2010-05-14,-2781.7858913121571266430467
2010-05-16,0.0141114197152470448230
2010-05-17,99.3641141521165945642236
2010-05-18,-1887.6358831149529816593737
2010-05-19,-4073.3358803814933791806657
2010-05-20,496.7641223524955044654883
2010-05-21,-5265.5358749129862282359317
2010-05-24,1987.0141278220615252198996
2010-05-25,-5861.6358694423611326423453
2010-05-26,3675.9641332937459007218585
2010-05-27,1490.2641360303827278768913
2010-05-28,2980.5141387675494514069934
2010-05-31,2781.8141415052461739162683
2010-06-01,-3775.2858557565270019713134
2010-06-02,1887.6641469822300263880905
2010-06-03,3377.9141497215173616581966
2010-06-04,2483.7641524613351065226011
2010-06-07,-3079.8358447983166363152180
2010-06-08,-1887.6358420574377641318956
2010-06-09,2086.3641606839718258158236
2010-06-10,2384.4141634259122362910893
2010-06-11,-2185.6858338316164299230511
2010-06-14,397.4141689113859299763520
2010-06-15,2285.0641716549194188121543
2010-06-16,-298.0358256010158605728798
2010-06-17,1490.2641771435801946839287
2010-06-18,-2285.0358201112923125348245
2010-06-21,3576.6141826343667206733775
2010-06-22,-1192.1858146194426027690231
2010-06-23,1390.9141881272798200803449
2010-06-24,695.4641908745340921837852
2010-06-25,1490.2641936223203165235381
2010-06-28,695.4641963706385961017850
2010-06-29,1788.3141991194890339406508
2010-06-30,298.0642018688717330822094
2010-07-01,-99.3357953812132034115138
2010-07-02,695.4642073692343275414629
2010-07-05,-1589.5857898797855709569189
2010-07-06,1788.3142128717272042152455
2010-07-07,-1490.2357843762272438001708
2010-07-08,2185.7142183763511881586760
2010-07-09,993.5142211294626032736053
2010-07-12,-1192.1857761168928952535845
2010-07-13,2285.0642266372847957988883
2010-07-14,-1092.8357706080042203272080
2010-07-15,894.1642321472401596298857
2010-07-16,-99.3357650969819610480768
2010-07-19,298.0642376593295209406569
2010-07-20,99.3642404161747089178412
2010-07-21,1887.6642431735537062252372
2010-07-22,0.0142459314666162246159
2010-07-23,198.7142486899135422977622
2010-07-26,-3179.1857485511054121535211
2010-07-27,2781.8142542084098562925909
2010-07-28,397.4142569684594510779481
2010-07-29,-397.3857402709565243355696
2010-07-30,397.4142624901620335339509
2010-08-02,1192.2142652518152281884599
2010-08-03,1887.6642680140031631499490
2010-08-04,-198.6857292232740580395455
2010-08-05,-2086.3357264600163318179379
2010-08-06,1987.0142763037764453969098
2010-08-09,596.1142790681043772071924
2010-08-10,-794.7857181670324327648346
2010-08-11,-496.7357154016338808768514
2010-08-12,99.3642873643001365335302
2010-08-13,1490.2642901307697231487705
2010-08-16,1092.8642928977749826714057
2010-08-17,-496.7357043346839811759474
2010-08-18,4967.5142984333929353494112
2010-08-19,2483.7643012020058360102696
2010-08-20,-3973.9856960288451754104927
2010-08-23,3775.3143067408400048900998
2010-08-24,-1092.8356904889385192648785
2010-08-25,-2781.7856877181806440322497
2010-08-26,596.1143150531137344512714
2010-08-27,-2781.7856821750552799309189
2010-08-30,-2185.6856794026875832753095
2010-08-31,-1390.8856766297830716582703
2010-09-01,3675.9643261436583588639518
2010-09-02,2881.1643289176368122552362
2010-09-03,1887.6643316921523924995931
2010-09-06,3974.0143344672052036011672
2010-09-07,-298.0356627572046504157586
2010-09-08,-3477.2356599810770655067589
2010-09-09,4570.1143427955880623927377
2010-09-13,4272.0643455727908373674528
2010-09-14,-198.6856516494686364777381
2010-09-15,1192.2143511288097449821983
2010-09-16,-3278.5356460923739141075427
2010-09-17,1788.3143566869804904183998
2010-09-20,5364.9143594668730627455560
2010-09-21,-3576.5856377526960929203699
2010-09-22,695.4643650282731276465035
2010-09-23,-1390.8856321902191713077614
2010-09-24,1788.3143705918271144830835
2010-09-27,2583.1143733744120893054752
2010-09-28,-2881.1356238424641425339563
2010-09-29,-1688.9356210588014767083840
2010-09-30,-2185.6856182745998088707801
2010-10-01,6656.4643845101409653460881
2010-10-04,4967.5143872954209503296618
2010-10-05,794.8143900812402504875951
2010-10-06,1887.6643928675989702477582
2010-10-07,-99.3356043455027859417582
2010-10-08,-695.4356015580649136126385
2010-10-11,2881.1644012299126917236603
2010-10-12,-3973.9855959815698654240861
2010-10-13,3278.5644068074875194731340
2010-10-14,-894.1355904029150490354277
2010-10-15,-6060.3355876127774663802756
2010-10-18,1490.2644151779003720283335
2010-10-19,695.4644179691185708003952
2010-10-20,-99.3355792391227654338400
2010-10-21,4073.3644235531764679761388
2010-10-22,496.7644263460163757011053
2010-10-25,-99.3355708606029375678989
2010-10-26,-695.4355680666813671195610
2010-10-27,-794.7855652722188082222926
2010-10-28,-1688.9355624772151561242265
2010-10-29,-596.0855596816703060532121
2010-11-01,3278.5644431144158467831882
2010-11-02,2881.1644459110434071977031
2010-11-03,894.1644487082124800233562
2010-11-04,1887.6644515059231701134700
2010-11-05,0.0144543041755823416698
2010-11-08,0.0144571029698216018873
2010-11-09,-198.6855400976940071916343
2010-11-10,1688.9644627021842008956618
2010-11-11,-3874.6355344973954491813484
2010-11-12,-4868.1355316964328524474666
2010-11-15,-3079.8355288949279039071682
2010-11-16,-3477.2355260928804985445983
2010-11-18,1192.2144767097094686764325
2010-11-19,-5364.8855204871578971875482
2010-11-22,3079.8644823165175089403289
2010-11-23,794.8144851207357921572799
2010-11-24,-5265.5355120745029424191297
2010-11-25,-9040.8355092691985896509801
2010-11-26,-2483.7355064633510443799938
2010-11-29,4470.7644963430397985724689
2010-11-30,496.7644991499740444054132
2010-12-01,9935.0145019574517983382139
2010-12-02,397.4145047654731656106199
2010-12-03,-3775.2854924259617485172424
2010-12-06,-1390.8854896168528387648655
2010-12-07,-3775.2854868071999998313556
2010-12-08,-3874.6354839970031263954300
2010-12-09,-7550.5854811862621131154125
2010-12-10,-1490.2354783749768546292293
2010-12-13,4570.1145244368527544455945
2010-12-14,3675.9645272492268195119391
2010-12-15,-1788.2854699378545540069062
2010-12-16,1788.3145328756087393327615
2010-12-20,-2483.7354643103831950049383
2010-12-21,1887.6645385041697484645351
2010-12-22,0.0145413192676752461477
2010-12-23,-397.3854558650893091347058
2010-12-24,-1986.9854530489010991321976
2010-12-27,1490.2645497678324108199368
2010-12-28,-198.6854474148886736915971
2010-12-29,1987.0145554029357529403510
2010-12-30,496.7645582213057963433801
2010-12-31,2086.3645610402215621655421
2011-01-03,-496.7354361403168439246548
2011-01-04,2312.3273666796906837617587
2011-01-05,-2550.6591235070131280710677
2011-01-06,-1336.0591233372973470407226
2011-01-07,-1700.4391231675487038577280
2011-01-10,850.2208770022328078410313
2011-01-11,364.3808771720471944199026
2011-01-12,728.7608773418944622444657
2011-01-13,242.9208775117746176815327
2011-01-14,-1093.1391223183123329008512
2011-01-17,-971.6791221483663831334078
2011-01-18,1214.6008780216124733543741
2011-01-19,-607.2991218083757570657606
2011-01-20,728.7608783616689319791671
2011-01-21,-2672.1191214682534531366304
2011-01-24,485.8408787018570939622940
2011-01-25,-3643.7991211279994203473785
2011-01-27,1943.3608790421770103122686
2011-01-28,-3279.4191207876136076796140
2011-01-31,4372.5608793826287320573603
2011-02-01,-1093.1391204470959640951869
2011-02-02,-607.2991202767876897543982
2011-02-03,-1457.5191201064464385361802
2011-02-04,3400.8808800639277959447966
2011-02-07,-607.2991197656649799249022
2011-02-08,607.3008804047752402425263
2011-02-09,850.2208805752484628361213
2011-02-10,728.7608807457546942461592
2011-02-11,-607.2991190837060591358460
2011-02-14,0.0008810868662090828571
2011-02-15,1457.5208812574715052962577
2011-02-16,850.2208814281098358995833
2011-02-17,485.8408815987812072892994
2011-02-18,850.2208817694856258631102
2011-02-21,364.3808819402230980199589
2011-02-22,607.3008821109936301600273
2011-02-23,242.9208822817972286847369
2011-02-24,3157.9608824526338999967482
2011-02-25,-1578.9791173764963495000380
2011-02-28,121.4608827944064865995189
2011-03-01,607.3008829653424147017995
2011-03-03,2064.8208831363114412144252
2011-03-04,-1700.4391166926864274537423
2011-03-07,3157.9608834783488151074004
2011-03-08,-1336.0591163505828246908032
2011-03-09,-121.4591161794813404357671
2011-03-10,242.9208839916532742863358
2011-03-11,-1700.4391158371789741094256
2011-03-14,485.8408843340219207932603
2011-03-15,-1214.5991154947440345880531
2011-03-16,-2064.8191153234768338345694
2011-03-17,-971.6791151521764705262493
2011-03-18,3036.5008850191570617581892
2011-03-21,1700.4408851905237694412721
2011-03-22,485.8408853619236589467684
2011-03-23,-364.3791144666432633003088
2011-03-24,971.6808857048230091262977
2011-03-25,-1700.4391141236775173459105
2011-03-28,-1093.1391139521448362881875
2011-03-29,-1821.8991137805789412705425
2011-03-30,850.2208863910201741382605
2011-03-31,971.6808865626525163707026
2011-04-01,607.3008867343180918605105
2011-04-04,-607.2991130939830929573432
2011-04-05,-121.4591129222510316466404
2011-04-06,2672.1208872495142822300841
2011-04-07,-242.9191125786871448884589
2011-04-08,1821.9008875931446934376887
2011-04-11,1093.1408877650098036497319
2011-04-13,-971.6791120630918078098774
2011-04-15,2307.7408881088398655025605
2011-04-18,1214.6008882808048300319929
2011-04-19,2672.1208884528030922246149
2011-04-20,485.8408886248346585278701
2011-04-21,0.0008887968995353904500
2011-04-25,3400.8808889689977292622953
2011-04-26,-2429.1991108588707534054046
2011-04-27,242.9208893132940938397887
2011-04-28,4129.6408894854922774515632
2011-04-29,-121.4591103422761961151437
2011-05-02,4372.5608898299886795958557
2011-05-03,-1700.4391099977130889580013
2011-05-04,-1821.8991098253814953180267
2011-05-05,-2793.5791096530165330242821
2011-05-06,1821.9008905193818043844219
2011-05-09,-2307.7391093081864766294742
2011-05-10,1336.0608908642786303977211
2011-05-11,1093.1408910367771319309513
2011-05-12,-4251.0991087906909655635885
2011-05-13,3643.8008913818743443815489
2011-05-16,-2186.2791084455269317649372
2011-05-17,121.4608917271052124669054
2011-05-18,-607.2991081002292164517186
2011-05-19,-607.2991079275302120483514
2011-05-20,1336.0608922452022321507180
2011-05-23,2915.0408924179681226204543
2011-05-24,1336.0608925907674658370759
2011-05-25,1457.5208927636002682780549
2011-05-26,-1093.1391070635334635778819
2011-05-27,485.8408931093662767492463
2011-05-30,364.3808932822994957406754
2011-05-31,1093.1408934552661998788962
2011-06-01,-2064.8191063717336043523456
2011-06-02,2307.7408938013000895319516
2011-06-03,-2064.8191060256327119819551
2011-06-06,1336.0608941474679975934470
2011-06-07,364.3808943206022247469276
2011-06-08,-2064.8191055062300240314881
2011-06-09,242.9208946669712577494823
2011-06-10,1093.1408948402060765823781
2011-06-13,-2429.1991049865255610390044
2011-06-14,-1457.5191048132236486196116
2011-06-15,-971.6791046398881796631318
2011-06-16,2064.8208955334808523280041
2011-06-17,121.4608957068834538526233
2011-06-20,2915.0408958803196314108120
2011-06-21,485.8408960537893915039142
2011-06-22,121.4608962272927406345334
2011-06-23,-607.2991035991703146934682
2011-06-24,-2672.1191034255997679749689
2011-06-27,-2672.1191032519956127035872
2011-06-28,-242.9191030783578423716822
2011-06-29,364.3808970953135495296473
2011-06-30,-971.6791027309814304894372
2011-07-01,-3522.3391025572427759175134
2011-07-04,-485.8391023834704802418986
2011-07-05,485.8408977903354630513512
2011-07-06,3157.9608979641750604774412
2011-07-07,1943.3608981380483185528383
2011-07-08,-728.7591016880447562047291
2011-07-11,3279.4208984858958427237299
2011-07-12,1336.0608986598701218584678
2011-07-13,2793.5808988338780877210003
2011-07-14,3157.9608990079197468341054
2011-07-15,-2064.8191008180048942781755
2011-07-18,4251.1008993561041709094617
2011-07-19,0.0008995302469489235852
2011-07-20,-3400.8791002955765537079735
2011-07-21,1214.6008998786336695438814
2011-07-22,-2307.7390999471223747904904
2011-07-25,4858.4009002271553198205357
2011-07-26,-2307.7390995985332400901514
2011-07-27,607.3009005758119520116025
2011-07-28,-485.8390992498090973387835
2011-07-29,0.0009009246036183953754
2011-08-01,485.8409010990501057520297
2011-08-02,1943.3609012735303712703957
2011-08-03,6801.7609014480444214909559
2011-08-04,971.6809016225922629554595
2011-08-05,1214.6009017971739022069218
2011-08-08,11295.7809019717893457896260
2011-08-09,12146.0009021464386002491212
2011-08-10,-3036.4990976788783278677749
2011-08-11,7287.6009024958385679870225
2011-08-12,-4979.8590973294107056371341
2011-08-16,2672.1209028453738578103765
2011-08-17,4129.6409030201922648814434
2011-08-18,2186.2809031950445221292249
2011-08-19,13482.0609033699306361081475
2011-08-22,607.3009035448506133739074
2011-08-23,-485.8390962801955395165300
2011-08-24,-4494.0190961052078160049298
2011-08-25,-17976.0790959301862095317870
2011-08-26,8988.0409042448692864636734
2011-08-29,4129.6409044199586785434965
2011-08-30,-3522.3390954049180267290012
2011-09-02,9230.9609047702391772107667
2011-09-05,7166.1409049454302969286583
2011-09-06,-2429.1990948793446610081971
2011-09-07,-7773.4390947040856900313986
2011-09-08,-971.6790945287927835712734
2011-09-09,9473.8809056465340649431232
2011-09-12,-850.2190941781051379159916
2011-09-13,-1943.3590940027103855751280
2011-09-14,4251.1009061727183285404765
2011-09-15,-3643.7990936518189889931423
2011-09-16,-6680.2990934763223315986758
2011-09-19,8745.1209066992083073024591
2011-09-20,-2064.8190931252270657098818
2011-09-21,2672.1209070503715559454322
2011-09-22,-1578.9790927739958211491943
2011-09-23,-4251.0990925983291904100818
2011-09-26,-20040.8990924226285452522765
2011-09-27,8016.3609077531061209104509
2011-09-28,-4372.5590920711251853343954
2011-09-29,-5344.2390918953224573980352
2011-09-30,3765.2609082805143113095871
2011-10-03,5101.3209084563851273798034
2011-10-04,1457.5209086322899974052217
2011-10-05,-10688.4790911917710720202735
2011-10-07,5830.0809089842019256984794
2011-10-10,971.6809091602089971579185
2011-10-11,1457.5209093362501489557597
2011-10-12,2550.6609095123253876909962
2011-10-13,-1457.5190903115652800361012
2011-10-14,242.9209098645781523760165
2011-10-17,364.3809100407556915301766
2011-10-18,-1578.9790897830326559695151
2011-10-19,-1214.5990896067868835176743
2011-10-20,-2064.8190894305069845076374
2011-10-21,1093.1409107458070476685384
2011-10-24,5708.6209109221552196200753
2011-10-25,-971.6790889014624620425247
2011-10-26,5101.3209112749540092925204
2011-10-28,1093.1409114514046402382728
2011-10-31,-3522.3390883721105625909248
2011-11-01,2064.8209118044084074205512
2011-11-02,4615.4809119809615568896051
2011-11-03,1336.0609121575488924344227
2011-11-04,2429.2009123341704206744711
2011-11-08,7530.5209125108261482304991
2011-11-09,1336.0609126875160817245379
2011-11-11,-1943.3590871357597722200998
2011-11-14,3886.7209130409985930211818
2011-11-15,-850.2190867822088159257390
2011-11-16,3400.8809133946180075662991
2011-11-17,-1336.0590864285209298742594
2011-11-18,-4736.9390862516256216176868
2011-11-21,485.8409139253039389670289
2011-11-22,242.9209141022677585121833
2011-11-23,-1457.5190857207341563486439
2011-11-24,1214.6009144562982010194118
2011-11-25,-2672.1190853666351627475007
2011-11-28,4372.5609148104657589880528
2011-11-29,-121.4590850123990271352088
2011-11-30,607.3009151647704855227195
2011-12-01,3643.8009153419743036031279
2011-12-02,-121.4590844807875662514073
2011-12-05,-607.2990843035151173970236
2011-12-07,-1943.3590841262083431885717
2011-12-08,2915.0409160511327630203838
2011-12-09,-2186.2790837714917921224345
2011-12-12,-3522.3390835940820019680165
2011-12-13,364.3809165833621401339350
2011-12-14,-2550.6590832391593591649951
2011-12-15,-11660.1590830616464932119337
2011-12-16,-2307.7390828840992553527197
2011-12-19,1700.4409172934823610680963
2011-12-20,1821.9009174710983627072530
2011-12-21,4008.1809176487487562227773
2011-12-22,-3279.4190821735664517260141
2011-12-23,-364.3790819958472544785156
2011-12-26,-364.3790818180936453728315
2011-12-27,-1336.0590816403056177457760
2011-12-28,-485.8390814624831649328738
2011-12-29,-5951.5390812846262802683584
2011-12-30,3157.9609188932650429148268
2012-01-02,1093.1409190711908112850299
2012-01-03,3157.9609192491510315118897
2012-01-04,2550.6609194271457102663367
2012-01-05,-242.9190803948251457794068
2012-01-06,1214.6009197832384700481730
2012-01-07,-607.2990800386634355761173
2012-01-09,-1821.8990798605308559761792
2012-01-10,-2307.7390796823637844746212
2012-01-11,1336.0609204958377856072413
2012-01-12,850.2209206740738609493857
2012-01-13,-3036.4990791476555517669172
2012-01-16,1214.6009210306495541408977
2012-01-17,1700.4409212089891853566890
2012-01-18,-2064.8190786126366514343906
2012-01-19,121.4609215657720504541063
2012-01-20,-2672.1190782557847022900783
2012-01-23,2429.2009219226930970220928
2012-01-24,-1700.4390778987945449190486
2012-01-25,-850.2190777202476214218745
2012-01-27,7044.6809224583338742065380
2012-01-30,2307.7409226369499486604087
2012-01-31,2064.8209228156006086352526
2012-02-01,607.3009229942858608278820
2012-02-02,-1336.0590768269942880635947
2012-02-03,728.7609233517601686602283
2012-02-06,-6072.9990764694507622999462
2012-02-07,850.2209237093729257578819
2012-02-08,4372.5609238882312395370108
2012-02-09,-971.6790759328758142579636
2012-02-10,-971.6790757539482289211473
2012-02-13,-1336.0590755749859977453474
2012-02-14,-971.6790753959891140220727
2012-02-15,2186.2809247830424289584672
2012-02-16,-242.9190750378913620926383
2012-02-17,0.0009251412095195370000
2012-02-21,1093.1409253203450805610706
2012-02-22,2186.2809254995153276945624
2012-02-23,4008.1809256787202676537644
2012-02-24,121.4609258579599071562658
2012-02-27,-1336.0590739627657470790432
2012-02-28,607.3009262165433116680287
2012-02-29,1700.4409263958870901189736
2012-03-01,-10567.0190734247344050034143
2012-03-02,1093.1409267546788330249601
2012-03-03,485.8409269341268109294948
2012-03-05,-1578.9790728863904645631105
2012-03-06,607.3009272931270132751464
2012-03-07,-1093.1390725273207488264293
2012-03-09,121.4609276522662558627703
2012-03-12,1700.4409278318880340746567
2012-03-13,-1457.5190719884554074575554
2012-03-14,-4494.0190718087640619993475
2012-03-15,-242.9190716290379228148968
2012-03-16,2793.5809285507230168329232
2012-03-19,607.3009287305187636825443
2012-03-20,-607.2990710896506755262979
2012-03-21,2429.2009290902147059474382
2012-03-22,121.4609292701149148460988
2012-03-23,2186.2809294500499579133357
2012-03-26,1821.9009296300198418941067
2012-03-27,1457.5209298100245735346758
2012-03-28,-971.6790700099358404173873
2012-03-29,242.9209301701386067867939
2012-03-30,-607.2990696497520781025969
2012-04-02,-850.2190694696078883340696
2012-04-03,-242.9190692894288171548265
2012-04-04,-2672.1190691092148578107623
2012-04-09,2186.2809310710339964535361
2012-04-10,121.4609312513177523947896
2012-04-11,2550.6609314316364167710276
2012-04-12,-607.2990683880100036584117
2012-04-13,3279.4209317923784978671182
2012-04-16,-1578.9790680271980718904269
2012-04-17,-242.9190678467397061677815
2012-04-18,-242.9190676662463982003713
2012-04-19,850.2209325142818587776885
2012-04-20,2307.7409326948450715335926
2012-04-23,1700.4409328754432468358457
2012-04-24,1214.6009330560763914542635
2012-04-25,-1578.9790667632554878400275
2012-04-26,1578.9809334174476157254101
2012-04-27,1093.1409335981857089243252
2012-04-28,1457.5209337789587985317781
2012-04-30,121.4609339597668913241413
2012-05-02,485.8409341406099940790992
2012-05-03,1093.1409343214881135756485
2012-05-04,-121.4590654975987434059014
2012-05-07,-2307.7390653166505700839280
2012-05-08,-1578.9790651356673596754962
2012-05-09,-4494.0190649546491053963570
2012-05-10,-850.2190647735958004609480
2012-05-11,-1336.0590645925074380823928
2012-05-14,-1821.8990644113840114725011
2012-05-15,-850.2190642302255138417679
2012-05-16,-1700.4390640490319383993737
2012-05-17,3157.9609361321967216468160
2012-05-18,7166.1409363134604730902506
2012-05-21,1578.9809364947593227256955
2012-05-22,-242.9190633239067226507690
2012-05-23,0.0009368574623437582539
2012-05-24,971.6809370388665287514771
2012-05-25,-2307.7390627796941608710704
2012-05-28,2307.7409374017802816919577
2012-05-29,850.2209375832898632432240
2012-05-30,-2064.8190622351654094132914
2012-05-31,2186.2809379464144705277091
2012-06-01,-2429.1990618719704901271590
2012-06-04,8745.1209383096797154300371
2012-06-05,1214.6009384913650940085493
2012-06-06,2186.2809386730856524189470
2012-06-07,-4494.0190611451586025268805
2012-06-08,-5101.3190609633676640157261
2012-06-11,4129.6409392184584747669375
2012-06-12,607.3009394003198206369564
2012-06-13,2672.1209395822163804114970
2012-06-14,2064.8209397641481609090454
2012-06-15,-121.4590600538848310505921
2012-06-18,121.4609401281174113537116
2012-06-19,3036.5009403101548949444042
2012-06-20,-1821.8990595077723734547455
2012-06-21,-1457.5190593256643870186474
2012-06-22,-1093.1390591435211389208901
2012-06-25,-1336.0590589613426223337399
2012-06-26,3279.4209412208711695718584
2012-06-27,-2307.7390585968797563737173
2012-06-28,-607.2990584145953933387666
2012-06-29,-4736.9390582322757344902663
2012-07-02,3400.8809419500792270061296
2012-07-03,-2550.6590578675305020139090
2012-07-04,-607.2990576851049147133891
2012-07-05,2793.5809424973559957460065
2012-07-06,-1821.8990573201477637960813
2012-07-09,364.3809428623838135013133
2012-07-10,-1093.1390569550492655195198
2012-07-11,-3400.8790567724469940149655
2012-07-12,364.3809434101906348599163
2012-07-13,-121.4590564071363720486088
2012-07-16,607.3009437755719921070503
2012-07-17,607.3009439583157341758108
2012-07-18,-850.2190558589051389920844
2012-07-19,607.3009443239093794549348
2012-07-20,-242.9190554932407036302355
2012-07-23,1214.6009446896446186066278
2012-07-24,242.9209448725653530210755
2012-07-25,3643.8009450555215064699851
2012-07-26,1700.4409452385130858115625
2012-07-27,242.9209454215400979053410
2012-07-30,1336.0609456046025496121826
2012-07-31,121.4609457877004477942773
2012-08-01,-1700.4390540291662006848558
2012-08-02,-728.7590538459973889603688
2012-08-03,-364.3790536627931101660845
2012-08-06,-364.3790534795533574344963
2012-08-07,364.3809467037218761032324
2012-08-08,-2064.8190531129674026827320
2012-08-09,1578.9809470703788130791072
2012-08-10,728.7609472537605302615773
2012-08-13,3157.9609474371777557388364
2012-08-14,-242.9190523793695036136264
2012-08-16,-850.2190521958812409189908
2012-08-17,850.2209479876425507008953
2012-08-21,1214.6009481712018781255156
2012-08-22,1578.9809483547967482356861
2012-08-23,2915.0409485384271679135549
2012-08-24,2186.2809487220931440426028
2012-08-27,728.7609489057946835076435
2012-08-28,-364.3790509104682068051763
2012-08-29,485.8409492733044799916236
2012-08-30,-1093.1390505428872492131430
2012-08-31,0.0009496409566124706715
2012-09-03,4979.8609498248360719345486
2012-09-04,2429.2009500087511360713051
2012-09-05,1578.9809501927018117750912
2012-09-06,3400.8809503766881059413930
2012-09-07,-4008.1790494392899745329685
2012-09-08,6558.8409507447675772501629
2012-09-10,1336.0609509288607681902794
2012-09-11,-1336.0590488870103948117912
2012-09-12,1821.9009512971540951461156
2012-09-13,-971.6790485186457550324996
2012-09-14,2793.5809516655900615572005
2012-09-17,-4008.1790481501384481786095
2012-09-18,-1821.8990479658312773324180
2012-09-20,1578.9809522185115810046241
2012-09-21,-2307.7390475971098662572962
2012-09-24,-4251.0990474126956122066539
2012-09-25,1700.4409527717543500694141
2012-09-26,121.4609529562400274851096
2012-09-27,-2672.1190468592385730440266
2012-09-28,971.6809533253185553988849
2012-10-01,-2429.1990464900885802679370
2012-10-03,-1214.5990463054599731249335
2012-10-04,-971.6790461207956162512064
2012-10-05,850.2209540639044972754827
2012-10-08,-1093.1390457513596256212871
2012-10-09,1578.9809544334120219834033
2012-10-10,1578.9809546182194470158144
2012-10-11,-364.3790451969373435964522
2012-10-12,0.0009549879416570755459
2012-10-15,-2793.5790448271435440379063
2012-10-16,-1700.4390446421929400051826
2012-10-17,1821.9009555427934761066855
2012-10-18,242.9209557278157112320091
2012-10-19,2550.6609559128737723064419
2012-10-22,-3765.2590439020323337330192
2012-10-23,-364.3790437169025999480346
2012-10-25,-1093.1390435317370193989210
2012-10-26,-850.2190433465355851446509
2012-10-29,2672.1209568387017097571464
2012-10-30,364.3809570239748722501864
2012-10-31,-607.2990427907160907204710
2012-11-01,485.8409573946288277915787
2012-11-02,-207.7285224199903652659146
2012-11-05,-1775.9326532478119086203774
2012-11-06,1937.4173501110485044543824
2012-11-07,3551.9173534705592953723367
2012-11-08,484.3673568307205900664767
2012-11-09,-1775.9326398084674855058218
2012-11-11,0.0173635529951946372060
2012-11-12,2744.6673669151087565017189
2012-11-13,2583.2173702778733261182743
2012-11-15,-1130.1326263587109704581669
2012-11-16,968.7173770053559928517641
2012-11-19,-7911.0326196299256578481510
2012-11-20,0.0173837354442035702870
2012-11-21,322.9173871014657032596998
2012-11-22,322.9173904681389673971355
2012-11-23,2583.2173938354641221840747
2012-11-26,8879.7673972034412938464338
2012-11-27,4036.2674005720706086345709
2012-11-29,1453.0674039413521928232896
2012-11-30,1130.1674073112861727118444
2012-12-03,7588.1674106818726746239451
2012-12-04,-2421.7325859468881750922383
2012-12-05,2098.8674174250037499359290
2012-12-06,1937.4174207975485761055515
2012-12-07,2421.7674241707464298382076
2012-12-10,-2583.1825724554025624200444
2012-12-11,-2260.2825690808982741986633
2012-12-12,3713.3674342942594209973814
2012-12-13,-5327.8325623299293503123869
2012-12-14,1937.4174410465355384160531
2012-12-17,1453.0674444236542137512260
2012-12-18,5812.2174478014268022861635
2012-12-19,3390.4674511798534306384098
2012-12-20,484.3674545589342254500258
2012-12-21,-5650.7325420613306866124053
2012-12-24,-322.8825386809411788577743
2012-12-26,4520.6174647001028754295595
2012-12-27,-484.3325319181983970102272
2012-12-28,1453.0674714641551305875831
2012-12-31,2098.8674748471635850122532
2013-01-01,4197.7174782308270930775966
2013-01-02,3713.3674816151457816219814
2013-01-03,1614.5174850001197775083356
2013-01-04,807.2674883857492076241517
2013-01-07,807.2674917720341988814919
2013-01-08,-1614.4825048410251217830083
2013-01-09,1614.5174985465713725918661
2013-01-10,-1130.1324980651761910080869
2013-01-11,-6296.5324946762676855724804
2013-01-14,4197.7175087132970159336651
2013-01-15,2906.1175121035180405699272
2013-01-16,-3713.3324845056044845795141
2013-01-17,-3228.9824811140704324058711
2013-01-18,-2260.2824777218796757757443
2013-01-21,1130.1675256709679124688831
2013-01-22,-2421.7324709355275404893510
2013-01-23,-3713.3324675413659074431816
2013-01-24,-5650.7324641465470611607132
2013-01-25,5489.3175392489291256145865
2013-01-28,1291.6175426450627801638896
2013-01-29,-3713.3324539581459702069853
2013-01-30,-1291.5824505606969981675701
2013-01-31,1130.1675528374098236372588
2013-02-01,7911.0675562361746225872846
2013-02-04,-4036.2324403644024739130447
2013-02-05,-2583.1824369643213384346118
2013-02-06,161.4675664364181564763747
2013-02-07,-1453.0324301621838617016146
2013-02-08,-2260.2824267601272654654258
2013-02-11,-2583.1824233574119272872161
2013-02-12,1775.9675800459622803855503
2013-02-13,6458.0175834499954851301074
2013-02-14,-9686.9824131453121854516078
2013-02-15,-1775.9324097399606037329511
2013-02-18,3229.0175936660503579374346
2013-02-19,-322.8824029272791727643770
2013-02-20,2098.8676004800509318624105
2013-02-21,-6135.0823961119592004566802
2013-02-22,1291.6176072966905580286052
2013-02-25,-1775.9323892939996649067426
2013-02-26,-5812.1823858840297414629915
2013-02-27,6135.1176175266004561843359
2013-02-28,-8395.3823790621089441155317
2013-03-01,6780.9176243498421855113899
2013-03-04,-8556.8323722375460270361554
2013-03-05,3067.5676311757265461653420
2013-03-06,3874.8176345896600330641616
2013-03-07,-968.6823619957454383666429
2013-03-08,2583.2176414195102598707621
2013-03-11,2906.1176448354272557989944
2013-03-12,-5812.1823517479943225345393
2013-03-13,-2744.6323483307543470576380
2013-03-14,1614.5176550871473103266976
2013-03-15,3229.0176585057107777402702
2013-03-18,-4682.0323380750638166703087
2013-03-19,-9364.0823346551763447336150
2013-03-20,-6780.8823312346266782534064
2013-03-21,-322.8823278134146890086181
2013-03-22,-322.8823243915402487533575
2013-03-25,-2098.8323209690032292169002
2013-03-26,3067.5676824541964978963158
2013-03-28,3551.9176858780590609066944
2013-04-01,4682.0676893025845881594859
2013-04-02,807.2676927277732080247926
2013-04-03,-645.7823038463749511024272
2013-04-04,-8395.3823004198597608023539
2013-04-05,1130.1677030073189073696983
2013-04-08,161.4677064351611818832856
2013-04-09,645.8177098636671912328403
2013-04-10,1130.1677132928370639376747
2013-04-11,3067.5677167226709285419866
2013-04-12,-484.3322798468310863851361
2013-04-15,1775.9677235843311477502894
2013-04-16,7426.7177270161577595671453
2013-04-17,645.8177304486488777092189
2013-04-18,-1291.5822661181953691547937
2013-04-22,6942.3677373156251476687182
2013-04-23,-322.8822592498894431017159
2013-04-25,1614.5177441852609872773573
2013-04-26,-2744.6322523789234324256800
2013-04-29,3874.8177510575574265824876
2013-04-30,3229.0177544947036931201139
2013-05-02,4682.0677579325154960303962
2013-05-03,3874.8177613709929641814790
2013-05-06,-968.6822351898637735335396
2013-05-07,4682.0677682499454118033958
2013-05-08,-645.7822283095793508646972
2013-05-09,-968.6822248684379325698333
2013-05-10,1291.6177785733697956809451
2013-05-11,161.4677820158439629055718
2013-05-13,-3228.9822145410153018530367
2013-05-14,161.4677889027921304730219
2013-05-15,10494.2677923472663889766423
2013-05-16,3067.5677957924076027757147
2013-05-17,2906.1177992382159010131309
2013-05-20,-7265.2321973153085871432115
2013-05-21,-1775.9321938681657325004036
2013-05-22,-1775.9321904203554058405216
2013-05-23,-15176.2821869718774779206205
2013-05-24,9364.1178164772681805272699
2013-05-27,6135.1178199270816987961498
2013-05-28,-484.3321766224367937959454
2013-05-29,-2906.0821731712871679059400
2013-05-30,4359.1678302805307058342858
2013-05-31,-4843.4821662669830431820982
2013-06-03,1937.4178371861717144631322
2013-06-04,3390.4678406399951082132607
2013-06-05,484.3678440944872675366346
2013-06-06,-3067.5321524503516780733290
2013-06-07,-3390.4321489945215990981397
2013-06-10,-4359.1321455380223659942282
2013-06-11,-5812.1821420808538491929415
2013-06-12,-6457.9821386230159191005384
2013-06-13,-5973.6321351645084460981842
2013-06-14,5004.9678682946686994580540
2013-06-17,3874.8178717545156472372120
2013-06-18,2744.6678752150325269334334
2013-06-19,484.3678786762194682659747
2013-06-20,-4197.6821178619233990207900
2013-06-21,-3874.7821143993959451573642
2013-06-24,-7265.2321109361980403491241
2013-06-25,3067.5678925276704452236866
2013-06-26,-807.2321040077903585940394
2013-06-27,1453.0678994574196780677333
2013-06-28,968.7179029233006851041866
2013-07-01,10332.8179063898527924356536
2013-07-02,-1614.4820901429238699923752
2013-07-03,-8395.3820866750291722092485
2013-07-04,6780.9179167935370157808514
2013-07-05,2260.3179202627748239989136
2013-07-08,807.2679237326843824911029
2013-07-09,0.0179272032658213287652
2013-07-10,2744.6679306745192706084320
2013-07-11,3229.0179341464448604518259
2013-07-12,-322.8820623809572789941356
2013-07-15,1291.6179410923129824426658
2013-07-16,-3874.7820554337442250404461
2013-07-17,-3067.5320519591287712209379
2013-07-18,9041.2179515161594741489392
2013-07-19,-2583.1820450078793586578460
2013-07-22,2260.3179584687548606569000
2013-07-23,-5650.7320380539377375833996
2013-07-24,-8879.7320345759570230300871
2013-07-25,-1130.1320310973028653092649
2013-07-26,645.8179723820248659782083
2013-07-29,-4520.5820241379736987432764
2013-07-30,-7426.6820206572984290240740
2013-07-31,1453.0679828240508056107195
2013-08-01,-7588.1320136939258643387277
2013-08-02,-619.2169602112283083469789
2013-08-05,69.6115594729432875720158
2013-08-06,69.6250383944653569226227
2013-08-07,69.6385199259178282594180
2013-08-08,69.6520040678060637281832
2013-08-12,69.6654908206355233282279
2013-08-13,69.6789801849117649313374
2013-08-14,69.6924721611404443007239
2013-08-16,69.7059667498273151099812
2013-08-19,69.7194639514782289620429
2013-08-20,69.7329637665991354081449
2013-08-21,69.7464661956960819667910
2013-08-22,69.7599712392752141427222
2013-08-23,69.7734788978427754458901
2013-08-26,69.7869891719051074104335
2013-08-27,69.8005020619686496136590
2013-08-28,69.8140175685399396950249
2013-08-29,69.8275356921256133751295
2013-08-30,69.8410564332324044747021
2013-09-02,69.8545797923671449335984
2013-09-03,4995.0111057700367648297995
2013-09-04,-2319.1374229667845356052874
2013-09-05,-6469.1774224677922887139977
2013-09-06,-7933.8974219687034217011809
2013-09-10,-4272.0974214695179158582340
2013-09-11,-1342.6574209702357524729310
2013-09-12,0.0025795291430871705765
2013-09-13,-5370.6374199713813782082384
2013-09-16,-1586.7774194718091298862781
2013-09-17,3295.6225810278598508631800
2013-09-18,-3783.8574184723744172295150
2013-09-19,8666.2625820274880845696127
2013-09-20,-1220.5974174725526250018340
2013-09-23,-3051.4974169724965272026235
2013-09-24,-1586.7774164723436032878957
2013-09-25,1952.9625840279061654908392
2013-09-26,244.1225845282527978857013
2013-09-27,854.4225850286963126524416
2013-09-30,5004.4625855292367285504430
2013-10-01,-4150.0374139701259356572796
2013-10-03,-2197.0774134693916612040779
2013-10-04,-122.0574129685604293196698
2013-10-07,976.4825875323677787698613
2013-10-08,9154.5025880333929818420668
2013-10-09,-4150.0374114654848013218653
2013-10-10,366.1825890357344480628889
2013-10-11,-4272.0974104629492512152088
2013-10-14,3173.5625900384641196359411
2013-10-15,-2441.1974094600254205879232
2013-10-17,6835.3625910415821469125762
2013-10-18,2319.1425915432868409404570
2013-10-21,2563.2625920450886803023781
2013-10-22,2929.4425925469876838086394
2013-10-23,5126.5225930489838702731836
2013-10-24,-1098.5374064489227414864037
2013-10-25,1220.6025940532678673511063
2013-10-28,1464.7225945555557156105872
2013-10-29,-8666.2574049420591778794425
2013-10-30,-976.4774044395767942868184
2013-10-31,-5126.5174039369971147757298
2013-11-01,1830.9025965656798794932812
2013-11-03,-2373.5622629315457926366793
2013-11-05,-2899.0931822246757131818264
2013-11-06,-2352.0931809045464236364414
2013-11-07,-1805.0931795841615167880180
2013-11-08,-2187.9931782635209431412484
2013-11-11,-3172.5931769426246531912409
2013-11-12,-2625.5931756214725974235182
2013-11-13,-2570.8931743000647263140154
2013-11-14,3282.0068270215990096709216
2013-11-18,7220.4068283435186600745383
2013-11-19,1148.7068296656942744496733
2013-11-20,-4157.1931690118740976412401
2013-11-21,-6673.3931676891864066261714
2013-11-22,-492.2931663662426029234920
2013-11-25,6673.4068349569573630580277
2013-11-26,-3063.1931637195864590807804
2013-11-27,-382.8931623958740197294803
2013-11-28,1476.9068389280947307319699
2013-11-29,4758.9068402523198419332207
2013-12-02,2625.6068415768013635135317
2013-12-03,-1039.2931570984606548782255
2013-12-04,-2133.2931557734661635835656
2013-12-05,5251.2068455517848870656117
2013-12-06,1476.9068468772925467470243
2013-12-09,3664.9068482030568651480091
2013-12-10,-1203.3931504709221080344760
2013-12-11,-929.8931491446443230938504
2013-12-12,-4047.7931478181097303139086
2013-12-13,-3446.0931464913182799688185
2013-12-16,-929.8931451642699223231198
2013-12-17,-1258.0931438369646076317216
2013-12-18,4704.2068574905977138600988
2013-12-19,-3664.8931411815829080833013
2013-12-20,6618.7068601464935763120706
2013-12-23,984.6068614748272168298453
2013-12-24,-1422.1931371965819367367070
2013-12-26,984.6068641322661654153254
2013-12-27,1750.4068654613715730984977
2013-12-30,-1640.9931332092656638649899
2013-12-31,984.6068681203545043567102
2014-01-01,-218.7931305497678723949058
2014-01-02,-1516.4371292196327442686906
2014-01-03,-7552.4903287666374601851819
2014-01-06,4902.5096731060083547094074
2014-01-07,-3974.9903250209832290382877
2014-01-08,662.5096768523878587824174
2014-01-09,397.5096787261216883958024
2014-01-10,-794.9903193997816699602559
2014-01-13,2650.0096824746778539657199
2014-01-14,-2914.9903156504996695611901
2014-01-15,1590.0096862246858297376996
2014-01-16,-4107.4903118997655778453173
2014-01-17,-9672.4903100238538220043366
2014-01-20,3842.5096918524211675801597
2014-01-21,-529.9903062709405387586948
2014-01-22,2517.5096956060611293258524
2014-01-23,1457.5096974834262421941747
2014-01-24,-2252.4903006388451297797299
2014-01-27,-9937.4902987607529162082376
2014-01-28,-1722.4902968822970466900950
2014-01-29,-794.9902950034774508104168
2014-01-30,-3047.4902931242940581406836
2014-01-31,2782.5097087552532017612616
2014-02-03,-1324.9902893648356006487849
2014-02-04,-1457.4902874845603949013842
2014-02-05,1590.0097143960788894865477
2014-02-06,2252.5097162770823230117423
2014-02-07,1457.5097181584499761845815
2014-02-10,-3577.4902799598180804708998
2014-02-11,662.5097219222782235829889
2014-02-12,265.0097238047389588975964
2014-02-13,-4902.4902743124358039620679
2014-02-14,-264.9902724292459944173308
2014-02-17,-132.4902705456915418758528
2014-02-18,4770.0097313382276242683742
2014-02-19,3180.0097332225115746350297
2014-02-20,-1854.9902648928396201425324
2014-02-21,3842.5097369921741105827184
2014-02-24,-5299.9902611224471625285078
2014-02-25,3975.0097407632966311981807
2014-02-26,-1059.9902573505944375491389
2014-02-28,1457.5097445358797019312970
2014-03-03,2650.0097464227191203549431
2014-03-04,3684.4583483099238884509456
2014-03-05,1816.8540165271125975953585
2014-03-06,3426.0640173048347769556615
2014-03-07,7059.7640180827075470555044
2014-03-10,-1505.3859811392690629461512
2014-03-11,-3322.2359803610950238846984
2014-03-12,830.5640204172296934101174
2014-03-13,-1764.9359788042948818858013
2014-03-14,622.9240219743312794090976
2014-03-18,622.9240227531082064820165
2014-03-19,726.7440235320359285258093
2014-03-20,-2284.0359756888855252610172
2014-03-21,571.0140250903438743256972
2014-03-22,259.5540258697241564957674
2014-03-24,4308.5340266492553504646648
2014-03-25,674.8340274289374854535174
2014-03-26,-467.1859717912294093108889
2014-03-27,1972.5840289887546954038915
2014-03-28,3477.9740297688898288359641
2014-03-31,311.4640305491760202290960
2014-04-01,778.6540313296132988327167
2014-04-02,3929.7011021102016939019194
2014-04-03,-4408.0984848729812225150578
2014-04-04,2852.3015154203935896094483
2014-04-07,-1944.7484842861747919525667
2014-04-09,6871.4515160073136437983324
2014-04-10,9334.8015163008589078637108
2014-04-11,-3111.5984834055389887527361
2014-04-15,-5704.5984831118800350451825
2014-04-16,-2333.6984828181642200056713
2014-04-17,-777.8984825243915326241140
2014-04-21,4408.1015177694380381117099
2014-04-22,2722.6515180633245032161528
2014-04-23,2074.4015183572678737057005
2014-04-25,-1037.1984813487318394010287
2014-04-28,518.6015189453253749167174
2014-04-29,-3500.5484807605604723181753
2014-04-30,-6223.1984804663893700806863
2014-05-02,3630.2015198278386926563397
2014-05-05,648.2515201221237269221928
2014-05-06,-2074.3984795835342562517008
2014-05-07,907.5515207108647541682209
2014-05-08,-2074.3984789946792307823438
2014-05-09,8167.9515212998337999344405
2014-05-12,907.5515215944038573585463
2014-05-13,8686.5515218890309525320840
2014-05-14,4926.7015221837150964993015
2014-05-15,3759.8515224784563003065861
2014-05-16,5574.9515227732545750024632
2014-05-19,18669.6015230681099316375981
2014-05-20,4148.8015233630223812647953
2014-05-21,-2852.2984763420080650609998
2014-05-22,8945.8515239530186037172980
2014-05-23,6352.8515242481023986589153
2014-05-26,-10501.6484754567566691747798
2014-05-27,-4797.0484751615585887202777
2014-05-28,777.9015251336966510880736
2014-05-29,-3500.5484745709909386819311
2014-05-30,-259.2984742756213469603543
2014-06-02,11538.8515260198054373248853
2014-06-03,1685.4515263152894252480127
2014-06-04,4019.1515266108306278853974
2014-06-05,9723.7515269064290563155534
2014-06-06,-1555.7984727979152783808601
2014-06-09,6612.1515274977976348789618
2014-06-10,129.6515277935678071799698
2014-06-11,-5315.6484719106047503907388
2014-06-12,-5315.6484716147200267439204
2014-06-13,-8556.8984713187780107881834
2014-06-16,-129.6484710227786914299894
2014-06-17,4278.4515292732779424263488
2014-06-18,-3241.2484704306080981213337
2014-06-19,-1426.1484701344368019730528
2014-06-20,-1037.1984698382081580266747
2014-06-23,518.6015304580778448220834
2014-06-24,3500.5515307544212176796552
2014-06-25,-1685.4484689491780283453757
2014-06-26,2593.0015313472801178577257
2014-06-27,518.6015316437956674018454
2014-06-30,7649.3515319403686314020216
2014-07-01,7779.0015322369990209754444
2014-07-02,4537.7515325336868472414567
2014-07-03,-129.6484671695678786784456
2014-07-04,4019.1515331272348543393867
2014-07-07,-3889.4984665759049425792431
2014-07-08,-9983.0484662789872583063774
2014-07-09,-8816.1984659820120817119041
2014-07-10,0.0015343150205983364443
2014-07-11,-13224.2984653878892070269095
2014-07-14,6093.5515349092585133346135
2014-07-15,7779.0015352064637705597485
2014-07-16,5834.2515355037265757893876
2014-07-17,5445.3015358010469401665800
2014-07-18,-5056.3484639015751251634673
2014-07-21,2463.3515363958603909466105
2014-07-22,648.2515366933534996463369
2014-07-23,-2592.9984630090957879126058
2014-07-24,777.9015372885125394236241
2014-07-25,-8297.5984624138215071889723
2014-07-28,1296.5015378839020834077668
2014-07-30,1555.8015381816833223741631
2014-07-31,1166.8515384795222208726999
2014-08-01,-3630.1984612225812099319785
2014-08-04,5186.0015390753730411269341
2014-08-05,648.2515393733849852184062
2014-08-06,-1815.0984603285453664864311
2014-08-07,388.9515399695819971857164
2014-08-08,2463.3515402677670874103064
2014-08-11,-3889.4984594339900846350394
2014-08-12,2981.9515408643104922294646
2014-08-13,-4019.1484588373311708142306
2014-08-14,2722.6515414610849374179907
2014-08-18,12965.0015417595588281124098
2014-08-19,-3241.2484579419094875425257
2014-08-20,3241.2515423566800016437981
2014-08-21,648.2515426553273068641617
2014-08-22,1685.4515429540324393135131
2014-08-25,-3759.8484567472045898110320
2014-08-26,2333.7015435516162306898102
2014-08-27,-4019.1484561495050879825082
2014-08-28,5056.3515441494314653756342
2014-09-01,3630.2015444484259019700278
2014-09-02,9983.0515447474782330086331
2014-09-03,-2592.9984549534115302984194
2014-09-04,-2852.2984546542433767388286
2014-09-05,4537.7515456449827049018778
2014-09-08,6352.8515459442667258403436
2014-09-09,1685.4515462436086972953841
2014-09-10,-4278.4484534569913695120125
2014-09-11,518.6015468424665366413141
2014-09-12,1555.8015471419824269806980
2014-09-15,-3370.8984525584436872663539
2014-09-16,-14909.7484522588117948701599
2014-09-17,5186.0015480408781154011354
2014-09-18,6352.8515483406260547815627
2014-09-19,3111.6015486404320345073279
2014-09-22,518.6015489402960658168122
2014-09-23,-5574.9484507597818400494266
2014-09-24,-9853.3984504598016718486546
2014-09-25,-6093.5484501597634183359607
2014-09-26,5056.3515501403329317357436
2014-09-29,4667.4015504404873896157241
2014-09-30,-777.8984492593000334445744
2014-10-01,1555.8015510409706738084706
2014-10-07,-7908.6484486587004773693385
2014-10-08,-1166.8484483583134757200203
2014-10-09,5186.0015519421316900165863
2014-10-10,-9464.4484477573649688971766
2014-10-13,6093.5515525431965588032131
2014-10-14,-1166.8484471561837156155408
2014-10-16,-8167.9484468555057808845534
2014-10-17,2981.9515534452303742672427
2014-10-20,4537.7515537460247611130970
2014-10-21,9075.5015540468773909284417
2014-10-22,1944.7515543477882749908927
2014-10-23,388.9515546487574245802495
2014-10-27,-1166.8484450502151490215047
2014-10-28,1685.4515552508705654697983
2014-10-29,2593.0015555520145793405115
2014-10-30,1296.5015558532169038791730
2014-10-31,15169.0515561544775503765073
2014-11-03,-388.9484435442034698745752
2014-11-05,-2592.9984432428261455789778
2014-11-07,-648.2484429413904654394160
2014-11-10,2593.0015573601035818435816
2014-11-11,4148.8015576616560075716747
2014-11-12,4797.0515579632668230487111
2014-11-13,4019.1515582649360395807275
2014-11-14,-259.2984414333363315240503
2014-11-17,4148.8015588684497210447933
2014-11-18,5704.6015591702942085998638
2014-11-19,-10112.6984405278028575440431
2014-11-20,1815.1015597741585339300599
2014-11-21,1555.8015600761783943413507
2014-11-24,1037.2015603782567350111994
2014-11-25,-8038.2984393196064327368321
2014-11-26,4926.7015609825889024230110
2014-11-27,3500.5515612848427518186763
2014-11-28,-259.2984384128448732196949
2014-12-01,-518.5984381104739613597678
2014-12-02,7390.0515621919554987329870
2014-12-03,3111.6015624944435183952933
2014-12-04,2852.3015627969901089660704
2014-12-05,-1296.4984369004047182135672
2014-12-08,-11020.2484365977409518003086
2014-12-09,-7130.7484362950185804486469
2014-12-10,8945.8515640077624071891219
2014-12-11,-4537.7484356893979775371012
2014-12-12,-5315.6484353864997232752172
2014-12-15,-2981.9484350835428186709291
2014-12-16,-9464.4484347805272523677415
2014-12-17,-388.9484344774530130069598
2014-12-18,12705.7015658256799107723098
2014-12-19,-1037.1984338711284696668392
2014-12-22,5574.9515664321218570408875
2014-12-23,-4667.3984332645690977370159
2014-12-24,1815.1015670387986773691466
2014-12-26,-129.6484326577748062687280
2014-12-29,1944.7515676457104627234594
2014-12-30,1166.8515679492544957220106
2014-12-31,4148.8015682528573041054296
2015-01-01,6612.1515685565188992544242
2015-01-02,3630.2015688602392925519055
2015-01-05,1944.7515691640184953829886
2015-01-06,-12316.7484305321434808650065
2015-01-07,-6352.8484302282466248025551
2015-01-08,5834.2515700757090749620728
2015-01-09,-3241.2484296202763701771868
2015-01-12,4667.4015706837970511758078
2015-01-13,2981.9515709879293504194058
2015-01-14,-2722.6484287078794610458373
2015-01-15,12187.1015715963706281828417
2015-01-16,-907.5484280993203704895856
2015-01-19,-648.2484277949524456559402
2015-01-20,2204.0515725094744140931666
2015-01-21,518.6015728139602201693324
2015-01-22,259.3015731185049839863640
2015-01-23,6482.5015734231087169602789
2015-01-27,-648.2484262722285694906952
2015-01-28,6871.4515740324931360538803
2015-01-29,-1296.4984256627261549833447
2015-01-30,388.9515746421135688224917
2015-02-02,-777.8984250529876811015367
2015-02-03,-907.5484247480298933261432
2015-02-04,-3370.8984244430130564198281
2015-02-05,-3111.5984241379371589488785
2015-02-06,-1426.1484238328021894773671
2015-02-09,-9075.4984235276081365671526
2015-02-10,11409.2015767776450112221210
2015-02-11,-259.2984229170427346669747
2015-02-12,2074.4015773883286372103472
2015-02-13,4537.7515776937591383010898
2015-02-16,1555.8015779992487800544726
2015-02-18,-2463.3484216952024260780679
2015-02-19,-1426.1484213895944686428780
2015-02-20,2981.9515789160726638159140
2015-02-23,518.6015792217989827563980
2015-02-24,-5963.8984204724155003611179
2015-02-25,3759.8515798334292259258941
2015-02-26,-4926.6984198606668269178190
2015-02-27,9723.7515804452963525747094
2015-02-28,-1296.4984192486812241273331
2015-03-02,4797.0515810574004544474614
2015-03-03,3500.5515813635413997727222
2015-03-04,-2204.0484183302583766756997
2015-03-05,907.5515819760011365802684
2015-03-09,-4667.3984177176800489790776
2015-03-10,1944.7515825886980781287804
2015-03-11,-3889.4984171048644706114156
2015-03-12,6612.1515832016323162872998
2015-03-13,-2204.0484164918115496858833
2015-03-16,-7649.3484161851960570395508
2015-03-17,7779.0015841214788057199373
2015-03-18,8556.9015844282130500884457
2015-03-19,-7260.3984152649933124359344
2015-03-20,-2981.9484149581402703528855
2015-03-23,-7908.6484146512278121598636
2015-03-24,-1296.4984143442559263520970
2015-03-25,-2722.6484140372246014225866
2015-03-26,2593.0015862698661741378946
2015-03-27,-7390.0484134229835881591972
2015-03-30,5445.3015868842261231998224
2015-03-31,-518.5984128085046802691322
2015-04-01,5315.6515874988240129520829
2015-04-06,7260.4015878062122143838419
2015-04-07,9853.4015881136599355487498
2015-04-08,-4019.1484115788328120283573
2015-04-09,16465.5515887287339831795883
2015-04-10,-6871.4484109636396672981139
2015-04-13,6352.8515893440462480700681
2015-04-15,-2463.3484103482082591821005
2015-04-16,-8427.2484100404031775186218
2015-04-17,-12705.6984097325384954012637
2015-04-20,-4148.7984094246142012895602
2015-04-21,-3630.1984091166302836408107
2015-04-22,5445.3015911914132690899207
2015-04-23,3370.9015914995164684498049
2015-04-24,-11409.1984081923206740117509
2015-04-27,-9075.4984078840981467431036
2015-04-28,4148.8015924241840618096271
2015-04-29,-1685.4484072674740367974417
2015-04-30,3111.6015930409275689940452
2015-05-04,5574.9515933493888907446803
2015-05-05,1296.5015936579099400172953
2015-05-06,-7260.3984060335092716230395
2015-05-07,-16724.8484057248687326090145
2015-05-08,5574.9515945838315686289199
2015-05-11,12187.1015948925916436625532
2015-05-12,-4797.0484047985884959340841
2015-05-13,11149.9015955102911614152795
2015-05-14,518.6015958192306272891566
2015-05-15,2463.3515961282299132683025
2015-05-18,5315.6515964372890309357141
2015-05-19,518.6015967464079918766320
2015-05-20,1555.8015970555868076785390
2015-05-21,259.3015973648254899311625
2015-05-22,907.5515976741240502264737
2015-05-25,-129.6484020165174998413119
2015-05-26,-5315.6484017070991486757334
2015-05-27,2722.6515986023791153219154
2015-05-28,-6612.1484010880826962474136
2015-05-29,5056.3515992215154282194780
2015-06-01,518.6015995311735003280351
2015-06-02,-7908.6484001591084683140498
2015-06-03,-8297.5983998493304660968372
2015-06-04,2722.6516004605075185918611
2015-06-05,388.9516007704054973664812
2015-06-08,-8945.8483989196365181562916
2015-06-09,3889.5016013903814836424773
2015-06-10,2593.0016017004595143839724
2015-06-11,-3759.8483979894024143083720
2015-06-12,-1037.1983976792042908088705
2015-06-15,-1555.7983973689461034895866
2015-06-16,1166.8516029413721592796672
2015-06-17,5704.6016032517505091313311
2015-06-18,4019.1516035621889577000969
2015-06-19,3500.5516038726875166229099
2015-06-22,4148.8016041832461975389683
2015-06-23,1037.2016044938650120897242
2015-06-24,777.9016048045439719188836
2015-06-25,3370.9016051152830886724074
2015-06-26,-3630.1983945739176260014888
2015-06-29,-3241.2483942630581604523338
2015-06-30,1037.2016060478614969725996
2015-07-01,12446.4016063588413579282946
2015-07-02,4797.0516066698814340719915
2015-07-03,-6352.8483930190182629368123
2015-07-06,6093.5516072921422785636379
2015-07-07,1815.1016076033630702373555
2015-07-08,-3889.4983920853558762493881
2015-07-09,648.2516082259854507719377
2015-07-10,518.6016085373870629721227
2015-07-13,3111.6016088488489720242166
2015-07-14,1296.5016091603711896035296
2015-07-15,-777.8983905280462726123679
2015-07-16,6352.8516097835965970563560
2015-07-17,4278.4516100952998102917948
2015-07-20,907.5516104070633787783037
2015-07-21,-6871.4483892811126857974993
2015-07-22,2074.4016110307716282532665
2015-07-23,2074.4016113427163326217450
2015-07-24,-1815.0983883452785609986558
2015-07-27,-8038.2983880332130409122641
2015-07-28,2204.0516122789129045788570
2015-07-29,1296.5016125910992871749090
2015-07-30,4667.4016129033461185783594
2015-07-31,5834.2516132156534104939410
2015-08-03,3241.2516135280211746286537
2015-08-04,5574.9516138404494226917640
2015-08-05,9723.7516141529381663948052
2015-08-06,-129.6483855345125825484208
2015-08-07,-1815.0983852219028124218449
2015-08-10,1555.8016150907674884928713
2015-08-11,-7778.9983845965016680836651
2015-08-12,-8945.8483842837102704285775
2015-08-13,1166.8516160291416931832808
2015-08-14,5056.3516163420542344793265
2015-08-17,3759.8516166550273651892473
2015-08-18,2722.6516169680610970450023
2015-08-19,518.6016172811554417808217
2015-08-20,-3889.4983824056895888667914
2015-08-21,-7908.6483820924739831590621
2015-08-24,-41099.0483817791977293549422
2015-08-25,11279.5516185341391842888902
2015-08-26,-3630.1983811524632304819697
2015-08-27,10501.6516191609950380803481
2015-08-28,4537.7516194745140017259880
2015-08-31,-2981.9483802119063277926303
2015-09-01,-7260.3983798982659387208112
2015-09-02,1944.7516204154351806984164
2015-09-03,-2074.3983792708029577756993
2015-09-04,-4148.7983789569803423816336
2015-09-07,-14261.4983786430969613555841
2015-09-08,-2074.3983783291528029314707
2015-09-09,8945.8516219848521446590647
2015-09-10,518.6016222989178931866596
2015-09-11,907.5516226130444544242299
2015-09-14,8556.9016229272318401469718
2015-09-15,-3759.8483767585199378676393
2015-09-16,518.6016235557891321601533
2015-09-18,5704.6016238701590620123869
2015-09-21,-3370.8983758154101365266201
2015-09-22,-6871.4483755009184516702672
2015-09-23,2593.0016248136341283703285
2015-09-24,1296.5016251282476153863320
2015-09-28,-8297.5983745570779788288078
2015-09-29,259.3016257576573575206409
2015-09-30,8427.2516260724536362326942
2015-10-01,1426.1516263873108691076528
2015-10-05,10242.3516267022290679481021
2015-10-06,4926.7016270172082445589127
2015-10-07,-388.9483726677515892527587
2015-10-08,-6482.4983723526504216774693
2015-10-09,-129.6483720374882409034896
2015-10-12,0.0016282777349648831968
2015-10-13,-1555.7983714069807925011058
2015-10-14,-2592.9983710916355012378055
2015-10-15,3500.5516292237708504939787
2015-10-16,3500.5516295392382745174156
2015-10-19,1296.5016298547667826579646
2015-10-20,0.0016301703563867433738
2015-10-21,-2074.3983695139929013963179
2015-10-23,-2981.9483691982810699287810
2015-10-26,-259.2983688825081070193952
2015-10-27,-2074.3983685666740008312482
2015-10-28,-3500.5483682507787395251362
2015-10-29,-907.5483679348223112595626
2015-10-30,1685.4516323811952958092619
2015-11-02,648.2516326972740935274201
2015-11-03,648.2516330134140937432882
2015-11-04,907.5516333296153083075370
2015-11-05,-2852.2983663541222509268683
2015-11-06,-3500.5483660377985721046673
2015-11-09,3500.5516342785863566316960
2015-11-10,-7778.9983654049674528579267
2015-11-11,11020.2516349115400112886132
2015-11-13,-14650.4483647718912390642393
2015-11-16,-1426.1483644552611920497415
2015-11-17,-259.2983641385698357988534
2015-11-18,259.3016361781828415597639
2015-11-19,5056.3516364949968518997472
2015-11-20,3500.5516368118722070970330
2015-11-23,5186.0016371288089190298569
2015-11-24,-2592.9983625541930004212452
2015-11-26,1685.4516377628664606265629
2015-11-27,-129.6483619200126859415818
2015-11-30,-388.9483616028304282382406
2015-12-01,1815.1016387144132456263262
2015-12-02,-1358.0743109682816524558384
2015-12-03,99.7788921811192803728161
2015-12-04,99.7982124185547176298327
2015-12-07,99.8175363969775160624600
2015-12-08,99.8368641171120449484175
2015-12-09,99.8561955796828138254148
2015-12-10,99.8755307854144725183103
2015-12-11,99.8948697350318111662751
2015-12-14,99.9142124292597602499619
2015-12-15,99.9335588688233906186797
2015-12-16,99.9529090544479135175735
2015-12-17,99.9722629868586806148087
2015-12-18,99.9916206667811840287619
2015-12-21,100.0109820949410563552160
2015-12-22,100.0303472720640706945610
2015-12-23,100.0497161988761406789999
2015-12-24,100.0690888761033204997601
2015-12-28,100.0884653044718049343096
2015-12-29,100.1078454847079293735794
2015-12-30,100.1272294175381698491899
2015-12-31,100.1466171036891430606836
2016-01-01,100.1660085438876064027624
2016-01-04,-7156.4335962611395420074691
2016-01-05,1780.1237828213633612233428
2016-01-06,-3305.8762125735568911416593
2016-01-07,-10680.5762079675854595824508
2016-01-08,5086.0237966392778285581780
2016-01-11,-508.5761987529668540291311
2016-01-12,-6611.7761941443193346202986
2016-01-13,-3814.4761895347794404577997
2016-01-14,-5721.7261849243469987506591
2016-01-15,-6357.4761803130218366744433
2016-01-18,-15766.5761757008037813712554
2016-01-19,2034.4238289123073400502727
2016-01-20,-4450.2261664736882994850142
2016-01-21,-7120.3761618587905270187878
2016-01-22,9663.4238427570008304407704
2016-01-25,1398.6738473736859459189754
2016-01-27,-2415.8261480087350075253553
2016-01-28,508.6238566097381432001062
2016-01-29,6738.9738612291055712212027
2016-02-01,4068.8238658493674496973002
2016-02-02,1341.7501104705239518212934
2016-02-03,777.6411402067512057958351
2016-02-04,3693.7911404275300165967931
2016-02-05,2527.3311406483515769107205
2016-02-08,6804.3511408692158950152275
2016-02-09,8942.8611410901229791895265
2016-02-10,-5054.6588586889271622855666
2016-02-11,10692.5511415320654788723672
2016-02-12,6804.3511417531009109473511
2016-02-15,-8359.6288580258208577749883
2016-02-16,2916.1511421953001809925806
2016-02-17,-3304.9688575835359644611065
2016-02-18,-194.4088573623292858456084
2016-02-19,5443.4811428589202251311208
2016-02-22,-4665.8388569197874232372669
2016-02-23,5443.4811433015477773444861
2016-02-24,1555.2811435229258351732440
2016-02-25,3110.5611437443467585474768
2016-02-26,-777.6388560341894442327379
2016-02-29,2527.3311441873172351342842
2016-03-01,583.2311444088668049518351
2016-03-02,-7970.8088553695407264751856
2016-03-03,3110.5611448520946491597297
2016-03-04,7970.8111450737729401646974
2016-03-08,1555.2811452954941548494422
2016-03-09,-5443.4788544827416984747020
2016-03-10,-3304.9688542609346114947921
2016-03-11,7193.1711459609154241037249
2016-03-14,-1555.2788538171915833629885
2016-03-15,-9137.2688535952556255771590
2016-03-16,-1360.8688533732766942194031
2016-03-17,7776.4011468487452190312737
2016-03-18,-5249.0688529291898775025229
2016-03-21,-2916.1488527070819754965756
2016-03-22,194.4111475150689333749445
2016-03-23,-6026.7088522627371425605214
2016-03-28,-7776.3988520405001949739196
2016-03-29,1749.6911481817797844654161
2016-03-30,5054.6611484041028040897653
2016-03-31,-972.0488513735311277669792
2016-04-01,2916.1511488488779972306891
2016-04-04,-6026.7088509286698125801093
2016-04-05,8165.2211492938254511393605
2016-04-06,194.4111495163637967294479
2016-04-07,4860.2511497389452325321174
2016-04-08,1944.1011499615697668909487
2016-04-11,388.8211501842374081511371
2016-04-12,5249.0711504069481646594936
2016-04-13,-3888.1988493702979552355544
2016-04-18,2721.7411508524990568160371
2016-04-20,1360.8711510753392091659286
2016-04-21,5443.4811512982225101673980
2016-04-22,-2721.7388484788510318246596
2016-04-25,-5054.6588482558814084537309
2016-04-26,388.8211519671313886383150
2016-04-27,3110.5611521901873678112276
2016-04-28,4860.2511524132865374263753
2016-04-29,5832.3011526364289058467450
2016-05-02,6026.7111528596144814369433
2016-05-03,0.0011530828432725631967
2016-05-04,-5443.4788466938847124066490
2016-05-05,-1360.8688464705694651031274
2016-05-06,2916.1511537527890228448487
2016-05-09,-2916.1488460238092401900130
2016-05-10,777.6411541996357541666169
2016-05-11,0.0011544231240142906886
2016-05-12,-2916.1488453533444514402252
2016-05-13,3304.9711548702303653530702
2016-05-16,2527.3311550938484730513917
2016-05-17,-972.0488446824901199628207
2016-05-18,777.6411555412145946944959
2016-05-19,-388.8188442350373745909721
2016-05-20,-1166.4588440112460194319147
2016-05-23,-777.6388437874113314393974
2016-05-24,-3304.9688435635333022228623
2016-05-25,-6026.7088433396119233901256
2016-05-26,3110.5611568843528134526202
2016-05-27,-1166.4588428916390832991908
2016-05-30,-7581.9888426675876052485001
2016-05-31,777.6411575565072560033776
2016-06-01,777.6411577806455088567534
2016-06-02,-4082.6088419951728382864349
2016-06-03,-388.8188417709477770226227
2016-06-06,8748.4511584533207010533821
2016-06-07,-4082.6088413223673956516016
2016-06-08,-194.4088410980120587291264
2016-06-09,2527.3311591263867202308831
2016-06-10,2916.1511593508289496401304
2016-06-13,5443.4811595753146379119481
2016-06-14,0.0011597998437934612978
2016-06-15,-1166.4588399755835752952295
2016-06-16,8942.8611602490325400605866
2016-06-17,-6221.1188395263078520514027
2016-06-20,-777.6388393016047432097169
2016-06-21,583.2311609231418750087560
2016-06-22,-4471.4288388520679889712413
2016-06-23,-2138.5088386272343267233350
2016-06-24,18468.9511615976428701804806
2016-06-27,5637.8911618225636101698428
2016-06-28,1166.4611620475279016760214
2016-06-29,-4665.8388377274642468680812
2016-06-30,-1555.2788375024128270279301
2016-07-01,4860.2511627226821696326431
2016-07-04,2721.7411629478207515514403
2016-07-05,-1555.2788368269970728321031
2016-07-07,5637.8911633982287049230830
2016-07-08,-583.2288363765019067402974
2016-07-11,1360.8711638488111006220946
2016-07-12,-4665.8388359258322645437669
2016-07-13,-2138.5088357004319937902722
2016-07-14,-1360.8688354749880786681765
2016-07-15,-583.2288352495005107265983
2016-07-18,-2332.9188350239692815130203
2016-07-19,1166.4611652016056174267119
2016-07-20,-972.0488345727758054516105
2016-07-21,-388.8188343471135416905593
2016-07-22,388.8211658785924171689321
2016-07-25,-1360.8688338956579204124327
2016-07-26,2721.7411663301354540276888
2016-07-27,-1555.2788334440274510467224
2016-07-28,3888.2011667818533728299531
2016-07-29,-1555.2788329922220658750256
2016-08-01,9720.5011672337462413072402
2016-08-02,-6093.3211525402416971527115
2016-08-03,-10067.8727817150582074586846
2016-08-04,485.2272235552320930817067
2016-08-05,10431.8272288265428826026261
2016-08-08,4124.2272340988743587018717
2016-08-09,-4002.8727606277732809844973
2016-08-10,-3760.2727553533998387821535
2016-08-11,2304.7272499219948830215067
2016-08-12,-242.5727448015889178226302
2016-08-16,4488.1272604758489564746126
2016-08-17,4609.4272657543087037407107
2016-08-18,2183.4272710337905218414444
2016-08-19,2547.3272763142946086809072
2016-08-22,-4488.0727184041788377984872
2016-08-23,-3396.3727131216296196159974
2016-08-24,5094.6272921619424612474531
2016-08-25,-1455.5727025534623971507166
2016-08-26,-1455.5726972678439967147376
2016-08-29,1334.3273080187978606895166
2016-08-30,6671.5273133064633732345370
2016-08-31,-2304.6726814048472608688128
2016-09-01,606.5273238848661566287103
2016-09-02,1940.8273291756038240147364
2016-09-06,8733.6273344673659396152904
2016-09-07,-363.8726602398472982052012
2016-09-08,1091.7273450539643089560979
2016-09-09,-1212.9726496511990404595595
2016-09-12,-13706.8726443553371479724961
2016-09-14,3032.5273609415501849353971
2016-09-15,485.2273662394631568206682
2016-09-16,2062.1273715384019662783119
2016-09-19,-2062.0726231616331880582231
2016-09-20,2547.3273821393578924829736
2016-09-21,-4124.1726125586245933877189
2016-09-22,6914.1273927444195530785550
2016-09-23,3760.3273980484905306691349
2016-09-26,-2789.8725966464114617901487
2016-09-27,-1819.4725913402862254349661
2016-09-28,4730.7274139668664386375182
2016-09-29,-18437.5725807249532706313463
2016-09-30,6671.5274245842548457383107
2016-10-03,15283.8274298944909867648882
2016-10-04,3881.6274352057553515053216
2016-10-05,0.0274405180481390550890
2016-10-06,0.0274458313695485482203
2016-10-07,0.0274511457197791573031
2016-10-10,3639.0274564610990300934914
2016-10-13,-12615.1725382224924993934875
2016-10-14,3275.1274670949453899846741
2016-10-17,-3881.5725275865871024451271
2016-10-18,9582.7274777329102226826005
2016-10-19,-121.2725169465624352280474
2016-10-20,-1334.2725116250048767343650
2016-10-21,2062.1274936975830976449722
2016-10-24,-1698.1725009787983125700863
2016-10-25,1940.8275043458510921790428
2016-10-26,-4609.3724903284684885104169
2016-10-27,-4488.0724850017568550025936
2016-10-28,8005.8275203259861923770401
2016-10-30,-1091.6724743452391466583255
2016-11-01,4973.3275309845673276431709
2016-11-02,-10189.1724636845941849279319
2016-11-03,-3396.3724583527234845424091
2016-11-04,-8733.5724530198203713323431
2016-11-07,606.5275523141153546088841
2016-11-08,5579.8275576490838932265991
2016-11-09,-13221.6724370149145554951568
2016-11-10,10674.4275683221202084663814
2016-11-11,-15162.4724263398116148272912
2016-11-15,-33842.6724210007098252759413
2016-11-16,8976.2275843394257772594097
2016-11-17,-1212.9724103194046070435061
2016-11-18,-1212.9724049772007779681967
2016-11-21,3153.8276003660374647405983
2016-11-22,7641.9276057103103213769146
2016-11-23,1334.3276110556179922735712
2016-11-24,-5822.3723835980393221978225
2016-11-25,9340.1276217493385783731410
2016-11-28,-849.0723729022481055643254
2016-11-29,2062.1276324472008264778045
2016-11-30,4124.2276377976855750263774
2016-12-01,-2062.0723568507936593529318
2016-12-02,-6914.0723514982366760556128
2016-12-05,2547.3276538553567255616882
2016-12-06,3153.8276592099867461811753
2016-12-07,-3396.3723354343464134760888
2016-12-08,12372.6276699223574473498239
2016-12-09,-1212.9723247199014705422850
2016-12-12,-6186.2723193611229663147333
2016-12-13,-1091.6723140013068390909505
2016-12-14,-7399.2723086404528879554703
2016-12-15,1334.3276967214390880460771
2016-12-16,-4609.3722979156307100930276
2016-12-19,-1091.6722925516620813405855
2016-12-20,-3032.4722871866548246254714
2016-12-21,-8369.6722818206087388376270
2016-12-22,-1940.7722764535236228280527
2016-12-23,-2547.2722710853992754088000
2016-12-26,-8612.2722657162354953529652
2016-12-27,8127.1277396539679186053201
2016-12-28,2304.7277450252111677708949
2016-12-29,5337.2277503974944534875770
2016-12-30,6792.8277557708179771381708
2017-01-02,5943.7277611451819401444743
2017-01-03,2183.4277665205865439672868
2017-01-04,121.3277718970319901064171
2017-01-05,3760.3277772745184801006898
2017-01-06,2062.1277826530462155279541
2017-01-09,1091.7277880326153980050906
2017-01-10,4366.8277934132262291880189
2017-01-11,4245.5277987948789107717059
2017-01-12,5579.8278041775736444901721
2017-01-13,2789.9278095613106321165005
2017-01-16,1940.8278149460900754628430
2017-01-17,-4488.0721796680878236195712
2017-01-18,2911.2278257187771367595716
2017-01-19,3881.6278311066851585296771
2017-01-20,-7763.1721635043635563407490
2017-01-23,4002.9278418856311941559058
2017-01-24,5094.6278472766696120663693
2017-01-25,9582.7278526687518994764912
2017-01-27,3881.6278580618782585112519
2017-01-30,-121.2721365439511086652314
2017-01-31,-3517.6721311487359998496959
2017-02-01,8733.6278742475237872002740
2017-02-02,4124.2278796448284547662536
2017-02-03,-1091.6721149568217948310131
2017-02-06,4973.3278904425732407683927
2017-02-07,970.4278958430137639635732
2017-02-08,2668.6279012444999771928213
2017-02-09,1698.2279066470320829336277
2017-02-10,-1091.6720879493897162973107
2017-02-13,-1698.1720825447652179440835
2017-02-14,-2062.0720771390942194115597
2017-02-15,-7641.8720717323765180653794
2017-02-16,5822.4279336753880887680535
2017-02-17,4488.1279390841998038015786
2017-02-20,7520.6279444940588297872871
2017-02-21,3153.8279499049653695165295
2017-02-22,-1940.7720446830803741800777
2017-02-23,-4851.9720392700781984326437
2017-02-27,242.6279661439720996680048
2017-02-28,3517.7279715590707230703294
2017-03-01,970.4279769752178747620896
2017-03-02,-7156.6720176075862422296507
2017-03-03,-1576.8720121893414248385158
2017-03-06,3639.0279932299525300411905
2017-03-07,-606.4720013497041744455087
2017-03-08,-6428.8719959283113351142547
2017-03-09,485.2280094941312512586534
2017-03-10,1213.0280149176237879362671
2017-03-14,9461.4280203421664782209957
2017-03-15,1213.0280257677595254546140
2017-03-16,8248.4280311944031330182704
2017-03-17,-363.8719633779024956675066
2017-03-20,1698.2280420508428428572005
2017-03-21,-242.5719525193606479082951
2017-03-22,-6064.9719470885127644252764
2017-03-23,6186.3280583433866968843851
2017-03-24,-3517.6719362236620603617635
2017-03-27,606.5280692103411674932514
2017-03-28,1819.5280746453965841458383
2017-03-29,2668.6280800815043933318466
2017-03-30,1698.2280855186647988265759
2017-03-31,606.5280909568780044447825
2017-04-03,4609.4280963961442140406878
2017-04-05,4730.7281018364636315079851
2017-04-06,1213.0281072778364607798482
2017-04-07,4124.2281127202629058289385
2017-04-10,727.8281181637431706674125
2017-04-11,6550.2281236082774593469298
2017-04-12,485.2281290538659759586608
2017-04-13,970.4281345005089246332940
2017-04-17,-3760.2718600517934904589562
2017-04-18,-5094.5718546030410651083419
2017-04-19,2911.2281508467664049344265
2017-04-20,3639.0281562976291239581869
2017-04-21,-121.2718382504527037086658
2017-04-24,5337.2281672025211263018271
2017-04-25,9218.8281726565508183971966
2017-04-26,-1698.1718218883634229754470
2017-04-27,-849.0718164322213933294061
2017-04-28,0.0281890249771118616114
2017-05-02,3639.0281944832322971635008
2017-05-03,-606.4718000574556328182330
2017-05-04,2668.6282054029135265615331
2017-05-05,-8490.9717891356600200124525
2017-05-08,0.0282163268239321841920
2017-05-09,6186.3282217903655879154893
2017-05-10,7520.6282272549651519851105
2017-05-11,849.1282327206228292363831
2017-05-12,-3275.0717618126611754477016
2017-05-15,6065.0282436551133428555193
2017-05-16,-242.5717508760534108916119
2017-05-17,-970.3717454061612316870661
2017-05-18,-13585.5717399352099144891193
2017-05-19,-4245.4717344631992542163456
2017-05-22,-5579.7717289901290457476087
2017-05-23,-7520.5717235159990839220545
2017-05-24,-9461.3717180408091635391041
2017-05-25,5215.9282874354409206415553
2017-05-26,13949.5282929127513738999765
2017-05-29,-4488.0717016088775984440387
2017-05-30,3760.3283038705542089690676
2017-05-31,3639.0283093510470015386171
2017-06-01,-1334.2716851673990152962970
2017-06-02,3396.4283203152163639431978
2017-06-05,7520.6283257988933447757611
2017-06-06,-6792.7716687163678672401528
2017-06-07,4366.8283367694329334937126
2017-06-08,2789.9283422562959526154240
2017-06-09,606.5283477442213958028659
2017-06-12,-849.0716467667905312262517
2017-06-13,2789.9283587232603772856146
2017-06-14,-4002.8716357856256728641513
2017-06-15,1819.5283697065515241616836
2017-06-16,1213.0283751997921742402085
2017-06-19,1334.3283806940964832883766
2017-06-20,242.6283861894646572630130
2017-06-21,0.0283916858969021608224
2017-06-22,-3881.5716028166065759816035
2017-06-23,-5579.7715973180455710877778
2017-06-27,-8369.6715918184198770413109
2017-06-28,2911.2284136822707123140970
2017-06-29,242.6284191840264031746639
2017-06-30,6428.9284246868474017765342
2017-07-03,5943.7284301907339143957849
2017-07-04,1698.2284356956861473484354
2017-07-05,2911.2284412017043069904534
2017-07-06,4730.7284467087885997177638
2017-07-07,849.1284522169392319662559
2017-07-10,4488.1284577261564102117913
2017-07-11,-3638.9715367635596590297881
2017-07-12,2183.4284687477912307973469
2017-07-13,6671.5284742602092862890213
2017-07-14,363.9284797736947140810632
2017-07-17,1091.7284852882477208493119
2017-07-18,-3881.5715091961314866903746
2017-07-19,9218.8284963205572982178880
2017-07-20,-3275.0714981616857176299816
2017-07-21,1213.0285073571396726019774
2017-07-24,1576.9285128770336757897752
2017-07-25,3275.1285183979964988494800
2017-07-26,-727.7714760799716512627752
2017-07-27,-2183.3714705568705675507840
2017-07-28,2062.1285349672999570217405
2017-07-31,4973.3285404925401295311738
2017-08-01,0.0285460188501570939878
2017-08-02,-2425.9714484537697531332415
2017-08-03,-849.0714429253193939538266
2017-08-04,9340.1285626042014418690401
2017-08-07,10067.9285681347929616122933
2017-08-08,-9582.6714263335446274069973
2017-08-09,-9582.6714208008111178316188
2017-08-10,-20984.8714152670063022642079
2017-08-11,-1091.6714097321299732672426
2017-08-14,13828.2285958038180766369652
2017-08-16,6550.2286013408380549662778
2017-08-17,-849.0713931210698307212611
2017-08-18,-1455.5713875819053728274179
2017-08-21,-8369.6713820416683637137618
2017-08-22,-3760.2713765003585957016567
2017-08-23,7641.9286290420241389277462
2017-08-24,8005.8286345854800479335166
2017-08-28,3275.1286401300093391149525
2017-08-29,-6671.4713543243877796884115
2017-08-30,10917.0286512222888994032027
2017-08-31,1091.7286567700395843098258
2017-09-01,6671.5286623188644829917475
2017-09-04,-1940.7713321312361965504744
2017-09-05,3275.1286734197377537239923
2017-09-06,970.4286789717865418962639
2017-09-07,3517.7286845249103760877466
2017-09-08,-4609.3713099208905355398542
2017-09-11,8005.8286956343840152154733
2017-09-12,4366.8287011907342365960548
2017-09-13,-3881.5712932518396631154612
2017-09-14,1940.8287123066625244039027
2017-09-15,727.8287178662410075174626
2017-09-18,1091.7287234268959946288791
2017-09-19,4124.2287289886276941821670
2017-09-20,-2062.0712654485636853382984
2017-09-21,-7277.9712598846779354077725
2017-09-22,-14677.2712543197148474611343
2017-09-25,-10674.3712487536742128928777
2017-09-26,1940.8287568134441769428952
2017-09-27,-12979.0712376183594692675173
2017-09-28,606.5287679509150572025917
2017-09-29,6550.2287735212679651203439
2017-10-03,11280.9287790926994632932855
2017-10-04,121.3287846652097605693942
2017-10-05,485.2287902387990658370863
2017-10-06,6428.9287958134675880252262
2017-10-09,-1698.1711986107844638968673
2017-10-10,3639.0288069660431190805876
2017-10-11,-3760.2711874560494539921565
2017-10-12,8005.8288181229380259756313
2017-10-13,2668.6288237030057681151682
2017-10-16,2668.6288292841539815981660
2017-10-17,970.4288348663828756368381
2017-10-18,-970.3711595503073405160921
2017-10-19,1213.0288460340835424326164
2017-10-23,-2062.0711483804442661832694
2017-10-24,1455.6288572061094430105502
2017-10-25,6550.2288627937448794289168
2017-10-26,5822.4288683824622525272208
2017-10-27,4245.5288739722617718014094
2017-10-30,7035.4288795631436467879949
2017-10-31,-1819.4711148448919129359377
2017-11-01,10189.2288907481553022472767
2017-11-02,2426.0288963422855019958921
2017-11-03,485.2289019374988960087583
2017-11-06,4609.4289075337956940253294
2017-11-07,-12251.2710868688238941743285
2017-11-08,-8127.0710812703596587695295
2017-11-09,5822.4289243291886101010396
2017-11-10,1576.9289299298211223393284
2017-11-13,-4245.4710644684619121120710
2017-11-14,-2183.3710588656602832699146
2017-11-15,-9703.9710532617737811102995
2017-11-16,7641.9289523431978044313442
2017-11-17,10189.2289579492546834602616
2017-11-20,1213.0289635563970661223803
2017-11-21,-242.5710308353748373956814
2017-11-22,-1819.4710252260608168666066
2017-11-23,2547.3289803843393379776282
2017-11-24,1334.3289859958258374457603
2017-11-27,1698.2289916083988918872498
2017-11-28,485.2289972220587116922864
2017-11-29,-1212.9709971631944927082020
2017-11-30,-3275.0709915473605108425416
2017-12-01,-6671.4709859304391321983053
2017-12-04,-1819.4709803124301462223037
2017-12-05,485.2290253066666576794216
2017-12-06,-5094.5709690731485098583935
2017-12-07,11644.8290365481245618397726
2017-12-08,4124.2290421704860834902341
2017-12-11,3396.4290477939362658501068
2017-12-12,-5943.6709465815246802826849
2017-12-13,-9946.5709409558965440693993
2017-12-14,1455.6290646708208853695300
2017-12-15,5094.6290702986278189545020
2017-12-18,6428.9290759275244676467562
2017-12-19,10067.9290815575110424483810
2017-12-20,1940.8290871885877544023210
2017-12-21,4124.2290928207548145923852
2017-12-22,3760.3290984540124341432550
2017-12-26,3639.0291040883608242204916
2017-12-27,-3517.6708902761998039694552
2017-12-28,-1819.4708846396692391792401
2017-12-29,4488.1291209979527298793866
2018-01-01,2911.2291266366663145355861
2018-01-02,-5701.0708677235282738405604
2018-01-03,3396.4291379173691761619559
2018-01-04,10431.8291435593588759950793
2018-01-05,8248.4291492024410371516980
2018-01-08,5701.1291548466158711656512
2018-01-09,-1334.2708395081164103882621
2018-01-10,-3396.3708338617555958942756
2018-01-11,-3153.7708282143014736956482
2018-01-12,1213.0291774342461679053450
2018-01-15,2183.4291830838875406474199
2018-01-16,-12736.4708112653771436897088
2018-01-17,4245.5291943864523267146807
2018-01-18,-12615.1707999606238362776745
2018-01-19,4609.4292056933945792359851
2018-01-22,10067.9292113485077851994503
2018-01-23,3517.7292170047159935975502
2018-01-24,-3760.2707773379805835438390
2018-01-25,-8854.8707716795817341577865
2018-01-29,-5215.8707660200872461362989
2018-01-30,-5337.1707603594969073303123
2018-01-31,-5822.3707546978105055496842
2018-02-01,849.1292509649721714368145
2018-02-02,-19162.0738433711486640984930
2018-02-05,-6258.5975367685330707834257
2018-02-06,-10277.2775362915763141066046
2018-02-07,-2305.7975358145272040513885
2018-02-08,7312.6824646626142772646540
2018-02-09,-8366.7575348601518522725831
2018-02-12,5995.0824656171744252262576
2018-02-14,-3162.2375339054068723460030
2018-02-15,3689.2824665721042729069212
2018-02-16,-6258.5975329502921211152188
2018-02-19,-5665.6775324725960365092061
2018-02-20,-1515.2375319948074553683570
2018-02-21,3162.2424684830736402174795
2018-02-22,-1251.7175310389527318380780
2018-02-23,6588.0024694391134463820581
2018-02-26,5863.3224699172721927984446
2018-02-27,-2371.6775296044764746648918
2018-02-28,-2174.0375291261325380804538
2018-03-01,-3623.3975286476959795172726
2018-03-05,-6192.7175281691667810409077
2018-03-06,-7115.0375276905449247134456
2018-03-07,-6785.6375272118303925934998
2018-03-08,5863.3224732669768332637904
2018-03-09,-329.3975262541232291932396
2018-03-12,13703.0424742248694379872206
2018-03-13,-461.1575252960451472395420
2018-03-14,-658.7975248168669669147642
2018-03-15,-3689.2775243375960030762052
2018-03-16,-10409.0375238582322377581464
2018-03-19,-5995.0775233787756529913902
2018-03-20,-790.5575228992262308032595
2018-03-21,1712.8824775804160467824022
2018-03-22,-2174.0375219398488022547672
2018-03-23,-5929.1975214600207599316485
2018-03-26,6785.6424790199001917383590
2018-03-27,3162.2424794999140707453397
2018-03-28,-1712.8775200199791049171393
2018-04-02,5797.4424804602206827479733
2018-04-03,2748.9672409405134517412140
2018-04-04,-6980.9788632944191121284894
2018-04-05,11169.6211407982918961719091
2018-04-06,7213.7211448917953781779835
2018-04-09,3374.1711489860914873368186
2018-04-10,0.0211530811803771252117
2018-04-11,465.4211571770622010496774
2018-04-12,-1745.2288387262628873535456
2018-04-13,698.1211653712052654815102
2018-04-16,3025.1211694694668131505478
2018-04-17,1628.9211735685219092790107
2018-04-18,-2094.2788223316292924779111
2018-04-19,4072.2711817690133615647251
2018-04-20,-4770.3288141295499748783801
2018-04-23,3374.1711899726808519372377
2018-04-24,1977.9711940757059957858124
2018-04-25,2443.3711981795256104713537
2018-04-26,-3490.4787977158601501723479
2018-04-27,3141.4712063895488677182851
2018-04-30,6981.0212104957528180366228
2018-05-02,-9424.3287853972481452941659
2018-05-03,-8377.1787812894538683211084
2018-05-04,-4770.3287771808641970614217
2018-05-07,2908.7712269285210224974928
2018-05-08,116.3712310387019443980552
2018-05-09,-4304.9287648503212772874870
2018-05-10,-8377.1787607385484884570531
2018-05-11,-349.0287566259795349787239
2018-05-14,-2792.3787525126142626907352
2018-05-15,-4770.3287483984525174014726
2018-05-16,2210.6712557165058551105347
2018-05-17,698.1212598322610090966193
2018-05-18,-11402.2787360511869011620184
2018-05-21,-10122.4287319338377213543044
2018-05-22,8958.9712721843087028607147
2018-05-23,-3257.7787236967474741461229
2018-05-24,930.8212804229939020259124
2018-05-25,8144.5212845435329858074465
2018-05-28,15125.5212886648699316590078
2018-05-29,232.7212927870048940710333
2018-05-30,-2210.6287030900619724361264
2018-05-31,-2676.0286989663305133122005
2018-06-01,-8958.9286948418005739769927
2018-06-04,57606.7389092835280001796249
2018-06-05,473.8414939419552978015017
2018-06-06,5482.9014961675331007940670
2018-06-07,5347.5214983935418435439788
2018-06-08,406.1515006199816094943209
2018-06-11,2707.6115028468524821043339
2018-06-12,2572.2315050741545448494185
2018-06-13,-406.1284926981121187788607
2018-06-14,-2436.8284904699474252727733
2018-06-15,1963.0215117586487088915815
2018-06-18,-676.8884860123236327457235
2018-06-19,-6227.4684837828643666284388
2018-06-20,3316.8215184470265908158636
2018-06-21,-2978.3484793226506768242061
2018-06-22,6430.5615229081039140561478
2018-06-25,-4332.1484748607095529220905
2018-06-26,1963.0215273709090058782546
2018-06-27,-9138.1384703970403258894468
2018-06-28,-4873.6684681645574645556263
2018-06-29,7648.9815340683576735654854
2018-07-02,-1286.0984636982948278241388
2018-07-03,2775.3015385354851149936821
2018-07-04,3181.4415407696975857533387
2018-07-05,270.7715430043426682054357
2018-07-06,2572.2315452394204461167940
2018-07-09,3790.6515474749310032704547
2018-07-10,5889.0415497108744234656818
2018-07-11,0.0115519472507905179652
2018-07-12,5212.1415541840601882590240
2018-07-13,879.9815564213027005368102
2018-07-16,-4332.1484413410215887844896
2018-07-17,3384.5115608970874041755510
2018-07-18,-2504.5184368643702366864009
2018-07-19,0.0115653746055725425676
2018-07-20,5482.9015676140149157916169
2018-07-23,2775.3015698538578770061592
2018-07-24,2504.5415720941345401478607
2018-07-25,1421.5015743348449891946451
2018-07-26,1624.5715765759893081406970
2018-07-27,7919.7415788175675809964649
2018-07-30,2775.3015810595798917886641
2018-07-31,3452.2015833020263245602800
2018-08-01,-812.2684144550930366294286
2018-08-02,-4738.2884122117781077049264
2018-08-03,8055.1215900319711954256013
2018-08-06,812.2915922761549568702521
2018-08-07,0.0115945207732607534095
2018-08-08,2910.6815967658261912157459
2018-08-09,947.6715990113138324142259
2018-08-10,-2233.7583987427637314778903
2018-08-13,-5076.7383964964064162710443
2018-08-14,6159.8016057503858622406244
2018-08-16,-2572.2083920023868117207196
2018-08-17,6904.3916102452756460833971
2018-08-20,3384.5116124933733199077585
2018-08-21,2775.3016147419062940234631
2018-08-23,1015.3616169908746527179267
2018-08-24,-1556.8583807597215197051140
2018-08-27,8055.1216214901178610744012
2018-08-28,2639.9216237403928793928596
2018-08-29,-1286.0983740088963803970216
2018-08-30,-1962.9983717577498339261916
2018-08-31,1286.1216304938326031907363
2018-09-03,-7648.9583672541489846445108
2018-09-04,-2369.1383650016945130138641
2018-09-05,-3519.8683627488038974829080
2018-09-06,2572.2316395045229463991219
2018-09-07,5279.8316417582861030993418
2018-09-10,-9544.2783559875143428987758
2018-09-11,-11507.2883537328783070954008
2018-09-12,5415.2116485221942950256595
2018-09-14,8596.6416507777035479969621
2018-09-17,-7175.1283469663504636325676
2018-09-18,-6633.6083447099676552976330
2018-09-19,-2504.5183424531479424165632
2018-09-21,-7513.5783401958912403913096
2018-09-24,-11507.2883379381974646074427
2018-09-25,6498.2516643199334695658506
2018-09-26,-1083.0283334214983532242294
2018-09-27,-6430.5383311624928483140918
2018-09-28,-3452.1783289030499310237526
2018-10-01,5550.5916733568304833431690
2018-10-03,-9070.4483243828515205005465
2018-10-04,-19088.5683221220958578257156
2018-10-05,-19020.8783198609024438867486
2018-10-08,406.1516824007288060783537
2018-10-09,-1827.6183153372020231519976
2018-10-10,11439.6216869253051532170252
2018-10-11,-16651.7283108117495800033321
2018-10-12,17464.0316914516338620145986
2018-10-15,2707.6116937154555641149107
2018-10-16,4264.4816959797156111581261
2018-10-17,-8799.6883017555859119788021
2018-10-19,-12658.0182994904489204024857
2018-10-22,-2030.6882972248733292030986
2018-10-23,-6295.1582949588590534543737
2018-10-24,5618.2817073075939917864006
2018-10-25,-6227.4682904255141085216168
2018-10-26,-7513.5782881581832694028162
2018-10-29,14553.3617141095865941348660
2018-10-30,-2030.6882836222044329000495
2018-10-31,10898.1017186464437345174179
2018-11-01,1083.0517209155311814287128
2018-11-02,-1521.1841768149420071082542
2018-11-05,6246.0035860224142176937115
2018-11-06,-3122.9964132832224457628923
2018-11-07,-520.4964125887246592949155
2018-11-09,-7547.2464118940923968687511
2018-11-12,-8067.7464111993256324457514
2018-11-13,-260.2464105044243399822264
2018-11-14,260.2535901906115065705564
2018-11-15,-2342.2464091142180667336265
2018-11-16,-2602.4964084189130338359537
2018-11-19,520.5035922765266313274416
2018-11-20,0.0035929721009548254733
2018-11-21,-520.4964063321900372678968
2018-11-22,-260.2464056363463188736589
2018-11-26,-5465.2464049403678639077528
2018-11-27,-1040.9964042442546462810677
2018-11-28,-6245.9964035480066398994416
2018-11-29,2602.5035971483761813363404
2018-11-30,-3122.9964021551061564694531
2018-12-03,7026.7535985415463727925011
2018-12-04,-354.6681107616662047634186
2018-12-05,-6053.7694190954490514133932
2018-12-06,-10172.8294189829682089594572
2018-12-07,5616.9005811295344132169798
2018-12-10,-12669.2294187579411806668637
2018-12-11,4368.7005813546050136070477
2018-12-12,9860.7805814671730002575658
2018-12-13,2371.5805815797627835043599
2018-12-14,624.1005816923743675679156
2018-12-17,6178.5905818050077566695363
2018-12-18,1685.0705819176629550313426
2018-12-19,3931.8305820303399668762725
2018-12-20,-62.4094178569612035719183
2018-12-21,-12045.1294177442405520886560
2018-12-24,-4743.1594176314980744485490
2018-12-26,3370.1405824812662335746125
2018-12-27,3807.0105825940523762078566
2018-12-28,3619.7805827068603576790299
2018-12-31,686.5105828196901822167978
2019-01-01,1934.7105829325418540506440
2019-01-02,-4058.3286369545846225891280
2019-01-03,4500.5441441743578972618734
2019-01-04,-4250.5058550232035226114928
2019-01-07,-2000.2358542206095658961187
2019-01-08,-1500.1758534178602025063564
2019-01-09,4500.5441473850445976492669
2019-01-10,6000.7241481881048646680511
2019-01-11,-1250.1458510086793713468766
2019-01-14,2000.2441497946919197134405
2019-01-15,250.0341505982187679637885
2019-01-16,2250.2741514019012035247849
2019-01-17,2500.3041522057392565228797
2019-01-18,-4000.4758469902670429096442
2019-01-21,-1750.2058461861176646346688
2019-01-22,3750.4541546181874214917589
2019-01-23,0.0041554226482456194293
2019-01-24,-3500.4158437727351620960295
2019-01-25,2000.2441570320372285068495
2019-01-28,7750.9341578369654475953735
2019-01-29,4750.5741586420495253426914
2019-01-30,1750.2141594472894919277939
2019-01-31,2750.3341602526853775355160
2019-02-01,3000.3641610582372123565368
2019-02-04,0.0041618639450265873814
2019-02-05,750.0941626698088504304221
2019-02-06,3500.4241634758287140938791
2019-02-07,-8751.0458357179953522081781
2019-02-08,-2000.2358349116633182558299
2019-02-11,2250.2741658948248461766954
2019-02-12,-2250.2658332985308286789785
2019-02-13,-1500.1758324917303125853738
2019-02-14,1500.1841683152264247008421
2019-02-15,6500.7841691223394134288579
2019-02-18,5500.6641699296086838537195
2019-02-19,2000.2441707370342662363308
2019-02-20,3750.4541715446161908434556
2019-02-21,-5750.6858276476455120522822
2019-02-22,-4750.5658268397508121723965
2019-02-25,1750.2141739683003207674612
2019-02-26,-750.0858252234920829424965
2019-02-27,1500.1841755848720069938082
2019-02-28,-2500.2958236066073791216807
2019-03-01,-10751.2858227979302109811517
2019-03-05,-14751.7658219890964582709252
2019-03-06,1000.1241788198939093285487
2019-03-07,-5000.5958203709590778573098
2019-03-08,3750.4541804383446105027913
2019-03-11,750.0941812478050047460178
2019-03-12,-3500.4158179425778647845912
2019-03-13,6000.7241828671960322598795
2019-03-14,-6000.7158163228732737657790
2019-03-15,-250.0258155127857525008976
2019-03-18,-6000.7158147025413735789287
2019-03-19,6000.7241861078598933725554
2019-03-20,-5500.6558130815819212681367
2019-03-22,6500.7841877291332128831857
2019-03-25,0.0041885400053262165969
2019-03-26,-1000.1158106489655508719448
2019-03-27,750.0941901622206120194048
2019-03-28,-3250.3858090264361547016232
2019-03-29,-4250.5058082149358206214105
2019-04-01,250.0341925967216446795510
2019-04-02,11452.2222434085362716266589
2019-04-03,-2213.4862717909291666167447
2019-04-04,-1922.2362691327290902882446
2019-04-05,3961.0137335259856946675306
2019-04-08,-3145.4862638147847120861272
2019-04-09,2854.2637388449597891333725
2019-04-10,-4601.7362584947807019720789
2019-04-11,233.0137441659939143187156
2019-04-12,4194.0137468272837377462621
2019-04-15,2679.5137494890888680703796
2019-04-16,5126.0137521514094050702034
2019-04-18,-1630.9862451857545514558110
2019-04-22,-9378.2362425224029016898835
2019-04-23,-990.2362398585355457949070
2019-04-24,7223.0137628058476160855579
2019-04-25,-2970.7362345292533161727149
2019-04-26,5650.2637681361617573253879
2019-04-30,58.2637708020929364943225
2019-05-02,-1339.7362265314596787321088
2019-05-03,-1106.7362238644959884007532
2019-05-06,-6756.9862211970158925391042
2019-05-07,-5417.2362185290192911552972
2019-05-08,-7980.2362158605060842381064
2019-05-09,-6232.7362131914761717569406
2019-05-10,233.0137894780705463381603
2019-05-13,-7455.9862078518658298834711
2019-05-14,3728.0137948187147996668746
2019-05-15,-2096.9862025101874649027129
2019-05-16,3320.2638001614274765352396
2019-05-17,9087.0138028335597241275936
2019-05-20,25047.5138055062093780406015
2019-05-21,-5009.4861918206234615400884
2019-05-22,1456.2638108530613055905706
2019-05-23,-4193.9861864727362203429717
2019-05-24,11358.7638162019840609031409
2019-05-27,2854.2638188772222495921750
2019-05-28,815.5138215529784460068110
2019-05-29,-2446.4861757707472495508529
2019-05-30,4194.0138269060452632407035
2019-05-31,-1339.7361704166439152775751
2019-06-03,9028.7638322611853152546859
2019-06-04,-1223.2361650604669447827066
2019-06-06,-11125.7361623816005949905090
2019-06-07,1223.2638402977844650499627
2019-06-10,4601.7638429776883357768368
2019-06-11,-349.4861543418888823523109
2019-06-12,-3145.4861516609470888604526
2019-06-13,1980.5138510205138167488946
2019-06-14,-5242.4861462975060650083267
2019-06-17,-8329.7361436150066335967117
2019-06-18,291.2638590680122115386119
2019-06-19,-640.7361382484494290280138
2019-06-20,8562.7638644356085452972282
2019-06-21,-4776.4861328798137648723676
2019-06-24,-1572.7361301947162589040247
2019-06-25,3902.7638724909011638545193
2019-06-26,3378.5138751770386040750155
2019-06-27,932.0138778636961624487087
2019-06-28,-3087.2361194491260603136598
2019-07-01,3786.2638832385720365181523
2019-07-02,2155.2638859267905536938915
2019-07-03,1048.5138886155295919828125
2019-07-04,3203.7638913047892521736823
2019-07-05,-8329.7361060054303649252166
2019-07-08,-15494.4861033151291584860820
2019-07-09,-815.4861006243070276615885
2019-07-10,-2679.4860979329638715848833
2019-07-11,5009.5139047589004106304168
2019-07-12,-1397.9860925487140801097697
2019-07-15,1456.2639101441927571200136
2019-07-16,4252.2639128376210232647659
2019-07-17,1864.0139155315708192890317
2019-07-18,-4135.7360817739577538230937
2019-07-19,-10717.9860790789645950679625
2019-07-22,-4776.4860763834496034223687
2019-07-23,-1164.9860736874126778435452
2019-07-24,-3261.9860709908537172691606
2019-07-25,-873.7360682937726206173137
2019-07-26,1922.2639344038307132134681
2019-07-29,-5591.9860628980436146557654
2019-07-30,-6465.7360601993955030843845
2019-07-31,1922.2639424997751490878241
2019-08-01,-7572.4860548005315569593383
2019-08-02,3506.4064478996844799735211
2019-08-05,15242.5010049488320902851969
2019-08-06,4355.0010051434208416937203
2019-08-07,10452.0010053380472714207468
2019-08-08,-1088.7489944672886132380520
2019-08-09,2830.7510057274131950144088
2019-08-13,12629.5010059221527034766266
2019-08-14,-11540.7489938830700805514879
2019-08-16,2613.0010063117448502313893
2019-08-19,871.0010065065975031279966
2019-08-20,5443.7510067014878854424855
2019-08-21,-5225.9989931035839955195774
2019-08-22,5443.7510070913818675487888
2019-08-23,-2395.2489927136145180440204
2019-08-26,18944.2510074814268550118061
2019-08-27,-217.7489923234940059725057
2019-08-28,5661.5010078716229063156864
2019-08-29,217.7510080667775991904402
2019-08-30,-9145.4989917380299200327702
2019-09-03,14153.7510084572003559629457
2019-09-04,2830.7510086524684344958954
2019-09-05,-1524.2489911522256771141965
2019-09-06,-21557.2489909568819715461886
2019-09-09,3701.7510092384995585224786
2019-09-11,-7838.9989905660810795842174
2019-09-12,-3919.4989903706238785408818
2019-09-13,-653.2489901751288310207002
2019-09-16,2830.7510100204040703045594
2019-09-17,2395.2510102159748327645487
2019-09-18,-5225.9989895884165363096616
2019-09-19,-6967.9989893927700295855815
2019-09-20,435.5010108029143602706994
2019-09-23,5661.5010109986366405945107
2019-09-24,217.7510111943968187226032
2019-09-25,5443.7510113901949019931478
2019-09-26,-7621.2489884139691022542637
2019-09-27,653.2510117819048133213821
2019-09-30,-1088.7489880221833439374804
2019-10-01,-7185.7489878262335666869951
2019-10-03,15460.2510123697541524181165
2019-10-04,6314.7510125657798207245548
2019-10-07,-870.9989872381565544195570
2019-10-09,2613.0010129579450343353268
2019-10-10,2395.2510131540845943401754
2019-10-11,-3701.7489866497378670526189
2019-10-14,1959.7510135464776575107598
2019-10-15,3701.7510137427311753855515
2019-10-16,-4137.2489860609773060715796
2019-10-17,1306.5010141353522204974551
2019-10-18,-653.2489856682802375478312
2019-10-22,-2177.4989854718746728464999
2019-10-23,2830.7510147245689219638127
2019-10-24,-1959.7489850789494457531045
2019-10-25,12629.5010151175702313679641
2019-10-27,-3266.2489846858720393063405
2019-10-29,-9145.4989844892762504079507
2019-10-30,-1088.7489842926423945673721
2019-10-31,8927.7510159040295355863168
2019-11-01,2395.2510161007395474254642
2019-11-04,217.7510162974876483238464
2019-11-05,-2177.4989835057261543433329
2019-11-06,-5008.2489833089018531994418
2019-11-07,-1524.2489831120394408664199
2019-11-08,-6314.7489829151389099647786
2019-11-11,1088.7510172817997468864000
2019-11-13,6097.0010174787765370694629
2019-11-14,217.7510176757914679681863
2019-11-15,-6532.4989821271554530322236
2019-11-18,-2395.2489819300642185451308
2019-11-19,6097.0010182670651788175312
2019-11-20,3048.5010184642327464452592
2019-11-21,-3266.2489813385615082710189
2019-11-22,217.7510188586824220610556
2019-11-25,-6967.9989809440354551647269
2019-11-26,-1524.2489807467151325531445
2019-11-27,-653.2489805493566027075434
2019-11-28,1088.7510196480401417701624
2019-11-29,1524.2510198454751082794917
2019-12-02,0.0010200429483042213956
2019-12-03,1524.2510202404597369982587
2019-12-04,6097.0010204380094140138986
2019-12-05,-1959.7489793644026573264333
2019-12-06,-1088.7489791667764696160520
2019-12-09,-8274.4989789691120154468377
2019-12-10,-653.2489787714092874092371
2019-12-11,1306.5010214263317219077388
2019-12-12,435.5010216241110199165131
2019-12-13,-1524.2489781780713859690552
2019-12-16,4790.5010220197845116663282
2019-12-17,1306.5010222176787202393936
2019-12-18,2177.5010224156112471683070
2019-12-19,-1088.7489773864179001273287
2019-12-20,2177.5010228115912857735256
2019-12-23,0.0010230096388122933463
2019-12-24,2177.5010232077246868560469
2019-12-26,5443.7510234058489168869783
2019-12-27,3266.2510236040115098129291
2019-12-30,3266.2510238022124730621264
2019-12-31,3266.2510240004518140642351
2020-01-01,-2177.4989758012704597496409
2020-01-02,0.0010243970456590530407
2020-01-03,22863.7510245954001779062621
2020-01-06,16331.2510247937931042454444
2020-01-07,-14153.7489750077755544925517
2020-01-08,13065.0010251906942091305752
2020-01-09,-22863.7489746107975974454339
2020-01-10,-2177.4989744122509667793973
2020-01-13,-4354.9989742136658914286921
2020-01-14,0.0010259849576360507453
2020-01-15,6532.5010261836196231044201
2020-01-16,-1088.7489736176799228207207
2020-01-17,-1088.7489734189409942762886
2020-01-20,6097.0010267798364161875476
2020-01-21,-2177.4989730213476839779385
2020-01-22,3484.0010271775067126799693
2020-01-23,-1741.9989726236003863845695
2020-01-24,4137.2510275753310262840480
2020-01-27,9798.7510277743009581428679
2020-01-28,-2830.7489720266905833496194
2020-01-29,-2395.2489718276435907334791
2020-01-30,6968.0010283714419434526673
2020-01-31,-1306.4989714294339733283561
2020-02-01,7403.5010287697286663877193
2020-02-03,-6532.4989710310701299333924
2020-02-04,-7185.7489708318303548245317
2020-02-05,-5879.2489706325520008170927
2020-02-06,5879.2510295667649395589758
2020-02-07,2613.0010297661204737751722
2020-02-10,5443.7510299655146093044413
2020-02-11,-2830.7489698350526463788252
2020-02-12,-1306.4989696355812857987882
2020-02-13,4137.2510305639286985218391
2020-02-14,-2177.4989692365226859382092
2020-02-17,1742.0010309630645683012498
2020-02-18,4572.7510311626904687218469
2020-02-19,12411.7510313623550228066618
2020-02-20,2395.2510315620582380402229
2020-02-24,38324.0010317618001219085083
2020-02-25,-24823.4989680384193181010548
2020-02-26,1742.0010321613999255004106
2020-02-27,-3048.4989676387421397967682
2020-02-28,-217.7489674388455065008135
2020-03-02,-7403.4989672389101671184974
2020-03-03,1959.7510329610638858448594
2020-03-04,21339.5010331610766598853873
2020-03-05,-1306.4989666388718374993322
2020-03-06,21992.7510335612184011897346
2020-03-09,-12847.2489662386526165469266
2020-03-11,-6096.9989660384848832073781
2020-03-12,-4790.4989658382783912882293
2020-03-13,-29178.4989656380331332846366
2020-03-16,-20686.2489654377491016903038
2020-03-17,-18290.9989652374262889974807
2020-03-18,13282.7510349629353123030366
2020-03-19,-5008.2489648366642902780945
2020-03-20,19597.5010353637749107712385
2020-03-23,-23734.7489644357470770353983
2020-03-24,29831.7510357647697538170171
2020-03-25,13065.0010359653254108449609
2020-03-26,-5879.2489638340800984336347
2020-03-27,31573.7510363665532335006181
2020-03-30,34186.7510365672254141685630
2020-03-31,-33315.7489632320635489075001
2020-04-01,653.2510369686863517961853
2020-04-03,11976.2510371694751238048327
2020-04-07,19162.0010373703027746451125
2020-04-08,2613.0010375711693118451525
2020-04-09,21775.0010377720747429345384
2020-04-13,37017.5010379730190754443135
2020-04-15,3919.5010381740023169069796
2020-04-16,12847.2510383750244748564971
2020-04-17,-17202.2489614239144431717151
2020-04-20,-20032.9989612228144296407787
2020-04-21,10887.5010389783245229876435
2020-04-22,12194.0010391795024222533490
2020-04-23,0.0010393807192756975948
2020-04-24,1742.0010395819750908630983
2020-04-27,-2830.7489602167301247059630
2020-04-28,2613.0010399846036365360500
2020-04-29,-6750.2489598140236178637634
2020-04-30,4355.0010403873881196431579
2020-05-04,3484.0010405888388566068367
2020-05-05,-25912.2489592096713994212427
2020-05-06,-3919.4989590081426408881332
2020-05-07,-6532.4989588065748602394259
2020-05-08,9798.7510413950319500807515
2020-05-11,-7403.4989584033222023702662
2020-05-12,1524.2510417983626899663197
2020-05-13,-5879.2489579999133653492292
2020-05-14,11323.0010422018496392448135
2020-05-15,6750.2510424036517113116373
2020-05-18,16113.5010426054928584158973
2020-05-19,-25476.7489571926269118762877
2020-05-20,11105.2510430092924080026671
2020-05-21,-9798.7489567887491743781891
2020-05-22,4790.5010434132483485516593
2020-05-26,-9798.7489563847150156358069
2020-05-27,-11976.2489561826392593671402
2020-05-28,11758.5010440194756249325731
2020-05-29,-4354.9989557783703551602865
2020-06-01,4790.5010444238228079321284
2020-06-02,-653.2489553739448782108675
2020-06-03,-6532.4989551716734060084915
2020-06-04,-1524.2489549693627678784936
2020-06-05,8274.5010452329870437628447
2020-06-08,-11758.4989545646239634992898
2020-06-09,7621.2510456378042179217584
2020-06-10,4572.7510458402715956141140
2020-06-11,11323.0010460427781771673708
2020-06-12,1524.2510462453239701725924
2020-06-15,-8492.2489535520910177776882
2020-06-16,9581.0010466505332209105327
2020-06-17,-4354.9989531468033061672711
2020-06-18,4137.2510470558994085858450
2020-06-19,-2177.4989527413586272317033
2020-06-22,11976.2510474614225939799707
2020-06-23,-1524.2489523357569201777745
2020-06-24,10452.0010478671028378978915
2020-06-25,-8492.2489519299981241887289
2020-06-26,435.5010482729402011681392
2020-06-29,3484.0010484759178215757434
2020-06-30,2613.0010486789347446428041
2020-07-01,8492.2510488819909779795154
2020-07-02,-16548.9989509149134708024554
2020-07-03,-870.9989507117785940899670
2020-07-06,1524.2510494913956157315959
2020-07-07,3266.2510496946091662783234
2020-07-08,12847.2510498978620651677798
2020-07-09,6968.0010501011543200190048
2020-07-10,-2830.7489496955140615474870
2020-07-13,1306.5010505078569280902950
2020-07-14,-3048.4989492887327034441830
2020-07-15,2177.5010509147170514740211
2020-07-16,-2177.4989488817937995286736
2020-07-17,-5225.9989486782652488243717
2020-07-20,4137.2510515253027112162992
2020-07-21,4137.2510517289100882241889
2020-07-22,13500.5010519325568898316248
2020-07-23,13500.5010521362431236724121
2020-07-24,9145.5010523399687973818339
2020-07-27,33315.7510525437339185966524
2020-07-28,-9580.998947252461505044893
2020-07-29,11105.251052951382534096919
2020-07-30,653.251053155266043663285
2020-07-31,12847.251053359189031296884
2020-08-03,3266.251053563151504641876
2020-08-04,-653.248946232846528656103
2020-08-05,27218.751053971194939050067
2020-08-06,8492.251054175275915408984
2020-08-07,5879.251054379396408070729
2020-08-10,-16766.748945416443575313134
2020-08-11,-23952.498945212244027089565
2020-08-12,-35275.4989450080049396040373
2020-08-13,6750.2510551962736947994563
2020-08-14,7185.751055400591883778407
2020-08-17,-3701.748944395050365008216
2020-08-18,25259.001055809346956100045
2020-08-19,-9363.248943986216145234870
2020-08-20,-26129.9989437817396613495425
2020-08-21,871.0010564227764154209376
2020-08-24,-4790.4989433726679072570412
2020-08-25,-12411.7489431680726217156036
2020-08-26,-2830.7489429634377202853902
2020-08-27,5443.7510572412368047044438
2020-08-28,1088.7510574459509609262282
2020-08-31,5226.0010576507047560537786
2020-09-01,2613.0010578554981977623963
2020-09-02,-10016.4989419396687062711309
2020-09-03,-12193.9989417347959483685293
2020-09-04,6097.0010584701164791499622
2020-09-07,653.2510586750685839655913
2020-09-08,1524.2510588800603737610929
2020-09-09,2613.0010590850918562206903
2020-09-10,6097.0010592901630390300936
2020-09-11,-1088.7489405047260701234981
2020-09-14,-3048.4989402995754635513973
2020-09-15,11540.7510599056148664365716
2020-09-16,-3919.4989398891550724679258
2020-09-17,-8709.9989396838852725717353
2020-09-18,7403.5010605214242738197874
2020-09-21,-6967.9989392732264255972238
2020-09-22,-16113.4989390678373631251448
2020-09-23,-6096.9989388624085310648605
2020-09-24,-13500.4989386569399217157657
2020-09-25,5661.5010615485684726242363
2020-09-28,-6750.2489382458833403412667
2020-09-29,18291.0010619597046470928052
2020-09-30,653.2510621653324426330232
2020-10-01,-1741.9989376289999460125488
2020-10-05,1742.0010625767074888656455
2020-10-06,9363.2510627824547549786552
2020-10-07,-14371.4989370117581399609777
2020-10-08,1088.7510631940688117607826
2020-10-09,8710.0010633999356178594651
2020-10-12,8492.2510636058422860520932
2020-10-13,-1524.2489361882111759428158
2020-10-14,-12411.7489359822247604052499
2020-10-15,3266.2510642238015403862977
2020-10-16,4137.2510644298677341548291
2020-10-19,653.2510646359738286248414
2020-10-20,-1741.9989351578801684776721
2020-10-21,7621.2510650483057505747773
2020-10-22,0.0010652545315935111751
2020-10-23,-3048.4989345392026319379967
2020-10-26,-2177.4989343328969180407597
2020-10-27,-653.2489341265512570636377
2020-10-28,1959.7510660798343587283424
2020-10-29,-5661.4989337137400629283482
2020-10-30,-653.2489335072745142957407
2020-11-02,6532.5010666992310123656326
2020-11-03,3919.5010669057765247967375
2020-11-04,871.0010671123620307400387
2020-11-05,1742.0010673189875379395004
2020-11-06,15024.7510675256530541405862
2020-11-09,4790.5010677323585870902590
2020-11-10,-40283.7489320608958554630175
2020-11-11,4790.5010681458897342307200
2020-11-12,1306.5010683527153639229361
2020-11-13,1742.0010685595810413665956
2020-11-17,3701.7510687664867743161652
2020-11-18,-7185.7489310265674294723874
2020-11-19,-7621.2489308195815622415922
2020-11-20,-435.4989306125556162324778
2020-11-23,1524.2510695945104163154301
2020-11-24,-23952.4989301983834568358916
2020-11-25,-2177.4989299912372279229632
2020-11-26,5661.5010702159491108191983
2020-11-27,-2177.4989295768244328429207
2020-12-01,-11976.2489293695578511413294
2020-12-02,-38078.0769291622511363065338
2020-12-03,1009.1324859507175060292127
2020-12-04,7253.0624883683784681443228
2020-12-07,6433.1524907865075631761789
2020-12-08,3595.0024932051048817695951
2020-12-09,9775.8624956241705145869367
2020-12-10,-3721.1175019562954476918760
2020-12-11,693.7825004637070856306360
2020-12-14,2459.7425028841782052695132
2020-12-15,1829.0425053051180019573614
2020-12-16,7631.4825077265265664443549
2020-12-17,4667.1925101484039894982402
2020-12-18,2522.8125125707503619043392
2020-12-21,-28129.2074850064342255344477
2020-12-22,8325.2525174168503180023625
2020-12-23,8199.1125198406040833528382
2020-12-24,8829.8125222648271613726367
2020-12-28,7946.8325246895196429350081
2020-12-29,6243.9425271146816189307980
2020-12-30,3153.5125295403131802684515
2020-12-31,-1261.3874680335855821259839
2021-01-01,3153.5125343929854226911454
2021-01-04,7189.9925368200262856811027
2021-01-05,3721.1425392475370978227639
2021-01-06,-504.5474583244820498873787
2021-01-07,-126.1274558960310664352130
2021-01-08,10595.7725465328901392109958
2021-01-11,9460.5125489622816581006098
2021-01-12,6874.6425513921435813006201
2021-01-13,819.9225538224759998956519
2021-01-14,1009.1325562532790049879666
2021-01-15,-10406.5374413154473123025336
2021-01-18,-9775.8374388837028608383036
2021-01-19,18227.2425635485124505358492
2021-01-20,8199.1125659811987129927677
2021-01-21,-4604.0974315856439822770516
2021-01-22,-13307.7574291520155440654544
2021-01-25,-9145.1374267179158811466262
2021-01-27,-18794.8474242833449022770884
2021-01-28,-9397.4174218483025161956945
2021-01-29,-11920.2174194127886316236273
2021-02-01,40490.9525830231968427356046
2021-02-02,22579.0725854596539981961709
2021-02-03,9838.9325878965829260899217
2021-02-04,6559.2925903339837177663923
2021-02-05,2207.462592771856464592807
2021-02-08,12487.872595210201257954080
2021-02-09,1261.412597649018189252818
2021-02-10,1450.622600088307349909335
2021-02-11,3784.212602528068831361635
2021-02-12,693.782604968302725065437
2021-02-15,11100.332607409009122494162
2021-02-16,-2396.647390149811884861053
2021-02-17,-5613.217387708160205491359
2021-02-18,-5234.797385266035747870182
2021-02-19,-8892.857382823438420453234
2021-02-22,-20434.6673803803681316784939
2021-02-23,2585.8826220631752100337838
2021-02-24,16145.9326245071916962810801
2021-02-25,12109.452626951681418678610
2021-02-26,-27246.2273706033555311406704
2021-03-01,1639.8326318420809384739377
2021-03-02,9838.9326342879909191908787
2021-03-03,21633.022636734374502696346
2021-03-04,-11352.587360818768219305710
2021-03-05,-9712.767358371437155093586
2021-03-08,2396.672644076367787072181
2021-03-09,9019.022646524646698948821
2021-03-10,4351.842648973399672311330
2021-03-12,-9649.697348577373201047529
2021-03-15,-4225.677346127671829317214
2021-03-16,-1072.177343677496120669409
2021-03-17,-12046.3573412268459832580176
2021-03-18,-11100.3073387757213252191558
2021-03-19,11037.2626636758779453288443
2021-03-22,-3405.7673338720480797145562
2021-03-23,6433.1526685805006915678976
2021-03-24,-14253.8073289664756488887410
2021-03-25,-14064.5973265129770091316178
2021-03-26,8514.4626759409967028099270
2021-03-30,20245.4826783954455789243608
2021-03-31,-6937.6873191496302887820369
2021-04-01,8072.9726833057691917148286
2021-04-05,-10343.4673142383558875431285
2021-04-06,2712.0226882179945655038257
2021-04-07,9019.0226906748206429332538
2021-04-08,315.362693132122436840544
2021-04-09,-567.617304410099960661078
2021-04-12,-29642.8873019518464574405562
2021-04-13,8955.9527005068830386510073
2021-04-15,2712.0227029660886197803543
2021-04-16,3090.4427054257703781320715
2021-04-19,-14695.2972921140715940914046
2021-04-20,-5045.5872896534372046697838
2021-04-22,6180.8727128076736386350806
2021-04-23,-2585.8572847307389719208048
2021-04-26,8262.1827177313250559364303
2021-04-27,10469.6327201938658144985234
2021-04-28,13055.5027226568833960750820
2021-04-29,567.642725120377892993589
2021-04-30,-12550.9172724156506024005974
2021-05-03,-189.1972699512019977442372
2021-05-04,-8955.9272674862762006562052
2021-05-05,7946.8327349791268812625104
2021-05-06,4604.1227374450073404288133
2021-05-07,6243.9427399113652692775017
2021-05-10,7316.1327423782007602612724
2021-05-11,-4730.237255154486094149278
2021-05-12,-7883.7372526866952014656431
2021-05-14,-1387.5272502184264691814145
2021-05-17,12929.3627522503201952277336
2021-05-18,11667.962754719544884304041
2021-05-19,-4414.887242810752309392336
2021-05-20,-6496.197240340571293283315
2021-05-21,15515.232762130088025227113
2021-05-24,2081.322764601225738752879
2021-05-25,630.712767072841939925857
2021-05-26,5865.522769544936721395851
2021-05-27,4162.632772017510175830604
2021-05-28,6496.222774490562395915809
2021-05-31,10343.492776964093474355097
2021-06-01,567.642779438103503870057
2021-06-02,291.644531912592577200227
2021-06-03,11886.773917654919332442932
2021-06-04,3909.813928095022166142173
2021-06-07,1731.893938537146522241476
2021-06-08,6035.253948981292792169246
2021-06-09,-11046.986040572538632570317
2021-06-10,13015.093969875652639602792
2021-06-11,-787.146019674132999655598
2021-06-14,-2099.146009221895158613824
2021-06-15,2807.734001232366554535630
2021-06-16,-8869.065988311347468323853
2021-06-17,-12096.585977853036835233014
2021-06-18,-4277.065967392701154156694
2021-06-21,5562.934043069659967016174
2021-06-22,10207.414053534046920472582
2021-06-23,-11466.825935999539901524540
2021-06-24,-3384.905925531100106636304
2021-06-25,6271.414084939366697552142
2021-06-28,-131.145904588139096468365
2021-06-29,3280.054105886382903869012
2021-06-30,-4460.745883637066908792878
2021-07-01,-550.985873158488141735159
2021-07-02,997.174137322119597837087
2021-07-05,3621.174147804756702794835
2021-07-06,2230.454158289423566085136
2021-07-07,2256.694168776120580731120
2021-07-08,-446.025820735151860167974
2021-07-09,3909.814189755606636563201
2021-07-12,1102.134200248396464176132
2021-07-13,-3594.825789256781984001557
2021-07-14,-209.865778759928314566076
2021-07-15,3647.414231738957865962536
2021-07-16,3568.694242239876951140432
2021-07-19,-4539.465747257170665400029
2021-07-20,-7137.225736752184589950274
2021-07-22,11624.374273754835571274510
2021-07-23,708.534284263890212135381
2021-07-26,5589.174294774979726569660
2021-07-27,-6376.265694711895491409050
2021-07-28,3752.374315803264952289143
2021-07-29,-944.585673679538548169557
2021-07-30,7032.374336839694401457372
2021-08-02,7924.534347360964195488792
2021-08-03,4513.334357884271228319918
2021-08-04,-6140.105631590384105577670
2021-08-05,603.574378936998588343989
2021-08-06,2991.414389466419704709258
2021-08-09,-4591.945600002120361781098
2021-08-10,-7662.025589468621216349878
2021-08-11,-5930.185578933082464143447
2021-08-12,8318.134431604496289768288
2021-08-13,341.174442144115440391892
2021-08-16,1994.294452685775382810412
2021-08-17,4041.014463229476512183399
2021-08-18,6350.134473775219223746915
2021-08-20,-13880.905515676996087186446
2021-08-23,-4696.905505127169025227544
2021-08-24,8580.534505424700805089318
2021-08-25,1259.574515978613799306410
2021-08-26,7189.814526534570353042595
2021-08-27,11309.494537092570861993338
2021-08-30,16163.894547652615721930721
2021-08-31,14904.374558214705328703461
2021-09-01,11178.294568778840078236926
2021-09-02,1600.694579345020366533143
2021-09-03,17921.974589913246589670817
2021-09-06,-655.945399516480856194648
2021-09-07,-4670.665388944161574831149
2021-09-08,3070.134621630204830070148
2021-09-09,7478.454632206618754894807
2021-09-13,4775.734642785080596105151
2021-09-14,3542.454653365590750240265
2021-09-15,2860.214663948149613916020
2021-09-16,9000.374674532757583825079
2021-09-17,-6586.185314880584943263076
2021-09-20,-22277.705304291877570502143
2021-09-21,9840.054706298880099031024
2021-09-22,5799.094716891688462336430
2021-09-23,7819.574727486547916490945
2021-09-24,-4880.585261916541141351667
2021-09-27,-5457.865251317578313960747
2021-09-28,-4775.625240716563204028718
2021-09-29,-7084.745230113495414171071
2021-09-30,-1180.745219508374546926353
2021-10-01,-1941.705208901200204756148
2021-10-04,16085.174801708028009954931
2021-10-05,10259.894812319310494899268
2021-10-06,-9498.825177067352352153754
2021-10-07,11388.214833548039866642272
2021-10-08,-3227.465155834512450789211
2021-10-11,4408.374854784991093552285
2021-10-12,8396.854865406550897744320
2021-10-13,13120.054876030167359941529
2021-10-14,10233.654886655840878375642
2021-10-18,3332.534897283571851355502
2021-10-19,-12752.585092086639322732925
2021-10-20,-26056.265081454792245426535
2021-10-21,-6454.985070820886518185066
2021-10-22,-17370.825060184921742391091
2021-10-25,-10732.105049546897519349992
2021-10-26,13881.014961093186549710041
2021-10-27,5930.294971735330863638039
2021-10-28,-16163.785017620464178639742
2021-10-29,-2125.385006974198178119802
2021-11-01,13146.295003674129264278624
2021-11-02,-62600.575585675481452286433
2021-11-03,-2981.656302618861999188950
2021-11-04,5791.363701969673914330271
2021-11-08,10206.543706559098308382722
2021-11-09,-2809.636288850588644994660
2021-11-10,-1261.456284259386773731628
2021-11-11,-8084.916279667295905724620
2021-11-12,12672.163724925684131163260
2021-11-15,344.063729519553509102227
2021-11-16,-6020.676265885687599704157
2021-11-17,-5389.936261290039023018992
2021-11-18,-7970.236256693500588572025
2021-11-22,-20699.716252096072124059646
2021-11-23,4988.603752502246542855117
2021-11-24,-6594.076242898544415457395
2021-11-25,7224.863761701555173406537
2021-11-26,-28669.976233697454518115986
2021-11-29,229.383770904426682445527
2021-11-30,-4873.876224492801052405041
2021-12-01,11582.703780110862449869599
2021-12-02,-112743.405795284582638159856
2021-12-03,64.3216917482235467895218
2021-12-06,-17320.5982904974567987728774
2021-12-07,12417.8917272603006335727577
2021-12-08,11861.2317450214965094851047
2021-12-09,492.5217627861314947517334
2021-12-10,5909.2517805542062552891298
2021-12-13,-4110.6282016742785428572778
2021-12-14,2333.7818161006777664869053
2021-12-15,-7921.6081661209241503749344
2021-12-16,-1605.6581483390836270103937
2021-12-17,-22972.8381305537999968580279
2021-12-20,-26055.8781127650725932273256
2021-12-21,13317.1119050270992507013163
2021-12-22,13980.8219228227162018766174
2021-12-23,7151.0319406217789273764390
2021-12-24,-5181.1280415757119055921911
2021-12-27,2612.1119762302443703069468
2021-12-28,7515.0019940396484225392889
2021-12-29,-1991.0379881474990813004873
2021-12-30,-6358.6779703311974734884369
2021-12-31,14259.1520474885539138286762
2022-01-03,6401.6820653117557486334052
2022-01-04,3682.6120831384086990376447
2022-01-05,-2933.0778990314865667173434
2022-01-06,-535.1578811979293802609058
2022-01-07,6765.6521366390809269070283
2022-01-10,1605.8421544795450234159712
2022-01-11,1991.2221723234635780249028
2022-01-12,3297.2321901708372596222944
2022-01-13,6530.1422080216667372261352
2022-01-14,2012.6322258759526799839566
2022-01-17,3832.4822437336957571728569
2022-01-18,-16207.2777384051033618004726
2022-01-19,-428.1077205404440073997234
2022-01-20,-749.2577026723255099589441
2022-01-21,-15864.7176848007471996825157
2022-01-24,-33378.0976669257084066451264
2022-01-25,7557.8223509527915392082540
2022-01-27,-17320.5976311652466919376018
2022-01-28,11454.4423867201775702318474
2022-01-31,7643.4624046090649961609364
2022-02-01,10512.4024225014162564238180
2022-02-02,7594.6594403972320217244889
2022-02-03,-10368.5240437612090572529461
2022-02-04,-2063.8640406715944576244054
2022-02-07,-15970.4840375813816143559126
2022-02-08,2309.5959655094295883907512
2022-02-09,10909.0959686008392664762351
2022-02-10,5307.1359716928475357836219
2022-02-11,-10368.5240252145454877815668
2022-02-14,-26584.7240221213396882913667
2022-02-15,24570.0159809724650502046337
2022-02-16,-2211.2840159331311563207023
2022-02-17,-1031.9240128381281918720560
2022-02-18,-1425.0440097425259404316480
2022-02-21,-1719.8840066463242859592346
2022-02-22,-5012.2640035495231123921032
2022-02-23,-1081.0640004521223036450676
2022-02-24,-32874.6439973541217436104642
2022-02-25,12235.8760057444786838418524
2022-02-28,4864.8760088436790948645143
2022-03-02,-8550.3439880565203943673557
2022-03-03,10608.1683650438803323438598
2022-03-04,5043.2540812791846390726177
2022-03-07,27233.5540820694447949420905
2022-03-08,-1412.1059171401420307141538
2022-03-09,-5446.7059163495758082670711
2022-03-10,-17348.7759155588565080818791
2022-03-11,9683.0440852320158994819417
2022-03-14,-12910.7159139769585559293489
2022-03-15,-6253.6259131857798446637517
2022-03-16,-2017.2959123944479370635252
2022-03-17,0.0040883970371965348145
2022-03-21,-1815.5659108113244141995051
2022-03-22,3631.1440899804672604084885
2022-03-23,2017.3040907724122500395140
2022-03-24,3227.6840915645105843800366
2022-03-25,4236.3340923567622931222704
2022-03-28,-6051.8959068508325940358217
2022-03-29,-6253.6259060582740473905261
2022-03-30,-1412.1059052655620372323776
2022-03-31,201.7340955273034661538413
2022-04-01,9077.8540963203224924891021
2022-04-04,-7060.5459028865049284998685
2022-04-05,1815.5740979068212329194115
2022-04-06,3631.1440987003010064851819
2022-04-07,3025.9540994939344219414403
2022-04-08,403.4641002877215090379437
2022-04-11,11296.8841010816622975302099
2022-04-12,-403.4558981242431828204822
2022-04-13,10691.6941026700050977529092
2022-04-18,9279.5841034644071690231899
2022-04-19,-4236.3258957410369392310697
2022-04-20,-15331.4758949463271972255330
2022-04-21,-201.7258941514635751700963
2022-04-22,2420.7641066435539567311125
2022-04-25,-8674.3858925612745717202652
2022-04-26,-5244.9758917659491307168176
2022-04-27,-4236.3258909704696904453611
2022-04-28,-2017.2958901748362210869394
2022-04-29,9279.5841106209513071831775
2022-05-02,-12708.9858885831070758045051
2022-05-04,97298.8139722129886597862939
2022-05-05,2228.5582790850099757752747
2022-05-06,-21739.4017135029914036992210
2022-05-09,-16327.2817060895575941263206
2022-05-10,-22080.5016986746883176096414
2022-05-11,-1364.3616912583832961989921
2022-05-12,-22853.6616838406422518903618
2022-05-13,-5389.3416764214649066259092
2022-05-16,12302.3783309991490177060474
2022-05-17,20556.9983384211997992710405
2022-05-18,4820.9183458446877162884638
2022-05-19,-25446.0216467303869529684170
2022-05-20,11142.6383606959760698275461
2022-05-23,-5207.4216318762229369426067
2022-05-24,-7958.9616244469836948439317
2022-05-25,-15076.5816170163059253875720
2022-05-26,9482.6183904158106499692533
2022-05-27,5980.6583978493663098232597
2022-05-30,22603.5984052843613328251071
2022-05-31,2001.1584127207959976794112
2022-06-01,-8641.1615798413294168552470
2022-06-02,17115.8231275979853680336896
2022-06-03,3650.0730596552584085769136
2022-06-06,-3220.6469397522989938871761
2022-06-07,-3005.9369391597416813910066
2022-06-08,429.4230614329303682777380
2022-06-09,1502.9730620257171773356745
2022-06-10,-3005.9369373813812319962787
2022-06-13,8158.9830632116351625071002
2022-06-14,-13312.0169361952336169246643
2022-06-15,858.8430643980124519422568
2022-06-16,2361.8130649913733913459980
2022-06-17,7729.5630655848492235289994
2022-06-20,-5582.4569338215600292619920
2022-06-21,-858.8369332278543447759214
2022-06-22,-2147.0969326340337007574256
2022-06-23,1717.6830679599019250531677
2022-06-24,-2147.0969314460474450801586
2022-06-27,4508.9130691481182111108890
2022-06-28,-1502.9669302576010841010841
2022-06-29,-858.8369296632053084391597
2022-06-30,0.0030709313055603778938
2022-07-01,12882.6030715259315446356223
2022-07-04,6870.7230721206726666238870
2022-07-05,2576.5230727155289486368647
2022-07-06,-13526.7269266894995870269504
2022-07-07,-12453.1769260944129180647469
2022-07-08,-429.4169254992110221693945
2022-07-11,-214.7069249038938770294439
2022-07-12,1288.2630756915385396708745
2022-07-13,-3864.7769237129137497483487
2022-07-14,-3005.9369231172507229627010
2022-07-15,-4079.4869225214723576434471
2022-07-18,9447.2430780744213685424716
2022-07-19,-3435.3569213295695220675621
2022-07-20,0.0030792665549928681605
2022-07-21,-7729.5569201372050643043267
2022-07-22,14170.8630804591503287653377
2022-07-25,-1932.3869189443788055681576
2022-07-26,-3005.9369183477924449457951
2022-07-27,2361.8130822489094329957720
2022-07-28,9661.9530828457268506242208
2022-07-29,858.8430834426598303115592
2022-08-01,3435.3630840397083944341274
2022-08-02,-52376.2641453631274346274019
2022-08-03,2330.4420459746887269301540
2022-08-04,285.3620463708518422847157
2022-08-05,380.4820467670916669039775
2022-08-08,7324.2420471634082156411932
2022-08-10,1189.0020475598015033524929
2022-08-11,6182.8020479562715448968826
2022-08-12,2473.1220483528183551362462
2022-08-16,5849.8820487494419489353448
2022-08-17,6943.7620491461423411618182
2022-08-18,760.9620495429195466861846
2022-08-19,-9987.5979500602264196181583
2022-08-22,-12650.9579496632955428749325
2022-08-23,5897.4420507337121917950199
2022-08-24,2092.6420511307967992737386
2022-08-25,-4042.5979484720417055538559
2022-08-26,665.8420519251966922000397
2022-08-29,-11794.8779476774879925738889
2022-08-30,21306.8820527199042550179275
2022-09-01,-9987.5979468826265501280583
2022-09-02,-45418.1865464850803931125087
2022-09-05,564.3421318258699437808843
2022-09-06,6658.7821399838767286050673
2022-09-07,2671.0621481434631524153859
2022-09-08,1993.9021563046295210781370
2022-09-09,206.9521644673761405188428
2022-09-12,9122.8921726317033167222620
2022-09-13,6038.0521807976113557324009
2022-09-14,2689.8721889651005636525257
2022-09-15,6978.5521971341712466451735
2022-09-16,-24942.0177946951762890678364
2022-09-19,1956.2822134770582627946090
2022-09-20,8144.7722216508752085729288
2022-09-21,-11699.7777701737251453331419
2022-09-22,3573.9422380032575075354608
2022-09-23,-15461.7777538181765263028592
2022-09-26,-23380.7877456380269402703473
2022-09-27,1918.6622625437065722701145
2022-09-28,-5718.1977292729756819849819
2022-09-29,-1824.5277210880733962797584
2022-09-30,6056.8622870984137362010598
2022-10-03,-17323.9677047135139776678430
2022-10-04,19355.5323034761437690476372
2022-10-06,6470.6823116673872833410367
2022-10-07,-1335.4676801397831277346654
2022-10-10,-8276.3576719453671570670347
2022-10-11,-9894.0176637493644974841707
2022-10-12,2182.0023444482251582453049
2022-10-13,-8069.4476473525978825877400
2022-10-14,-3065.9876391518333126329370
2022-10-17,4740.1623690505191755195952
2022-10-18,8953.6023772544598893392615
2022-10-19,-1316.6576145400108636449979
2022-10-20,8314.0623936671072241553049
2022-10-21,-10796.8975981241855396117846
2022-10-24,5248.0324100861111527613497
2022-10-25,-2896.6975817020023909580946
2022-10-27,7768.5724265114741370566733
2022-10-28,-1579.9975652734589553079515
2022-10-31,4758.9724429431986398940427
2022-11-01,9969.3424511614472306682950
2022-11-02,-3624.7275406187128749199157
2022-11-03,-86.2626732872301140663220
2022-11-04,1639.7373339403601871920662
2022-11-07,3667.7873411693499704215799
2022-11-09,-1294.4626516002604933953775
2022-11-10,-6299.8626443684709332239328
2022-11-11,14498.4373628647189220232681
2022-11-14,-215.7126299006906565139301
2022-11-15,3193.1373773353006023568186
2022-11-16,-172.5626154273070301196291
2022-11-17,-2891.0126081885132826458949
2022-11-18,-1208.1626009483178838720692
2022-11-21,-5911.5125937067205623957009
2022-11-22,2934.2374135362789532382132
2022-11-23,1208.2374207806809345372379
2022-11-24,9536.1874280264856530615106
2022-11-25,2718.4874352736933804237506
2022-11-28,2977.3874425223043882892699
2022-11-29,1682.8874497723189483759832
2022-11-30,5480.0874570237373324544180
2022-12-01,3624.6374642765598123477250
2022-12-02,-3149.9125284692133400683119
2022-12-05,-1596.5125212135818528652655
2022-12-06,-1294.4625139565454540620549
2022-12-07,-5480.0125066981038716249351
2022-12-08,3236.2875005617431665325126
2022-12-09,-4919.0624921770040674506088
2022-12-12,560.9875150856546986174984
2022-12-13,5005.4375223497197369813360
2022-12-14,2502.7375296151913199381212
2022-12-15,-11952.5124631179302801622040
2022-12-16,-6127.2624558496447909169625
2022-12-19,6515.6875514200480601292685
2022-12-20,-1984.8624413088514545153323
2022-12-21,-7810.1124340363430622898211
2022-12-22,-3667.7124267624264905804770
2022-12-23,-14670.9624194871014667207936
2022-12-26,8975.2375877896322820085327
2022-12-27,3322.5875950677750283796118
2022-12-28,-43.1123976526729547826291
2022-12-29,3408.8876096282886053995641
2022-12-30,-3193.0623830893400181432164
2023-01-02,5609.5376241944414475724684
2023-01-03,1456.9468114796332755829163
2023-01-04,7960.9265454207178752649385
2023-01-05,-5246.9634533118889955887590
2023-01-06,-5066.0334520442504604688695
2023-01-09,11036.7365492236335281426902
2023-01-10,-2713.9434495082369822267962
2023-01-11,1085.5865517601380559591580
2023-01-12,-1266.5034469712413097537559
2023-01-13,5066.0465542976249681893594
2023-01-16,8503.7165555667369373526096
2023-01-17,-3618.5934431639053546906901
2023-01-18,-723.7134418943018603580123
2023-01-19,723.7265593755474679423832
2023-01-20,4704.1865606456426778114520
2023-01-23,180.9365619159838168593672
2023-01-24,2533.0265631865709327055198
2023-01-25,-2713.9434355425959270214777
2023-01-27,361.8665657284832853162087
2023-01-30,-180.9234330001913826343623
2023-01-31,-1809.2934317286198832169061
2023-02-01,13388.8265695431978312340891
2023-02-02,19178.5865708152618083933654
2023-02-03,-18997.6434279124279040551047
2023-02-06,-6875.3334266398712584181147
2023-02-07,542.7965746329317930067758
2023-02-08,2352.0965759059812979312447
2023-02-09,-1628.3634228207226959237922
2023-02-10,-8141.8434215471801408281788
2023-02-13,180.9365797266090109574833
2023-02-14,2171.1665810006448071818360
2023-02-15,-11398.5834177250727043972331
2023-02-16,361.8665835494565239874109
2023-02-17,-4161.3834151757674598878476
2023-02-20,7779.9965860992553917626263
2023-02-21,-2171.1534126254748732662793
2023-02-22,-1809.2934113499582071704224
2023-02-23,-5427.8934100741945621364037
2023-02-24,-1447.4334087981838903415666
2023-02-27,-6151.6134075219261439539942
2023-02-28,-542.7834062454212751325081
2023-03-01,6513.4865950313307639733341
2023-03-02,723.7265963083300212232394
2023-03-03,180.9365975855765444861824
2023-03-06,542.7965988630703816404065
2023-03-08,-13207.8833998591884194265742
2023-03-09,-904.6433985811998108179733
2023-03-10,6513.4866026970362553722700
2023-03-13,25149.2766039755198270594926
2023-03-14,5608.8366052542509521683094
2023-03-15,-3618.5933934667703213673854
2023-03-16,13931.6166078124560543955843
2023-03-17,904.6566090919301274096773
2023-03-20,20987.8866103716519456366383
2023-03-21,-7779.9833883483784429525021
2023-03-22,-7960.9133870681609903774238
2023-03-23,5789.7666142123043513514830
2023-03-24,9770.2266154930176302331210
2023-03-27,-9046.4933832260211057243134
2023-03-28,180.9366180551881914966721
2023-03-29,5066.0466193366455699228674
2023-03-31,5970.6966206183510775903621
2023-04-03,-3980.4533780996952374554532
2023-04-05,19178.5866231825066728401151
2023-04-06,-904.6433755350431434589341
2023-04-10,-7779.9833742523446382792959
2023-04-11,3075.8166270306022364616437
2023-04-12,3075.8166283137975288558085
2023-04-13,3980.4666295972412870044345
2023-04-17,-3618.5933691190664409819283
2023-04-18,-3980.4533678351256069834144
2023-04-19,-7237.1933665509361628708407
2023-04-20,9408.3666347335019394942951
2023-04-21,-6332.5433639818112517401838
2023-04-24,-542.7833626968756884171307
2023-04-25,1085.5866385883086776299250
2023-04-26,2894.8866398737418945767810
2023-04-27,-180.9233588405759893914371
2023-04-28,-3980.4533575546449260802731
2023-05-02,1085.5866437315351327140604
2023-05-03,13569.7566450179642352046852
2023-05-04,8141.8566463046424296140583
2023-05-05,-180.9233524084302358260258
2023-05-08,-5970.6833511212537128744337
2023-05-09,3618.6066501661720467193091
2023-05-10,1085.5866514538470912150200
2023-05-11,-1085.5733472582285311181392
2023-05-12,-8322.7733459700547720016604
2023-05-15,6694.4166553183684168523130
2023-05-16,-4161.3833433929589162590126
2023-05-17,-7779.9833421040367230290792
2023-05-18,-542.7833408148649551419747
2023-05-19,-2713.9433395254435642724319
2023-05-22,9770.2266617642274979141738
2023-05-23,-9951.1433369458517202381742
2023-05-24,5789.7666643443188296238688
2023-05-25,-5427.8933343652608041369902
2023-05-26,-2171.1533330745905731486794
2023-05-29,-2713.9433317836704290297612
2023-05-30,-723.7133304925003233894291
2023-05-31,-180.9233292010802078275074
2023-06-01,-2533.0133279094100339344481
2023-06-02,5970.6966733825102467086698
2023-06-05,-10855.7933253253193174698566
2023-06-06,6332.5566759671013219676462
2023-06-07,-1447.4333227402277865317685
2023-06-08,-5246.9633214473065945116673
2023-06-09,4704.1866798458649464937664
2023-06-12,-542.7833188607131150402667
2023-06-13,-723.7133175670407306291793
2023-06-14,-5970.6833162731178517789964
2023-06-15,-7237.1933149789444299863527
2023-06-16,9408.3666863154795832615086
2023-06-19,-3437.6633123898457635132622
2023-06-20,361.8666889050795782208810
2023-06-21,-7599.0533097997443429951193
2023-06-22,-3618.5933085043174786109207
2023-06-23,-2533.0133072086397800667807
2023-06-26,4523.2566940872888012064463
2023-06-27,-3075.8033046165316862126898
2023-06-28,-5066.0333033201011937362327
2023-06-30,-3618.5933020234196727668184
2023-07-03,4161.3966992735129253023278
2023-07-04,-795.1028494293033509126086
2023-07-05,-252.3452914232891271383911
2023-07-06,3701.2947114247400319303775
2023-07-07,-3995.6852857266793436721314
2023-07-10,-967.3652828775471471654063
2023-07-11,3869.5347199721367282517393
2023-07-12,-1219.7252771776276105988275
2023-07-13,1682.4147256731599431254439
2023-07-14,5678.1147285244994962877927
2023-07-17,6309.0147313763911557721495
2023-07-18,2103.0147342288350284831409
2023-07-19,3995.7147370818312213460940
2023-07-20,4037.7747399353798413070394
2023-07-21,-5509.8452572105190046672838
2023-07-24,-4163.9252543558652095894252
2023-07-25,126.1947484993413335487824
2023-07-26,4458.3747513551007317762259
2023-07-27,-3280.6652457885869078574839
2023-07-28,-2818.0052429317214782820078
2023-07-31,5047.2147599256971275937252
2023-08-01,-1051.4852372163309831184775
2023-08-02,-8832.5852343578057032860688
2023-08-03,-6308.9852314987269257557570
2023-08-04,5762.2347713609054566464975
2023-08-07,3785.4147742210915511154862
2023-08-08,-504.7052229181685351332426
2023-08-09,2733.9147799431253051366191
2023-08-10,-4458.3452171950268208178563
2023-08-11,-3953.6252143326248057188282
2023-08-14,-210.2852114696685422676836
2023-08-16,546.7947913938420768549665
2023-08-17,-4121.8652057420928410107082
2023-08-18,-2944.1852028774731885037541
2023-08-21,1556.2347999877011417575710
2023-08-22,883.2748028534302571758017
2023-08-23,3322.7548057197142651742691
2023-08-24,-2649.7651914134467268028957
2023-08-25,-630.8851885460526112907567
2023-08-28,-3070.3651856781032808035696
2023-08-29,2523.6148171904013721652226
2023-08-30,1640.3548200594614551429931
2023-08-31,-2313.2851770709229243220639
2023-09-01,4500.4348257992483413390700
2023-09-04,-9315.4310913300246402837580
2023-09-05,2042.7662644664189436161790
2023-09-06,4159.7462772972411421894019
2023-09-07,5181.0962901305477793643116
2023-09-08,7056.6663029663393362040130
2023-09-11,7688.0463158046162938647595
2023-09-12,-19609.8536713546208664040290
2023-09-13,3082.6863414886283367402520
2023-09-14,5923.8963543343643847334098
2023-09-15,-389.9036328174122408955280
2023-09-18,3156.9663800332989414757052
2023-09-20,-3713.9336071135015864373674
2023-09-21,-12998.9335942578133428259478
2023-09-22,-1114.1335813996358457879449
2023-09-25,-3286.8235685389686133279568
2023-09-26,1615.6564443241888366427474
2023-09-27,1857.0664571898369863062456
2023-09-28,-10213.4335299420236820620189
2023-09-29,7298.0764829286073139067802
2023-10-03,-1206.9835041982695433251293
2023-10-04,-8630.5256913226537712021003
2023-10-05,4636.4278967316855872001644
2023-10-06,4472.3079040696489398454959
2023-10-09,-4677.3820885909668539481980
2023-10-10,6769.9879187498384809396775
2023-10-11,6687.9279260920652196829887
2023-10-12,-656.4420665642863624911157
2023-10-13,-2174.5520592192159903021948
2023-10-16,-697.4720518727233884165050
2023-10-17,2666.9879554751917185530101
2023-10-18,-5539.0120371754703939532692
2023-10-19,-2174.5520298247094504416297
2023-10-20,-5621.0720224725251753650135
2023-10-23,-8739.3520151189172931230087
2023-10-25,-6934.0320077638855280618390
2023-10-26,-11242.1820004074296044743526
2023-10-27,7508.5280069504507533999872
2023-10-30,3897.8880143097558213751129
2023-10-31,-2215.5819783295141246816369
2023-11-01,-4061.9319709673588088495075
2023-11-02,11797.1558663962220448456828
2023-11-03,-842.3973348888001556029270
2023-11-06,-842.3973343727533239807558
2023-11-07,-6570.7173338566065699491773
2023-11-08,673.9226666596401258398354
2023-11-09,-7750.0773328240132172619444
2023-11-10,6233.7626676924334201010033
2023-11-12,-1684.7973317910199427120536
2023-11-13,-4717.4373312743732863380981
2023-11-15,8929.4426692423734085896352
2023-11-16,-1179.3573302407798385583375
2023-11-17,7918.5626702761669915922500
2023-11-20,-3369.5973292067860815805839
2023-11-21,3706.5626713103609613049307
2023-11-22,4885.9226718276081396343170
2023-11-23,-2527.1973276550445272031482
2023-11-24,2190.2426728624029801855660
2023-11-28,2527.2026733799506811972459
2023-11-29,12636.0026738975985952324334
2023-11-30,1684.8026744153467416954270
2023-12-01,2358.7226749331951399942824
2023-12-04,4782.7220754511438095408137
2023-12-05,10347.5750608402967772137515
2023-12-06,9661.1750792469754363846036
2023-12-07,6984.2150976572181900680251
2023-12-08,-6108.8648839289742716185583
2023-12-11,10210.2951344883987415759072
2023-12-12,-5799.9848470906620799638711
2023-12-13,6023.2551713338439542804933
2023-12-14,13676.6151897619175349610931
2023-12-15,2419.6552081935593528637515
2023-12-18,4925.0152266287700989080496
2023-12-19,1064.0152450675504641473510
2023-12-20,-25962.9847364900988602311713
2023-12-21,10347.5752819558228170934907
2023-12-22,7739.2553004053161875762054
2023-12-26,9867.0953188583819428057283
2023-12-27,3861.0953373150207745047275
2023-12-28,4719.0953557752333745298097
2023-12-29,7481.8553742390204348715463
2024-01-01,1321.4153927063826476544987
2024-01-02,-2488.1045888226792948627546
2024-01-03,8631.5754296518352997124067
2024-01-04,10656.4554481299271239066717
2024-01-05,-2728.3445333884031296191766
2024-01-08,-8202.3845149031547680702347
2024-01-09,4101.3355035856729014825470
2024-01-10,1407.2155220780805721023904
2024-01-11,9764.1355405740689369867156
2024-01-12,1149.8155590736386894671668
2024-01-15,2333.8555775767905230096386
2024-01-16,-1149.6244039164748687856997
2024-01-17,-9695.3043854061567921843736
2024-01-18,-5422.4643668922545533175834
2024-01-19,14792.0156516252325418178262
2024-01-20,-205.8243298536948126406098
2024-01-23,-24984.8643113290359224209497
2024-01-24,15924.5757071992099068831797
2024-01-25,8202.5757257310433698126107
2024-01-29,7722.0957442664651610426596
2024-01-30,-4118.304237194524024616849
2024-01-31,7979.495781348076507778451
2024-02-01,3723.815799894267453307483
2024-02-02,8580.095818444049507183761
2024-02-05,-4512.984163002576635244588
2024-02-06,13865.375855554389721505208
2024-02-07,16816.895874114949273050582
2024-02-08,1956.335892679102715143664
2024-02-09,-2230.704088753149256328701
2024-02-12,-17794.824070181805945344917
2024-02-13,6572.375948393133344251374
2024-02-14,14568.935966971669308751338
2024-02-15,10107.335985553802644580953
2024-02-16,8339.856004139534048301056
2024-02-19,2488.296022728864216607352
2024-02-20,1269.936041321793846330454
2024-02-21,-6366.263940081676365564103
2024-02-22,11548.776078518454278024173
2024-02-23,2780.016097122186474330753
2024-02-26,1012.536115729520920726113
2024-02-27,-1441.343865659541685284234
2024-02-28,-13693.583847045000646059724
2024-02-29,11068.296171573144736175296
2024-03-01,8082.456190194895159331591
2024-03-02,6143.376208820251321455059
2024-03-04,1647.456227449213920726761
2024-03-05,2625.576246081783655462953
2024-03-06,-3123.023735282038775884901
2024-03-07,10570.656283357747325269908
2024-03-11,-669.143697998857342350643
2024-03-12,-20797.823679351852079889283
2024-03-13,-35658.383660701236188353423
2024-03-14,23303.376357952991031384874
2024-03-15,-8940.263623389169721411082
2024-03-18,6606.696395272282252657415
2024-03-19,-19665.263586062652346875500
2024-03-20,4204.296432606027179659755
2024-03-21,22187.976451278321532068242
2024-03-22,4701.936469954231410290527
2024-03-26,10261.776488633757514402703
2024-03-27,4633.296507316900544616422
2024-03-28,11428.656526003661201278916
2024-04-01,20540.616544694040184873029
2024-04-02,11909.136563388038196017235
2024-04-03,3517.896582085655935465673
2024-04-04,-5336.663399213105895891832
2024-04-05,7584.816619491753402970259
2024-04-08,7310.256638200234533213225
2024-04-09,-3174.503343087661803865891
2024-04-10,10261.776675628065093165750
2024-04-12,-6537.863305652584074123196
2024-04-15,-17382.983286929608604028227
2024-04-16,686.496731796992205291028
2024-04-18,-2076.263249472780944189159
2024-04-19,-497.543230738927350356596
2024-04-22,13659.456787998553689036866
2024-04-23,2728.536806739662876375343
2024-04-24,8374.176825484400914178965
2024-04-25,6349.296844232768505103881
2024-04-26,9197.856862984766351942303
2024-04-29,3294.816881740395157622523
2024-04-30,9420.936900499655625208938
2024-05-02,17571.936919262548457902084
2024-05-03,-411.743061970925640961342
2024-05-06,-15529.703043200765967908460
2024-05-07,-18378.263024426971819330170
2024-05-08,13178.976994350457508518863
2024-05-09,-22187.782986868477280479757
2024-05-10,10467.697031916224517691867
2024-05-13,6915.577050704563607187950
2024-05-14,16799.737069496540692299054
2024-05-15,6400.777088292156477452112
2024-05-16,8768.857107091411667210459
2024-05-17,17468.977125894306966273849
2024-05-18,10141.657144700843079478493
2024-05-21,10776.577163511020711797075
2024-05-22,3003.097182324840568338787
2024-05-23,6761.137201142303354349352
2024-05-24,6383.617219963409775211045
2024-05-27,566.377238788160536442730
2024-05-28,-10536.142742383443656300122
2024-05-29,-8528.422723551402097225402
2024-05-30,-9506.542704715714080404339
2024-05-31,652.177314123621100228526
2024-06-03,51960.577332966604150875373
2024-06-04,-17056.942648186764222124884
2024-06-05,-47893.462629336483312296554
2024-06-06,24573.217389517447586972844
2024-06-07,16971.337408375029182432614
2024-06-10,10879.537427236262180968910
2024-06-11,-1166.782553898852710395242
2024-06-12,9077.737464969685215500087
2024-06-13,10828.057483841876665951754
2024-06-14,18155.377502717722348393567
2024-06-18,7704.937521597222970396322
2024-06-19,-11651.542459519620760332188
2024-06-20,1321.417559367191864052873
2024-06-21,-9077.542421742338448466603
2024-06-24,7481.857597151789010228364
2024-06-25,-3740.782383950425051606135
2024-06-26,-1132.462365048979925576864
2024-06-27,-17.062346143874903153426
2024-06-28,3346.297672764890724331774
2024-07-01,11720.377691677317665683546
2024-07-02,-137.182289406593370156049
2024-07-03,8700.217729513158325892319
2024-07-04,6967.057748436573463045281
2024-07-05,10725.097767363652750656793
2024-07-08,1287.097786294396898218166
2024-07-09,5405.497805228806615358088
2024-07-10,326.137824166882611842653
2024-07-11,3346.297843108625597575386
2024-07-12,-5508.262137945963717402724
2024-07-15,10793.737881003115377086792
2024-07-16,-6949.702100044136408640083
2024-07-18,-15014.902081087718364129826
2024-07-19,-31025.182062127629778791347
2024-07-22,15049.417956836130058104029
2024-07-23,-9832.582024196438142577394
2024-07-24,2728.537994774666330168323
2024-07-25,4272.938013749444187482799
2024-07-26,24006.938032727896140645349
2024-07-29,13058.858051710022901073012
2024-07-30,-1544.301929304174819679420
2024-07-31,9060.578089685303690080625
2024-08-01,-5165.061891321540857816477
2024-08-02,-14808.981872324707751402519
2024-08-05,-26391.981853324196278571431
2024-08-06,-30321.621834320005727079264
2024-08-07,34526.018184687864615455850
2024-08-08,-5044.941796300584538446287
2024-08-09,13796.738222714647523872094
2024-08-12,-4444.341758266438484793244
2024-08-13,-14208.381739243841851508523
2024-08-14,1716.098279782438136798085
2024-08-16,19373.738298812402193336479
2024-08-19,8494.298317846051031454655
2024-08-20,12835.778336883385364638740
2024-08-21,4255.778355924405906513006
2024-08-22,9369.458374969113370839913
2024-08-23,-3963.861605982491528479879
2024-08-26,6349.298413069591922592525
2024-08-27,1132.658432125364438234281
2024-08-28,2968.778451184826732760829
2024-08-29,-2711.181529752020479374076
2024-08-30,4753.418489314823516421661
2024-09-02,1184.138508385359434878500
2024-09-03,1870.538527459587990865298
2024-09-04,3346.298546537509899389328
2024-09-05,-3998.181434380874124403686
2024-09-06,-12715.461415295563365229546
2024-09-09,480.578603793442892334443
2024-09-10,3483.578622886145363849507
2024-09-11,-7361.541358017455234984574
2024-09-12,16731.098661082641811670561
2024-09-13,1252.778680186437219791882
2024-09-16,0.098699293931705494990
2024-09-17,-1973.301281594874014965846
2024-09-18,-5130.741262479979225197672
2024-09-19,-9163.341243361383208668820
2024-09-20,16765.418775760914751291126
2024-09-23,20248.898794886915371491344
2024-09-24,1544.498814016619368879816
2024-09-25,-4169.781166849972539456662
2024-09-26,8734.538852287140363707565
2024-09-27,10158.818871427958795737023
2024-09-30,-4924.821109427516525864857
2024-10-01,-1990.461090279284883455713
2024-10-03,-24367.101071127345559254227
2024-10-04,-7601.781051971697835340094
2024-10-07,-31282.581032812340993653998
2024-10-08,18979.058986350725684002410
2024-10-09,14877.819005517502915966553
2024-10-10,-2402.300975312008579285063
2024-10-11,1458.699043862191916863193
2024-10-14,4907.859063040105123166097
2024-10-15,4187.139082221731758517595
2024-10-16,-2814.140898592927458049164
2024-10-17,-30716.300879403871807361806
2024-10-18,5285.379139788899429891296
2024-10-21,-18875.900841014613026838947
2024-10-22,-38506.940821814408457962319
2024-10-23,-3843.740802610486143749270
2024-10-24,-6246.140783402845364330888
2024-10-25,-15752.780764191485399698869
2024-10-28,5559.939255023594470294502
2024-10-29,8648.739274242394965936385
2024-10-30,-4907.660706535083192346592
2024-10-31,-5697.020687308839283988302
2024-11-01,16250.619331921127411716903
2024-11-04,-25825.700648845182384385777
2024-11-05,6778.299370392232048688437
2024-11-06,29275.059389633371432063924
2024-11-07,-13933.820591121763512995301
2024-11-08,-15323.780571873172065085564
2024-11-11,4187.139447379146497336491
2024-11-12,-28416.860533364807104046064
2024-11-13,-23491.940514105032147410419
2024-11-14,5542.779505158472089206006
2024-11-18,-1149.620475574293672094421
2024-11-19,6606.699543696671290930496
2024-11-21,-17709.020437028632299337203
2024-11-22,22445.379582249796279624397
2024-11-25,24899.259601531957750477115
2024-11-26,2882.979620817852836022700
2024-11-27,11651.739640107482259202855
2024-11-28,1458.699659400846743099267
2024-11-29,8271.219678697947010933636
2024-12-02,8528.619697998783786067699
2024-12-03,13710.939717303357792003253
2024-12-04,5903.139736611669752382196
2024-12-05,3586.539755923720390986538
2024-12-06,8631.579775239510431738437
2024-12-09,-3431.900205440959401299772
2024-12-10,7070.019813882311616074439
2024-12-11,2642.739833209324208203833
2024-12-12,-3294.620147459920900428573
2024-12-13,-2024.780128125422985199486
2024-12-16,3809.619891212818678654702
2024-12-17,-17485.940089445195183962065
2024-12-18,-17503.100070099463848005482
2024-12-19,-11514.260050749986588290852
2024-12-20,-34268.420031396762679493061
2024-12-23,2677.059987960208603853452
2024-12-24,755.140007320927987354719
2024-12-26,3449.260026685396196757270
2024-12-27,-8888.779953946386042051835
2024-12-30,-9506.539934574418003044984
2024-12-31,-3462.664755198698960053985
