date,pnl
2008-03-18,0
2008-03-19,19.3630506544079874259124
2008-03-24,19.3667999317144391218134
2008-03-25,19.3705499349953548401798
2008-03-26,19.3743006643913053842181
2008-03-27,19.3780521200428887759310
2008-03-28,19.3818043020907302613872
2008-03-31,19.3855572106754823159932
2008-04-01,19.3893108459378246497655
2008-04-02,646.0095652080184642126040
2008-04-03,955.7916688995684973078201
2008-04-04,521.3416692227183661271501
2008-04-07,173.7816695459308066192692
2008-04-08,1737.8016698692058308999623
2008-04-09,-2085.3583298074565489126401
2008-04-10,2519.8116705159436793019390
2008-04-11,-695.1183291605934723334761
2008-04-15,521.3416711629320083062857
2008-04-16,1129.5716714865201333487438
2008-04-17,2085.3616718101709149237654
2008-04-21,-3736.2683278661156348364331
2008-04-22,-173.7783275423395037972866
2008-04-23,0.0016727814993201781199
2008-04-24,-2259.1383268945991507709486
2008-04-25,-695.1183265706349045028765
2008-04-28,868.9016737533920711263025
2008-04-29,-86.8883259225182117370934
2008-04-30,-1477.1283255983657409443944
2008-05-02,-1042.67832527415050434457827
2008-05-05,0.00167505012751021572996
2008-05-06,2432.92167537446831489225861
2008-05-07,868.9016756988719218430897
2008-05-08,0.0016760233383432286594
2008-05-09,955.7916763478675912117585
2008-05-12,-86.8883233275403220424670
2008-05-13,-173.7783230028853843665157
2008-05-14,0.0016773218324164094697
2008-05-15,173.7816776466130924577034
2008-05-16,1737.8016779714566559527559
2008-05-20,2780.4816782963631190715556
2008-05-21,2954.2616786213324939933885
2008-05-22,608.2316789463647928998987
2008-05-23,-260.6683207285399720249105
2008-05-26,-608.2283204033817885946772
2008-05-27,955.7916799218393553793208
2008-05-28,-3996.9383197528765279118347
2008-05-29,955.7916805724705737252988
2008-05-30,-2867.3683191021193275134750
2008-06-02,434.4516812233537805700089
2008-06-03,1650.9116815488899101762775
2008-06-04,-1998.4683181255109264917799
2008-06-05,-260.6683177998487172289109
2008-06-06,868.9016825258765501724998
2008-06-09,3128.0416828516648879224317
2008-06-10,-2259.1383168224836917667717
2008-06-11,-1303.3483164965691766804023
2008-06-12,-521.3383161705915546013865
2008-06-13,-521.3383158445508133102857
2008-06-16,608.2316844815530594147055
2008-06-17,1216.4616848077200757977583
2008-06-18,-86.8883148660497519345887
2008-06-19,868.9016854602435884465706
2008-06-20,782.0116857866001091725097
2008-06-23,1390.2416861130198224768710
2008-06-24,-1737.7983135604972594043347
2008-06-25,-868.8983132339511242327269
2008-06-26,434.4516870926582402324441
2008-06-27,3996.9416874193308462342986
2008-06-30,2693.5916877460667060183272
2008-07-01,-608.2283119271341681676081
2008-07-02,-434.4483116002717640732737
2008-07-03,1390.2416887266539305539355
2008-07-04,-1042.6783109463570720310023
2008-07-07,-868.8983106193047595707361
2008-07-08,868.9016897078108801944579
2008-07-09,-1303.3483099650101404733217
2008-07-10,868.9016903622321906903974
2008-07-11,1564.0216906895378859524623
2008-07-14,1129.5716910169069575820956
2008-07-15,3736.2716913443394178508955
2008-07-16,-955.7883083281647209671640
2008-07-17,-2346.0283080006054465957316
2008-07-18,-521.3383076729827467560794
2008-07-21,521.3416926547033908328980
2008-07-22,608.2316929824529784546842
2008-07-23,-6256.0783066897339716048587
2008-07-24,608.2316936381425529425101
2008-07-25,-86.8883060339174356125891
2008-07-28,0.0016942940860750228439
2008-07-29,173.7816946221530971441894
2008-07-30,-2259.1383050497163569507913
2008-07-31,608.2316952784777250380442
2008-08-01,-695.1183043932646445867800
2008-08-04,0.0016959350565464796422
2008-08-05,-3301.8183037365586894554003
2008-08-06,521.3416965918896599177647
2008-08-07,-1042.6783030795983930888078
2008-08-08,-86.8883027510228361606781
2008-08-11,-1303.3483024223836569810225
2008-08-12,-521.3383020936808432306320
2008-08-13,-695.1183017649143825879127
2008-08-14,1216.4616985639157372711158
2008-08-18,-1650.9083011071904713271807
2008-08-19,434.4516992217670039459513
2008-08-20,260.6716995507881754216518
2008-08-21,1737.8016998798730554334489
2008-08-22,-782.0082997909783436827414
2008-08-25,-608.2282994617660095886141
2008-08-26,-1477.1282991324899299434758
2008-08-27,1737.8017011968499075957571
2008-08-28,-173.7782984737464846254421
2008-08-29,347.5617018557209057407904
2008-09-01,260.6717021852520910447092
2008-09-02,-2085.3582974851529163610395
2008-09-04,260.6717028445058958785822
2008-09-05,-868.8982968257714598789955
2008-09-08,173.7817035040150287260506
2008-09-09,-86.8882961661346259440632
2008-09-10,-1303.34829583622041152472727
2008-09-11,-1477.12829550624231564893708
2008-09-12,347.56170482379967405270596
2008-09-15,1737.80170515390556995199569
2008-09-16,1129.5717054840753844231217
2008-09-17,173.7817058143091298426693
2008-09-18,7559.4317061446068185896203
2008-09-19,-2606.6982935250315369546462
2008-09-22,2259.1417068053940755936460
2008-09-23,1129.5717071358836686206711
2008-09-24,-347.5582925335627454849984
2008-09-25,347.5617077970548456676086
2008-09-26,-347.5582918722635455281370
2008-09-29,1998.4717084584820933235350
2008-09-30,260.6717087892917746207950
2008-10-01,-1650.9082908798344892357856
2008-10-03,-1650.9082905488966858432348
2008-10-06,1998.4717097821051972038217
2008-10-07,3041.1517101131711723131595
2008-10-08,2432.9217104443012518949572
2008-10-10,2867.3717107754954483617965
2008-10-13,-6516.7482888932462258713381
2008-10-14,-1564.0182885619237583870574
2008-10-15,1998.4717117694628632344318
2008-10-16,-608.2282878990863485846727
2008-10-17,-3128.0382875675713814197671
2008-10-20,-347.5582872359922228438426
2008-10-21,-1650.9082869043488604274834
2008-10-22,-2606.6982865726412817388677
2008-10-23,-2954.2582862408694743437659
2008-10-24,-3214.92828590903342580554125
2008-10-27,1042.68171442286687631485155
2008-10-28,4431.39171475483144445886600
2008-10-29,-260.6682849131397089296351
2008-10-31,-3041.1482845810465714043796
2008-11-03,434.4517157511108694833147
2008-11-04,-252.6175739166673738154595
2008-11-05,19.4861096370403367598124
2008-11-06,19.4898827423199303566428
2008-11-07,19.4936565781878104853234
2008-11-10,19.4974311447854413258506
2008-11-11,19.5012064422543144500016
2008-11-12,19.5049824707359488266382
2008-11-14,19.5087592303718908270120
2008-11-17,19.5125367213037142300700
2008-11-18,19.5163149436730202277619
2008-11-19,19.5200938976214374303477
2008-11-20,19.5238735832906218717071
2008-11-21,19.5276540008222570146494
2008-11-24,19.5314351503580537562246
2008-11-25,19.5352170320397504330353
2008-11-26,19.5389996460091128265502
2008-11-28,19.5427829924079341684179
2008-12-01,19.5465670713780351457826
2008-12-02,-3700.9773981169387360934005
2008-12-03,1817.23097303231490897947775
2008-12-04,-1501.18902677927635100093790
2008-12-05,-632.07902659083112930158625
2008-12-08,316.04097359765058114149888
2008-12-10,316.04097378616878739365139
2008-12-11,1975.25097397472349652157328
2008-12-12,-237.02902583668528440666511
2008-12-15,711.09097435194245167837516
2008-12-16,395.0509745406067118475017
2008-12-17,1106.1409747293075031728918
2008-12-18,869.1109749180448327280913
2008-12-19,-2133.2690248931812924119836
2008-12-22,790.1009752956291348289529
2008-12-23,632.0809754844761215285569
2008-12-24,158.0209756733596747658549
2008-12-26,-316.0390241377201983787559
2008-12-29,3555.4509760512365091764925
2008-12-30,-790.0990237597701954852600
2008-12-31,158.0209764292596947204970
2009-01-01,1343.1709766183261868796467
2009-01-02,0.0009768074292880794436
2009-01-05,-1422.1790230034309945914850
2009-01-06,-1343.1690228142546540431397
2009-01-07,1501.1909773749583168158521
2009-01-09,-632.0790224357920749217639
2009-01-12,237.0309777534941778381313
2009-01-13,-2054.2590220571829178089699
2009-01-14,632.0809781321766452337992
2009-01-15,-1264.1590216784271259353207
2009-01-16,1106.1409785110057757832853
2009-01-19,1106.1409787004753574906074
2009-01-20,-316.0390211100183737109900
2009-01-21,2844.3609790795245892822334
2009-01-22,-711.0890207308957464246070
2009-01-23,1106.1409794587206262749801
2009-01-27,1580.2009796483737144888623
2009-01-28,-1422.1790201619364746737173
2009-01-29,-553.0690199722099341021380
2009-01-30,4661.5909802175533433155970
2009-02-02,-158.0190195926466353071382
2009-02-03,-869.1090194028098628555920
2009-02-04,-790.0990192129363322136353
2009-02-05,948.1209809769739637362388
2009-02-06,316.0409811669210321129158
2009-02-09,-474.0590186430951199633410
2009-02-10,-395.0490184530744853708891
2009-02-11,2370.3009817369829430132928
2009-02-12,2449.3109819270771723136052
2009-02-13,-316.0390178827917903441720
2009-02-16,711.0909823073760621671213
2009-02-17,4108.5209824975807369760247
2009-02-18,4187.5309826878222412124583
2009-02-19,-1422.1790171218994179922770
2009-02-20,711.0909830684157664945003
2009-02-24,-237.0290167412321981931473
2009-02-25,-3713.4690165508433049197756
2009-02-26,-474.0590163604175465485591
2009-02-27,1027.1309838300450840587100
2009-03-02,3081.3909840205445940416212
2009-03-03,-2844.3590157889190094588532
2009-03-04,-1264.1590155983457193003582
2009-03-05,0.0009845922644716608438
2009-03-06,2765.3509847829115705698741
2009-03-09,-79.0090150264044154267626
2009-03-12,-2291.2890148356834791811780
2009-03-13,553.0709853550743864559004
2009-03-16,79.0109855458691886351293
2009-03-17,-711.0890142632990654914497
2009-03-18,-790.0990140724303687704107
2009-03-19,553.0709861184752859530578
2009-03-20,2844.3609863094179058351527
2009-03-23,158.0209865003974980334561
2009-03-24,-1896.2390133085859302930635
2009-03-25,-1422.1790131175323719840517
2009-03-26,1422.1809870735581801222325
2009-03-27,0.0009872646857331889169
2009-03-30,0.0009874558502943805160
2009-03-31,-1106.1390123529481291370679
2009-04-01,-158.0190121617095301965456
2009-04-02,-1343.1690119704339016292396
2009-04-06,-5451.6890117791212362650847
2009-04-08,2449.3109884122284730673731
2009-04-09,-1185.1490113963847664590241
2009-04-13,0.0009887950390523299551
2009-04-15,474.0609889864999366099310
2009-04-16,-395.0490108220021064420867
2009-04-17,-2054.2590106304670696476982
2009-04-20,474.0609895611050541728856
2009-04-21,1896.2409897527142722008445
2009-04-22,-158.0190100556394083812512
2009-04-23,237.0309901360440196105591
2009-04-24,2370.3009903277645633616277
2009-04-27,553.0709905195222300586977
2009-04-28,-790.0990092886829731100960
2009-04-29,-1343.1690090968510389552269
2009-05-04,-1027.1290089049819602857759
2009-05-05,237.0309912869242700905679
2009-05-06,316.0409914788676593675085
2009-05-07,1185.1509916708482147401426
2009-05-08,-158.0190081371340565950400
2009-05-11,79.0109920549208525598444
2009-05-12,-158.0190077529870505959275
2009-05-13,1580.2009924391422411383159
2009-05-14,158.0209926313087349646396
2009-05-15,-79.0090071764875619134962
2009-05-18,0.0009930157533577087630
2009-05-19,-4266.5390067919684989623328
2009-05-20,-237.0290065996531247191383
2009-05-21,1343.1709935926994876473869
2009-05-22,869.1109937850893453476798
2009-05-25,316.0409939775164555935732
2009-05-26,0.0009941699808255982962
2009-05-27,553.0709943624824625764750
2009-05-28,474.0609945550213737441324
2009-05-29,1106.1409947475975663186887
2009-06-01,1106.1409949402110475189615
2009-06-02,-1106.1390048671381754348337
2009-06-03,632.0809953255499046789167
2009-06-04,-553.0690044817247049167754
2009-06-05,790.1009957110380030025003
2009-06-08,-2528.3190040961619643374468
2009-06-09,-158.0190039033245997094082
2009-06-10,1106.1409962895501041152240
2009-06-11,-237.0290035175378456335427
2009-06-12,-632.0790033245884417243008
2009-06-15,-1027.1290031316016769242427
2009-06-16,79.0109970614224560008402
2009-06-17,-237.0290027455160357134437
2009-06-18,869.1109974475828551699162
2009-06-19,-316.0390023592808641106692
2009-06-22,-474.0590021661071863153869
2009-06-23,79.0109980271038957969780
2009-06-24,395.0509982203523894690423
2009-06-25,948.1209984136383019448250
2009-06-26,632.0809986069616404697483
2009-06-29,-1027.1290011996775877093629
2009-06-30,0.0009989937206246557191
2009-07-01,-1027.1290008128437151853737
2009-07-02,474.0609993806294000183936
2009-07-03,-395.0490004258600224805394
2009-07-06,790.1009997676880245716707
2009-07-07,316.0409999612735484302720
2009-07-08,-237.0289998451034436480821
2009-07-09,-553.0689996514429444053339
2009-07-10,-316.0389994577449465820198
2009-07-13,869.1110007359905570827296
2009-07-14,553.0710009297635738511890
2009-07-15,395.0510011235741109870399
2009-07-16,1106.1410013174221757553701
2009-07-17,79.0110015113077754226738
2009-07-20,316.0410017052309172568528
2009-07-21,237.0310018991916085272157
2009-07-22,-316.0389979068101434955209
2009-07-23,1027.1310022872256684607667
2009-07-24,-553.0689975187009483303886
2009-07-27,395.0510026754100134059533
2009-07-28,-316.0389971304414390538579
2009-07-29,-1817.2289969362552984320641
2009-07-30,-316.0389967420315574494979
2009-07-31,158.0210034522297911744177
2009-08-03,1027.1310036465287547216692
2009-08-04,-3230.1686461591346595243467
2009-08-05,2131.9289642531342601352359
2009-08-06,-2684.6310340111128646886185
2009-08-07,-3026.7910322750238948040171
2009-08-10,-1592.3510305385987651327714
2009-08-11,-710.6310288018374105840916
2009-08-12,355.3289729352602339454156
2009-08-13,4198.0489746726942335717496
2009-08-14,829.0889764104646534235182
2009-08-17,-4684.9510218514284413580600
2009-08-18,1579.2089798870150143808469
2009-08-19,-2316.1510183742049141933130
2009-08-20,1960.8489833649118380985258
2009-08-21,723.8089851043653364480503
2009-08-24,1855.5689868441556460595700
2009-08-25,184.2489885842828321500204
2009-08-26,1487.0889903247469599489644
2009-08-27,-355.3110079344519053014038
2009-08-28,855.4089938066863016537418
2009-08-31,-13.1510044518383539181365
2009-09-01,-1973.9910027100258067369391
2009-09-02,-571.5816009678759915099263
2009-09-03,3305.2518944188426854104514
2009-09-04,0.0018947856599655262771
2009-09-07,734.5018951525482726578605
2009-09-08,734.5018955195076205581991
2009-09-09,-1175.1981041134619770170473
2009-09-10,-954.8481037463605063095552
2009-09-11,1542.4518966208120464416631
2009-09-14,146.9018969880556950002597
2009-09-15,-73.4481026446295468674482
2009-09-16,1248.6518977227563346075222
2009-09-17,-146.8981019097866468031803
2009-09-18,-587.5981015422584773252402
2009-09-22,-146.8981011746591431816747
2009-09-23,0.0018991930113694071660
2009-09-24,-514.1481004392469257763991
2009-09-25,-1468.9981000714340149473835
2009-09-29,-661.0480997035498843181303
2009-09-30,734.5019006644054799016859
2009-10-01,220.3519010324320915050616
2009-10-05,-1683.8818785994700357123360
2009-10-06,-1050.0744363946824524128633
2009-10-07,1460.4855666189063288760111
2009-10-08,917.3355696330786328871220
2009-10-09,1001.8255726478345726082697
2009-10-12,337.9755756631742610491324
2009-10-14,2522.6455786790978112412704
2009-10-15,2908.8855816956053362381304
2009-10-16,1400.1355847126969491150494
2009-10-17,60.3655877303727629692597
2009-10-20,-241.3844092513671090801076
2009-10-21,-2631.2444062325225538920179
2009-10-22,-1122.4944032130934583035294
2009-10-23,760.4255998069202908702119
2009-10-26,-1219.0543971724811931640243
2009-10-27,-6167.7543941512977971775477
2009-10-28,844.9156088704705920802564
2009-10-29,-374.1543881071759121180688
2009-10-30,-168.9643850842371964780465
2009-11-03,-3198.5343820607131476832632
2009-11-04,3162.3556209633963476046366
2009-11-05,2727.8356239880914027459535
2009-11-06,1412.2056270133721311229390
2009-11-09,3186.4956300392386461397981
2009-11-10,-48.2643669343089387773054
2009-11-11,1786.3756360927294898197553
2009-11-12,-1315.6143608796459545989264
2009-11-13,977.6856421485648414587144
2009-11-16,1508.7656451773619915067181
2009-11-17,-1110.4243517932543909188952
2009-11-18,929.4056512367158077398789
2009-11-19,-1701.8543457327272989369674
2009-11-20,1158.7356572984164026525512
2009-11-23,0.0156603301470261324164
2009-11-24,-1327.6843366375353148513886
2009-11-25,1001.8256663953694933691241
2009-11-26,-362.0843305711384355160475
2009-11-27,-1436.3143275370589877948916
2009-11-30,1110.4556754976079502666215
2009-12-01,2160.5456785328624924245440
2009-12-02,-181.0343184312952475430453
2009-12-03,2655.4156846051348441639636
2009-12-04,-1689.7843123578471186322848
2009-12-07,543.1656906797589779123942
2009-12-08,301.7656937179532476642285
2009-12-09,543.1656967567358045114941
2009-12-10,-362.0843002038932376354805
2009-12-11,60.3657028360662351556892
2009-12-14,-1931.1842941233856631605510
2009-12-15,-120.6842910822488186076906
2009-12-16,-663.8342880405231171871494
2009-12-17,181.0657150017915551217258
2009-12-18,-869.0242819553046876383332
2009-12-21,808.7057210881882685974869
2009-12-22,1569.1157241322705379160865
2009-12-23,1207.0157271769422344264559
2009-12-24,1025.9657302222034722596812
2009-12-29,0.0157332680543655689470
2009-12-30,603.5157363144950285295422
2009-12-31,-784.5342606384744246611371
2010-01-04,2595.0657424091461202164175
2010-01-05,965.6157454573567774038310
2010-01-06,1870.8657485061576611648486
2010-01-07,-724.1842484444511142146590
2010-01-08,-1146.6342453944694344266923
2010-01-11,1267.3657576561028148588820
2010-01-12,-784.5342392927342520056653
2010-01-13,724.2157637590194793540788
2010-01-14,1146.6657668113641233346741
2010-01-15,-181.0342301357002056451696
2010-01-18,663.8657729178266068554128
2010-01-19,-1327.6842240280553247005543
2010-01-20,-60.3342209733458858278834
2010-01-21,-2896.7842179180449620192183
2010-01-22,-1327.6842148621524387450317
2010-01-25,-2172.5842118056682014536192
2010-01-27,-4248.6242087485921355710961
2010-01-28,627.6557943090758734986078
2010-01-29,1146.6657973673359403737515
2010-02-01,1448.4158004261881796947876
2010-02-02,-784.5341965143672938756330
2010-02-03,2595.0658065456696343473426
2010-02-04,-2112.2341903937009209292266
2010-02-05,-2920.9241873324788449760702
2010-02-06,6843.7058157293359769582970
2010-02-08,-5009.0341812082563403524206
2010-02-09,181.0658218547443178877055
2010-02-10,-724.1841750816619335031685
2010-02-11,784.5658279825250203153459
2010-02-15,301.7658310473052942058740
2010-02-16,301.7658341126790030532817
2010-02-17,905.2658371786462617646806
2010-02-18,-1025.9341597547928147305687
2010-02-19,-362.0841566876381114808516
2010-02-22,-965.5841536198895135122951
2010-02-23,-241.3841505515469058287641
2010-02-24,-193.1041474826101734118565
2010-02-25,-301.7341444130792012208994
2010-02-26,2124.3358586570461258070559
2010-03-02,2051.9158617277659227572374
2010-03-03,3198.5658647990803047371573
2010-03-04,784.5658678709893868766161
2010-03-05,1086.3158709434932843277069
2010-03-08,603.5158740165921122648198
2010-03-09,-1206.9841229097140141153538
2010-03-10,-1206.9841198354249795938170
2010-03-11,60.3658832394593310707372
2010-03-12,60.3658863149390331419298
2010-03-15,-663.8341106089857580942996
2010-03-16,784.5658924676850726703117
2010-03-17,-301.7341044550483592336467
2010-03-18,724.2158986228140615467465
2010-03-19,603.5159017012724503867485
2010-03-22,-1025.9340952196730773160437
2010-03-23,-120.6840921400224061416881
2010-03-25,663.8659109402245793521058
2010-03-26,1388.0659140210679946299818
2010-03-29,-362.0840828974920448210591
2010-03-30,784.5659201845445765083464
2010-03-31,784.5659232671779741499273
2010-04-01,543.1659263504082636577832
2010-04-05,1629.4659294342355606083885
2010-04-06,482.8159325186599806005970
2010-04-07,724.2159356036816392556453
2010-04-08,-905.2340613106993477828415
2010-04-09,543.1659417755171351511536
2010-04-12,-1025.9340551376687962539563
2010-04-13,120.7159479497429737126434
2010-04-15,-603.4840489622474392158282
2010-04-16,-603.4840458736399192837421
2010-04-19,-1508.7340427844343507130558
2010-04-20,362.1159603053693822966917
2010-04-21,362.1159633957713955683836
2010-04-22,1388.0659664867718049473303
2010-04-23,905.2659695783707263012728
2010-04-26,-181.0340273294317244796116
2010-04-27,181.0659757633645685172935
2010-04-28,-1931.1840211432402787729507
2010-04-29,1207.0159819507538496071652
2010-04-30,1810.5159850453470696376040
2010-05-03,-181.0340118594605026792151
2010-05-04,-2353.6340087636687513184104
2010-05-05,965.6159943327224397673653
2010-05-06,-1629.4340025702868133520704
2010-05-07,-2232.9339994726963945844254
2010-05-10,2957.1660036254938121850718
2010-05-11,-1327.6839932757160769063245
2010-05-12,-422.4339901763259456988716
2010-05-13,3681.3660129236643219896646
2010-05-14,-1689.7839839757451576359848
2010-05-16,0.0160191254457316514115
2010-05-17,60.3660222272371061015904
2010-05-18,-1146.6339746703709180132017
2010-05-19,-2474.3339715673782243982050
2010-05-20,301.7660315362153032638590
2010-05-21,-3198.5339653595902186872089
2010-05-24,1207.0160377452053261109193
2010-05-25,-3560.6339591493979459568977
2010-05-26,2232.9660439566000815167354
2010-05-27,905.2660470631995249617529
2010-05-28,1810.5160501704005008306345
2010-05-31,1689.8160532782031255984075
2010-06-01,-2293.2839436133924842373464
2010-06-02,1146.6660594956137878435109
2010-06-03,2051.9160626052220583836800
2010-06-04,1508.7660657154324439484274
2010-06-07,-1870.8339311737549388744096
2010-06-08,-1146.6339280623399734744189
2010-06-09,1267.3660750496774567813910
2010-06-10,1448.4160781622974685485954
2010-06-11,-1327.6839187244798214946425
2010-06-14,241.4160843893457033524331
2010-06-15,1388.0660875037741598131747
2010-06-16,-181.0339093811943353664640
2010-06-17,905.2660937344403345820766
2010-06-18,-1388.0339031493217135500345
2010-06-21,2172.6160999675196370509866
2010-06-22,-724.1838969150354967784581
2010-06-23,844.9161062030130018206572
2010-06-24,422.4661093216652497299853
2010-06-25,905.2661124409213638538108
2010-06-28,422.4661155607814611190548
2010-06-29,1086.3161186812456584752790
2010-06-30,181.0661218023140728946900
2010-07-01,-60.3338750760131786278563
2010-07-02,422.4661280462640209251498
2010-07-05,-965.5838688308542114061233
2010-07-06,1086.3161342926322414411542
2010-07-07,-905.2338625832765034475196
2010-07-08,1327.7161405414196710360236
2010-07-09,603.5161436667208820226283
2010-07-12,-724.1838532073727533341806
2010-07-13,1388.0661499191388821418055
2010-07-14,-663.8338469537440943505151
2010-07-15,543.1661561739784344104487
2010-07-16,-60.3338406976934143310143
2010-07-19,181.0661624312404766920872
2010-07-20,60.3661655607802247694503
2010-07-21,1146.6661686909259472134834
2010-07-22,0.0161718216777613593103
2010-07-23,120.7161749530357845647739
2010-07-26,-1931.1838219149998657895583
2010-07-27,1689.8161812175709276996094
2010-07-28,241.4161843507482824583056
2010-07-29,-241.3838125154676840647039
2010-07-30,241.4161906189231456020886
2010-08-02,724.2161937539208889529365
2010-08-03,1146.6661968895256635048441
2010-08-04,-120.6837999742624132024299
2010-08-05,-1267.3337968374432236063671
2010-08-06,1207.0162062999833498783144
2010-08-09,362.1162094380174248596646
2010-08-10,-482.7837874233408810314941
2010-08-11,-301.7337842840914501415620
2010-08-12,60.3662188557658352058415
2010-08-13,905.2662219962310927098829
2010-08-16,663.8662251373044400925189
2010-08-17,-301.7337717210140049014992
2010-08-18,3017.5162314212758754953786
2010-08-19,1508.7662345641741990735060
2010-08-20,-2413.9837622923189163539557
2010-08-23,2293.3162408517966470489674
2010-08-24,-663.8337560034789928589349
2010-08-25,-1689.7837528581457181960509
2010-08-26,362.1162502877965889420559
2010-08-27,-1689.7837465656519535173475
2010-08-30,-1327.6837434184912276241606
2010-08-31,-844.8837402707211154054431
2010-09-01,2232.9662628776585011345875
2010-09-02,1750.1662660266477400145618
2010-09-03,1146.6662691762467192759623
2010-09-06,2414.0162723264555569831279
2010-09-07,-181.0337245227256287767416
2010-09-08,-2112.2337213712967198935811
2010-09-09,2776.1162817807424017655439
2010-09-13,2595.0662849333918543564427
2010-09-14,-120.6837119133482439421974
2010-09-15,724.2162912405222250711939
2010-09-16,-1991.5337056049966203789252
2010-09-17,1086.3162975500953379547949
2010-09-20,3258.9163007057982183426004
2010-09-21,-2172.5836961378878609223621
2010-09-22,422.4663070190372184759595
2010-09-23,-844.8836898234264251234734
2010-09-24,1086.3163133347213266412151
2010-09-27,1569.1163164934805921548187
2010-09-28,-1750.1336803471485101749454
2010-09-29,-1025.9336771871658619174331
2010-09-30,-1327.6836740265713446190682
2010-10-01,4043.4663291346351601966618
2010-10-04,3017.5163322964537710292095
2010-10-05,482.8163354588846064009733
2010-10-06,1146.6663386219277848573008
2010-10-07,-60.3336582144165750335065
2010-10-08,-422.4336550501483546801884
2010-10-11,1750.1663481147325645314781
2010-10-12,-2413.9836487197736987613167
2010-10-13,1991.5663544463329741015890
2010-10-14,-543.1336423869472981966660
2010-10-15,-3681.3336392196143969499632
2010-10-18,905.2663639483317965708019
2010-10-19,422.4663671168914011177227
2010-10-20,-60.3336297139354645341129
2010-10-21,2474.3663734558513184133811
2010-10-22,301.7663766262518687812942
2010-10-25,-60.3336202027336945862776
2010-10-26,-422.4336170311052528222255
2010-10-27,-482.7836138588626870364250
2010-10-28,-1025.9336106860058783157309
2010-10-29,-362.0836075125347077239722
2010-11-01,1991.5663956615509436980512
2010-11-02,1750.1663988362511949325737
2010-11-03,543.1664020115661649848683
2010-11-04,1146.6664051874959728832512
2010-11-05,0.0164083640407376790860
2010-11-08,0.0164115412005784467880
2010-11-09,-120.6835852810243857161706
2010-11-10,1025.9664178973659643107430
2010-11-11,-2353.6335789236282523288727
2010-11-12,-2957.1335757440069164683499
2010-11-15,-1870.8335725637699089179460
2010-11-16,-2112.2335693829171104648399
2010-11-18,724.2164337985515981268728
2010-11-19,-3258.8835630193636638838158
2010-11-22,1870.8664401633372227851788
2010-11-23,482.8164433466543774390372
2010-11-24,-3198.5335534694120805939581
2010-11-25,-5491.8335502848620319624197
2010-11-26,-1508.7335470996953572918498
2010-11-29,2715.7664560860880628153638
2010-11-30,301.7664592724883477799525
2010-12-01,6035.0164624595056170457712
2010-12-02,241.4164656471399900798026
2010-12-03,-2293.2835311646084136278383
2010-12-06,-844.8835279757394745638990
2010-12-07,-2293.2835247862530731919861
2010-12-08,-2353.6335215961490899525601
2010-12-09,-4586.5835184054274052629311
2010-12-10,-905.2335152140878995172546
2010-12-13,2776.1164879778695469134736
2010-12-14,2232.9664911704450536814215
2010-12-15,-1086.2835056363612595380751
2010-12-16,1086.3164975574507269534931
2010-12-20,-1508.7334992481188671221879
2010-12-21,1146.6665039469300779797501
2010-12-22,0.0165071425976820273613
2010-12-23,-241.3834896611159351881093
2010-12-24,-1206.9834864642106538522212
2010-12-27,905.2665167333136458726652
2010-12-28,-120.6834800685429161526056
2010-12-29,1207.0165231302197799560193
2010-12-30,301.7665263296018541058060
2010-12-31,1267.3665295296034262272384
2011-01-03,-301.7334672697753837259775
2011-01-04,482.8165359314655442230911
2011-01-05,-1750.1334608666736699253919
2011-01-06,-1448.3834576641929061480269
2011-01-07,-3017.4834544610920443981740
2011-01-10,-3560.6334512573709646059486
2011-01-11,-2595.0334480530295466782171
2011-01-12,3319.2665551519323295014078
2011-01-13,241.4165583575147840725719
2011-01-14,-1870.8334384362820628018166
2011-01-17,-965.5834352294580909355821
2011-01-18,-844.8834320220131801192775
2011-01-19,1931.2165711860527898798208
2011-01-20,-1388.0334256052600606822833
2011-01-21,2293.3165776040483884736998
2011-01-24,-724.1834191860217423496508
2011-01-25,60.3665840245296671735382
2011-01-27,-2232.9334127642972626075610
2011-01-28,-3439.9334095525024113204730
2011-01-31,844.9165936599143414305854
2011-02-01,-2112.2334031270468839352904
2011-02-02,-561.1827999133859669756879
2011-02-03,-802.0767241706899123161710
2011-02-04,1871.5232764636105763480509
2011-02-07,-334.1967229019661150628059
2011-02-08,334.2032777325800372329426
2011-02-09,467.8832783672490570215859
2011-02-10,401.0432790020409680940187
2011-02-11,-334.1967203630442057542575
2011-02-14,0.0032802719935592768663
2011-02-15,802.0832809071542869921079
2011-02-16,467.8832815424380012007937
2011-02-17,267.3632821778447257168611
2011-02-18,467.8832828133744843588580
2011-02-21,200.5232834490273009499446
2011-02-22,334.2032840848031993178938
2011-02-23,133.6832847207022032950927
2011-02-24,1737.8432853567243367185424
2011-02-25,-868.9167140071303765701398
2011-02-28,66.8432866291380872752795
2011-03-01,334.2032872655297521056513
2011-03-03,1136.2832879020446417764446
2011-03-04,-935.7567114613172198522523
2011-03-07,1737.8432891754441910842689
2011-03-08,-735.2367101876711015446625
2011-03-09,-66.8367095506630738650955
2011-03-10,133.6832910864682980015437
2011-03-11,-935.7567082762769620615474
2011-03-14,267.3632923611011698334531
2011-03-15,-668.3967070013972824210074
2011-03-16,-1136.2767063637722949278553
2011-03-17,-534.7167057260238437853898
2011-03-18,1671.0032949118480949127181
2011-03-21,935.7632955498435450774264
2011-03-22,267.3632961879625306243230
2011-03-23,-200.5167031737949245263737
2011-03-24,534.7232974645712035501868
2011-03-25,-935.7567018969390612165126
2011-03-28,-601.5567012583256948923556
2011-03-29,-1002.5967006195886735385915
2011-03-30,467.8833000192720267881658
2011-03-31,534.7233006582564300359386
2011-04-01,334.2033012973645601573859
2011-04-04,-334.1966980634035588901949
2011-04-05,-66.8366974240479031448678
2011-04-06,1470.4833032154315513599432
2011-04-07,-133.6766961449651714045457
2011-04-08,1002.6033044947619525375240
2011-04-11,601.5633051346129471666525
2011-04-13,-534.7166942254121635320163
2011-04-15,1269.9633064146866444313059
2011-04-18,668.4033070549093950510522
2011-04-19,1470.4833076952561123263022
2011-04-20,267.3633083357268202607819
2011-04-21,0.0033089763215428628657
2011-04-25,1871.5233096170403041455763
2011-04-26,-1336.7966897421168718734136
2011-04-27,133.6833108988500388282192
2011-04-28,2272.5633115399410602774490
2011-04-29,-66.8366878188437834940971
2011-05-02,2406.2433128224955315498612
2011-05-03,-935.7566865360409705497421
2011-05-04,-1002.5966858944532657473173
2011-05-05,-1537.3166852527413299926192
2011-05-06,1002.6033153890948607692545
2011-05-09,-1269.9566839689446694021363
2011-05-10,735.2433166731401035574272
2011-05-11,601.5633173153492037168230
2011-05-12,-2339.3966820423173448504102
2011-05-13,2005.2033186001404819339280
2011-05-16,-1203.1166807572772918473006
2011-05-17,66.8433198854293578934299
2011-05-18,-334.1966794717395447516911
2011-05-19,-334.1966788287839756858090
2011-05-20,735.2433218142960891925966
2011-05-23,1604.1633224575006739897132
2011-05-24,735.2433231008298028163954
2011-05-25,802.0833237442834997881669
2011-05-26,-601.5566756121382109747793
2011-05-27,267.3633250315646946524203
2011-05-30,200.5233256753922407993003
2011-05-31,601.5633263193444516000678
2011-06-01,-1136.2766730365786488063972
2011-06-02,1269.9633276076229637234595
2011-06-03,-1136.2766717480506866621332
2011-06-06,735.2433288964004241897297
2011-06-07,200.5233295409763204366296
2011-06-08,-1136.2766698143229737591739
2011-06-09,133.6833308305025657692567
2011-06-10,601.5633314754529631935387
2011-06-13,-1336.7966678794717573100302
2011-06-14,-802.0766672342715715604711
2011-06-15,-534.7166665889464553721230
2011-06-16,1136.2833340565036154453582
2011-06-17,66.8433347020786650870008
2011-06-20,1604.1633353477787177525177
2011-06-21,267.3633359936037976463077
2011-06-22,66.8433366395539289774565
2011-06-23,-334.1966627143708640402629
2011-06-24,-1470.4766620681705571883887
2011-06-27,-1470.4766614218451262437699
2011-06-28,-133.6766607753945469785649
2011-06-29,200.5233398711812048397589
2011-06-30,-534.7166594821178465515736
2011-07-01,-1938.3566588352916769106445
2011-07-04,-267.3566581883402619908418
2011-07-05,267.3633424587364224591412
2011-07-06,1737.8433431059384006953072
2011-07-07,1069.4433437532656969783552
2011-07-08,-401.0366555992816644263175
2011-07-11,1804.6833450482963407513842
2011-07-12,735.2433456959997367862553
2011-07-13,1537.3233463438285479577910
2011-07-14,1737.8433469917827985501876
2011-07-15,-1136.2766523601374871476562
2011-07-18,2339.4033482880677151578614
2011-07-19,0.0033489363984297650457
2011-07-20,-1871.5166504151453190230923
2011-07-21,668.4033502334364931011634
2011-07-22,-1269.9566491178561095497639
2011-07-25,2673.6033515309768973412562
2011-07-26,-1269.9566478200644619039367
2011-07-27,334.2033528290198370412059
2011-07-28,-267.3566465217701814920570
2011-07-29,0.0033541275655068322450
2011-08-01,267.3633547770269263547944
2011-08-02,1069.4433554266141014209867
2011-08-03,3743.0433560763270563809317
2011-08-04,534.7233567261658155894538
2011-08-05,668.4033573761304034060935
2011-08-08,6216.1233580262208441951078
2011-08-09,6684.0033586764371623254714
2011-08-10,-1670.9966406732206178291220
2011-08-11,4010.4033599772475281097403
2011-08-12,-2740.4366393721583754748087
2011-08-16,1470.4833612785616958050860
2011-08-17,2272.5633619294077663420010
2011-08-18,1203.1233625803798605332363
2011-08-19,7419.2433632314780027808158
2011-08-22,334.2033638827022174914887
2011-08-23,-267.3566354659474709232702
2011-08-24,-2473.0766348144710380472593
2011-08-25,-9892.3166341628684594595490
2011-08-26,4946.1633664888602892655187
2011-08-29,2272.5633671407152325583313
2011-08-30,-1938.3566322073036051459930
2011-09-02,5079.8433684448038005923951
2011-09-05,3943.5633690970374742180776
2011-09-06,-1336.7966302506025598196307
2011-09-07,-4277.7566295981162770666806
2011-09-08,-534.7166289455036530642880
2011-09-09,5213.5233717072353366510671
2011-09-12,-467.8766276398992834523579
2011-09-13,-1069.4366269869074889015686
2011-09-14,2339.4033736662107447811687
2011-09-15,-2005.1966256805445579216728
2011-09-16,-3676.1966250271733725228794
2011-09-19,4812.4833756263243254695041
2011-09-20,-1136.2766237200514394478248
2011-09-21,1470.4833769336993572265748
2011-09-22,-868.9166224124232600011118
2011-09-23,-2339.3966217584192666199546
2011-09-26,-11028.5966211042886381142771
2011-09-27,4411.4433795499686500363439
2011-09-28,-2406.2366197956473776429203
2011-09-29,-2940.9566191411366966221497
2011-09-30,2072.0433815135007176333255
2011-10-03,2807.2833821682648896629256
2011-10-04,802.0833828231558440108227
2011-10-05,-5881.9166165218263947740586
2011-10-07,3208.3233841333181978619596
2011-10-10,534.7233847885896464773094
2011-10-11,802.0833854439879756351785
2011-10-12,1403.6433860995132099035106
2011-10-13,-802.0766132448346261449935
2011-10-14,133.6833874109444920671250
2011-10-17,200.5233880668505891220840
2011-10-18,-868.9166112771163103931388
2011-10-19,-668.3966106209561818868053
2011-10-20,-1136.2766099646690007624148
2011-10-21,601.5633906917452575812949
2011-10-24,3141.4833913482866177503507
2011-10-25,-534.7166079950448956444569
2011-10-26,2807.2833926617507420124283
2011-10-28,601.5633933186735553413291
2011-10-31,-1938.3566060242764310326650
2011-11-01,1136.2833946329008075203042
2011-11-02,2539.9233952902052956348636
2011-11-03,735.2433959476370579504103
2011-11-04,1336.8033966051961191111124
2011-11-08,4144.0833972628825037659096
2011-11-09,735.2433979206962365685147
2011-11-11,-1069.4366014213626578225860
2011-11-14,2138.8833992367058452558686
2011-11-15,-467.8766001050982295280851
2011-11-16,1871.5234005532251424983661
2011-11-17,-735.2365987883240139871875
2011-11-18,-2606.7565981297456743023769
2011-11-21,267.3634025289601862399457
2011-11-22,133.6834031877935923317087
2011-11-23,-802.0765961532454313303785
2011-11-24,668.4034045058431399551753
2011-11-25,-1470.4765948349406691053554
2011-11-28,2406.2434058244031661990875
2011-11-29,-66.8365935161253294156529
2011-11-30,334.2034071434738687710523
2011-12-01,2005.2034078032007854846184
2011-12-02,-66.8365915369445545447515
2011-12-05,-334.1965908769621265820658
2011-12-07,-1069.4365902168519058875435
2011-12-08,1604.1634104433861322833869
2011-12-09,-1203.1165888962479873199121
2011-12-12,-1938.3565882357542399432855
2011-12-13,200.5234124248673991722149
2011-12-14,-1403.6365869143830452096687
2011-12-15,-6416.6365862535055483203993
2011-12-16,-1269.9565855925000853866437
2011-12-19,935.7634150686333683697283
2011-12-20,1002.6034157298948377316443
2011-12-21,2205.7234163912843474868310
2011-12-22,-1804.6765829471980775721855
2011-12-23,-200.5165822855524126480784
2011-12-26,-200.5165816237786329387193
2011-12-27,-735.2365809618767136371776
2011-12-28,-267.3565802998466299317189
2011-12-29,-3275.1565796376883570058049
2011-12-30,1737.8434210245981299619081
2012-01-02,601.5634216870128557975698
2012-01-03,1737.8434223495558453321375
2012-01-04,1403.6434230122271234013759
2012-01-05,-133.6765763249732851541409
2012-01-06,668.4034243379546445109709
2012-01-07,-334.1965749989890627530940
2012-01-09,-1002.5965743358043820913293
2012-01-10,-1269.9565736724912886439157
2012-01-11,735.2434269909502424537795
2012-01-12,467.8834276545202360712034
2012-01-13,-1670.9965716817812829173810
2012-01-16,668.4034289820457103671052
2012-01-17,935.7634296460012408085589
2012-01-18,-1136.2765696899146667043053
2012-01-19,66.8434309742980127220466
2012-01-20,-1470.4765683613606960140312
2012-01-23,1336.8034323031092319906366
2012-01-24,-935.7565670322921783559527
2012-01-25,-467.8765663675649021409790
2012-01-27,3876.7234342972910855532019
2012-01-30,1269.9634349622758096490589
2012-01-31,1136.2834356273892950738866
2012-02-01,334.2034362926315667598066
2012-02-02,-735.2365630419973503562326
2012-02-03,401.0434376235025686675470
2012-02-06,-3341.9965617108686512222478
2012-02-07,467.8834389548890149258203
2012-02-08,2406.2434396207755920680205
2012-02-09,-534.7165597132088948345466
2012-02-10,-534.7165590470644208159462
2012-02-13,-735.2365583807909609054102
2012-02-14,-534.7165577143884901273348
2012-02-15,1203.1234429521430164987196
2012-02-16,-133.6765563811964160419704
2012-02-17,0.0034442855932372407096
2012-02-21,601.5634449525120013417133
2012-02-22,1203.1234456195599012608334
2012-02-23,2205.7234462867369620027042
2012-02-24,66.8434469540432085768008
2012-02-27,-735.2365523785213340025582
2012-02-28,334.2034482890433592837886
2012-02-29,935.7634489567373134598473
2012-03-01,-5815.0765503754394464455305
2012-03-02,601.5634502925131046013532
2012-03-03,267.3634509605949916390436
2012-03-05,-868.9165483711937602890662
2012-03-06,334.2034522971468738652668
2012-03-07,-601.5565470343830808448649
2012-03-09,66.8434536342164006384824
2012-03-12,935.7634543029453433781043
2012-03-13,-802.0765450281962275583503
2012-03-14,-2473.0765443592082870983791
2012-03-15,-133.6765436900908101646247
2012-03-16,1537.3234569791562283251258
2012-03-19,334.2034576485328534579422
2012-03-20,-334.1965416819609096742481
2012-03-21,1336.8034589876749640253407
2012-03-22,66.8434596574404996583540
2012-03-23,1203.1234603273357223312977
2012-03-26,1002.6034609973606571555391
2012-03-27,802.0834616675153292473077
2012-03-28,-534.7165376622002362723039
2012-03-29,133.6834630082139857226618
2012-03-30,-334.1965363212419796369734
2012-04-02,-467.8765356505681072155211
2012-04-03,-133.6765349797643718724259
2012-04-04,-1470.4765343088307484622645
2012-04-09,1203.1234663622327881652552
2012-04-10,66.8434670334262631652954
2012-04-11,1403.6434677047497016978888
2012-04-12,-334.1965316237968710720597
2012-04-13,1804.6834690477865700252271
2012-04-16,-868.9165302804999498355998
2012-04-17,-133.6765296086564054750149
2012-04-18,-133.6765289366827717086171
2012-04-19,467.8834717354209766528712
2012-04-20,1269.9634724076548648036048
2012-04-23,935.7634730800189179426173
2012-04-24,668.4034737525131612738210
2012-04-25,-868.9165255748623799939911
2012-04-26,868.9234750978923193528552
2012-04-27,601.5634757707772845329157
2012-04-28,802.0834764437925407696302
2012-04-30,66.8434771169381132913214
2012-05-02,267.3634777902140273311981
2012-05-03,601.5634784636203081273542
2012-05-04,-66.8365208628430190772292
2012-05-07,-1269.9565201891759290346832
2012-05-08,-868.9165195153783964922501
2012-05-09,-2473.0765188414503961922828
2012-05-10,-467.8765181673919028722431
2012-05-11,-735.2365174932028912647014
2012-05-14,-1002.5965168188833360973359
2012-05-15,-467.8765161444332120929306
2012-05-16,-935.7565154698524939693757
2012-05-17,1737.8434852048588435603344
2012-05-18,3943.5634858797008257881014
2012-05-21,868.9234865546734780107243
2012-05-22,-133.6765127702231744700995
2012-05-23,0.0034879050108936522266
2012-05-24,534.7234885803757076891988
2012-05-25,-1269.9565107441287070427848
2012-05-28,1269.9634899314976747775752
2012-05-29,467.8834906072548784764818
2012-05-30,-1136.2765087168570706149588
2012-05-31,1203.1234919591618528392654
2012-06-01,-1336.7965073646883258199289
2012-06-04,4812.4834933115924187532830
2012-06-05,668.4034939880041119096324
2012-06-06,1203.1234946645467790047602
2012-06-07,-2473.0765046587795546007839
2012-06-08,-2807.2765039819748635415388
2012-06-11,2272.5634966949608775528674
2012-06-12,334.2034973720276940577195
2012-06-13,1470.4834980492256113532156
2012-06-14,1136.2834987265546548244683
2012-06-15,-66.8365005959851501384946
2012-06-18,66.8435000816062218592708
2012-06-19,1671.0035007593287962176261
2012-06-20,-1002.5964985628174016586491
2012-06-21,-802.0764978848323463598565
2012-06-22,-601.5564972067160124713769
2012-06-25,-735.2364965284683745736707
2012-06-26,1804.6835041499105927577240
2012-06-27,-1269.9564951715790850478081
2012-06-28,-334.1964944929373825559584
2012-06-29,-2606.7564938141642743274932
2012-07-02,1871.5235068647402650817469
2012-07-03,-1403.6364924562237388791523
2012-07-04,-334.1964917770562607561767
2012-07-05,1537.3235089022427249096161
2012-07-06,-1002.5964904183267564179017
2012-07-09,200.5235102612353207300725
2012-07-10,-601.5564890590710181727270
2012-07-11,-1871.5164883792457476476334
2012-07-12,200.5235123007111577889534
2012-07-13,-66.8364870192002763744319
2012-07-16,334.2035136610199753556805
2012-07-17,334.2035143413719384776970
2012-07-18,-467.8764849781443615050390
2012-07-19,334.2035157024711009157544
2012-07-20,-133.6764836167816487467019
2012-07-23,668.4035170640974150257530
2012-07-24,133.6835177451083177562216
2012-07-25,2005.2035184262510849727479
2012-07-26,935.7635191075257422083191
2012-07-27,133.6835197889323150008664
2012-07-30,735.2435204704708288932662
2012-07-31,66.8435211521413094333402
2012-08-01,-935.7564781660562178261428
2012-08-02,-401.0364774841217273274659
2012-08-03,-200.5164768020551935079640
2012-08-06,-200.5164761198565908000217
2012-08-07,200.5235245624741063689266
2012-08-08,-1136.2764747550630764236019
2012-08-09,868.9235259275318864048631
2012-08-10,401.0435266102590204417451
2012-08-13,1737.8435272931183512794219
2012-08-14,-133.6764720238900954847728
2012-08-16,-467.8764713407662942485490
2012-08-17,467.8835293424897805953403
2012-08-21,668.4035300258781546591010
2012-08-22,868.9235307093988535598981
2012-08-23,1604.1635313930519029198566
2012-08-24,1203.1235320768373283660631
2012-08-27,401.0435327607551555305663
2012-08-28,-200.5164665551945899496223
2012-08-29,267.3635341289881175674736
2012-08-30,-601.5564651866966962712054
2012-08-31,0.0035354977509941862479
2012-09-03,2740.4435361823312145967073
2012-09-04,1336.8035368670439906220149
2012-09-05,868.9235375518893479289815
2012-09-06,1871.5235382368673121893878
2012-09-07,-2205.7164610780220909200147
2012-09-08,3609.3635396072211642824976
2012-09-10,735.2435402925971034836205
2012-09-11,-735.2364590218942476249759
2012-09-12,1002.6035416637471366533530
2012-09-13,-534.7164576504787179797728
2012-09-14,1537.3235430354282141822435
2012-09-17,-2205.7164562785320411490233
2012-09-18,-1002.5964555923594582570208
2012-09-20,868.9235450939459885797840
2012-09-21,-1269.9564542196156749120964
2012-09-24,-2339.3964535330444230011675
2012-09-25,935.7635471536597700490477
2012-09-26,66.8435478404969299800090
2012-09-27,-1470.4764514725329174618388
2012-09-28,534.7235492145702534749337
2012-10-01,-1336.7964500981935314532572
2012-10-03,-668.3964494108242464850083
2012-10-04,-534.7164487233218658539281
2012-10-05,467.8835519643136362113639
2012-10-08,-601.5564473479177145127615
2012-10-09,868.9235533399841077550575
2012-10-10,868.9235540280191288011748
2012-10-11,-200.5164452838126255830625
2012-10-12,0.0035554044888703986861
2012-10-15,-1537.3164439070763574522432
2012-10-16,-935.7564432185082833295187
2012-10-17,1002.6035574701931185781883
2012-10-18,133.6835581590278740872042
2012-10-19,1403.6435588479960090188545
2012-10-22,-2072.0364404629024508005357
2012-10-23,-200.5164397736674795396402
2012-10-25,-601.5564390842990513621318
2012-10-26,-467.8764383947971404266798
2012-10-29,1470.4835622948382791130498
2012-10-30,200.5235629846072331083955
2012-10-31,-334.1964363254902525842982
2012-11-01,267.3635643645458478963194
2012-11-02,-1670.9964349452844395833933
2012-11-05,-668.3964342549810891520692
2012-11-06,1136.2835664354559250666680
2012-11-07,2940.9635671260266289542051
2012-11-08,334.2035678167310483969405
2012-11-09,2138.8835685075692092862847
2012-11-11,802.0835691985411375186620
2012-11-12,-66.8364301103531410044893
2012-11-13,133.6835705808863996232844
2012-11-15,-2005.1964287277402146865469
2012-11-16,-467.8764280362329580174958
2012-11-19,1069.4435726554081955519430
2012-11-20,1136.2835733471832719482942
2012-11-21,-200.5164259609077028968974
2012-11-22,467.8835747311352969529340
2012-11-23,1136.2835754233122974393768
2012-11-26,2473.0835761156233245090419
2012-11-27,133.6835768080684041135645
2012-11-29,-4611.9564224993524377903951
2012-11-30,-935.7564218066391752411507
2012-12-03,-668.3964211137917822719891
2012-12-04,186.4059395791897670888309
2012-12-05,1099.8085841415625932860587
2012-12-06,1015.2085858037142722970860
2012-12-07,1269.0085874661877945796734
2012-12-10,-1353.5914108710167775475037
2012-12-11,-1184.3914092078993817537024
2012-12-12,1945.8085924555400443038886
2012-12-13,-2791.7914058806984370198475
2012-12-14,1015.2085957833852366420464
2012-12-17,761.4085974477911276686030
2012-12-18,3045.6085991125192984509340
2012-12-19,1776.6086007775698113922320
2012-12-20,253.8086024429427289077722
2012-12-21,-2960.9913958913618865750844
2012-12-24,-169.1913942253439726168886
2012-12-26,2368.8086074409965332338983
2012-12-27,-253.7913908923403065590920
2012-12-28,761.4086107746455704798670
2012-12-31,1099.8086124419542268385989
2013-01-01,2199.6086141095857250170268
2013-01-02,1945.8086157775401275271759
2013-01-03,846.0086174458174968931755
2013-01-04,423.0086191144178956512613
2013-01-07,423.0086207833413863497785
2013-01-08,-845.9913775474119684508172
2013-01-09,846.0086241221578938220442
2013-01-10,-592.1913742079489642469519
2013-01-11,-3299.3913725377324800610014
2013-01-14,2199.6086291328074089888204
2013-01-15,1522.8086308036707655235610
2013-01-16,-1945.7913675251423478236068
2013-01-17,-1691.9913658536318684073820
2013-01-18,-1184.3913641817977335703342
2013-01-21,592.2086374903601193570998
2013-01-22,-1268.9913608371582469433822
2013-01-23,-1945.7913591643527697779453
2013-01-24,-2960.9913574912233864406151
2013-01-25,2876.4086441822299657867244
2013-01-28,676.8086458560073496343337
2013-01-29,-1945.7913524698911721553807
2013-01-30,-676.7913507954655368278629
2013-01-31,592.2086508792843183835936
2013-02-01,4145.4086525543584562578494
2013-02-04,-2114.9913457702430604140793
2013-02-05,-1353.5913440945201688290180
2013-02-06,84.6086575815271938283683
2013-02-07,-761.3913407421009096144220
2013-02-08,-1184.3913390654044163177258
2013-02-11,-1353.5913373883832634297118
2013-02-12,930.6086642889626119136210
2013-02-13,3384.0086659666332725884462
2013-02-14,-5075.9913323553712185168880
2013-02-15,-930.5913306770507985018564
2013-02-18,1692.0086710015945955462462
2013-02-19,-169.1913273194349734476938
2013-02-20,1099.8086743598605574533943
2013-02-21,-3214.7913239605187488012319
2013-02-22,676.8086777194271707498737
2013-02-25,-930.5913206003016209196514
2013-02-26,-3045.5913189197050608239759
2013-02-27,3214.8086827612169140349270
2013-02-28,-4399.1913155575356333327171
2013-03-01,3553.2086861240373600955181
2013-03-04,-4483.7913121940640426457384
2013-03-05,1607.4086894881602214903480
2013-03-06,2030.4086911707102155628199
2013-03-07,-507.5913071464139973570702
2013-03-08,1353.6086945367876458141427
2013-03-11,1522.8086962203152081721388
2013-03-12,-3045.5913020958312471751850
2013-03-13,-1438.1913004116516571077114
2013-03-14,846.0087012728540415068979
2013-03-15,1692.0087029576859118132066
2013-03-18,-2453.3912953571559830319959
2013-03-19,-4906.7912936716715798596903
2013-03-20,-3553.1912919858608154886264
2013-03-21,-169.1912902997236267253197
2013-03-22,-169.1912886132599503640501
2013-03-25,-1099.7912869264697231868584
2013-03-26,1607.4087147606471180364552
2013-03-28,1861.2087164480906365483339
2013-04-01,2453.4087181358608956034666
2013-04-02,423.0087198239579584687902
2013-04-03,-338.3912784876181115765081
2013-04-04,-4399.1912767988672512409880
2013-04-05,592.2087248902106027790455
2013-04-08,84.6087265796155137995454
2013-04-09,338.4087282693475451487241
2013-04-10,592.2087299594067601670569
2013-04-11,1607.4087316497932222072830
2013-04-12,-253.7912666594930053655906
2013-04-15,930.6087350315481408257117
2013-04-16,3891.6087367229167241707381
2013-04-17,338.4087384146128080713101
2013-04-18,-676.7912598933635440584733
2013-04-22,3637.8087417989877312077648
2013-04-23,-169.1912565083333026913168
2013-04-25,846.0087451846734176952243
2013-04-26,-1438.1912531219920441693837
2013-04-29,2030.4087485716703751903762
2013-04-30,1692.0087502656607392623112
2013-05-02,2453.4087519599791115465224
2013-05-03,2030.4087536546255555554058
2013-05-06,-507.5912446503998651863441
2013-05-07,2453.4087570449029128582670
2013-05-08,-338.3912412594660467614635
2013-05-09,-507.5912395635066804839332
2013-05-10,676.8087621327810752647674
2013-05-11,84.6087638293972840708583
2013-05-13,-1691.9912344736579904671289
2013-05-14,84.6087672236153152616525
2013-05-15,5499.0087689212172648803659
2013-05-16,1607.4087706191479220244942
2013-05-17,1522.8087723174073503418420
2013-05-20,-3806.9912259840043865074618
2013-05-21,-930.5912242850872248509620
2013-05-22,-930.5912225858411010038742
2013-05-23,-7952.3912208862659512690827
2013-05-24,4906.8087808136382880628616
2013-05-27,3214.8087825138716807137441
2013-05-28,-253.7912157855657095823112
2013-05-29,-1522.7912140846738190788395
2013-05-30,2284.2087876165474159829670
2013-05-31,-2537.9912106819019406257380
2013-06-03,1015.2087910199781748785474
2013-06-04,1776.6087927221878262916752
2013-06-05,253.8087944247270774218502
2013-06-06,-1607.3912038724040079103672
2013-06-07,-1776.5912021692053658720593
2013-06-10,-2284.1912004656769326179484
2013-06-11,-3045.5911987618186442903942
2013-06-12,-3383.9911970576304370193918
2013-06-13,-3130.1911953531122469225691
2013-06-14,2622.6088063517359898948157
2013-06-17,2030.4088080569143373398762
2013-06-18,1438.2088097624228593321004
2013-06-19,253.8088114682616198033533
2013-06-20,-2199.5911868255693173021212
2013-06-21,-2030.3911851190698880276977
2013-06-24,-3806.9911834122400284043666
2013-06-25,1607.4088182949203255492681
2013-06-26,-422.9911799975887621730094
2013-06-27,761.4088217102327724349769
2013-06-28,507.6088234183849933917963
2013-07-01,5414.4088251268679647284139
2013-07-02,-845.9911731643182495118066
2013-07-03,-4399.1911714551735852731010
2013-07-04,3553.2088302543020215126983
2013-07-05,1184.4088319641086349261643
2013-07-08,423.0088336742463190602780
2013-07-09,0.0088353847151380204306
2013-07-10,1438.2088370955151559244263
2013-07-11,1692.0088388066464369024845
2013-07-12,-169.1911594818909549027582
2013-07-15,676.8088422299030446637552
2013-07-16,-2030.3911560579715002304963
2013-07-17,-1607.3911543455145254056087
2013-07-18,4737.6088473672740333307493
2013-07-19,-1353.5911509196057598166618
2013-07-22,1184.4088507938461593693510
2013-07-23,-2960.9911474923701448815854
2013-07-24,-4652.9911457782546083274068
2013-07-25,-592.1911440638071667136103
2013-07-26,338.4088576509722442267492
2013-07-29,-2368.7911406339163112269396
2013-07-30,-3891.5911389184727687828413
2013-07-31,761.4088627973029358633281
2013-08-01,-3976.1911354865891329716957
2013-08-02,-346.9437337701489109587238
2013-08-05,36.4716314425319016348851
2013-08-06,36.4786934630026080775691
2013-08-07,36.4857568508959154878029
2013-08-08,36.4928216064765985964719
2013-08-12,36.4998877300094834029263
2013-08-13,36.5069552217594471849090
2013-08-14,36.5140240819914185084843
2013-08-16,36.5210943109703772379690
2013-08-19,36.5281659089613545458651
2013-08-20,36.5352388762294329227950
2013-08-21,36.5423132130397461874377
2013-08-22,36.5493889196574794964682
2013-08-23,36.5564659963478693544974
2013-08-26,36.5635444433762036240152
2013-08-27,36.5706242610078215353345
2013-08-28,36.5777054495081136965378
2013-08-29,36.5847880091425221034257
2013-08-30,36.5918719401765401494665
2013-09-02,36.5989572428757126357491
2013-09-03,36.6060439175056357809366
2013-09-04,36.6131319643319572312224
2013-09-05,36.6202213836203760702885
2013-09-06,36.6273121756366428292646
2013-09-10,36.6344043406465594966908
2013-09-11,36.6414978789159795284805
2013-09-12,36.6485927907108078578867
2013-09-13,36.6556890762970009054692
2013-09-16,36.6627867359405665890643
2013-09-17,36.6698857699075643337562
2013-09-18,36.6769861784641050818501
2013-09-19,36.6840879618763513028482
2013-09-20,36.6911911204105170034260
2013-09-23,36.6982956543328677374123
2013-09-24,36.7054015639097206157698
2013-09-25,36.7125088494074443165785
2013-09-26,36.7196175110924590950202
2013-09-27,36.7267275492312367933659
2013-09-30,36.7338389640903008509641
2013-10-01,36.7409517559362263142322
2013-10-03,36.7480659250356398466487
2013-10-04,36.7551814716552197387480
2013-10-07,36.7622983960616959181170
2013-10-08,36.7694166985218499593937
2013-10-09,36.7765363793025150942673
2013-10-10,36.7836574386705762214810
2013-10-11,36.7907798768929699168361
2013-10-14,36.7979036942366844431982
2013-10-15,36.8050288909687597605057
2013-10-17,36.8121554673562875357794
2013-10-18,36.8192834236664111531351
2013-10-21,36.8264127601663257237974
2013-10-22,36.8335434771232780961154
2013-10-23,36.8406755748045668655811
2013-10-24,36.8478090534775423848487
2013-10-25,36.8549439134096067737569
2013-10-28,36.8620801548682139293520
2013-10-29,36.8692177781208695359140
2013-10-30,36.8763567834351310749842
2013-10-31,36.8834971710786078353943
2013-11-01,36.8906389413189609232983
2013-11-03,600.9113820944239032722058
2013-11-05,1003.6171559843496081268949
2013-11-06,-2856.3828406937284519961768
2013-11-07,-1312.3828373711632866913302
2013-11-08,-1543.9828340479547714105000
2013-11-11,772.0171692758972184184958
2013-11-12,-1775.5828273996071926080404
2013-11-13,-1698.3828240744678798696801
2013-11-14,4709.2171792513152812781354
2013-11-18,3088.0171825777424155040998
2013-11-19,-1466.7828140951863524989539
2013-11-20,-1929.9828107674708980140475
2013-11-21,-2701.9828074391110963000548
2013-11-22,1466.8171958898931774083047
2013-11-25,694.8171992195420479004699
2013-11-26,617.6172025498356399900424
2013-11-27,-1775.5827941192259214852084
2013-11-28,1930.0172092123574883366595
2013-11-29,2161.6172125445859943417652
2013-12-02,1698.4172158774597214404091
2013-12-03,58.5995392109787945670788
2013-12-04,-1195.7342941481631280082035
2013-12-05,2943.3657069566638534307890
2013-12-06,827.8257080617047630778409
2013-12-09,2054.2257091669596423559797
2013-12-10,-674.5142897275714673037464
2013-12-11,-521.2142886218885244622673
2013-12-12,-2268.8342875159914876724886
2013-12-13,-1931.5742864098803154792908
2013-12-16,-521.2142853035549664195271
2013-12-17,-705.1742841970153990220224
2013-12-18,2636.7657169097384281924286
2013-12-19,-2054.2142819832934432889374
2013-12-20,3709.8657191238890280291500
2013-12-23,551.8857202312858836499952
2013-12-24,-797.1542786611028349150602
2013-12-26,551.8857224467229138533625
2013-12-27,981.1257235547631714826819
2013-12-30,-919.7942753369820204916429
2013-12-31,551.8857257714873794738903
2014-01-01,-122.6342731198285870691724
2014-01-02,-2636.7542720109298785612397
2014-01-03,-214.6142709018164534346724
2014-01-06,-766.4942697924882701137831
2014-01-07,-429.2342686829452870148338
2014-01-08,122.6457324268125374539656
2014-01-09,-245.2742664632147551075421
2014-01-10,337.2657346469728769085418
2014-01-13,2728.7457357573754751181719
2014-01-14,-827.8142631320069188546388
2014-01-15,2207.5257379788257366221822
2014-01-16,214.6257390898734831887690
2014-01-17,-1992.8942597988636375066819
2014-01-20,1992.9057413126144161920907
2014-01-21,-521.2142575756923140505866
2014-01-22,1624.9857435362162134376810
2014-01-23,153.3057446483400403373568
2014-01-24,-2514.1142542393207916630250
2014-01-27,-4200.4142531267662408668583
2014-01-28,91.9857479860037344305369
2014-01-29,919.8057490989891759419161
2014-01-30,-2299.4942497878098746118886
2014-01-31,153.3057513256066244980332
2014-02-03,-1349.0342475607612849913278
2014-02-04,86.2384135530864386651005
2014-02-05,940.8054008383800089615560
2014-02-06,1332.8054018841470802453990
2014-02-07,862.4054029301166439369818
2014-02-10,-2116.7945960237112607549882
2014-02-11,392.0054050226634053857887
2014-02-12,156.8054060692406815832053
2014-02-13,-2900.7945928839793929312505
2014-02-14,-156.7945918369967789184944
2014-02-17,-78.3945907898114371318440
2014-02-18,2822.4054102575766716829819
2014-02-19,1881.6054113051675867878659
2014-02-20,-1097.5945876470386525477072
2014-02-21,2273.6054134009579929533506
2014-02-24,-3135.9945855508424374242665
2014-02-25,2352.0054154975600956117416
2014-02-26,-627.1945834538343686387165
2014-02-28,862.4054175949742091318775
2014-03-03,1568.0054186439858682386531
2014-03-04,2150.8695196932006480043522
2014-03-05,1074.8525945311081210238940
2014-03-06,2026.8625950334884937337408
2014-03-07,4176.5625955359661426096331
2014-03-10,-890.5874039614589135127956
2014-03-11,-1965.4374034587866557942650
2014-03-12,491.3625970439829346081533
2014-03-13,-1044.1374024531501234589638
2014-03-14,368.5225980498141888546099
2014-03-18,368.5225985528758904027504
2014-03-19,429.9425990560350000429845
2014-03-20,-1351.2374004407084633635093
2014-03-21,337.8126000626455190480991
2014-03-22,153.5526005660969661462927
2014-03-24,2548.9326010696458968032083
2014-03-25,399.2326015732923298946369
2014-03-26,-276.3873979229637156999761
2014-03-27,1166.9826025808777789024710
2014-03-28,2057.5726030848168325887360
2014-03-31,184.2626035888534642492335
2014-04-01,460.6526040929876927780362
2014-04-02,1443.3726045972195370728752
2014-04-03,-798.4573948984509839648594
2014-04-04,-798.4573943940238514301174
2014-04-07,-307.0973938894990464141881
2014-04-09,3040.2926066151234499953005
2014-04-10,0.0026071198436567143824
2014-04-11,-245.6773923753384073372457
2014-04-15,-737.0373918704227232362235
2014-04-16,-1412.6573913654092720555269
2014-04-17,2272.5426091397019651355335
2014-04-21,1566.2126096449110072713124
2014-04-22,-460.6473898497821267101695
2014-04-23,1259.1126106556225821327760
2014-04-25,-1627.6273888388748472544953
2014-04-28,-859.8773883332743959229597
2014-04-29,-1351.2373878275760449199239
2014-04-30,-583.4873873217797752890246
2014-05-02,-921.2973868158855680702289
2014-05-05,890.5926136901065957001685
2014-05-06,399.2326141961967349895441
2014-05-07,-1443.3673852976151312310528
2014-05-08,-491.3573847913289839868994
2014-05-09,7493.2426157150551957004011
2014-05-12,3562.3626162215374268129205
2014-05-13,2149.7026167281177283364057
2014-05-14,767.7526172347961192602801
2014-05-15,399.2326177415726185776441
2014-05-16,2641.0626182484472452852756
2014-05-19,1904.0226187554200183836307
2014-05-20,-737.0373807375090431231550
2014-05-21,829.1726197696600797727335
2014-05-22,184.2626202769274060827918
2014-05-23,3040.2926207842929548221969
2014-05-26,-368.5173787082432549901927
2014-05-27,-2303.2473782006812043318355
2014-05-28,552.7826223069791258234934
2014-05-29,-1074.8473771852622454942976
2014-05-30,-1811.8873766774052992516146
2014-06-02,4176.5626238305499835888212
2014-06-03,-347.9960756613963779320247
2014-06-04,2187.0516162835361990816585
2014-06-05,5291.2516165964979989147432
2014-06-06,-846.5983830904796023003412
2014-06-09,3598.0516172226034071702106
2014-06-10,70.5516175357470390624766
2014-06-11,-2892.5483821510486948851932
2014-06-12,-2892.5483818377837829321753
2014-06-13,-4656.2983815244582133355736
2014-06-16,-70.5483812110719743502176
2014-06-17,2328.1516191023749457713369
2014-06-18,-1763.7483805841174412211905
2014-06-19,-776.0483802705491235758061
2014-06-20,-564.3983799569200895382397
2014-06-23,282.2016203567696726480543
2014-06-24,1904.8516206705201747418980
2014-06-25,-917.1483790156685714956092
2014-06-26,1411.0016212982034456989087
2014-06-27,282.2016216121362380911061
2014-06-30,4162.4516219261298174489151
2014-07-01,4233.0016222401841955425468
2014-07-02,2469.2516225542993841444912
2014-07-03,-70.5483771315246049704824
2014-07-04,2187.0516231827122399746759
2014-07-07,-2116.4983765029900692407044
2014-07-08,-5432.3483761886315208350124
2014-07-09,-4797.3983758742121030243562
2014-07-10,0.0016244402681959774381
2014-07-11,-7196.0983752451906120411739
2014-07-14,3315.8516250694114847105466
2014-07-15,4233.0016253840744980256208
2014-07-16,3174.7516256987984396993540
2014-07-17,2963.1016260135833215293350
2014-07-18,-2751.4483736715708446845629
2014-07-21,1340.4516266433359528598186
2014-07-22,352.7516269583037259669227
2014-07-23,-1410.9983727266675135565213
2014-07-24,423.3016275884222460985016
2014-07-25,-4515.1983720964269832567066
2014-07-28,705.5016282187848101914430
2014-07-30,846.6016285340576382588265
2014-07-31,634.9516288493915127636083
2014-08-01,-1975.3983708352135544737590
2014-08-04,2822.0016294802424483694660
2014-08-05,352.7516297957595331183139
2014-08-06,-987.6983698886622883998951
2014-08-07,211.6516304269769956444498
2014-08-08,1340.4516307426773970832492
2014-08-11,-2116.4983689415610722493045
2014-08-12,1622.6516313742615994832720
2014-08-13,-2187.0483683098545758802458
2014-08-14,1481.5516320060904135012099
2014-08-18,7055.0016323220965794709996
2014-08-19,-1763.7483673618360661252230
2014-08-20,1763.7516329542924885604897
2014-08-21,352.7516332704822553783792
2014-08-22,917.1516335867332461809818
2014-08-25,-2045.9483660969545271768716
2014-08-26,1269.9016342194189471619460
2014-08-27,-2187.0483654641463189431431
2014-08-28,2751.4516348523496863695799
2014-09-01,1975.4016351689069749641308
2014-09-02,5432.3516354855255587068226
2014-09-03,-1410.9983641977945505337344
2014-09-04,-1552.0983638810533408866311
2014-09-05,2469.2516364357491995213393
2014-09-08,3456.9516367526130825656836
2014-09-09,917.1516370695383201242070
2014-09-10,-2328.1483626134750759229842
2014-09-11,282.2016377035729063065154
2014-09-12,846.6016380206822786974130
2014-09-15,-1834.2983616621469468632835
2014-09-16,-8113.2483613449147584862644
2014-09-17,2822.0016389723788557200824
2014-09-18,3456.9516392897339076496710
2014-09-19,1693.2016396071504091987191
2014-09-22,282.2016399246283722657477
2014-09-23,-3033.6483597578321912484187
2014-09-24,-5361.7983594402312694406503
2014-09-25,-3315.8483591225688504055137
2014-09-26,2751.4516411951550777647309
2014-09-29,2539.8016415129405269801282
2014-09-30,-423.2983581692124908469706
2014-10-01,846.6016421486960361980923
2014-10-07,-4303.5483575333338799677184
2014-10-08,-634.9483572153022274251304
2014-10-09,2822.0016431027910057474363
2014-10-10,-5150.1483565790541685261293
2014-10-13,3315.8516437391622616803698
2014-10-14,-634.9483559425596917045595
2014-10-16,-4444.6483556242200167501009
2014-10-17,1622.6516446941812984768722
2014-10-20,2469.2516450126442659117970
2014-10-21,4938.5016453311688974924218
2014-10-22,1058.2516456497552051588062
2014-10-23,211.6516459684032008533223
2014-10-27,-634.9483537128871034793463
2014-10-28,917.1516466058843041077979
2014-10-29,1411.0016469247174355640648
2014-10-30,705.5016472436123028410788
2014-10-31,8254.3516475625689178927777
2014-11-03,-211.6483521184127073245851
2014-11-05,-1410.9983517993325608524421
2014-11-07,-352.7483514801906307299093
2014-11-10,1411.0016488390130950062124
2014-11-11,2257.6016491582786283214392
2014-11-12,2610.3516494776059811836039
2014-11-13,2187.0516497969951655628567
2014-11-14,-141.0983498835538065683345
2014-11-17,2257.6016504359590767648166
2014-11-18,3104.2016507555338275394148
2014-11-19,-5502.8983489248295422651157
2014-11-20,987.7016513948689793329686
2014-11-21,846.6016517146294043177311
2014-11-24,564.4016520344517446755564
2014-11-25,-4374.0983476456639876048508
2014-11-26,2680.9016526742822194675361
2014-11-27,1904.8516529942903778860651
2014-11-28,-141.0983466856395003535929
2014-12-01,-282.1983463655074032534449
2014-12-02,4021.3516539546866811868256
2014-12-03,1693.2016542749427649698588
2014-12-04,1552.1016545952608601006186
2014-12-05,-705.4983450843590214136061
2014-12-08,-5996.7483447639168675632018
2014-12-09,-3880.2483444434126663362294
2014-12-10,4867.9516558771535942815762
2014-12-11,-2469.2483438022180736931940
2014-12-12,-2892.5483434815276582416216
2014-12-15,-1622.6483431607751473424616
2014-12-16,-5150.1483428399605289721408
2014-12-17,-211.6483425190837911047584
2014-12-18,6913.9016578018550782879157
2014-12-19,-564.3983418771439087635601
2014-12-22,3033.6516584439192597737024
2014-12-23,-2539.7983412349554040650785
2014-12-24,987.7016590862321117576456
2014-12-26,-70.5483405925181807182459
2014-12-29,1058.2516597287937305494577
2014-12-30,634.9516600501678576052986
2014-12-31,2257.6016603716042124961516
2015-01-01,3598.0516606931028072712237
2015-01-02,1975.4016610146636539820554
2015-01-05,1058.2516613362867646825203
2015-01-06,-6702.2483383420278485711734
2015-01-07,-3456.9483380202801737204837
2015-01-08,3174.7516623015298012954667
2015-01-09,-1763.7483373765979114601095
2015-01-12,2539.8016629453367000783358
2015-01-13,1622.6516632673336479786875
2015-01-14,-1481.5483364106070556888333
2015-01-15,6631.7016639115146011483320
2015-01-16,-493.8483357663013694349205
2015-01-19,-352.7483354440549553613566
2015-01-20,1199.3516648782538554485964
2015-01-21,282.2016652006250750768500
2015-01-22,141.1016655230587156076557
2015-01-23,3527.5016658455547891276040
2015-01-27,-352.7483338318866922743734
2015-01-28,3739.1516664907342834929953
2015-01-29,-705.4983331865822714766762
2015-01-30,211.6516671361636549125667
2015-02-02,-423.2983325410279252409786
2015-02-03,-493.8483322181569998366722
2015-02-04,-1834.2983318952235567715315
2015-02-05,-1693.1983315722275839402300
2015-02-06,-776.0483312491690692350976
2015-02-09,-4938.4983309260480005461194
2015-02-10,6208.4016693971356342390642
2015-02-11,-141.0983302796181527648422
2015-02-12,1128.8016700436906505592125
2015-02-13,2469.2516703670620563306249
2015-02-16,846.6016706904960766711387
2015-02-18,-1340.4483289860072762951554
2015-02-19,-776.0483286624479904418190
2015-02-20,1622.6516716611739463599342
2015-02-23,282.2016719848585462412390
2015-02-24,-3245.2983276913941786644205
2015-02-25,2045.9516726324157837787887
2015-02-26,-2680.8983270437115542909502
2015-02-27,5291.2516732802238192668963
2015-02-28,-705.4983263957780834047878
2015-03-02,2610.3516739282827498392333
2015-03-03,1904.8516742524063311465463
2015-03-04,-1199.3483254234073273329090
2015-03-05,493.8516749008417865531587
2015-03-09,-2539.7983247748463150406051
2015-03-10,1058.2516755495283800427976
2015-03-11,-2116.4983241260341160372806
2015-03-12,3598.0516761984662088808671
2015-03-13,-1199.3483234769706330386975
2015-03-16,-4162.4483231523446296295575
2015-03-17,4233.0016771723442312770600
2015-03-18,4656.3016774970959618522841
2015-03-19,-3950.7983221780894257303995
2015-03-20,-1622.6483218532119192951477
2015-03-23,-4303.5483215282715066637603
2015-03-24,-705.4983212032681756556782
2015-03-25,-1481.5483208782019140879846
2015-03-26,1411.0016794469272902245967
2015-03-27,-4021.3483202278805505302986
2015-03-30,2963.1016800973745758373249
2015-03-31,-282.1983195773073184801771
2015-04-01,2892.5516807480737787119123
2015-04-06,3950.8016810735178796106709
2015-04-07,5361.8016813990249964155381
2015-04-08,-2187.0483182754048586716839
2015-04-09,8959.8516820502283265531692
2015-04-10,-3739.1483176240754357033752
2015-04-13,3456.9516827016838667675743
2015-04-15,-1340.4483169724937538227273
2015-04-16,-4585.7483166466082852606604
2015-04-17,-6913.8983163206597153302406
2015-04-20,-2257.5983159946480318131177
2015-04-21,-1975.3983156685732224885762
2015-04-22,2963.1016846575647248664661
2015-04-23,1834.3016849837658224774580
2015-04-24,-6208.3983146899699174277843
2015-04-27,-4938.4983143636424826190775
2015-04-28,2257.6016859627481391361308
2015-04-29,-917.1483137107980399272394
2015-04-30,1693.2016866157189924281018
2015-05-04,3033.6516869422992484418130
2015-05-05,705.5016872689427403559237
2015-05-06,-3950.7983124043505195851672
2015-05-07,-9100.9483120775805191346889
2015-05-08,3033.6516882492527539564998
2015-05-11,6631.7016885761493119399128
2015-05-12,-2610.3483110968908329305644
2015-05-13,6067.3016892301323316013267
2015-05-14,282.2016895572188177942177
2015-05-15,1340.4516898843686379091140
2015-05-18,2892.5516902115818042093949
2015-05-19,282.2016905388583289608145
2015-05-20,846.6016908661982244315017
2015-05-21,141.1016911936015028919609
2015-05-22,493.8516915210681766150727
2015-05-25,-70.5483081514017421239063
2015-05-26,-2892.5483078238082410473423
2015-05-27,1481.5516925038486921247758
2015-05-28,-3598.0483071684309303251634
2015-05-29,2751.4516931593529038876073
2015-06-01,282.2016934872002070502335
2015-06-02,-4303.5483061848890085477597
2015-06-03,-4515.1983058569147306144679
2015-06-04,1481.5516944711230531443935
2015-06-05,211.6516947992243550254897
2015-06-08,-4867.9483048726108126721330
2015-06-09,2116.5016954556175623529529
2015-06-10,1411.0016957839094924045571
2015-06-11,-2045.9483038877350102111285
2015-06-12,-564.3983035593159331855291
2015-06-15,-846.5983032308332642076864
2015-06-16,634.9516970977130090357413
2015-06-17,3104.2016974263228988604805
2015-06-18,2187.0516977549964175846417
2015-06-19,1904.8516980837335775287211
2015-06-22,2257.6016984125343910156004
2015-06-23,564.4016987413988703705472
2015-06-24,423.3016990703270279212159
2015-06-25,1834.3016993993188759976478
2015-06-26,-1975.3983002716255730677286
2015-06-29,-1763.7482999425063069400961
2015-06-30,564.4017003866766867177499
2015-07-01,6772.8017007159234202454036
2015-07-02,2610.3517010452339059848483
2015-07-03,-3456.9482986253918437195430
2015-07-06,3315.8517017040461834789929
2015-07-07,987.7017020335479999296103
2015-07-08,-2116.4982976368863820161458
2015-07-09,352.7517026927430499956614
2015-07-10,282.2017030224363083213609
2015-07-13,1693.2017033521934053196741
2015-07-14,705.5017036820143533517157
2015-07-15,-423.2982959881008352190064
2015-07-16,3456.9517043418478519734096
2015-07-17,2328.1517046718604272972604
2015-07-20,493.8517050019369031232370
2015-07-21,-3739.1482946679227081755740
2015-07-22,1128.8017056622816057763100
2015-07-23,1128.8017059925498573567674
2015-07-24,-987.6982936771179410539261
2015-07-27,-4374.0982933467217770730981
2015-07-28,1199.3517069837383616843217
2015-07-29,705.5017073142624876058017
2015-07-30,2539.8017076448506130812090
2015-07-31,3174.7517079755027505028095
2015-08-03,1763.7517083062189122652689
2015-08-04,3033.6517086369991107656526
2015-08-05,5291.2517089678433584034266
2015-08-06,-70.5482907012483324195419
2015-08-07,-987.6982903702759492989849
2015-08-10,846.6017099607605201717679
2015-08-11,-4232.9982897081389115982113
2015-08-12,-4867.9482893769742321974469
2015-08-13,634.9517109542545707879393
2015-08-14,2751.4517112855475097742295
2015-08-17,2045.9517116169045971801102
2015-08-18,1481.5517119483258454266722
2015-08-19,282.2017122798112669374117
2015-08-20,-2116.4982873886391258617697
2015-08-21,-4303.5482870570253205425644
2015-08-24,-22364.3482867253473046742580
2015-08-25,6137.8517136063949341762704
2015-08-26,-1975.3982860617985915554505
2015-08-27,5714.5517142700721305685158
2015-08-28,2469.2517146020071129885142
2015-08-31,-1622.6482850659936318527018
2015-09-01,-3950.7982847339300915099692
2015-09-02,1058.2517155981977464642849
2015-09-03,-1128.7982840696101054799567
2015-09-04,-2257.5982837373536348903003
2015-09-07,-7760.4982834050328293119411
2015-09-08,-1128.7982830726476762876626
2015-09-09,4867.9517172598018366421637
2015-09-10,282.2017175923157219395789
2015-09-11,493.8517179248939920690373
2015-09-14,4656.3017182575366594974063
2015-09-15,-2045.9482814097562633060323
2015-09-16,282.2017189230152361304175
2015-09-18,3104.2017192558511702808665
2015-09-21,-1834.2982804112484483781588
2015-09-22,-3739.1482800782836073677164
2015-09-23,1411.0017202547457057935523
2015-09-24,705.5017205878395035894225
2015-09-28,-4515.1982790790022014939136
2015-09-29,141.1017212542206030321546
2015-09-30,4585.7517215875079296586551
2015-10-01,776.0517219208597908790350
2015-10-05,5573.4517222542761991891605
2015-10-06,2680.9017225877571670873171
2015-10-07,-211.6482770786972929257893
2015-10-08,-3527.4982767450871683470326
2015-10-09,-70.5482764114124466708654
2015-10-12,0.0017239223268846106809
2015-10-13,-846.5982757438691619920031
2015-10-14,-1410.9982754100005739661043
2015-10-15,1904.8517249239326612036130
2015-10-16,1904.8517252579305560348082
2015-10-19,705.5017255919931230475642
2015-10-20,0.0017259261203747643883
2015-10-21,-1128.7982737396876762897875
2015-10-23,-1622.6482734054310175876060
2015-10-26,-141.0982730711096365992842
2015-10-27,-1128.7982727367235207926131
2015-10-28,-1904.8482724022726576329571
2015-10-29,-493.8482720677570345832535
2015-10-30,917.1517282668233608959884
2015-11-02,352.7517286014685413466864
2015-11-03,352.7517289361785193131878
2015-11-04,493.8517292709533073422681
2015-11-05,-1552.0982703942070820168674
2015-11-06,-1904.8482700593026362125833
2015-11-09,1904.8517302756666573091856
2015-11-10,-4232.9982693892991888950642
2015-11-11,5996.7517309457998377335952
2015-11-13,-7972.1482687190362502434770
2015-11-16,-776.0482683838074402624888
2015-11-17,-141.0982680485137197572159
2015-11-18,141.1017322868449238409995
2015-11-19,2751.4517326222685031032488
2015-11-20,1904.8517329577570306030574
2015-11-23,2822.0017332933105189163856
2015-11-24,-1410.9982663710710193783715
2015-11-26,917.1517339646124282996170
2015-11-27,-70.5482656996391254663823
2015-11-30,-211.6482653638256680906658
2015-12-01,987.7017349720528130149067
2015-12-02,-760.5189146920036695590872
2015-12-03,54.2920951084972318897350
2015-12-04,54.3026077143744295699253
2015-12-07,54.3131223558128283501736
2015-12-08,54.3236390332065749769503
2015-12-09,54.3341577469498925155601
2015-12-10,54.3446784974370803649195
2015-12-11,54.3552012850625142723372
2015-12-14,54.3657261102206463482979
2015-12-15,54.3762529733060050812480
2015-12-16,54.3867818747131953523852
2015-12-17,54.3973128148368984504499
2015-12-18,54.4078457940718720865206
2015-12-21,54.4183808128129504088115
2015-12-22,54.4289178714550440174725
2015-12-23,54.4394569703931399793934
2015-12-24,54.4499981100223018430097
2015-12-28,54.4605412907376696531120
2015-12-29,54.4710865129344599656577
2015-12-30,54.4816337770079658625864
2015-12-31,54.4921830833535569666373
2016-01-01,54.5027344323666794561697
2016-01-04,-3902.7257121755571439200129
2016-01-05,968.1387283634689273748957
2016-01-06,-1797.8612641375384365134583
2016-01-07,-5808.5612566370937666591117
2016-01-08,2766.0387508648032180959647
2016-01-11,-276.5612416318472010357593
2016-01-12,-3595.7612341270447427873625
2016-01-13,-2074.4612266207891258374617
2016-01-14,-3111.7112191130800688102017
2016-01-15,-3457.4612116039172902752438
2016-01-18,-8574.5612040933005087477563
2016-01-19,1106.4388034187705573115968
2016-01-20,-2420.2111890677038105033338
2016-01-21,-3872.3611815527233305441725
2016-01-22,5255.4388259637122788919921
2016-01-25,760.6888334816032995626178
2016-01-27,-1313.8111589990499867202808
2016-01-28,276.6388485217527019098782
2016-01-29,3664.9888560440116473742547
2016-02-01,2212.8388635677271316485972
2016-02-02,-89.7521289071005632367467
2016-02-03,50.0046807289595646248244
2016-02-04,50.0143631606186880545796
2016-02-05,50.0240474670919582188403
2016-02-08,50.0337336487423963305145
2016-02-09,50.0434217059330938944920
2016-02-10,50.0531116390272127212542
2016-02-11,50.0628034483879849404880
2016-02-12,50.0724971343787130147016
2016-02-15,50.0821926973627697528430
2016-02-16,50.0918901377035983239212
2016-02-17,50.1015894557647122706302
2016-02-18,50.1112906519096955229754
2016-02-19,50.1209937265022024119026
2016-02-22,50.1306986799059576829302
2016-02-23,50.1404055124847565097831
2016-02-24,50.1501142246024645080299
2016-02-25,50.1598248166230177487228
2016-02-26,50.1695372889104227720399
2016-02-29,50.1792516418287566009297
2016-03-01,50.1889678757421667547594
2016-03-02,50.1986859910148712629646
2016-03-03,50.2084059880111586787028
2016-03-04,50.2181278670953880925081
2016-03-08,50.2278516286319891459502
2016-03-09,50.2375772729854620452947
2016-03-10,50.2473048005203775751669
2016-03-11,50.2570342116013771122179
2016-03-14,50.2667655065931726387929
2016-03-15,50.2764986858605467566033
2016-03-16,50.2862337497683527004004
2016-03-17,50.2959706986815143516521
2016-03-18,50.3057095329650262522224
2016-03-21,50.3154502529839536180531
2016-03-22,50.3251928591034323528490
2016-03-23,50.3349373516886690617646
2016-03-28,50.3446837311049410650947
2016-03-29,50.3544319977175964119663
2016-03-30,50.3641821518920538940343
2016-03-31,50.3739341939938030591796
2016-04-01,50.3836881243884042252090
2016-04-04,-4159.5585560565585115064409
2016-04-05,4221.0042881804637858871738
2016-04-06,100.5042890107863412424626
2016-04-07,2512.5042898412696723747396
2016-04-08,1005.0042906719138104151003
2016-04-11,201.0042915027187865006677
2016-04-12,2713.5042923336846317745937
2016-04-13,-2009.9957068351886226139390
2016-04-18,1407.0042939960990544902834
2016-04-20,703.5042948275476942485074
2016-04-21,2814.0042956591573278280130
2016-04-22,-1406.9957035090720135978843
2016-04-25,-2612.9957026771402988498335
2016-04-26,201.0042981549525032575542
2016-04-27,1608.0042989872064239157054
2016-04-28,2512.5042998196214943220872
2016-04-29,3015.0043006521977456802065
2016-05-02,3115.5043014849352091996129
2016-05-03,0.0043023178339160958989
2016-05-04,-2813.9956968491061024092990
2016-05-05,-703.4956960158848150882984
2016-05-06,1507.5043048174978092926295
2016-05-09,-1507.4956943489581980267387
2016-05-10,402.0043064847471941994225
2016-05-11,0.0043073186140172229892
2016-05-12,-1507.4956918473576976981119
2016-05-13,1708.5043089868320807000990
2016-05-16,1306.5043098211833836876550
2016-05-17,-502.4956893443037574593558
2016-05-18,402.0043114903706885412107
2016-05-19,-200.9956876747932470224444
2016-05-20,-602.9956868397955328560614
2016-05-23,-401.9956860046361376593212
2016-05-24,-1708.4956851693150301258440
2016-05-25,-3115.4956843338321789431881
2016-05-26,1608.0043165018124472071511
2016-05-27,-602.9956826623811203502573
2016-05-30,-3919.4956818264128502847790
2016-05-31,402.0043190097172887402868
2016-06-01,402.0043198460093280677087
2016-06-02,-2110.4956793175367009536755
2016-06-03,-200.9956784809207669689584
2016-06-06,4522.5043223558571613828391
2016-06-07,-2110.4956768072028845312318
2016-06-08,-100.4956759701008733380461
2016-06-09,1306.5043248671632263415961
2016-06-10,1507.5043257045894458929704
2016-06-13,2814.0043265421778167074298
2016-06-14,0.0043273799283701824052
2016-06-15,-602.9956717821588622785922
2016-06-16,4623.0043290559161507340286
2016-06-17,-3215.9956701058465593640589
2016-06-20,-401.9956692674469611510988
2016-06-21,301.5043315711149768007499
2016-06-22,-2311.4956675901607140745874
2016-06-23,-1105.4956667512740023370980
2016-06-24,9547.5043340877751434593183
2016-06-27,2914.5043349269867547668504
2016-06-28,603.0043357663608630437778
2016-06-29,-2411.9956633941025002455292
2016-06-30,-803.9956625544033036306077
2016-07-01,2512.5043382854584843650991
2016-07-04,1407.0043391254828952242426
2016-07-05,-803.9956600343300395644300
2016-07-07,2914.5043408060197114939261
2016-07-08,-301.4956583534678200997461
2016-07-11,703.5043424872073971615957
2016-07-12,-2411.9956566719546052089050
2016-07-13,-1105.4956558309537956920033
2016-07-14,-703.4956549897901427623508
2016-07-15,-301.4956541484636148884950
2016-07-18,-1205.9956533069741805328782
2016-07-19,603.0043475346781918481645
2016-07-20,-502.4956516235064661955946
2016-07-21,-200.9956507815281231082743
2016-07-22,201.0043500606132526721174
2016-07-25,-703.4956490970823072863171
2016-07-26,1407.0043517453852285906382
2016-07-27,-803.9956474119841081166878
2016-07-28,2010.0043534308097141781491
2016-07-29,-803.9956457262332729322907
2016-08-01,5025.0043551168869621506701
2016-08-02,3316.5043559601704510318275
2016-08-03,804.0043568036172253220974
2016-08-04,-1004.9956423527726833614841
2016-08-05,3316.5043584910007566042419
2016-08-08,-7436.9956406650624231514433
2016-08-09,1809.0043601790378090068667
2016-08-10,2512.5043610233014847207036
2016-08-11,-1205.9956381322713643622744
2016-08-12,301.5043627123192934117192
2016-08-16,-1808.9956364429265102973999
2016-08-17,-401.9956355980087438235861
2016-08-18,1608.0043652470726245053383
2016-08-19,201.0043660923176263676831
2016-08-22,-1105.4956330622737065521077
2016-08-23,-703.4956322167013425634549
2016-08-24,402.0043686290347500303566
2016-08-25,-2009.9956305250653970678203
2016-08-26,1005.0043703209982478510057
2016-08-29,-2612.9956288327742834980340
2016-08-30,-200.9956279863829593936675
2016-08-31,-200.9956271398277481084800
2016-09-01,-3014.9956262931086179089138
2016-09-02,603.0043745537744629447333
2016-09-06,1608.0043754008215261983099
2016-09-07,2814.0043762480326036038109
2016-09-08,0.0043770954077269193797
2016-09-09,-1808.9956220570530720906911
2016-09-12,2613.0043787906502383440418
2016-09-14,-1306.4956203614823099998268
2016-09-15,-1205.9956195134506853395489
2016-09-16,-502.4956186652548558862227
2016-09-19,1507.5043821831052101552091
2016-09-20,502.5043830316295445859604
2016-09-21,502.5043838803181792134024
2016-09-22,301.5043847291711458510656
2016-09-23,201.0043855781884763186402
2016-09-26,201.0043864273702024419779
2016-09-27,-803.9956127232836439469070
2016-09-28,-2411.9956118737730310098370
2016-09-29,4020.0043889759020730975305
2016-09-30,-2512.4956101742582997742956
2016-10-03,-703.4956093242541177686399
2016-10-04,482.9474915259146509773424
2016-10-05,0.0036068366460396550229
2016-10-06,0.0036075350396464494314
2016-10-07,0.0036082335684835516907
2016-10-10,1788.0036089322325771465138
2016-10-13,-6198.3963903689680465763163
2016-10-14,1609.2036103299666385780549
2016-10-17,-1907.1963889709633411904463
2016-10-18,4708.4036117282420403231798
2016-10-19,-59.5963875724171906709932
2016-10-20,-655.5963868729410079578169
2016-10-21,1013.2036138266706146829338
2016-10-24,-834.3963854735822965234394
2016-10-25,953.6036152263002846534432
2016-10-26,-2264.7963840736816155509596
2016-10-27,-2205.1963833735279708961088
2016-10-28,3933.6036173267612448636151
2016-10-30,-536.3963819728139420210862
2016-11-01,2443.6036187277464947055723
2016-11-02,-771.2237805715574186955412
2016-11-03,-102.8986119270267921848157
2016-11-04,617.4013883417464807375606
2016-11-07,-926.0986113894282036350816
2016-11-08,823.2013888794491647743128
2016-11-09,4424.7013891483785960447508
2016-11-10,-1337.6986105826398997428099
2016-11-11,-4836.2986103136063125054588
2016-11-15,-1337.6986100445206321583337
2016-11-16,-411.5986097753828486146191
2016-11-17,-3292.7986095061929517855468
2016-11-18,-5865.2986092369509315803950
2016-11-21,1234.8013910323432220935121
2016-11-22,1131.9013913016895193308044
2016-11-23,308.7013915710879702280666
2016-11-24,-823.1986081594614151161618
2016-11-25,-3292.7986078899586266013859
2016-11-28,2263.8013923795963458748454
2016-11-29,-205.7986073507964875830614
2016-11-30,-823.1986070811371168687428
2016-12-01,-3086.9986068114255318738783
2016-12-02,-6817.2811065416617224881905
2016-12-05,1255.8296865336942759915830
2016-12-06,1554.8296922819128327521380
2016-12-07,-1674.3703019687555800164352
2016-12-08,6099.6297037816892532025169
2016-12-09,-597.9702904667524520326209
2016-12-12,-3049.7702847140804801217256
2016-12-13,-538.1702789602946154229272
2016-12-14,-3647.7702732053946422526012
2016-12-15,657.8297325506196551146405
2016-12-16,-2272.3702616922515075540437
2016-12-19,-538.1702559340079144497159
2016-12-20,-1494.9702501746493497216512
2016-12-21,-4126.1702444141755974773291
2016-12-22,-956.7702386525864417824260
2016-12-23,-1255.7702328898816666608070
2016-12-26,-4245.7702271260610560945172
2016-12-27,4006.6297786388756059762260
2016-12-28,1136.2297844049285356530402
2016-12-29,2631.2297901720979490793879
2016-12-30,3348.8297959403840624405827
2017-01-02,2930.2298017097870919637990
2017-01-03,1076.4298074803072539180787
2017-01-04,59.8298132519447646143405
2017-01-05,1853.8298190246998404053871
2017-01-06,1016.6298247985726976859142
2017-01-09,538.2298305735635528925175
2017-01-10,2152.8298363496726225037020
2017-01-11,2093.0298421269001230398892
2017-01-12,2750.8298479052462710634254
2017-01-13,1375.4298536847112831785906
2017-01-16,956.8298594652953760316054
2017-01-17,-2212.5701347530012336893600
2017-01-18,1435.2298710298216707458219
2017-01-19,1913.6298768137643061092444
2017-01-20,-3827.1701174011731107850259
2017-01-23,1973.4298883850096369190598
2017-01-24,2511.6298941723127661195401
2017-01-25,4724.2298999607364937564515
2017-01-27,1913.6299057502810368118372
2017-01-30,-59.7700884590533876902458
2017-01-31,-1734.1700826672665626837180
2017-02-01,4305.6299231256417289395314
2017-02-02,2033.2299289196717043296511
2017-02-03,-538.1700652851764193211628
2017-02-06,2451.8299405110975752213406
2017-02-07,478.4299463084939052334757
2017-02-08,1315.6299521070127880336276
2017-02-09,837.2299579066544409822617
2017-02-10,-538.1700362925809185180696
2017-02-13,-837.1700304906930730227181
2017-02-14,-1016.5700246876818050449314
2017-02-15,-3767.3700188835468970558450
2017-02-16,2870.4299869217118685155254
2017-02-17,2212.6299927280947092822929
2017-02-20,3707.6299985356018428997068
2017-02-21,1554.8300043442334870651615
2017-02-22,-956.7699898460101404817960
2017-02-23,-2391.9699840351288219594579
2017-02-27,119.6300217768776604560533
2017-02-28,1734.2300275900095246307921
2017-03-01,478.4300334042669884729986
2017-03-02,-3528.1699607803497300668934
2017-03-03,-777.3699549638404129962485
2017-03-06,1794.0300508537951577197794
2017-03-07,-298.9699433274427998417463
2017-03-08,-3169.3699375075540675615351
2017-03-09,239.2300683134615727219378
2017-03-10,598.0300741356043392124397
2017-03-14,4664.4300799588744501559890
2017-03-15,598.0300857832721238408635
2017-03-16,4066.4300916087975785976077
2017-03-17,-179.3699025645489672009581
2017-03-20,837.2301032632327048602698
2017-03-21,-119.5698909078571867613126
2017-03-22,-2989.9698850778184235660099
2017-03-23,3049.8301207533492129881819
2017-03-24,-1734.1698734143540585144167
2017-03-27,299.0301324190719805528389
2017-03-28,897.0301382536275488589265
2017-03-29,1315.6301440893128651151649
2017-03-30,837.2301499261281480752217
2017-03-31,299.0301557640736165351225
2017-04-03,2272.4301616031494893332577
2017-04-05,2332.2301674433559853503921
2017-04-06,598.0301732846933235096725
2017-04-07,2033.2301791271617227766355
2017-04-10,358.8301849707614021592162
2017-04-11,3229.2301908154925807077567
2017-04-12,239.2301966613554775150134
2017-04-13,478.4302025083503117161663
2017-04-17,-1853.7697916435226975111739
2017-04-18,-2511.5697857942633309469567
2017-04-19,1435.2302200561286306713160
2017-04-20,1794.0302259076534066485984
2017-04-21,-59.7697682396887836676916
2017-04-24,2631.2302376141022791123366
2017-04-25,4544.8302434690268144210542
2017-04-26,-837.1697506749149582666790
2017-04-27,-418.5697448177228194335062
2017-04-28,0.0302610406034504804349
2017-05-02,1794.0302669000640710775199
2017-05-03,-298.9697272393407379973537
2017-05-04,1315.6302786223892429432412
2017-05-05,-4185.9697155147457663707296
2017-05-08,0.0302903492544538332456
2017-05-09,3049.8302962143901233702334
2017-05-10,3707.6303020806614620978636
2017-05-11,418.6303079480686899163365
2017-05-12,-1614.5696861833879732315676
2017-05-15,2990.0303196862916926395187
2017-05-16,-119.5696744428920924424408
2017-05-17,-478.3696685709391084068785
2017-05-18,-6697.5696626978491351406144
2017-05-19,-2092.9696568236219524878478
2017-05-22,-2750.7696509482573402501492
2017-05-23,-3707.5696450717550781864517
2017-05-24,-4664.3696391941149460130435
2017-05-25,2571.4303666846632765964412
2017-05-26,6877.0303725645798100110303
2017-05-29,-2212.5696215543651253575789
2017-05-30,1853.8303843278286909449903
2017-05-31,1794.0303902111614794158006
2017-06-01,-657.7696039043665394053902
2017-06-02,1674.4304019812448550638792
2017-06-05,3707.6304078679958834487812
2017-06-06,-3348.7695862441132335827917
2017-06-07,2152.8304196449177246797809
2017-06-08,1375.4304255350889789898556
2017-06-09,299.0304314264007501435337
2017-06-12,-418.5695626811467410203306
2017-06-13,1375.4304432124467263798780
2017-06-14,-1973.3695508928186267314558
2017-06-15,897.0304550030574206128304
2017-06-16,598.0304609000750894226849
2017-06-19,657.8304667982346007508505
2017-06-20,119.6304726975361756928724
2017-06-21,0.0304785979800353871065
2017-06-22,-1913.5695155004335989852718
2017-06-23,-2750.7695095977045062002600
2017-06-27,-4126.1695036938324649910199
2017-06-28,1435.2305022111827459521312
2017-06-29,119.6305081173413479817275
2017-06-30,3169.4305140246435624931647
2017-07-03,2930.2305199330896109247065
2017-07-04,837.2305258426797147574945
2017-07-05,1435.2305317534140955155557
2017-07-06,2332.2305376652929747658104
2017-07-07,418.6305435783165741180816
2017-07-10,2212.6305494924851152251026
2017-07-11,-1793.9694445922011802174749
2017-07-12,1076.4305613242579095289282
2017-07-13,3289.0305672418626062458263
2017-07-14,179.4305731606131317576773
2017-07-17,538.2305790805097079318911
2017-07-18,-1913.5694149984474433211619
2017-07-19,4544.8305909237418999518573
2017-07-20,-1614.5694031529220402527357
2017-07-21,598.0306027715609581043603
2017-07-24,777.4306086971911171054400
2017-07-25,1614.6306146239686588758000
2017-07-26,-358.7693794481061944162530
2017-07-27,-1076.3693735190332205593936
2017-07-28,1016.6306324111878027007306
2017-07-31,2451.8306383425570976615071
2017-08-01,0.0306442750748866633667
2017-08-02,-1195.9693497912586079102075
2017-08-03,-418.5693438564431636326722
2017-08-04,4604.6306620795214419655840
2017-08-07,4963.4306680166354313972501
2017-08-08,-4724.1693260451009727819003
2017-08-09,-4724.1693201056875479729997
2017-08-10,-10345.3693141651240715340785
2017-08-11,-538.1693082234103207800573
2017-08-14,6817.2306977194539270172625
2017-08-16,3229.2307036634688946292058
2017-08-17,-418.5692903913651951297666
2017-08-18,-717.5692844450481194020503
2017-08-21,-4126.1692784975796552868891
2017-08-22,-1853.7692725489595798403665
2017-08-23,3767.4307334008123299246031
2017-08-24,3946.8307393517362970382823
2017-08-28,1614.6307453038125445741191
2017-08-29,-3288.9692487429587043512449
2017-08-30,5382.0307572114227734220346
2017-08-31,538.2307631669572010970119
2017-09-01,3289.0307691236448019199606
2017-09-04,-956.7692249185142008196183
2017-09-05,1614.6307810404804162110112
2017-09-06,478.4307870006288763878299
2017-09-07,1734.2307929619314031300704
2017-09-08,-2272.3692010756117800997733
2017-09-11,3946.8308048879995502040614
2017-09-12,2152.8308108527656175906147
2017-09-13,-1913.5691831813133543477869
2017-09-14,956.8308227857628580244770
2017-09-15,358.8308287539944783863297
2017-09-18,538.2308347233817304600054
2017-09-19,2033.2308406939248380110580
2017-09-20,-1016.5691533343759751516311
2017-09-21,-3587.9691473615204851758440
2017-09-22,-7235.7691413875084681660183
2017-09-25,-5262.3691354123397001832386
2017-09-26,956.8308705639860427547721
2017-09-27,-6398.5691234585310153263399
2017-09-28,299.0308825201093496424507
2017-09-29,3229.2308884999073617735548
2017-10-03,5561.4308944808632452227794
2017-10-04,59.8309004629772241893339
2017-10-05,239.2309064462495229158402
2017-10-06,3169.4309124306803656883400
2017-10-09,-837.1690815837300231636960
2017-10-10,1794.0309244030185807326393
2017-10-11,-1853.7690696090735982063006
2017-10-12,3946.8309363799936644792906
2017-10-13,1315.6309423702205932926823
2017-10-16,1315.6309483616074127806141
2017-10-17,478.4309543541543475333048
2017-10-18,-478.3690396521383778155391
2017-10-19,598.0309663427294614112847
2017-10-23,-1016.5690276612419100655174
2017-10-24,717.6309783359477325182745
2017-10-25,3229.2309843342986139704006
2017-10-26,2870.4309903338109591421316
2017-10-27,2093.0309963344849929282755
2017-10-30,3468.4310023363209402671874
2017-10-31,-896.9689916606809738592231
2017-11-01,5023.2310143434794755745174
2017-11-02,1196.0310203488025136374536
2017-11-03,239.2310263552883654422108
2017-11-06,2272.4310323629372561450027
2017-11-07,-6039.7689616282505890543595
2017-11-08,-4006.5689556182749449124595
2017-11-09,2870.4310503928644138577332
2017-11-10,777.4310564051677125868718
2017-11-13,-2092.9689375813648233507602
2017-11-14,-1076.3689315667329685372393
2017-11-15,-4783.9689255509364975109948
2017-11-16,3767.4310804660248152332006
2017-11-17,5023.2310864841511952442388
2017-11-20,598.0310925034428681146848
2017-11-21,-119.5689014760999405192146
2017-11-22,-896.9688954544770049775230
2017-11-23,1255.8311105683119004633950
2017-11-24,657.8311165922670015708817
2017-11-27,837.2311226173885241559946
2017-11-28,239.2311286436766940735153
2017-11-29,-597.9688653288682627780423
2017-11-30,-1614.5688593002461204564235
2017-12-01,-3288.9688532704566529756239
2017-12-04,-896.9688472394996343058820
2017-12-05,239.2311587926251616263305
2017-12-06,-2511.5688351740820390616834
2017-12-07,5740.8311708603789897911621
2017-12-08,2033.2311768960084743897450
2017-12-11,1674.4311829328066409827430
2017-12-12,-2930.1688110292262841373572
2017-12-13,-4903.5688049900900746342520
2017-12-14,717.6312010502154958721882
2017-12-15,2511.6312070916906538059263
2017-12-18,3169.4312131343356256347689
2017-12-19,4963.4312191781506378703725
2017-12-20,956.8312252231359170682541
2017-12-21,2033.2312312692916898277982
2017-12-22,1853.8312373166181827922663
2017-12-26,1794.0312433651156226488045
2017-12-27,-1734.1687505852157638715474
2017-12-28,-896.9687445343757499938473
2017-12-29,2212.6312615176358911007570
2018-01-01,1435.2312675708193862750372
2018-01-02,-2810.5687263748250375643077
2018-01-03,1674.4312796807028465333572
2018-01-04,5142.8312857374032655626119
2018-01-05,4066.4312917952764465619889
2018-01-08,2810.6312978543226166139827
2018-01-09,-657.7686960854579971549426
2018-01-10,-1674.3686900240651675743434
2018-01-11,-1554.7686839614986674297901
2018-01-12,598.0313221022417305371434
2018-01-15,1076.4313281671562536288871
2018-01-16,-6278.9686657667548708081165
2018-01-17,2093.0313403005085846165968
2018-01-18,-6219.1686536310531526624799
2018-01-19,2272.4313524385601448331857
2018-01-22,4963.4313585093487046261719
2018-01-23,1734.2313645813127542831131
2018-01-24,-1853.7686293455474785852935
2018-01-25,-4365.3686232712317663242772
2018-01-29,-2571.3686171957398812349872
2018-01-30,-2631.1686111190715955744829
2018-01-31,-2870.3686050412266815557258
2018-02-01,418.6314010377950886524290
2018-02-02,-8551.3685928820060570747581
2018-02-05,-2391.9685868006298908179038
2018-02-06,-4484.9685807180761846134921
2018-02-07,3229.2314253656552895461337
2018-02-08,5382.0314314505647597127790
2018-02-09,-2511.5685624633475460175923
2018-02-12,6637.8314436239186004951494
2018-02-14,-896.9685502876365725646910
2018-02-15,-2272.3685441980128369686252
2018-02-16,-4425.1685381072099644439731
2018-02-19,-3707.5685320152277266738540
2018-02-20,1315.6314740779341047028221
2018-02-21,-1734.1685198277242419086373
2018-02-22,-2631.1685137322025380586983
2018-02-23,5740.8314923644994447464075
2018-02-26,1495.0314984623819350446922
2018-02-27,-298.9684954385548385815804
2018-02-28,-1614.5684893383106475058859
2018-03-01,-1674.3684832368852630574308
2018-03-05,-3587.9684771342784565211440
2018-03-06,-3707.5684710304899991376683
2018-03-07,-3767.3684649255196621033515
2018-03-08,-538.1684588193672165702381
2018-03-09,239.2315472879675663539391
2018-03-12,2571.4315533964849156057684
2018-03-13,3946.8315595061850601661664
2018-03-14,1435.2315656170682290603882
2018-03-15,179.4315717291346513580346
2018-03-16,-3587.9684221576154438269384
2018-03-19,-5262.3684160431818273362114
2018-03-20,2272.4315900724357300329067
2018-03-21,-358.7684038107625424725120
2018-03-22,-478.3683976927764155610060
2018-03-23,-2092.9683915736056598967167
2018-03-26,3109.6316145467499539006217
2018-03-27,4066.4316206682906552556896
2018-03-28,-239.1683732089833263624089
2018-04-02,5262.4316329149282385598624
2018-04-03,2870.4316390400255795804808
2018-04-04,-3587.9683548336910736981271
2018-04-05,5740.8316512937785083709231
2018-04-06,3707.6316574224345554789829
2018-04-09,1734.2316635522772973618785
2018-04-10,0.0316696833069637999206
2018-04-11,239.2316758155237846179118
2018-04-12,-896.9683180510720103148439
2018-04-13,358.8316880835198089154672
2018-04-16,1554.8316942192994722671770
2018-04-17,837.2317003562672097431445
2018-04-18,-1076.3682935055767486092358
2018-04-19,2093.0317126337678273019746
2018-04-20,-2451.7682812256988323867326
2018-04-23,1734.2317249160235025056954
2018-04-24,1016.6317310589350622048819
2018-04-25,1255.8317372030360769810283
2018-04-26,-1793.9682566516732228510762
2018-04-27,1614.6317494948073930679535
2018-04-30,3588.0317556424781551421069
2018-05-02,-4843.7682382086607061800131
2018-05-03,-4305.5682320586089604051815
2018-05-04,-2451.7682259073663769955433
2018-05-07,1495.0317802450672746313959
2018-05-08,59.8317863986922251027786
2018-05-09,-2212.5682074464912949095967
2018-05-10,-4305.5682012904830546892661
2018-05-11,-179.3681951332828234750922
2018-05-14,-1435.1681889748903704612548
2018-05-15,-2451.7681828153054647972433
2018-05-16,1136.2318233454721244121534
2018-05-17,358.8318295074426281068539
2018-05-18,-5860.3681643293937227285053
2018-05-21,-5202.5681581650366970645628
2018-05-22,4604.6318480005139361727775
2018-05-23,-1674.3681458327415918976451
2018-05-24,478.4318603351969498877598
2018-05-25,4186.0318665043297927373434
2018-05-28,7774.0318726746571679042257
2018-05-29,119.6318788461793066863043
2018-05-30,-1136.1681149811035595737367
2018-05-31,-1375.3681088071911994884182
2018-06-01,-4604.5681026320833816254578
2018-06-04,29573.6261035442201254922398
2018-06-05,243.5510497998556234315789
2018-06-06,2818.0110538757390321274433
2018-06-07,2748.4310579524116561923482
2018-06-08,208.7610620298736484424651
2018-06-11,1391.6210661081251617235556
2018-06-12,1322.0410701871663489109770
2018-06-13,-208.7189257330026370903124
2018-06-14,-1252.4189216523816433457471
2018-06-15,1008.9310824290294831088516
2018-06-18,-347.8789134887691047327199
2018-06-19,-3200.6589094057772538470400
2018-06-20,1704.7310946780051888189422
2018-06-21,-1530.7389012374216236520865
2018-06-22,3305.0711028479424618522025
2018-06-25,-2226.5388930659024015262153
2018-06-26,1008.9311110210439393842887
2018-06-27,-4696.6288848912183622149985
2018-06-28,-2504.8588808026891530931250
2018-06-29,3931.2911232866317200105312
2018-07-02,-660.9888726232555896137324
2018-07-03,1426.4111314676490713540638
2018-07-04,1635.1511355593458562635868
2018-07-05,139.1811396518349184941966
2018-07-06,1322.0411437451164114549522
2018-07-09,1948.2611478391904885846173
2018-07-10,3026.7511519340573033516660
2018-07-11,0.0211560297170092542886
2018-07-12,2678.8511601261697598203974
2018-07-13,452.2911642234157086076320
2018-07-16,-2226.5388316785449907966339
2018-07-17,1739.5211724202878152247121
2018-07-18,-1287.2088234800857196814726
2018-07-19,0.0211806203345581614204
2018-07-20,2818.0111847215488024597557
2018-07-23,1426.4111888235571669496604
2018-07-24,1287.2511929263598053970292
2018-07-25,730.6111970299568715975310
2018-07-26,834.9812011343485193766140
2018-07-27,4070.4512052395349025895117
2018-07-30,1426.4112093455161751212489
2018-07-31,1774.3112134522924908866469
2018-08-01,-417.4587824401359961696704
2018-08-02,-2435.2787783317691320732701
2018-08-03,4140.0312257773932371800939
2018-08-06,417.5012298873512656244883
2018-08-07,0.0212339981051073238054
2018-08-08,1495.9912381096549163717687
2018-08-09,487.0812422220008468919392
2018-08-10,-1148.0487536648569469622792
2018-08-13,-2609.2287495509183110076338
2018-08-14,3165.9112545638169089689828
2018-08-16,-1321.9987413206511327894618
2018-08-17,3548.6012627956777179898663
2018-08-20,1739.5212669128036156096728
2018-08-21,1426.4112710307267144025412
2018-08-23,521.8712751494471687309384
2018-08-24,-800.1487207310348670127793
2018-08-27,4140.0312833892807615936393
2018-08-28,1356.8312875103942090023466
2018-08-29,-660.9887083676943703045989
2018-08-30,-1008.8887042449848218152257
2018-08-31,661.0312998785230090123556
2018-09-03,-3931.2486959971707232500415
2018-09-04,-1217.6286918720658640006735
2018-09-05,-1809.0586877461622586078618
2018-09-06,1322.0413163805402475900143
2018-09-07,2713.6413205080418092845221
2018-09-10,-4905.3686753636574188028176
2018-09-11,-5914.2786712345572819205256
2018-09-12,2783.2213328953423747128422
2018-09-14,4418.3513370260417059087000
2018-09-17,-3687.7186588424591334915613
2018-09-18,-3409.3986547101599886165692
2018-09-19,-1287.2086505770607045649634
2018-09-21,-3861.6686464431611264053897
2018-09-24,-5914.2786423084610991764946
2018-09-25,3339.8613618270395321130806
2018-09-26,-556.6186340366590775152941
2018-09-27,-3305.0286298995567730102322
2018-09-28,-1774.2686257616533992903244
2018-10-01,2852.8013783770511987558674
2018-10-03,-4661.8386174834428237301850
2018-10-04,-9810.7586133431353115769690
2018-10-05,-9775.9686092020261095829265
2018-10-08,208.7613949398849374835524
2018-10-09,-939.3086009174020151158647
2018-10-10,5879.5314032261131879105532
2018-10-11,-8558.3185926295692981153939
2018-10-12,8975.8414115155506821581695
2018-10-15,1391.6214156614732841131990
2018-10-16,2191.7914198081986631617377
2018-10-17,-4522.6785760442730252540791
2018-10-19,-6505.7085718959416256620181
2018-10-22,-1043.6785677468069825597414
2018-10-23,-3235.4485635968689404148011
2018-10-24,2887.5914405538726563353662
2018-10-25,-3200.6585552945820367165542
2018-10-26,-3861.6685511422328639477494
2018-10-29,7479.8714530109203302947263
2018-10-30,-1043.6785428351222983060415
2018-10-31,5601.2114613196394059631771
2018-11-01,556.6614654752055988457635
2018-11-02,-816.5923303684235638847450
2018-11-05,3210.4841528041457807630962
2018-11-06,-1605.2358463917446489110198
2018-11-07,-267.5358455874793784417166
2018-11-09,-3879.3258447830583776806965
2018-11-12,-4146.8658439784816164738245
2018-11-13,-133.7658431737490646611263
2018-11-14,133.7741576311393079232118
2018-11-15,-1203.9258415638164685491551
2018-11-16,-1337.6958407586163639007300
2018-11-19,267.5441600467396520518276
2018-11-20,0.0041608522516094977023
2018-11-21,-267.5358383420804613680753
2018-11-22,-133.7658375362565303446284
2018-11-26,-2809.1658367302765672252322
2018-11-27,-535.0758359241405417973126
2018-11-28,-3210.4758351178484238424460
2018-11-29,1337.7041656885998168636425
2018-11-30,-1605.2358335047957894489192
2018-12-03,3611.7941673019647874558492
2018-12-04,-216.5337018911184221802164
2018-12-05,-3110.7739921024423041270226
2018-12-06,-5227.3939890028249913246315
2018-12-07,2886.3160140973925019481301
2018-12-10,-6510.1939828017897080954890
2018-12-11,2244.9160202996284947802621
2018-12-12,5067.0760234016472268336410
2018-12-13,1218.6760265042666043454167
2018-12-14,320.7160296074867436188734
2018-12-17,3174.9460327113077609798154
2018-12-18,865.9060358157297727765712
2018-12-19,2020.4260389207528953799979
2018-12-20,-32.0539579736227548165148
2018-12-21,-6189.4939548673970613970393
2018-12-24,-2437.3039517605699079231069
2018-12-26,1731.7960513468588220662978
2018-12-27,1956.2860544548892450547398
2018-12-28,1860.0760575635214775483395
2018-12-31,352.7860606727556360757762
2019-01-01,994.1860637825918371882927
2019-01-02,-3239.0539331069698025403003
2019-01-03,-3655.9639299959291665136197
2019-01-04,2084.5660731157138618872939
2019-01-07,224.5060762279593993039812
2019-01-08,962.1160793408075624005679
2019-01-09,1314.8860824542584678637699
2019-01-10,-64.1239144316877675971032
2019-01-11,-1795.9039113170310272501431
2019-01-14,-1667.6239082017711943408385
2019-01-15,4586.0260949140918479079285
2019-01-16,1699.7260980305582162958883
2019-01-17,64.1561011476280276453865
2019-01-18,-994.1538957346986011986103
2019-01-21,2052.4961073835784466314887
2019-01-22,-1314.8538894975407119740961
2019-01-23,-2405.2338863780559601025111
2019-01-24,481.0661167420328191817354
2019-01-25,-1763.8338801372742571632229
2019-01-28,-3655.9638770159770721566053
2019-01-29,64.1561261059244912050197
2019-01-30,-641.3838707715694500522607
2019-01-31,5997.1061323515412211203000
2019-02-01,1250.7461354752566217941133
2019-02-04,-2589.8469614004231309367416
2019-02-05,369.1527438294997248713407
2019-02-06,1722.7027443607888207736568
2019-02-07,-4306.7472551078192095472662
2019-02-08,-984.3972545763243461719268
2019-02-11,1107.4527459552734308230336
2019-02-12,-1107.4472535130258586351688
2019-02-13,-738.2972529812221946154591
2019-02-14,738.3027475506844428170968
2019-02-15,3199.3027480826940736012927
2019-02-18,2707.1027486148067176797839
2019-02-19,984.4027491470223949990864
2019-02-20,1845.7527496793411255095789
2019-02-21,-2830.1472497882370708344968
2019-02-22,-2337.9472492557121740750356
2019-02-25,861.3527512769158357499325
2019-02-26,-369.1472481903530213937574
2019-02-27,738.3027523424812744635957
2019-02-28,-1230.4972471245812567044402
2019-03-01,-5291.1472465915405949204299
2019-03-05,-7259.9472460583967202030697
2019-03-06,492.2027544748503874328127
2019-03-07,-2460.9972449917992520237399
2019-03-08,1845.7527555416543814201847
2019-03-11,369.1527560752113077613711
2019-03-12,-1722.6972433911284529995252
2019-03-13,2953.2027571426351191420250
2019-03-14,-2953.1972423234979558055764
2019-03-15,-123.0472417895276578300527
2019-03-18,-2953.1972412554539669152526
2019-03-19,2953.2027592787231369588514
2019-03-20,-2707.0972401869963261838374
2019-03-22,3199.3027603473876636844622
2019-03-25,0.0027608818751265954091
2019-03-26,-492.1972385835339174154592
2019-03-27,369.1527619511605516912746
2019-03-28,-1599.6472375140414460410921
2019-03-29,-2091.8472369791398905653811
2019-04-01,123.0527635558652381694681
2019-04-02,5598.7372140909739602183978
2019-04-03,-1089.0626734980658354320663
2019-04-04,-945.7626701431264892828014
2019-04-05,1948.8973332124624754714831
2019-04-08,-1547.6226634312988153832332
2019-04-09,1404.3573399255897639633850
2019-04-10,-2264.1226567168716606539658
2019-04-11,114.6573466413170366237760
2019-04-12,2063.5373500001559816800424
2019-04-15,1318.3773533596453004226398
2019-04-16,2522.0973567197851187837550
2019-04-18,-802.4626399194244372800418
2019-04-22,-4614.2426365579832417877905
2019-04-23,-487.2026331958911687341382
2019-04-24,3553.8573701668519079106676
2019-04-25,-1461.6426264697538857992185
2019-04-26,2780.0373768942915762147669
2019-04-30,28.6773802589884200555994
2019-05-02,-659.1626163756632281493280
2019-05-03,-544.5226130096632422482000
2019-05-06,-3324.5426096430114960647746
2019-05-07,-2665.3626062757078633983781
2019-05-08,-3926.4026029077522180239009
2019-05-09,-3066.6025995391444336917917
2019-05-10,114.6574038301156158719460
2019-05-13,-3668.4625927999719430342404
2019-05-14,1834.2574105705930159125512
2019-05-15,-1031.7425860581893809403166
2019-05-16,1633.6374173136809927789835
2019-05-17,4470.9774206862042634667476
2019-05-20,12323.8174240593805575437469
2019-05-21,-2464.7425725667899985447694
2019-05-22,716.5174308076927216709324
2019-05-23,-2063.5025658171711553149264
2019-05-24,5588.7174375586184970163695
2019-05-27,1404.3574409350618052080323
2019-05-28,401.2574443121588958277779
2019-05-29,-1203.7025523100901045321715
2019-05-30,2063.5374510683149307449193
2019-05-31,-659.1625455526258716996982
2019-06-03,4442.3174578270876147997495
2019-06-04,-601.8425387925444830664381
2019-06-06,-5474.0425354115220385834303
2019-06-07,601.8774679701550749881398
2019-06-10,2264.1574713524869844121792
2019-06-11,-171.9425252645261835228593
2019-06-12,-1547.6225218808843020039733
2019-06-13,974.4574815034127558063951
2019-06-14,-2579.3825151116348832296371
2019-06-17,-4098.3625117260270922253882
2019-06-18,143.3174916602362557303923
2019-06-19,-315.2425049528447124264707
2019-06-20,4213.0374984347301302644258
2019-06-21,-2350.1024981770390892119315
2019-06-24,-773.8024947881522438459677
2019-06-25,1920.2375086013907933964847
2019-06-26,1662.2975119915901495741916
2019-06-27,458.5775153824459517705204
2019-06-28,-1518.9624812260416729065536
2019-07-01,1862.9175221661274026755568
2019-07-02,1060.4375255589533056740552
2019-07-03,515.8975289524361632707672
2019-07-04,1576.3175323465761026721443
2019-07-05,-4098.3624642586267488907309
2019-07-08,-7623.5424608631722641621398
2019-07-09,-401.2224574670603158617233
2019-07-10,-1318.3424540702907766844770
2019-07-11,2464.7775493271364806992537
2019-07-12,-687.8224472747784163562218
2019-07-15,716.5175561239646595280658
2019-07-16,2092.1975595233658357557501
2019-07-17,917.1375629234252397551338
2019-07-18,-2034.8424336758570010208060
2019-07-19,-5273.4224302744807590944139
2019-07-22,-2350.1024268724459069633506
2019-07-23,-573.1824234697523171005884
2019-07-24,-1604.9424200663998619544070
2019-07-25,-429.8824166623884139483875
2019-07-26,945.7975867422821545185913
2019-07-29,-2751.3424098523880289276420
2019-07-30,-3181.2424064463988366365463
2019-07-31,945.7975969602498590671364
2019-08-01,-3725.7823996324418141166140
2019-08-02,1689.3590037755262715369087
2019-08-05,7499.8023183904402323919830
2019-08-06,2142.8023188393513477011334
2019-08-07,5142.7223192883493858969344
2019-08-08,-535.6976802625656361896915
2019-08-09,1392.8223201866062982754374
2019-08-13,6214.1223206358652061297620
2019-08-14,-5678.4176789147888957860160
2019-08-16,1285.6823215346440093720655
2019-08-19,428.5623219841639384512304
2019-08-20,2678.5023224337709083019645
2019-08-21,-2571.3576771165350642219834
2019-08-22,2678.5023233332460377363987
2019-08-23,-1178.5376762168857689626131
2019-08-26,9321.1823242330695325445221
2019-08-27,-107.1376753168880408753897
2019-08-28,2785.6423251332415276477236
2019-08-29,107.1423255834582549872004
2019-08-30,-4499.8776739662378419803533
2019-09-03,6964.1023264841532536249357
2019-09-04,1392.8223269346315586862100
2019-09-05,-749.9776726148029099101198
2019-09-06,-10606.8576721641501352743725
2019-09-09,1821.3823282865898994864029
2019-09-11,-3857.0376712625827887315711
2019-09-12,-1928.5176708116681830288009
2019-09-13,-321.4176703606662665025204
2019-09-16,1392.8223300904229777533094
2019-09-17,1178.5423305415995666480012
2019-09-18,-2571.3576690071364829058586
2019-09-19,-3428.4776685557851539924085
2019-09-20,214.2823318956535703074886
2019-09-23,2785.6423323471797069162455
2019-09-24,107.1423327987932727595517
2019-09-25,2678.5023332504942847663744
2019-09-26,-3749.8976662977172401310415
2019-09-27,321.4223341541587150028274
2019-09-30,-535.6976653938778328932160
2019-10-01,-3535.6176649418268668770890
2019-10-03,7606.9423355103116299965713
2019-10-04,3107.0623359625376746764093
2019-10-07,-428.5576635851487158856487
2019-10-09,1285.6823368672524752656053
2019-10-10,1178.5423373197412650886632
2019-10-11,-1821.3776622276823294546999
2019-10-14,964.2623382249817086005753
2019-10-15,1821.3823386777333962228336
2019-10-16,-2035.6576608694272496162953
2019-10-17,642.8423395834997880581053
2019-10-18,-321.4176599634854737757619
2019-10-22,-1071.3976595103830181364059
2019-10-23,1392.8223409428071719609518
2019-10-24,-964.2576586039148864956211
2019-10-25,6214.1223418494508234852323
2019-10-27,-1607.0976576970956811018410
2019-10-29,-4499.8776572435543832589033
2019-10-30,-535.6976567899252659847256
2019-10-31,4392.7423436637916877252131
2019-11-01,1178.5423441175964948787262
2019-11-04,107.1423445714891724869205
2019-11-05,-1071.3976549745302624358031
2019-11-06,-2464.2176545204617928717496
2019-11-07,-749.9776540663054017999289
2019-11-08,-3107.0576536120610721960547
2019-11-11,535.7023468422712129674556
2019-11-13,2999.9223472966914707214814
2019-11-14,107.1423477511997181001999
2019-11-15,-3214.1976517942040278589131
2019-11-18,-1178.5376513395197501150832
2019-11-19,2999.9223491152525683757640
2019-11-20,1499.9623495701129446610027
2019-11-21,-1607.0976499749386042086916
2019-11-22,107.1423504800979388206579
2019-11-25,-3428.4776490647774091936698
2019-11-26,-749.9776486095646311910929
2019-11-27,-321.4176481542637101077258
2019-11-28,535.7023523011253711236205
2019-11-29,749.9823527566026295734403
2019-12-02,0.0023532121680823155330
2019-12-03,749.9823536678217464270043
2019-12-04,2999.9223541235636389882660
2019-12-05,-964.2576454206062229169623
2019-12-06,-535.6976449646878222016532
2019-12-09,-4071.3176445086811417754707
2019-12-10,-321.4176440525861645447700
2019-12-11,642.8423564035971265874041
2019-12-12,214.2823568598687487213172
2019-12-13,-749.9776426837712810394543
2019-12-16,2357.0823577726770544119781
2019-12-17,642.8423582292137721858152
2019-12-18,1071.4023586858388893955707
2019-12-19,-535.6976408574475768419277
2019-12-20,1071.4023595993543905934620
2019-12-23,0.0023600562448088251964
2019-12-24,1071.4023605132236949800482
2019-12-26,2678.5023609702910661881061
2019-12-27,1607.1023614274469395827758
2019-12-30,1607.1023618846913323007806
2019-12-31,1607.1023623420242614821616
2020-01-01,-1071.3976372005542557297205
2020-01-02,0.0023632569557978118137
2020-01-03,11249.7023637145544392567642
2020-01-06,8035.5023641722416857584516
2020-01-07,-6964.0976353699824455264822
2020-01-08,6428.4023650878820625619270
2020-01-09,-11249.6976344541647728130342
2020-01-10,-1071.3976339961229344847554
2020-01-13,-2142.7976335379924052833027
2020-01-14,0.0023669202268319645824
2020-01-15,3214.2023673785347944354841
2020-01-16,-535.6976321630685006906877
2020-01-17,-535.6976317045830362306967
2020-01-20,2999.9223687539912050020208
2020-01-21,-1071.3976307873457598026437
2020-01-22,1714.2423696714060865485297
2020-01-23,-857.1176298697532387479099
2020-01-24,2035.6623705891762815079163
2020-01-27,4821.3023710481946645192178
2020-01-28,-1392.8176284926980725074653
2020-01-29,-1178.5376280335019123622607
2020-01-30,3428.4823724257831621680359
2020-01-31,-642.8376271148428317000382
2020-02-01,3642.7623733446201232533883
2020-02-03,-3214.1976261958279557484792
2020-02-04,-3535.6176257361870514791007
2020-02-05,-2892.7776252764571467086001
2020-02-06,2892.7823751833617757962346
2020-02-07,1285.6823756432697332719527
2020-02-10,2678.5023761032667429584402
2020-02-11,-1392.8176234366471779010778
2020-02-12,-642.8376229764720120600379
2020-02-13,2035.6623774837922577314627
2020-02-14,-1071.3976220558543512733328
2020-02-17,857.1223784045881781821594
2020-02-18,2249.9423788651198633578645
2020-02-19,6106.9823793257407215170498
2020-02-20,1178.5423797864507699263252
2020-02-24,18856.6423802472500258556440
2020-02-25,-12213.9576192918614934216964
2020-02-26,857.1223811691162293709458
2020-02-27,-1499.9576183698167884864421
2020-02-28,-107.1376179086605297105270
2020-03-02,-3642.7576174474149770146291
2020-03-03,964.2623830139198868912785
2020-03-04,10499.7223834753440793005706
2020-03-05,-642.8376160631423824900293
2020-03-06,10821.1423843984605188195512
2020-03-09,-6321.2576151398471994672656
2020-03-11,-2999.9176146780655200437067
2020-03-12,-2357.0776142161944255996483
2020-03-13,-14356.7576137542338988216145
2020-03-16,-10178.2976132921839223927775
2020-03-17,-8999.7576128300444789929557
2020-03-18,6535.5423876321844487013855
2020-03-19,-2464.2176119054971219828645
2020-03-20,9642.6023885569108262845386
2020-03-23,-11678.2576109805916891628054
2020-03-24,14678.1823894819953490120601
2020-03-25,6428.4023899446719581494480
2020-03-26,-2892.7776095925618444069708
2020-03-27,15535.3023908702939586898330
2020-03-30,16820.9823913332393847902473
2020-03-31,-16392.4176082037255487519803
2020-04-01,321.4223922593991754202578
2020-04-03,5892.7023927226135746674307
2020-04-07,9428.3223931859176663533682
2020-04-08,1285.6823936493114678452629
2020-04-09,10714.0023941127949965136697
2020-04-13,18213.8023945763682697325076
2020-04-15,1928.5223950400313048790590
2020-04-16,6321.2623955037841193339717
2020-04-17,-8464.0576040323732695187416
2020-04-20,-9856.8776035684408442917015
2020-04-21,5357.0023968955814124058373
2020-04-22,5999.8423973596935179679883
2020-04-23,0.0023978238954897922326
2020-04-24,857.1223982881873452794199
2020-04-27,-1392.8176012474308981662306
2020-04-28,1285.6823992170407768628705
2020-04-29,-3321.3376003183976122223172
2020-04-30,2142.8024001462539519925374
2020-05-04,1714.2424006109954869251376
2020-05-05,-12749.6575989241729900034413
2020-05-06,-1928.5175984592514613687502
2020-05-07,-3214.1975979942399097429663
2020-05-08,4821.3024024708616823051078
2020-05-11,-3642.7575970639466677899553
2020-05-12,749.9824034013350574097925
2020-05-13,-2892.7775961332931246543233
2020-05-14,5571.2824043321688034623990
2020-05-15,3321.3424047977208592080396
2020-05-18,7928.3624052633630600340569
2020-05-19,-12535.3775942709045766047117
2020-05-20,5464.1424061949179667499515
2020-05-21,-4821.2975933391692924403561
2020-05-22,2357.0824071268336632893448
2020-05-26,-4821.2975924070731485925854
2020-05-27,-5892.6975919408897106144035
2020-05-28,5785.5624085253839946990165
2020-05-29,-2142.7975910082520151738155
2020-06-01,2357.0824094582022772489949
2020-06-02,-321.4175900752531105472733
2020-06-03,-3214.1975896086181610739552
2020-06-04,-749.9775891418928568389992
2020-06-05,4071.3224113249228196530326
2020-06-08,-5785.5575882081711140990336
2020-06-09,3749.9024122588253594070161
2020-06-10,2249.9424127259122576767853
2020-06-11,5571.2824131930895982192664
2020-06-12,749.9824136603573985468427
2020-06-15,-4178.4575858722843238247117
2020-06-16,4714.1624145951644486237685
2020-06-17,-2142.7975849372962665851587
2020-06-18,2035.6624155303335480744576
2020-06-19,-1071.3975840019460898680385
2020-06-22,5892.7024164658648371200915
2020-06-23,-749.9775830662336534250189
2020-06-24,5142.7224174017584560361592
2020-06-25,-4178.4575821301588169534491
2020-06-26,214.2824183380145451524782
2020-06-29,1714.2424188062785599036605
2020-06-30,1285.6824192746332448532154
2020-07-01,4178.4624197430786175576593
2020-07-02,-8142.6375797883853044230916
2020-07-03,-428.5575793197585035257217
2020-07-06,749.9824211489590378164863
2020-07-07,1607.1024216177673371736504
2020-07-08,6321.2624220866664121192911
2020-07-09,3428.4824225556562802303315
2020-07-10,-1392.8175769752630409129016
2020-07-13,642.8424234939084662733224
2020-07-14,-1499.9575760368291806238613
2020-07-15,1071.4024244325240359860886
2020-07-16,-1071.3975750980318663028813
2020-07-17,-2571.3575746284968698934173
2020-07-20,2035.6624258411290428152417
2020-07-21,2035.6624263108458894272645
2020-07-22,6642.6824267806536875502293
2020-07-23,6642.6824272505524547951230
2020-07-24,4499.8824277205422087763426
2020-07-27,16392.4224281906229671116963
2020-07-28,-4714.1575713392052525775971
2020-07-29,5464.1424291310575673330940
2020-07-30,321.4224296014114444718131
2020-07-31,6321.2624300718563964700176
2020-08-03,1607.1024305423924409625786
2020-08-04,-321.4175689869804044122180
2020-08-05,13392.5024314837378779873288
2020-08-06,4178.4624319545473058063362
2020-08-07,2892.7824324254478966933380
2020-08-10,-8249.7775671035603316997149
2020-08-11,-11785.3975666324773617174535
2020-08-12,-17356.6775661613031757010901
2020-08-13,3321.3424343099622440115822
2020-08-14,3535.6224347813189150861901
2020-08-17,-1821.3775647472331448082189
2020-08-18,12428.2424357243060820008239
2020-08-19,-4607.0175638040633868107908
2020-08-20,-12856.7975633323415335637498
2020-08-21,428.5624371394716594246832
2020-08-24,-2357.0775623886237901593312
2020-08-25,-6106.9775619166278646262081
2020-08-26,-1392.8175614445405462829373
2020-08-27,2678.5024390276381825669174
2020-08-28,535.7024394999083396232186
2020-08-31,2571.3624399722699425892563
2020-09-01,1285.6824404447230091717482
2020-09-02,-4928.4375590827324429191592
2020-09-03,-5999.8375586100963959698902
2020-09-04,2999.9224418626311677365604
2020-09-07,321.4224423354502659206290
2020-09-08,749.9824428083609163061826
2020-09-09,1285.6824432813631366205204
2020-09-10,2999.9224437544569445943742
2020-09-11,-535.6975557723576420380911
2020-09-14,-1499.9575552990806055392769
2020-09-15,5678.4224451742880718318503
2020-09-16,-1928.5175543522515921802410
2020-09-17,-4285.5975538786995798276464
2020-09-18,3642.7624465949441266409749
2020-09-21,-3428.4775529313204550195987
2020-09-22,-7928.3575524574933070511516
2020-09-23,-2999.9175519835744116920289
2020-09-24,-6642.6775515095637511771369
2020-09-25,2785.6424489645386922620577
2020-09-28,-3321.3375505612670636024707
2020-09-29,8999.7624499130189990046931
2020-09-30,321.4224503873968978624064
2020-10-01,-857.1175491381333492470312
2020-10-05,857.1224513364282754621232
2020-10-06,4607.0224518110817897790565
2020-10-07,-7071.2375477141727885036001
2020-10-08,535.7024527606645584102298
2020-10-09,4285.6024532355938483200688
2020-10-12,4178.4624537106150990288856
2020-10-13,-749.9775458142716716569036
2020-10-14,-6106.9775453390664459274350
2020-10-15,1607.1024551362307940306041
2020-10-16,2035.6624556116200660339753
2020-10-19,321.4224560871013879028900
2020-10-20,-857.1175434373252225389895
2020-10-21,3749.9024570383402525354501
2020-10-22,0.0024575140978309567737
2020-10-23,-1499.9575420100524694410006
2020-10-26,-1071.3975415341106308204021
2020-10-27,-321.4175410580766353405061
2020-10-28,964.2624594180495348430669
2020-10-29,-2785.6375401057321024218484
2020-10-30,-321.4175396294215292839619
2020-11-02,3214.2024608469812721114737
2020-11-03,1928.5224613234763196226625
2020-11-04,428.5624618000636311112666
2020-11-05,857.1224622767432244424068
2020-11-06,7392.6624627535151174846628
2020-11-09,2357.0824632303793281100747
2020-11-10,-19820.8975362926641258058574
2020-11-11,2357.0824641843847736158283
2020-11-12,642.8424646615260442575555
2020-11-13,857.1224651387597040052099
2020-11-17,1821.3824656160857707481412
2020-11-18,-3535.6175339064957376208373
2020-11-19,-3749.8975334289848032054478
2020-11-20,-214.2775329513814081059471
2020-11-23,749.9824675263144655808738
2020-11-24,-11785.3975319958971642383093
2020-11-25,-1071.3975315180162796533533
2020-11-26,2785.6424689599571372493526
2020-11-27,-1071.3975305619768956131122
2020-12-01,-5892.6975300838183603201985
2020-12-02,25867.5052703944327610521123
2020-12-03,92.7442345233911541743615
2020-12-04,92.7621926365009613438379
2020-12-07,92.7801542268493065411581
2020-12-08,92.7981192951094892258149
2020-12-09,92.8160878419549392286167
2020-12-10,92.8340598680592167769310
2020-12-11,92.8520353740960125199334
2020-12-14,92.8700143607391475538613
2020-12-15,92.8879968286625734472720
2020-12-16,92.9059827785403722663066
2020-12-17,92.9239722110467565999580
2020-12-18,92.9419651268560695853443
2020-12-21,92.9599615266427849329869
2020-12-22,92.9779614110815069520933
2020-12-23,92.9959647808469705758451
2020-12-24,93.0139716366140413866908
2020-12-28,93.0319819790577156416436
2020-12-29,93.0499958088531202975838
2020-12-30,93.0680131266755130365662
2020-12-31,93.0860339332002822911328
2021-01-01,93.1040582291029472696298
2021-01-04,-25820.2908139849408420184700
2021-01-05,4599.9044530186094206178934
2021-01-06,1942.1844538808496696102217
2021-01-07,-7666.4955452567431253812747
2021-01-08,-5928.7555443941689320288182
2021-01-11,-8177.5955435314277179983710
2021-01-12,2044.4044573314805490503655
2021-01-13,-1635.5155418054440985360484
2021-01-14,-3782.1355409422016284047887
2021-01-15,3373.2644599212079918032328
2021-01-18,-5008.7755392152152055466297
2021-01-19,2555.5044616485288119172447
2021-01-20,2044.4044625124400765727449
2021-01-21,2351.0644633765186208040296
2021-01-22,-1839.9555357592355229984723
2021-01-25,-2555.4955348948223224380602
2021-01-27,-2351.0555340302417451117601
2021-01-28,-204.4355331654937586103241
2021-01-29,1124.4244676994216694817711
2021-02-01,-3168.8155314354954284136745
2021-02-02,14474.5331194297549801314171
2021-02-03,4469.4136694191376529517210
2021-02-04,2979.6136720659542047388015
2021-02-05,1002.7636747132832609555338
2021-02-08,5672.7136773611249208384103
2021-02-09,573.0136800094792836431384
2021-02-10,658.9636826583464486446445
2021-02-11,1719.0136853077265151370779
2021-02-12,315.1636879576195824338141
2021-02-15,5042.4136906080257498674585
2021-02-16,-1088.6863067410548832101494
2021-02-17,-2549.8363040896222174279325
2021-02-18,-2377.9363014376761533955728
2021-02-19,-4039.6362987852165917035067
2021-02-22,-9282.5862961322434329229228
2021-02-23,1174.6637065212434223942439
2021-02-24,7334.4137091752440737153136
2021-02-25,5500.8137118297586205268670
2021-02-26,-12376.7862855152128376652520
2021-03-01,744.9137171403297986640684
2021-03-02,4469.4137197963866290592106
2021-03-03,9826.9637224529577530838320
2021-03-04,-5156.9862748899567296791312
2021-03-05,-4412.0862722323567196274610
2021-03-08,1088.7137304257578828603472
2021-03-09,4096.9637330843871774250872
2021-03-10,1976.8637357435312637268468
2021-03-12,-4383.4362615968097585549894
2021-03-15,-1919.5362589366357897217354
2021-03-16,-487.0362562759467300554009
2021-03-17,-5472.1362536147424798186870
2021-03-18,-5042.3862509530229392549824
2021-03-19,5013.7637517092119914116399
2021-03-22,-1547.0862456280375880235737
2021-03-23,2922.3137570352284222539473
2021-03-24,-6474.8862403009898779219001
2021-03-25,-6388.9362376366923886978876
2021-03-26,3867.7637650281209897985473
2021-03-30,9196.6637676934503574593059
2021-03-31,-3151.4862296407041858043683
2021-04-01,3667.2137730256574599381133
2021-04-05,-4698.5862243074646053633100
2021-04-06,1231.9637783599297182606534
2021-04-07,4096.9637810278405307986529
2021-04-08,143.2637836962679322586988
2021-04-09,-257.8362136347879773318347
2021-04-12,-13465.4862109653270979262044
2021-04-13,4068.3137917046506705417050
2021-04-15,1231.9637943751454281573841
2021-04-16,1403.8637970461572750257037
2021-04-19,-6675.4362002823136887290824
2021-04-20,-2291.9861976102673629633330
2021-04-22,2807.7138050622963524859836
2021-04-23,-1174.6361922646224421987061
2021-04-26,3753.1638104089763531844230
2021-04-27,4755.9138130830928388565977
2021-04-28,5930.5638157577271150584510
2021-04-29,257.8638184328792820500254
2021-04-30,-5701.3361788914505598892231
2021-05-03,-85.9361762152623104604215
2021-05-04,-4068.2861735385558693452755
2021-05-05,3609.9138291386688637939332
2021-05-06,2091.4638318164119893143522
2021-05-07,2836.3638344946736075925605
2021-05-10,3323.4138371734538190245735
2021-05-11,-2148.7361601472472759741534
2021-05-12,-3581.2361574674295769687221
2021-05-14,-630.2861547870929835047866
2021-05-17,5873.2638478937626048914501
2021-05-18,5300.2638505751372887132394
2021-05-19,-2005.4861467429688315267084
2021-05-20,-2950.9361440605556552962209
2021-05-21,7047.9138586223769179563408
2021-05-24,945.4638613058289888020849
2021-05-25,286.5138639898006578315937
2021-05-26,2664.4638666742920256549266
2021-05-27,1890.9138693593031929016243
2021-05-28,2950.9638720448342602207125
2021-05-31,4698.6138747308853282807056
2021-06-01,257.8638774174564977696104
2021-06-02,1174.6638801045478693949300
2021-06-03,2521.2138827921595438836678
2021-06-04,-57.2861145197083780176695
2021-06-07,1375.2138881689442044569329
2021-06-08,-171.8861091418826079069992
2021-06-09,-2807.6861064521887143044244
2021-06-10,2893.6638962380259860892170
2021-06-11,2091.4638989287615941180081
2021-06-14,658.9639016200182106455579
2021-06-15,2034.1639043117959365550061
2021-06-16,-1661.6860929959051272509737
2021-06-17,-2578.4860903030848798501704
2021-06-18,-343.7860876097432203008305
2021-06-21,1146.0139150841199523583441
2021-06-22,974.1139177785047391082012
2021-06-23,-2091.4360795265887590508588
2021-06-24,2865.0139231688395589011218
2021-06-25,2062.8139258647897940036605
2021-06-28,-1575.7360714387379526841601
2021-06-29,-1489.7860687417435800836900
2021-06-30,-572.9860660442269870967065
2021-07-01,-601.6360633461880726054120
2021-07-02,1203.3139393523732645275711
2021-07-05,2263.3639420514571254592035
2021-07-06,114.6139447510636113660331
2021-07-07,830.8639474511928234441985
2021-07-08,-2836.3360498481551370905669
2021-07-09,-1145.9860471469801690029315
2021-07-12,-85.9360444452821710379609
2021-07-13,3237.4639582569389580788847
2021-07-14,1231.9639609596833196417553
2021-07-15,1948.2139636629510149644145
2021-07-16,372.4639663667421453802432
2021-07-19,-4698.5860309289431877577562
2021-07-20,-3523.9360282241048830769566
2021-07-22,5214.3139744812571608148982
2021-07-23,601.6639771871430453296970
2021-07-26,-830.8360201064471281010353
2021-07-27,-1718.9860173995132580261329
2021-07-28,-974.0860146920552429747868
2021-07-29,1747.6639880159270185434606
2021-07-30,-744.8860092755663719612817
2021-08-02,3753.1639934334646870407504
2021-08-03,847.2087961430202970989807
2021-08-04,-2744.7646426775802587855776
2021-08-05,269.8453680412861222728632
2021-08-06,1337.2753787622280028582466
2021-08-09,-2052.6946105147542151494026
2021-08-10,-3425.1045997896601297922434
2021-08-11,-2650.9245890624893390346037
2021-08-12,3718.4654216667585592370354
2021-08-13,152.5454323980839672140537
2021-08-16,891.5354431314872871657081
2021-08-17,1806.4754538669689214391465
2021-08-18,2838.7154646045292724594241
2021-08-20,-6205.1145246558312572704828
2021-08-23,-2099.6145139141122651696604
2021-08-24,3835.7654968296866514207567
2021-08-25,563.0955075755658952376008
2021-08-26,3214.0755183235258690956867
2021-08-27,5055.6855290735669758878263
2021-08-30,7225.7355398256896185848437
2021-08-31,6662.6955505798942002355907
2021-09-01,4997.0355613361811239669612
2021-09-02,715.5855720945507929839074
2021-09-03,8011.6455828550036105694538
2021-09-06,-293.1944063824600199152870
2021-09-07,-2087.8843956178396950310996
2021-09-08,1372.4656151488649887393499
2021-09-09,3343.1056259176544349915284
2021-09-13,2134.9156366885290473990513
2021-09-14,1583.6056474614892297136973
2021-09-15,1278.6256582365353857654242
2021-09-16,4023.4456690136679194623832
2021-09-17,-2944.1743202071127652090654
2021-09-20,-9958.7143094258062641843372
2021-09-21,4398.8057013575878266793915
2021-09-22,2592.3857121430699116031984
2021-09-23,3495.5957229306403948864314
2021-09-24,-2181.7242662797003190932776
2021-09-27,-2439.7842554879518258799965
2021-09-28,-2134.8042446941137209394782
2021-09-29,-3167.0442338981855996591454
2021-09-30,-527.7942231001670573480757
2021-10-01,-867.9642123000576892369858
2021-10-04,7190.5457985021429095217827
2021-10-05,4586.4858093064351438542799
2021-10-06,-4246.2041798871805812350391
2021-10-07,5090.8758309212961393367030
2021-10-08,-1442.7341582681342892691808
2021-10-11,1970.6958525445285381870746
2021-10-12,3753.6558633592850270237005
2021-10-13,5865.0558741761355826374109
2021-10-14,4574.7558849950806105034163
2021-10-18,1489.7658958161205161754399
2021-10-19,-5700.7240933607442947142674
2021-10-20,-11647.8340825355134164549123
2021-10-21,-2885.5240717081864432571432
2021-10-22,-7765.2040608787629692530355
2021-10-25,-4797.5140500472425884960759
2021-10-26,6205.2259607863751050388521
2021-10-27,2651.0359716220905174554842
2021-10-28,-7225.6240175400959450638100
2021-10-29,-950.0740067001838762580115
2021-11-01,5876.7860041418271302125631
2021-11-02,1513.2260149859374807662771
2021-11-03,1407.6560258321475819001888
2021-11-04,4539.5660366804578401900666
2021-11-08,5606.9960475308686622904042
2021-11-09,3085.0460583833804549344367
2021-11-10,1313.8160692379936249341542
2021-11-11,-2146.5339199052914208196810
2021-11-12,5642.1860909535257246424792
2021-11-15,2486.8161018144454683689846
2021-11-16,-1102.5638873225317825129976
2021-11-17,-633.3638764574056207974681
2021-11-18,-7741.7438655901756391995804
2021-11-22,-10005.6338547208414303556249
2021-11-23,7659.7461561505974131769861
2021-11-24,-2627.4638329758587010802668
2021-11-25,4316.6961778997906344730059
2021-11-26,-13020.2438112224541724838824
2021-11-29,-7589.2538003425927141926792
2021-11-30,234.6562105393754171838223
2021-12-01,1419.3862214234506295617988
2021-12-02,4246.3162323096333309364118
2021-12-03,35.2462431979239293818235
2021-12-06,-9489.5137459116771669487888
2021-12-07,6803.4562649808304501767836
2021-12-08,6498.4762758754471890697952
2021-12-09,269.8462867721734581205623
2021-12-10,3237.5362976710096657984780
2021-12-13,-2252.1036914280437793479729
2021-12-14,1278.6263194750135313088025
2021-12-15,-4340.0436696198179935244803
2021-12-16,-879.6936587125379450619683
2021-12-17,-12586.2336478031459144386542
2021-12-20,-14275.3536368916414927103626
2021-12-21,7296.1163740219757291462662
2021-12-22,7659.7463849377061602337912
2021-12-23,3917.8763958555502097339865
2021-12-24,-2838.6035932244917130921443
2021-12-27,1431.1164176975808010956482
2021-12-28,4117.2864286217681617168740
2021-12-29,-1090.8335604519292217296807
2021-12-30,-3483.7535495235109396659381
2021-12-31,7812.2364614070234175654860
2022-01-03,3507.3264723396742597012983
2022-01-04,2017.6164832744419965575429
2022-01-05,-1606.9535057886729619703832
2022-01-06,-293.1934948496702059077146
2022-01-07,3706.7365160914506747996974
2022-01-10,879.8065270346900902854009
2022-01-11,1090.9465379800484507623579
2022-01-12,1806.4765489275261665229606
2022-01-13,3577.7065598771236479390461
2022-01-14,1102.6765708288413054619120
2022-01-17,2099.7265817826795496223317
2022-01-18,-8879.5534072613612089694299
2022-01-19,-234.5433963032805596236013
2022-01-20,-410.4933853430780915708890
2022-01-21,-8691.8733743807533939624620
2022-01-24,-18287.0133634163060558699363
2022-01-25,4140.7466475502643337146401
2022-01-27,-9489.5133414810418141211970
2022-01-28,6275.6066694897759117896874
2022-01-31,4187.6666804627179226940427
2022-02-01,5759.4866914377846299182483
2022-02-02,8082.0267024149764448683287
2022-02-03,-2803.4132866057062209700305
2022-02-04,-222.8132756242629560314679
2022-02-07,-3413.3732646406933486709300
2022-02-08,-1759.4432536549969871636569
2022-02-09,5653.9167573328265402948343
2022-02-10,1466.3067683227776455887644
2022-02-11,-7084.8632206851432593178928
2022-02-14,-16844.2232096909357623813946
2022-02-15,9313.6768013054005485217863
2022-02-16,1090.9468123038660855949762
2022-02-17,-480.8731766955387388786825
2022-02-18,-3741.8131656928135125362179
2022-02-21,-5864.9431546879578229348112
2022-02-22,-1571.7631436809712575517826
2022-02-23,4633.4068673281465962154252
2022-02-24,-26239.9531216606038489507387
2022-02-25,16011.5068893527778197120832
2022-02-28,4668.5969003682920150461715
2022-03-02,-973.5330886140608500262541
2022-03-03,3217.4714724057196374969802
2022-03-04,2794.2557984281794694195886
2022-03-07,15088.9557995509320549697191
2022-03-08,-782.3841993260979603282865
2022-03-09,-3017.7841982029105343793204
2022-03-10,-9612.2141970795056250801241
2022-03-11,5364.9658040441168096807141
2022-03-14,-7153.2741948320431879772408
2022-03-15,-3464.8641937079855759262675
2022-03-16,-1117.6941925837103120304883
2022-03-17,0.0058085407826458541342
2022-03-21,-1005.9241903345066601202029
2022-03-22,2011.8658107904218122068597
2022-03-23,1117.7058119155681050038449
2022-03-24,1788.3258130409322604474405
2022-03-25,2347.1758141665143207225013
2022-03-28,-3353.0941847076856719779500
2022-03-29,-3464.8641835816676754527205
2022-03-30,-782.3841824554316474924461
2022-03-31,111.7758186710224541204104
2022-04-01,5029.6558197976946716115609
2022-04-04,2752.4303809245850472148933
2022-04-05,3722.9744666954817987492769
2022-04-06,1185.1144733692855037905179
2022-04-07,-1240.9455199556185391762583
2022-04-08,7949.0144867207699200683562
2022-04-11,5847.1744933984511317922194
2022-04-12,-8373.7854999225746536883515
2022-04-13,2940.3745067576928139914297
2022-04-18,-3454.5854865607462147551721
2022-04-19,-7367.5854798778914894664050
2022-04-20,1375.1745268062572403679802
2022-04-21,5690.6545334917002253067392
2022-04-22,-2414.8454598215622840428565
2022-04-25,-10475.6254531335300370250103
2022-04-26,11168.8545535557972170646091
2022-04-27,-5645.8654397535802710211230
2022-04-28,5422.3345669383377495192221
2022-04-29,-4829.7254263684484704643641
2022-05-02,-3197.4454196739386800733180
2022-05-04,-13337.7054129781326283604940
2022-05-05,1095.6745937189699356698439
2022-05-06,-10688.0453995826307369379674
2022-05-09,-8027.2053928829343950909810
2022-05-10,-10855.7453861819407876476314
2022-05-11,-670.7653794796496634177238
2022-05-12,-11235.8653727760607711624259
2022-05-13,-2649.6253660711738595942571
2022-05-16,6048.4146406350113226229194
2022-05-17,10106.7546473424950268739069
2022-05-18,2370.1946540512775045921847
2022-05-19,-12510.3853392386409927400829
2022-05-20,5478.2346674727397864079633
2022-05-23,-2560.1853258145799063841140
2022-05-24,-3912.9653191005998194880382
2022-05-25,-7412.3053123853197012268098
2022-05-26,4662.0946943312607001253029
2022-05-27,2940.3747010491416363427735
2022-05-30,11112.9547077683233592488267
2022-05-31,983.8747144888061207154479
2022-06-01,-4248.3652787894098273366074
2022-06-02,8378.5496279336757670621960
2022-06-03,1794.6926607134436111650023
2022-06-06,-1583.5473387713610969799248
2022-06-07,-1477.9773382560660475995207
2022-06-08,211.1426622593287786223145
2022-06-09,738.9926627748234010054212
2022-06-10,-1477.9773367095821611266193
2022-06-13,4011.6626638061121115535158
2022-06-14,-6545.3373356780937616231079
2022-06-15,422.2826648378002386783174
2022-06-16,1161.2726653537941317963442
2022-06-17,3800.5226658698879370732692
2022-06-20,-2744.8173336139183261448659
2022-06-21,-422.2773330976246385082730
2022-06-22,-1055.6973325812309806634175
2022-06-23,844.5626679352626667469826
2022-06-24,-1055.6973315481436769160424
2022-06-27,2216.9726689685500077122866
2022-06-28,-738.9873305146562599995016
2022-06-29,-422.2773299977624606791282
2022-06-30,0.0026705192314250494372
2022-07-01,6334.2026710363254165659763
2022-07-04,3378.2426715535195332540239
2022-07-05,1266.8426720708137945008672
2022-07-06,-6650.9073274117917803024519
2022-07-07,-6123.0573268942971717611371
2022-07-08,-211.1373263767023604766365
2022-07-11,-105.5673258590073270466423
2022-07-12,633.4226746587879479349102
2022-07-13,-1900.2573248233165161221565
2022-07-14,-1477.9773243053206998042615
2022-07-15,-2005.8273237872245836940653
2022-07-18,4645.0826767309718516295319
2022-07-19,-1689.1173227507313744086099
2022-07-20,0.0026777676657576201308
2022-07-21,-3800.5173217138367328518629
2022-07-22,6967.6226788047611736115552
2022-07-25,-950.1273206765405035497054
2022-07-26,-1477.9773201577417448919714
2022-07-27,1161.2726803611574690321962
2022-07-28,4750.6526808801571576740011
2022-07-29,422.2826813992573404884140
2022-08-01,1689.1226819184580369341723
2022-08-02,-422.2773175622407335262184
2022-08-03,105.5726829571610485735154
2022-08-04,4961.7926834766634027034172
2022-08-05,633.4226839962663483373000
2022-08-08,-1055.6973154840300950472523
2022-08-10,2639.2526850357740920311156
2022-08-11,422.2826855556789290575311
2022-08-12,950.1326860756844355208950
2022-08-16,-3694.9473134042093690861192
2022-08-17,-527.8473128840024652670625
2022-08-18,-527.8473123636948335217117
2022-08-19,-1372.4073118432864543460673
2022-08-22,-4539.5073113227773082323532
2022-08-23,1689.1226891978326243309835
2022-08-24,1900.2626897185433628592745
2022-08-25,3272.6726902393549268716296
2022-08-26,-3589.3773092397326641090616
2022-08-29,-4750.6473087187193905561293
2022-08-30,527.8526918023947670608774
2022-09-01,-5806.3473076763901717238094
2022-09-02,-2104.2071671550741873721746
2022-09-05,3256.5091074514907522246918
2022-09-06,-1188.4808888487237368545207
2022-09-07,-261.4508851482218345911494
2022-09-08,3874.5291185529965977300247
2022-09-09,1426.2191222549316988510793
2022-09-12,2472.0991259575836075409574
2022-09-13,3113.8891296609524625954714
2022-09-14,-1616.3408666349615971626907
2022-09-15,-1378.6408629301584328839611
2022-09-16,-9008.8108592246379056918860
2022-09-19,2020.4691444816001233168787
2022-09-20,4017.1491481885557930725734
2022-09-21,-2234.3608481037707574676607
2022-09-22,-1378.6408443953793893197759
2022-09-23,-7796.5408406862699634728129
2022-09-26,-8153.0908369764423408888957
2022-09-27,-380.3008332658963825032265
2022-09-28,-3755.6408295546319492240798
2022-09-29,-950.7808258426489019327983
2022-09-30,6560.5391778700528985162132
2022-10-03,-6132.6408184165264087045072
2022-10-04,7032.8285952976133156045265
2022-10-06,3409.0987921457336724654287
2022-10-07,-703.5511964703133683102072
2022-10-10,-4360.3411850841561285078748
2022-10-11,-5212.6011736957941813116086
2022-10-12,1149.6188376947729001772002
2022-10-13,-4251.3311509124544570601777
2022-10-14,-1615.2711395174758259597961
2022-10-17,2497.3788718797092206249845
2022-10-18,4717.2188832791011099235118
2022-10-19,-693.6411053192997307521414
2022-10-20,4380.2789060845071259928379
2022-10-21,-5688.2810825094778923639805
2022-10-24,2764.9489288987456417377461
2022-10-25,-1526.0810596908218440588511
2022-10-27,4092.8889517218200779721639
2022-10-28,-832.3810368633281643604519
2022-10-31,2507.2889745537338568348948
2022-11-01,5252.3589859730065695326510
2022-11-02,2229.5309973944904017901316
2022-11-03,87.7555319627733681700320
2022-11-04,87.7725241108793651692700
2022-11-07,87.7895195491836072047343
2022-11-09,87.8065182783231770292418
2022-11-10,87.8235202989352807542655
2022-11-11,87.8405256116572478738205
2022-11-14,87.8575342171265312883545
2022-11-15,87.8745461159807073286435
2022-11-16,87.8915613088574757796911
2022-11-17,87.9085797963946599046336
2022-11-18,87.9256015792302064686485
2022-11-21,87.9426266580021857628689
2022-11-22,87.9596550333487916283014
2022-11-23,87.9766867059083414797493
2022-11-24,87.9937216763192763297403
2022-11-25,88.0107599452201608124588
2022-11-28,88.0278015132496832076828
2022-11-29,88.0448463810466554647253
2022-11-30,88.0618945492500132263807
2022-12-01,88.0789460184988158528756
2022-12-02,-6792.9321192105677535541758
2022-12-05,-809.5498494288311276769751
2022-12-06,-656.3898474633708905364942
2022-12-07,-2778.7498454975300803347037
2022-12-08,1641.0101564686913766189514
2022-12-09,-2494.3098415647064459707059
2022-12-12,284.4501604022765256154196
2022-12-13,2538.0901623696403651106967
2022-12-14,1269.0501643373851462627720
2022-12-15,-6060.7498336944890571664288
2022-12-16,-3106.9498317259821714006973
2022-12-19,3303.8901702429058773504607
2022-12-20,-1006.4698277878248371081730
2022-12-21,-3960.2698258181742409575258
2022-12-22,-1859.7898238481422603642309
2022-12-23,-7439.1898218777288214806259
2022-12-26,4551.0501800930661495552516
2022-12-27,1684.7701820642427266196651
2022-12-28,-21.8698159641990163968164
2022-12-29,1728.5301860077409944106829
2022-12-30,-1619.1098120199371670386506
2023-01-02,2844.4101899527665731886824
2023-01-03,703.8038219258522890404970
2023-01-04,4036.1204588603297568978591
2023-01-05,-2660.1695410508208850183292
2023-01-06,-2568.4395409619543229883057
2023-01-09,5595.5304591269294463191386
2023-01-10,-1375.9495407841695737641426
2023-01-11,550.3804593047486200943497
2023-01-12,-642.1095406063159687722402
2023-01-13,2568.4404594826366629698775
2023-01-16,4311.3104595716065186551377
2023-01-17,-1834.5995403394063983813785
2023-01-18,-366.9195402504020848039447
2023-01-19,366.9204598386194627238118
2023-01-20,2384.9804599276582475389094
2023-01-23,91.7304600167142729790128
2023-01-24,1284.2204601057875423824330
2023-01-25,-1375.9495398051219409118727
2023-01-27,183.4604602839858264356996
2023-01-30,-91.7295396268891522345996
2023-01-31,-917.2995395377468735818729
2023-02-01,6788.0204605514126657354238
2023-02-02,9723.3804606405894690594816
2023-02-03,-9631.6495392702164602668608
2023-02-06,-3485.7395391810051189001180
2023-02-07,275.1904609082234965038431
2023-02-08,1192.4904609974693892898031
2023-02-09,-825.5695389132674371968097
2023-02-10,-4127.8495388239869796099195
2023-02-13,91.7304612653107653971979
2023-02-14,1100.7604613546258011719141
2023-02-15,-5778.9895385560418689377505
2023-02-16,183.4604615333077584168722
2023-02-17,-2109.7895383773253134149008
2023-02-20,3944.3904617120589189168957
2023-02-21,-1100.7595381985395412371244
2023-02-22,-917.2995381091206905256983
2023-02-23,-2751.8995380196845255969143
2023-02-24,-733.8395379302310430982118
2023-02-27,-3118.8195378407602396763810
2023-02-28,-275.1895377512721119775626
2023-03-01,3302.2804623382333433527517
2023-03-02,366.9204624277561296697201
2023-03-03,91.7304625172962503291502
2023-03-06,275.1904626068537086874998
2023-03-08,-6696.2895373035714918981240
2023-03-09,-458.6495372139793480699637
2023-03-10,3302.2804628756301435303886
2023-03-13,12750.4704629652569862619906
2023-03-14,2843.6304630549011834845506
2023-03-15,-1834.5995368554372614415725
2023-03-16,7063.2104632342416548446310
2023-03-17,458.6504633239379357048213
2023-03-20,10640.6804634136515845013096
2023-03-21,-3944.3895364966173954029417
2023-03-22,-4036.1195364068690006443190
2023-03-23,2935.3604636828967721414421
2023-03-24,4953.4204637726799263192582
2023-03-27,-4586.4995361375195347453032
2023-03-28,91.7304639522983923139775
2023-03-29,2568.4404640421337108639713
2023-03-31,3027.0904641319864242722015
2023-04-03,-2018.0595357781434640931566
2023-04-05,9723.3804643117440491367241
2023-04-06,-458.6495355983510326686763
2023-04-10,-3944.3895355084287061392260
2023-04-11,1559.4104645815110320958599
2023-04-12,1559.4104646714681854080186
2023-04-13,2018.0604647614427571693405
2023-04-17,-1834.5995351485652492474314
2023-04-18,-2018.0595350585558304689010
2023-04-19,-3669.1995349685289831210186
2023-04-20,4769.9604651215152961709183
2023-04-21,-3210.5495347884229892177341
2023-04-24,-275.1895346983438359109662
2023-04-25,550.3804653917527594678857
2023-04-26,1467.6804654818668002961387
2023-04-27,-91.7295344280017100482361
2023-04-28,-2018.0595343378527681866133
2023-05-02,550.3804657523136292602867
2023-05-03,6879.7504658424974856723975
2023-05-04,4127.8504659326988044303075
2023-05-05,-91.7295339770824110847405
2023-05-08,-3027.0895338868461574908488
2023-05-09,1834.6004662034075685945349
2023-05-10,550.3804662936787705546180
2023-05-11,-550.3795336160325482267371
2023-05-12,-4219.5795335257263843650126
2023-05-15,3394.0104665645972655249646
2023-05-16,-2109.7895333450615951709773
2023-05-17,-3944.3895332547029630663538
2023-05-18,-275.1895331643268347740253
2023-05-19,-1375.9495330739332069061961
2023-05-22,4953.4204670164779239255856
2023-05-23,-5045.1495328930934388895727
2023-05-24,2935.3604671973527080380933
2023-05-25,-2751.8995327121836319009960
2023-05-26,-1100.7595326217024553157642
2023-05-29,-1375.9495325312037588144772
2023-05-30,-366.9195324406875390047452
2023-05-31,-91.7295323501537924935209
2023-06-01,-1284.2195322596025158871005
2023-06-02,3027.0904678309662942088776
2023-06-05,-5503.7995320784473588105684
2023-06-06,3210.5504680121565284502375
2023-06-07,-733.8395318972220406123715
2023-06-08,-2660.1695318065830626014043
2023-06-09,2384.9804682840734658807877
2023-06-12,-275.1895316252524517674886
2023-06-13,-366.9195315345608121472689
2023-06-14,-3027.0895314438516118589301
2023-06-15,-3669.1995313531248475021912
2023-06-16,4769.9604687376194843238870
2023-06-19,-1742.8695311716186129790972
2023-06-20,183.4604689191608639911128
2023-06-21,-3852.6595309900420813625678
2023-06-22,-1834.5995308992274456365644
2023-06-23,-1284.2195308083952254266438
2023-06-26,2293.2504692824545826720865
2023-06-27,-1559.4095306266780179348215
2023-06-28,-2568.4395305357930238411567
2023-06-30,-1834.5995304448904316400483
2023-07-03,2109.7904696460297620760341
2023-07-04,-435.5629802630324392847190
2023-07-05,-127.9049659534000342023915
2023-07-06,1876.1750369576500243562876
2023-07-07,-2025.3849601307362489876194
2023-07-10,-490.3449572185587450907732
2023-07-11,1961.4550456941826452112989
2023-07-12,-618.2649513925119688957932
2023-07-13,852.8150515213575217947030
2023-07-14,2878.2150544357912265106849
2023-07-17,3198.0150573507892545012000
2023-07-18,1066.0150602663517150364500
2023-07-19,2025.4150631824787174077943
2023-07-20,2046.7350660991703709277546
2023-07-21,-2792.9049309835732150699811
2023-07-24,-2110.6649280657519312305546
2023-07-25,63.9750748526343318220669
2023-07-26,2259.9350777715856834850945
2023-07-27,-1662.9449193088977668230779
2023-07-28,-1428.4249163888159096628696
2023-07-31,2558.4150865318313644264908
2023-08-01,-532.9849105469558350730303
2023-08-02,-4477.1849076251773986582674
2023-08-03,-3197.9849047028332168048520
2023-08-04,2920.8550982200768200327919
2023-08-07,1918.8151011435528214214514
2023-08-08,-255.8248959324051030508708
2023-08-09,1385.8151069922031562250477
2023-08-10,-2259.9048900826222911203472
2023-08-11,-2004.0648871568813354353818
2023-08-14,-106.5848842305738670471503
2023-08-16,277.1751186963002237384889
2023-08-17,-2089.3448783762589533630824
2023-08-18,-1492.3848754482512886152379
2023-08-21,788.8551274803233277398966
2023-08-22,447.7351304094650054814481
2023-08-23,1684.2951333391738544098000
2023-08-24,-1343.1448637305500156534034
2023-08-25,-319.7848607997064948652531
2023-08-28,-1556.3448578682954733615711
2023-08-29,1279.2151450636831587430935
2023-08-30,831.4951479962295113554689
2023-08-31,-1172.5848490706563055964353
2023-09-01,2281.2551538630258178366757
2023-09-04,3792.4259667972759916253864
2023-09-05,-821.9649999037433318087229
2023-09-06,-365.3149989355721608609034
2023-09-07,-1278.6149979672135224388319
2023-09-08,365.3250030013326197569137
2023-09-11,-456.6449960299336979672163
2023-09-12,-1278.6149950610124392977406
2023-09-13,-1278.6149940919035679141476
2023-09-14,0.0050068773929525111078
2023-09-15,2191.9250078468771583126046
2023-09-18,2922.5650088165490858319572
2023-09-20,-547.9749902135912285821830
2023-09-21,-1004.6249892435437485741266
2023-09-22,-456.6449882733084377811444
2023-09-25,0.0050126971147401665336
2023-09-26,-1826.5949863322741783542803
2023-09-27,-2922.5549853614751569597300
2023-09-28,-3013.8849843904881592589147
2023-09-29,-730.6349834193131488538868
2023-10-03,-4201.1749824479500893396513
2023-10-04,-4332.7558314763989443041637
2023-10-05,2326.7102658918606109687140
2023-10-06,2244.3502736885656483879586
2023-10-09,-2347.2197185132196342470263
2023-10-10,3397.3902892865050553838515
2023-10-11,3356.2102970877400096572871
2023-10-12,-329.3996951095144789934122
2023-10-13,-1091.2296873052581180783143
2023-10-16,-349.9896794994906150508524
2023-10-17,1338.3903283077883226921858
2023-10-18,-2779.6096638834210121893298
2023-10-19,-1091.2296560731183269788617
2023-10-20,-2820.7896482613033289031939
2023-10-23,-4385.6296404479757251324200
2023-10-25,-3479.6696326331352227799331
2023-10-26,-5641.6196248167815289024146
2023-10-27,3768.0103830010856495001773
2023-10-30,1956.0903908204666054846174
2023-10-31,-1111.8196013586383678355739
2023-11-01,-2038.3695935362289772901212
2023-11-02,5884.6986042876950703480179
2023-11-03,-422.7962770272424479406892
2023-11-06,-422.7962763063613470460741
2023-11-07,-3297.8362755853406615787347
2023-11-08,338.2437251358196354891606
2023-11-09,-3889.7562741428804288093236
2023-11-10,3128.7237265785591725641125
2023-11-12,-845.5962726998615333469967
2023-11-13,-2367.6762719781425194938795
2023-11-15,4481.6837287437162411774724
2023-11-16,-591.9162705342852242736935
2023-11-17,3974.3237301878531112171092
2023-11-20,-1691.1962690898687252803920
2023-11-21,1860.3237316325492933087715
2023-11-22,2452.2437323551071940648110
2023-11-23,-1268.3962669221949959268186
2023-11-24,1099.2837338006427504245818
2023-11-28,1268.4037345236204602149576
2023-11-29,6342.0037352467381605455000
2023-11-30,845.6037359699958785226486
2023-12-01,1183.8437366933936412580910
2023-12-04,3636.0837374169314758687645
2023-12-05,-6595.6762618593905905231422
2023-12-06,-930.1562611355725307901899
2023-12-07,1691.2037395883856822003145
2023-12-08,-761.0362596875159244136832
2023-12-11,-7779.5162589632773234889817
2023-12-12,-1437.5162582388984878771244
2023-12-13,-169.1162575143793904243978
2023-12-14,8202.3237432102799960281694
2023-12-15,84.5637439350796986448075
2023-12-18,-2705.9162553399802554049939
2023-12-19,845.6037453851001610535162
2023-12-20,2029.4437461103209752003503
2023-12-21,253.6837468356822142207840
2023-12-22,2790.4837475611839053053566
2023-12-26,2283.1237482868260756498726
2023-12-27,1437.5237490126087524554021
2023-12-28,1775.7637497385319629282824
2023-12-29,-1522.0762495354042657198813
2024-01-01,676.4837511908000937277850
2024-01-02,-14952.7258980828549315065742
2024-01-03,3898.3110111884915129545013
2024-01-04,4812.8110230021188454224912
2024-01-05,-1232.1889651819663434650102
2024-01-08,-3704.4389533637636107823542
2024-01-09,1852.3110584567274864818718
2024-01-10,635.5610702795073914248609
2024-01-11,4409.8110821045765472296032
2024-01-12,519.3110939319353971649028
2024-01-15,1054.0611057615843845853939
2024-01-16,-519.1888824064760470684420
2024-01-17,-4378.6888705722454542702602
2024-01-18,-2448.9388587357233934078354
2024-01-19,6680.5611531030905792169545
2024-01-20,-92.9388350558030926118554
2024-01-23,-11283.9388232124039650242989
2024-01-24,7192.0611886332884059355359
2024-01-25,3704.5612004812744643095250
2024-01-29,3487.5612123315546542255243
2024-01-30,-1859.9387758158705801026137
2024-01-31,3603.8112360389992056249769
2024-02-01,1681.8112478961644557941921
2024-02-02,3875.0612597556256148769743
2024-02-05,-2038.1887283826168725686703
2024-02-06,6262.0612834814374381013440
2024-02-07,7595.0612953477889916171997
2024-02-08,883.5613072164382327951930
2024-02-09,-1007.4386809126143934622506
2024-02-12,-8036.6886690393684421665582
2024-02-13,2968.3113428361765317570060
2024-02-14,6579.8113547140209734693580
2024-02-15,4564.8113665941653282176106
2024-02-16,3766.5613784766100413350899
2024-02-19,1123.8113903613555582413521
2024-02-20,573.5614022484023244422004
2024-02-21,-2875.1885858622492144702987
2024-02-22,5215.8114260294013871822016
2024-02-23,1255.5614379233545751643452
2024-02-26,457.3114498196107953270893
2024-02-27,-650.9385382818295063922783
2024-02-28,-6184.4385263809658839701229
2024-02-29,4998.8114855222021087035541
2024-03-01,3650.3114974276749178251319
2024-03-02,2774.5615093354529896773866
2024-03-04,744.0615212455367706295085
2024-03-05,1185.8115331579267071371186
2024-03-06,-1410.4384549273767542577146
2024-03-07,4774.0615569896268330735411
2024-03-11,-302.1884310910620841541004
2024-03-12,-9392.9384191694430591391284
2024-03-13,-16104.4384072455156449935172
2024-03-14,10524.5616046807206052572900
2024-03-15,-4037.6883833907338613256025
2024-03-18,2983.8116285401214024054747
2024-03-19,-8881.4383595267131563152278
2024-03-20,1898.8116524087629098331391
2024-03-21,10020.8116643465500482580389
2024-03-22,2123.5616762866487064535673
2024-03-26,4634.5616882290593320004684
2024-03-27,2092.5617001737823725661517
2024-03-28,5161.5617121208182759047083
2024-04-01,9276.8117240701674898569287
2024-04-02,5378.5617360218304623503188
2024-04-03,1588.8117479758076413991169
2024-04-04,-2410.1882400679005248956894
2024-04-05,3425.5617718907064116536534
2024-04-08,3301.5617838516288993216819
2024-04-09,-1433.6882041851326135302679
2024-04-10,4634.5618077804223215459562
2024-04-12,-2952.6881802517058469146597
2024-04-15,-7850.6881682815166702902801
2024-04-16,310.0618436909903001277978
2024-04-18,-937.6881443341844868648397
2024-04-19,-224.6881323570405823857059
2024-04-22,6169.0618796224224625346037
2024-04-23,1232.3118916042050969524272
2024-04-24,3782.0619035883077700110541
2024-04-25,2867.5619155747309309407416
2024-04-26,4154.0619275634750290587316
2024-04-29,1488.0619395545405137692676
2024-04-30,4254.8119515479278345636113
2024-05-02,7936.0619635436374410200597
2024-05-03,-185.9380244583302171960380
2024-05-06,-7013.6880124579746903322638
2024-05-07,-8300.1880004552955285491140
2024-05-08,5952.0620115497077180800180
2024-05-09,-10020.6879764429645004311419
2024-05-10,4727.5620355666882660182687
2024-05-13,3123.3120475786664676162654
2024-05-14,7587.3120595929705546380340
2024-05-15,2890.8120716096009774459472
2024-05-16,3960.3120836285581864895817
2024-05-17,7889.5620956498426323057349
2024-05-18,4580.3121076734547655184420
2024-05-21,4867.0621196993950368389926
2024-05-22,1356.3121317276638970659479
2024-05-23,3053.5621437582617970851573
2024-05-24,2883.0621557911891878697755
2024-05-27,255.8121678264465204802795
2024-05-28,-4758.4378201359657539355148
2024-05-29,-3851.6878080960471841424353
2024-05-30,-4293.4377960537973188179374
2024-05-31,294.5622159907842934479136
2024-06-03,23467.0622280376981041524592
2024-06-04,-7703.4377599130554351195355
2024-06-05,-21630.1877478614758726958651
2024-06-06,11098.0622641924372431831337
2024-06-07,7664.8122762486843643645984
2024-06-10,4913.5622883072659427831583
2024-06-11,-526.9376996318175695390497
2024-06-12,4099.8123124314342795076372
2024-06-13,4890.3123244970219421204239
2024-06-14,8199.5623365649458705840743
2024-06-18,3479.8123486352065172709285
2024-06-19,-5262.1876392921956653590802
2024-06-20,596.8123727827397752415914
2024-06-21,-4099.6876151399867082918865
2024-06-24,3379.0623969396253367633005
2024-06-25,-1689.4375909784236367823726
2024-06-26,-511.4375788941331760307525
2024-06-27,-7.6875668075028279959912
2024-06-28,1511.3124452814678603954709
2024-07-01,5293.3124573727793423049230
2024-07-02,-61.9375305335679290186007
2024-07-03,3929.3124815624264997616975
2024-07-04,3146.5624936607630820703949
2024-07-05,4843.8125057614422714198653
2024-07-08,581.3125178644645214102970
2024-07-09,2441.3125299698302857297085
2024-07-10,147.3125420775400181539666
2024-07-11,1511.3125541875941725468027
2024-07-12,-2487.6874337000067971401699
2024-07-15,4874.8125784147375631325611
2024-07-16,-3138.6874094681722925075764
2024-07-18,-6781.1873973487359098452211
2024-07-19,-14011.9373852269528345770621
2024-07-22,6796.8126268971773876881784
2024-07-23,-4440.6873609763447885702375
2024-07-24,1232.3126511524810912149534
2024-07-25,1929.8126632836554816990319
2024-07-26,10842.3126754171788376253144
2024-07-29,5897.8126875530516138251694
2024-07-30,-697.4373003087257347819655
2024-07-31,4092.0627118318472468114336
2024-08-01,-2332.6872760252289862990060
2024-08-02,-6688.1872638799539789295367
2024-08-05,-11919.4372517323272758082732
2024-08-06,-13694.1872395823484215751759
2024-08-07,15593.0627725699830392179662
2024-08-08,-2278.4372152753324378924465
2024-08-09,6231.0627968817056027181912
2024-08-12,-2007.1871909589023832372919
2024-08-13,-6416.9371787971559399578276
2024-08-14,775.0628333669453884459096
2024-08-16,8749.8128455334020579515192
2024-08-19,3836.3128577022145246248917
2024-08-20,5797.0628698733832446202260
2024-08-21,1922.0628820469086741800466
2024-08-22,4231.5628942227912696352201
2024-08-23,-1790.1870935989685125950273
2024-08-26,2867.5629185816297839969076
2024-08-27,511.5629307645866160070216
2024-08-28,1340.8129429499024401197224
2024-08-29,-1224.4370448624222868921544
2024-08-30,2146.8129673276128918326724
2024-09-02,534.8129795200084332439458
2024-09-03,844.8129917147647943798883
2024-09-04,1511.3130039118824323672194
2024-09-05,-1805.6869838886381955788283
2024-09-06,-5742.6869716867966321544913
2024-09-09,217.0630405174075800325422
2024-09-10,1573.3130527239748984631490
2024-09-11,-3324.6869350670942192932122
2024-09-12,7556.3130771442006844215172
2024-09-13,565.8130893578600673540120
2024-09-16,0.0631015738843873395807
2024-09-17,-891.1868862077258976978167
2024-09-18,-2317.1868739869703297455532
2024-09-19,-4138.4368617638484507023155
2024-09-20,7571.8131504616401976219113
2024-09-23,9145.0631626894960735058620
2024-09-24,697.5631749197196353170080
2024-09-25,-1883.1868128476886584884249
2024-09-26,3944.8131993872716506345593
2024-09-27,4588.0632116246010213197458
2024-09-30,-2224.1867761357000877102751
2024-10-01,-898.9367638936312176440906
2024-10-03,-11004.9367516491919095814476
2024-10-04,-3433.1867394023817045332362
2024-10-07,-14128.1867271532001434214722
2024-10-08,8571.5632850983532329207205
2024-10-09,6719.3132973522788837491259
2024-10-10,-1084.9366903914227315915451
2024-10-11,658.8133218672488463323608
2024-10-14,2216.5633341282940770434576
2024-10-15,1891.0633463917134201533369
2024-10-16,-1270.9366413424926646374150
2024-10-17,-13872.4366290743237175391996
2024-10-18,2387.0633831962207213266107
2024-10-21,-8524.9366045308588880723096
2024-10-22,-17390.9365922555620856792228
2024-10-23,-1735.9365799778884113483097
2024-10-24,-2820.9365676978374048446530
2024-10-25,-7114.4365554154086058442197
2024-10-28,2511.0634568693984460661555
2024-10-29,3906.0634691565842113887884
2024-10-30,-2216.4365185538508492848381
2024-10-31,-2572.9365062619062752740563
2024-11-01,7339.3135060324183941910028
2024-11-04,-11663.6864816708763800305722
2024-11-05,3061.3135306282098630095436
2024-11-06,13221.5635429296775843489286
2024-11-07,-6292.9364447664727548855680
2024-11-08,-6920.6864324602406934778081
2024-11-11,1891.0635798483742298776509
2024-11-12,-12833.9364078406275234244245
2024-11-13,-10609.6863955272454918999287
2024-11-14,2503.3136167885207860246020
2024-11-18,-519.1863708933282279879941
2024-11-19,2983.8136414272079278145127
2024-11-21,-7997.9363462498702847262375
2024-11-22,10137.0636660754375963208209
2024-11-25,11245.3136784031320329761982
2024-11-26,1302.0636907332134873498658
2024-11-27,5262.3137030656824216412735
2024-11-28,658.8137154005392981393671
2024-11-29,3735.5637277377845792226059
2024-12-02,3851.8137400774187273589793
2024-12-03,6192.3137524194422051060250
2024-12-04,2666.0637647638554751108458
2024-12-05,1619.8137771106590001101271
2024-12-06,3898.3137894598532429301542
2024-12-09,-1549.9361981885613335131702
2024-12-10,3193.0638141654157337856912
2024-12-11,1193.5638265217849079219276
2024-12-12,-1487.9361611194533479196024
2024-12-13,-914.4361487582985704643534
2024-12-16,1720.5638636052497036519241
2024-12-17,-7897.1861240288080621167992
2024-12-18,-7904.9361116604714042268133
2024-12-19,-5200.1860992897398590446525
2024-12-20,-15476.6860869166129628470773
2024-12-23,1209.0639254589097481789428
2024-12-24,341.0639378368287379362467
2024-12-26,1557.8139502171444704174988
2024-12-27,-4014.4360374001425902947930
2024-12-30,-4293.4360250150319800282607
2024-12-31,-1589.7032626275232345206579
