date,pnl
2008-03-18,0
2008-03-19,19.3630506544079874259124
2008-03-24,19.3667999317144391218134
2008-03-25,19.3705499349953548401798
2008-03-26,19.3743006643913053842181
2008-03-27,19.3780521200428887759310
2008-03-28,19.3818043020907302613872
2008-03-31,19.3855572106754823159932
2008-04-01,19.3893108459378246497655
2008-04-02,646.0095652080184642126040
2008-04-03,955.7916688995684973078201
2008-04-04,521.3416692227183661271501
2008-04-07,173.7816695459308066192692
2008-04-08,1737.8016698692058308999623
2008-04-09,-2085.3583298074565489126401
2008-04-10,2519.8116705159436793019390
2008-04-11,-695.1183291605934723334761
2008-04-15,521.3416711629320083062857
2008-04-16,1129.5716714865201333487438
2008-04-17,2085.3616718101709149237654
2008-04-21,-3736.2683278661156348364331
2008-04-22,-173.7783275423395037972866
2008-04-23,0.0016727814993201781199
2008-04-24,-2259.1383268945991507709486
2008-04-25,-695.1183265706349045028765
2008-04-28,868.9016737533920711263025
2008-04-29,-86.8883259225182117370934
2008-04-30,-1477.1283255983657409443944
2008-05-02,-1042.67832527415050434457827
2008-05-05,0.00167505012751021572996
2008-05-06,2432.92167537446831489225861
2008-05-07,868.9016756988719218430897
2008-05-08,0.0016760233383432286594
2008-05-09,955.7916763478675912117585
2008-05-12,-86.8883233275403220424670
2008-05-13,-173.7783230028853843665157
2008-05-14,0.0016773218324164094697
2008-05-15,173.7816776466130924577034
2008-05-16,1737.8016779714566559527559
2008-05-20,2780.4816782963631190715556
2008-05-21,2954.2616786213324939933885
2008-05-22,608.2316789463647928998987
2008-05-23,-260.6683207285399720249105
2008-05-26,-608.2283204033817885946772
2008-05-27,955.7916799218393553793208
2008-05-28,-3996.9383197528765279118347
2008-05-29,955.7916805724705737252988
2008-05-30,-2867.3683191021193275134750
2008-06-02,434.4516812233537805700089
2008-06-03,1650.9116815488899101762775
2008-06-04,-1998.4683181255109264917799
2008-06-05,-260.6683177998487172289109
2008-06-06,868.9016825258765501724998
2008-06-09,3128.0416828516648879224317
2008-06-10,-2259.1383168224836917667717
2008-06-11,-1303.3483164965691766804023
2008-06-12,-521.3383161705915546013865
2008-06-13,-521.3383158445508133102857
2008-06-16,608.2316844815530594147055
2008-06-17,1216.4616848077200757977583
2008-06-18,-86.8883148660497519345887
2008-06-19,868.9016854602435884465706
2008-06-20,782.0116857866001091725097
2008-06-23,1390.2416861130198224768710
2008-06-24,-1737.7983135604972594043347
2008-06-25,-868.8983132339511242327269
2008-06-26,434.4516870926582402324441
2008-06-27,3996.9416874193308462342986
2008-06-30,2693.5916877460667060183272
2008-07-01,-608.2283119271341681676081
2008-07-02,-434.4483116002717640732737
2008-07-03,1390.2416887266539305539355
2008-07-04,-1042.6783109463570720310023
2008-07-07,-868.8983106193047595707361
2008-07-08,868.9016897078108801944579
2008-07-09,-1303.3483099650101404733217
2008-07-10,868.9016903622321906903974
2008-07-11,1564.0216906895378859524623
2008-07-14,1129.5716910169069575820956
2008-07-15,3736.2716913443394178508955
2008-07-16,-955.7883083281647209671640
2008-07-17,-2346.0283080006054465957316
2008-07-18,-521.3383076729827467560794
2008-07-21,521.3416926547033908328980
2008-07-22,608.2316929824529784546842
2008-07-23,-6256.0783066897339716048587
2008-07-24,608.2316936381425529425101
2008-07-25,-86.8883060339174356125891
2008-07-28,0.0016942940860750228439
2008-07-29,173.7816946221530971441894
2008-07-30,-2259.1383050497163569507913
2008-07-31,608.2316952784777250380442
2008-08-01,-695.1183043932646445867800
2008-08-04,0.0016959350565464796422
2008-08-05,-3301.8183037365586894554003
2008-08-06,521.3416965918896599177647
2008-08-07,-1042.6783030795983930888078
2008-08-08,-86.8883027510228361606781
2008-08-11,-1303.3483024223836569810225
2008-08-12,-521.3383020936808432306320
2008-08-13,-695.1183017649143825879127
2008-08-14,1216.4616985639157372711158
2008-08-18,-1650.9083011071904713271807
2008-08-19,434.4516992217670039459513
2008-08-20,260.6716995507881754216518
2008-08-21,1737.8016998798730554334489
2008-08-22,-782.0082997909783436827414
2008-08-25,-608.2282994617660095886141
2008-08-26,-1477.1282991324899299434758
2008-08-27,1737.8017011968499075957571
2008-08-28,-173.7782984737464846254421
2008-08-29,347.5617018557209057407904
2008-09-01,260.6717021852520910447092
2008-09-02,-2085.3582974851529163610395
2008-09-04,260.6717028445058958785822
2008-09-05,-868.8982968257714598789955
2008-09-08,173.7817035040150287260506
2008-09-09,-86.8882961661346259440632
2008-09-10,-1303.34829583622041152472727
2008-09-11,-1477.12829550624231564893708
2008-09-12,347.56170482379967405270596
2008-09-15,1737.80170515390556995199569
2008-09-16,1129.5717054840753844231217
2008-09-17,173.7817058143091298426693
2008-09-18,7559.4317061446068185896203
2008-09-19,-2606.6982935250315369546462
2008-09-22,2259.1417068053940755936460
2008-09-23,1129.5717071358836686206711
2008-09-24,-347.5582925335627454849984
2008-09-25,347.5617077970548456676086
2008-09-26,-347.5582918722635455281370
2008-09-29,1998.4717084584820933235350
2008-09-30,260.6717087892917746207950
2008-10-01,-1650.9082908798344892357856
2008-10-03,-1650.9082905488966858432348
2008-10-06,1998.4717097821051972038217
2008-10-07,3041.1517101131711723131595
2008-10-08,2432.9217104443012518949572
2008-10-10,2867.3717107754954483617965
2008-10-13,-6516.7482888932462258713381
2008-10-14,-1564.0182885619237583870574
2008-10-15,1998.4717117694628632344318
2008-10-16,-608.2282878990863485846727
2008-10-17,-3128.0382875675713814197671
2008-10-20,-347.5582872359922228438426
2008-10-21,-1650.9082869043488604274834
2008-10-22,-2606.6982865726412817388677
2008-10-23,-2954.2582862408694743437659
2008-10-24,-3214.92828590903342580554125
2008-10-27,1042.68171442286687631485155
2008-10-28,4431.39171475483144445886600
2008-10-29,-260.6682849131397089296351
2008-10-31,-3041.1482845810465714043796
2008-11-03,434.4517157511108694833147
2008-11-04,-252.6175739166673738154595
2008-11-05,19.4861096370403367598124
2008-11-06,19.4898827423199303566428
2008-11-07,19.4936565781878104853234
2008-11-10,19.4974311447854413258506
2008-11-11,19.5012064422543144500016
2008-11-12,19.5049824707359488266382
2008-11-14,19.5087592303718908270120
2008-11-17,19.5125367213037142300700
2008-11-18,19.5163149436730202277619
2008-11-19,19.5200938976214374303477
2008-11-20,19.5238735832906218717071
2008-11-21,19.5276540008222570146494
2008-11-24,19.5314351503580537562246
2008-11-25,19.5352170320397504330353
2008-11-26,19.5389996460091128265502
2008-11-28,19.5427829924079341684179
2008-12-01,19.5465670713780351457826
2008-12-02,-3700.9773981169387360934005
2008-12-03,1817.23097303231490897947775
2008-12-04,-1501.18902677927635100093790
2008-12-05,-632.07902659083112930158625
2008-12-08,316.04097359765058114149888
2008-12-10,316.04097378616878739365139
2008-12-11,1975.25097397472349652157328
2008-12-12,-237.02902583668528440666511
2008-12-15,711.09097435194245167837516
2008-12-16,395.0509745406067118475017
2008-12-17,1106.1409747293075031728918
2008-12-18,869.1109749180448327280913
2008-12-19,-2133.2690248931812924119836
2008-12-22,790.1009752956291348289529
2008-12-23,632.0809754844761215285569
2008-12-24,158.0209756733596747658549
2008-12-26,-316.0390241377201983787559
2008-12-29,3555.4509760512365091764925
2008-12-30,-790.0990237597701954852600
2008-12-31,158.0209764292596947204970
2009-01-01,1343.1709766183261868796467
2009-01-02,0.0009768074292880794436
2009-01-05,-1422.1790230034309945914850
2009-01-06,-1343.1690228142546540431397
2009-01-07,1501.1909773749583168158521
2009-01-09,-632.0790224357920749217639
2009-01-12,237.0309777534941778381313
2009-01-13,-2054.2590220571829178089699
2009-01-14,632.0809781321766452337992
2009-01-15,-1264.1590216784271259353207
2009-01-16,1106.1409785110057757832853
2009-01-19,1106.1409787004753574906074
2009-01-20,-316.0390211100183737109900
2009-01-21,2844.3609790795245892822334
2009-01-22,-711.0890207308957464246070
2009-01-23,1106.1409794587206262749801
2009-01-27,1580.2009796483737144888623
2009-01-28,-1422.1790201619364746737173
2009-01-29,-553.0690199722099341021380
2009-01-30,4661.5909802175533433155970
2009-02-02,-158.0190195926466353071382
2009-02-03,-869.1090194028098628555920
2009-02-04,-790.0990192129363322136353
2009-02-05,948.1209809769739637362388
2009-02-06,316.0409811669210321129158
2009-02-09,-474.0590186430951199633410
2009-02-10,-395.0490184530744853708891
2009-02-11,2370.3009817369829430132928
2009-02-12,2449.3109819270771723136052
2009-02-13,-316.0390178827917903441720
2009-02-16,711.0909823073760621671213
2009-02-17,4108.5209824975807369760247
2009-02-18,4187.5309826878222412124583
2009-02-19,-1422.1790171218994179922770
2009-02-20,711.0909830684157664945003
2009-02-24,-237.0290167412321981931473
2009-02-25,-3713.4690165508433049197756
2009-02-26,-474.0590163604175465485591
2009-02-27,1027.1309838300450840587100
2009-03-02,3081.3909840205445940416212
2009-03-03,-2844.3590157889190094588532
2009-03-04,-1264.1590155983457193003582
2009-03-05,0.0009845922644716608438
2009-03-06,2765.3509847829115705698741
2009-03-09,-79.0090150264044154267626
2009-03-12,-2291.2890148356834791811780
2009-03-13,553.0709853550743864559004
2009-03-16,79.0109855458691886351293
2009-03-17,-711.0890142632990654914497
2009-03-18,-790.0990140724303687704107
2009-03-19,553.0709861184752859530578
2009-03-20,2844.3609863094179058351527
2009-03-23,158.0209865003974980334561
2009-03-24,-1896.2390133085859302930635
2009-03-25,-1422.1790131175323719840517
2009-03-26,1422.1809870735581801222325
2009-03-27,0.0009872646857331889169
2009-03-30,0.0009874558502943805160
2009-03-31,-1106.1390123529481291370679
2009-04-01,-158.0190121617095301965456
2009-04-02,-1343.1690119704339016292396
2009-04-06,-5451.6890117791212362650847
2009-04-08,2449.3109884122284730673731
2009-04-09,-1185.1490113963847664590241
2009-04-13,0.0009887950390523299551
2009-04-15,474.0609889864999366099310
2009-04-16,-395.0490108220021064420867
2009-04-17,-2054.2590106304670696476982
2009-04-20,474.0609895611050541728856
2009-04-21,1896.2409897527142722008445
2009-04-22,-158.0190100556394083812512
2009-04-23,237.0309901360440196105591
2009-04-24,2370.3009903277645633616277
2009-04-27,553.0709905195222300586977
2009-04-28,-790.0990092886829731100960
2009-04-29,-1343.1690090968510389552269
2009-05-04,-1027.1290089049819602857759
2009-05-05,237.0309912869242700905679
2009-05-06,316.0409914788676593675085
2009-05-07,1185.1509916708482147401426
2009-05-08,-158.0190081371340565950400
2009-05-11,79.0109920549208525598444
2009-05-12,-158.0190077529870505959275
2009-05-13,1580.2009924391422411383159
2009-05-14,158.0209926313087349646396
2009-05-15,-79.0090071764875619134962
2009-05-18,0.0009930157533577087630
2009-05-19,-4266.5390067919684989623328
2009-05-20,-237.0290065996531247191383
2009-05-21,1343.1709935926994876473869
2009-05-22,869.1109937850893453476798
2009-05-25,316.0409939775164555935732
2009-05-26,0.0009941699808255982962
2009-05-27,553.0709943624824625764750
2009-05-28,474.0609945550213737441324
2009-05-29,1106.1409947475975663186887
2009-06-01,1106.1409949402110475189615
2009-06-02,-3644.7803948671381754348337
2009-06-03,1439.6342839180676207844161
2009-06-04,3643.1342866838699116519631
2009-06-05,1424.9442894502077462180917
2009-06-08,-6918.9757077829187718196007
2009-06-09,2453.2442949844904612565626
2009-06-10,3981.0042977524355491843412
2009-06-11,426.0243005209165957215816
2009-06-12,-734.4856967100662953537795
2009-06-15,-117.5056939405130202437102
2009-06-16,2600.1443088295765248699195
2009-06-17,-5126.7956883997975561746580
2009-06-18,-2644.1856856286351595191040
2009-06-19,2085.9943171430638187150302
2009-06-22,-1527.7456800847005175736923
2009-06-23,-220.3356773119280644665908
2009-06-24,3261.1943254613812819751373
2009-06-25,-719.7956717647723742895798
2009-06-26,3466.8543310096110707183162
2009-06-29,1792.1943337845317209980165
2009-06-30,-3804.6956634400103194311500
2009-07-01,-323.1656606640149465297129
2009-07-02,352.5743421125179437619432
2009-07-03,2203.5143448895884555235826
2009-07-06,-6830.8356523328033071448769
2009-07-07,1057.6943504453427598766391
2009-07-08,-4891.7556467759732392716340
2009-07-09,-528.8256439967512004292963
2009-07-10,-1792.1656412169910194157791
2009-07-13,-2394.4556384366925920303411
2009-07-14,3951.6243643441441859479351
2009-07-15,4333.5643671255194187601477
2009-07-16,602.3043699074332106675789
2009-07-17,1219.2843726898856659516991
2009-07-20,4127.9043754728768889141708
2009-07-21,-616.9656217435930161231476
2009-07-22,-308.4756189595239448181976
2009-07-23,1792.1943838250842071912828
2009-07-24,1762.8143866102315442877636
2009-07-27,749.2043893959181708739263
2009-07-28,1395.5643921821441913726679
2009-07-29,-1674.6456050310902897728950
2009-07-30,-440.6856022437851680994225
2009-07-31,4127.9044005440596608766525
2009-08-03,2306.3444033324443016591284
2009-08-04,-2262.2455938786311412279612
2009-08-05,2379.7944089108334367596562
2009-08-06,-2996.7455882991618598135039
2009-08-07,-3378.6855855086169263626792
2009-08-10,-1777.4755827175316582828562
2009-08-11,-793.2455799259059509487674
2009-08-12,396.6444228662603002851141
2009-08-13,4686.1244256589672000845773
2009-08-14,925.4844284522148531356779
2009-08-17,-5229.6255687539966358552584
2009-08-18,1762.8144340403328378383692
2009-08-19,-2585.4255631647966210365609
2009-08-20,2188.8244396306150922871122
2009-08-21,807.9644424265680825968354
2009-08-24,2071.3044452230624547003457
2009-08-25,205.6744480200983134256741
2009-08-26,1659.9844508176757636211494
2009-08-27,-396.6155463842050898445976
2009-08-28,954.8644564144558579173694
2009-08-31,-14.6755407863412881837032
2009-09-01,-2203.4855379865964232182557
2009-09-02,-146.8855351863094422364109
2009-09-03,-1513.0555323854802402679696
2009-09-04,2232.8944704158912876775921
2009-09-07,2482.6244732178052466111282
2009-09-08,1395.5644760202617415638255
2009-09-09,-146.8855211767391224127917
2009-09-10,455.4044816268027597531417
2009-09-11,-1410.2255155691125068461633
2009-09-14,117.5344872355151829018525
2009-09-15,3070.2244900406859341301017
2009-09-16,1189.9044928463998519918539
2009-09-17,1953.7844956526570416607394
2009-09-18,-1219.2555015405423916692464
2009-09-22,2130.0645012668016572162602
2009-09-23,-1542.4354959253107064480039
2009-09-24,2247.5845068831206225930744
2009-09-25,-411.3054903079042503850107
2009-09-29,1292.7345125016147799136192
2009-09-30,646.3745153116778188052309
2009-10-01,-499.4454818777150283735158
2009-10-05,-293.7854790665636562655655
2009-10-06,-1278.0154762548679594934617
2009-10-07,1777.5045265573721673406558
2009-10-08,1116.4545293701568296550557
2009-10-09,1219.2845321834861328884192
2009-10-12,411.3345349973601824998428
2009-10-14,3070.2245378117790839688441
2009-10-15,3540.3045406267429427953640
2009-10-16,1704.0545434422518644997718
2009-10-17,73.4645462583059546228685
2009-10-20,-293.7854509250946812741086
2009-10-21,-3202.4054481079499376094829
2009-10-22,-1366.1554452902597087811332
2009-10-23,925.4845575279761108335088
2009-10-26,-1483.6754396532423731225367
2009-10-27,-7506.5754368339150549857934
2009-10-28,1028.3145659859581709276743
2009-10-29,-455.3754311936225896777344
2009-10-30,-205.6454283726572310771524
2009-11-03,-3892.8354255511456475252412
2009-11-04,3848.7945772709122667438131
2009-11-05,3319.9545800935166175163040
2009-11-06,1718.7445829166675105990086
2009-11-09,3878.1745857403650518191910
2009-11-10,-58.7454114353906529753926
2009-11-11,2174.1345913894005020835084
2009-11-12,-1601.1954057852613771153552
2009-11-13,1189.9045970406238153372702
2009-11-16,1836.2645998670561853711457
2009-11-17,-1351.4653973059641610634567
2009-11-18,1131.1446055215628820042507
2009-11-19,-2071.2753916503625794344257
2009-11-20,1410.2546111782595606323440
2009-11-23,0.0146140074294082369167
2009-11-24,-1615.8853831628529305678199
2009-11-25,1219.2846196674126502915576
2009-11-26,-440.6853775017737430909888
2009-11-27,-1748.0953746704120046009540
2009-11-30,1351.4946281614979718967140
2009-12-01,2629.5246309939562925576187
2009-12-02,-220.3353661730369364420821
2009-12-03,3231.8146366605183910943286
2009-12-04,-2056.5853605053776186158691
2009-12-07,661.0646423292751406651717
2009-12-08,367.2646451644767751958686
2009-12-09,661.0646480002273912552142
2009-12-10,-440.6853491634729048572199
2009-12-11,73.4646536733759931787207
2009-12-14,-2350.3853434892258082962231
2009-12-15,-146.8853406512782029207193
2009-12-16,-807.9353378127810843128409
2009-12-17,220.3646650262656539299373
2009-12-18,-1057.6653321341378817692562
2009-12-21,984.2446707060084150333137
2009-12-22,1909.7146735467046508019927
2009-12-23,1469.0146763879509320217416
2009-12-24,1248.6646792297473651981393
2009-12-29,0.0146820720940568573884
2009-12-30,734.5146849149911135463171
2009-12-31,-954.8353122415613581676146
2010-01-04,3158.3646906024367483036870
2010-01-05,1175.2146934469855395689553
2010-01-06,2276.9646962920851222575654
2010-01-07,-881.3853008622643969804600
2010-01-08,-1395.5352980160629114744481
2010-01-11,1542.4647048306896854669288
2010-01-12,-954.8352923220064994443428
2010-01-13,881.4147105258486405243861
2010-01-14,1395.5647133742552121264313
2010-01-15,-220.3352837767866778642207
2010-01-18,807.9647190727230773470912
2010-01-19,-1615.8852780772154154242929
2010-01-20,-73.4352752266020493423506
2010-01-21,-3525.5852723754367175503725
2010-01-22,-1615.8852695237193131709587
2010-01-25,-2644.1852666714497293060143
2010-01-27,-5170.8652638186278590367458
2010-01-28,763.8947390347464045763429
2010-01-29,1395.5647418886731684934549
2010-02-01,1762.8147447431525396955038
2010-02-02,-954.8352524018153748158817
2010-02-03,3158.3647504537695319816454
2010-02-04,-2570.7352466900926328688445
2010-02-05,-3554.9652438334017623035548
2010-02-06,8329.2447590238422507620423
2010-02-08,-6096.3352381183604865667906
2010-02-09,220.3647647399901328359478
2010-02-10,-881.3852324011057838829983
2010-02-11,954.8647704583518704438622
2010-02-15,367.2647733183632030047715
2010-02-16,367.2647761789283210087262
2010-02-17,1101.7647790400473316854825
2010-02-18,-1248.6352180982796577144411
2010-02-19,-440.6852152360525399197586
2010-02-22,-1175.1852123732712076384133
2010-02-23,-293.7852095099355535575735
2010-02-24,-235.0252066460454703436283
2010-02-25,-367.2352037816008506421837
2010-02-26,2585.4547990833984129219410
2010-03-02,2497.3148019489524277447181
2010-03-03,3892.8648048150613012429148
2010-03-04,954.8648076817251408540974
2010-03-05,1322.1148105489440540366355
2010-03-08,734.5148134167181482697059
2010-03-09,-1468.9851837149524689467033
2010-03-10,-1468.9851808460676900917889
2010-03-11,73.4648220233725923760717
2010-03-12,73.4648248933684860193247
2010-03-15,-807.9351722360799015787568
2010-03-16,954.8648306350275371859319
2010-03-17,-367.2351664933090900616687
2010-03-18,881.4148363789103243242207
2010-03-19,734.5148392516858880102234
2010-03-22,-1248.6351578749822913161900
2010-03-23,-146.8851550010941059466970
2010-03-25,807.9648478733505518478800
2010-03-26,1689.3648507483517898175788
2010-03-29,-440.6851463760902842666996
2010-03-30,954.8648565000244373868141
2010-03-31,954.8648593766960625907603
2010-04-01,661.0648622539246991786557
2010-04-05,1983.1648651317104550048968
2010-04-06,587.6148680100534379447640
2010-04-07,881.4148708889537558944252
2010-04-08,-1101.7351262315884832290589
2010-04-09,661.0648766484268285122677
2010-04-12,-1248.6351204710002009227385
2010-04-13,146.9148824101305364456831
2010-04-15,-734.4851147081808513817992
2010-04-16,-734.4851118259342563836039
2010-04-19,-1836.2351089431295705172344
2010-04-20,440.7148939402333142807271
2010-04-21,440.7148968241545060946225
2010-04-22,1689.3648997086341130297220
2010-04-23,1101.7649025936722432122284
2010-04-26,-220.3350945207309952107190
2010-04-27,220.3649083654245059289598
2010-04-28,-2350.3850887478611451797108
2010-04-29,1469.0149141394121596732425
2010-04-30,2203.5149170272445287187456
2010-05-03,-220.3350800843639297913184
2010-05-04,-2864.5350771954131075841063
2010-05-05,1175.2149256940971036341908
2010-05-06,-1983.1350714158331878216496
2010-05-07,-2717.6350685252038736158770
2010-05-10,3599.0649343659851546082367
2010-05-11,-1615.8850627422659947716002
2010-05-12,-514.1350598499572133566930
2010-05-13,4480.4649430429116072726413
2010-05-14,-2056.5850540636594244429203
2010-05-16,0.0149488303297999582963
2010-05-17,73.4649517248793889589668
2010-05-18,-1395.5350453800105489372275
2010-05-19,-3011.4350424843399052055957
2010-05-20,367.2649604118914286995665
2010-05-21,-3892.8350366913164386550183
2010-05-24,1469.0149662060366013183939
2010-05-25,-4333.5350308960493427714268
2010-05-26,2717.6649720024258377053196
2010-05-27,1101.7649749014622513994672
2010-05-28,2203.5149778010600069828881
2010-05-31,2056.6149807012192131484966
2010-06-01,-2791.0850163980600213897465
2010-06-02,1395.5649865032224121031697
2010-06-03,2497.3149894050666223833106
2010-06-04,1836.2649923074727182278000
2010-06-07,-2276.9350047895591915651756
2010-06-08,-1395.5350018860289981763631
2010-06-09,1542.4650010180634072345613
2010-06-10,1762.8150039227181335289963
2010-06-11,-1615.8849931720647104105808
2010-06-14,293.8150097337149843193907
2010-06-15,1689.3650126400573266435584
2010-06-16,-220.3349844530375744923394
2010-06-17,1101.7650184544303898785315
2010-06-18,-1689.3349786375386712558956
2010-06-21,2644.2150242710553511134154
2010-06-22,-881.3849728197874339833909
2010-06-23,1028.3150300899330825049408
2010-06-24,514.1650330002170096507817
2010-06-25,1101.7650359110644565476231
2010-06-28,514.1650388224755323100797
2010-06-29,1322.1150417344503460738941
2010-06-30,220.3650446469890069959413
2010-07-01,-73.4349524399083757457681
2010-07-02,514.1650504737583070479173
2010-07-05,-1175.1849466120108354027074
2010-07-06,1322.1150563027843061438015
2010-07-07,-1101.7349407818561590499598
2010-07-08,1615.9150621340678782997618
2010-07-09,734.5150650505565274978793
2010-07-12,-881.3849320323901021295289
2010-07-13,1689.3650708852280987647843
2010-07-14,-807.9349261965887604507612
2010-07-15,661.0650767221594296134320
2010-07-16,-73.4349203585272216318582
2010-07-19,220.3650825613513952453318
2010-07-20,73.4650854817953896981551
2010-07-21,1395.5650884028048712009579
2010-07-22,0.0150913243799492492841
2010-07-23,146.9150942465207333598793
2010-07-26,-2350.3849028307726669293050
2010-07-27,2056.6151000924998579408925
2010-07-28,293.8151030163384175508469
2010-07-29,-293.7848940592568784978482
2010-07-30,293.8151088657140794176226
2010-08-02,881.4151117912514009413013
2010-08-03,1395.5651147173551957384603
2010-08-04,-146.8848823559744265043936
2010-08-05,-1542.4348794287373560795149
2010-08-06,1469.0151234990665167420848
2010-08-09,440.7151264274373017106408
2010-08-10,-587.5848706436248914023610
2010-08-11,-367.2348677141199528041792
2010-08-12,73.4651352159522273191869
2010-08-13,1101.7651381465917588030010
2010-08-16,807.9651410777987515037943
2010-08-17,-367.2348559904266847006302
2010-08-18,3672.5151469419155600888062
2010-08-19,1836.2651498748255957924617
2010-08-20,-2937.9848471916964676480213
2010-08-23,2791.1151557423494797302876
2010-08-24,-807.9348413230364520883889
2010-08-25,-2056.5848383878541530985322
2010-08-26,440.7151645478964867266772
2010-08-27,-2056.5848325157844225646370
2010-08-30,-1615.8848295788967709030422
2010-08-31,-1028.2848266414404481977932
2010-09-01,2717.6651762965846556631725
2010-09-02,2130.0651792351786508132379
2010-09-03,1395.5651821743416474071117
2010-09-06,2938.0151851140737556208315
2010-09-07,-220.3348119456249143482314
2010-09-08,-2570.7348090047542522813682
2010-09-09,3378.7151939366858520614718
2010-09-13,3158.3651968786955089416846
2010-09-14,-146.8848001787251713579832
2010-09-15,881.4152027644239214665686
2010-09-16,-2423.8347942918571022592011
2010-09-17,1322.1152086524318678115285
2010-09-20,3966.3152115972909420469451
2010-09-21,-2644.1847854572797691633932
2010-09-22,514.1652174887198445914466
2010-09-23,-1028.2847795647101062562236
2010-09-24,1322.1152233824304887472912
2010-09-27,1909.7152263301417400770733
2010-09-28,-2130.0347707215762417704042
2010-09-29,-1248.6347677727233462772718
2010-09-30,-1615.8847648232994629042613
2010-10-01,4921.1652381266955189093002
2010-10-04,3672.5152410772617097454925
2010-10-05,587.6152440283992202078083
2010-10-06,1395.5652469801081609211563
2010-10-07,-73.4347500676113574681348
2010-10-08,-514.1347471147592242923115
2010-10-11,2130.0652558386646711378086
2010-10-12,-2937.9847412073395604671599
2010-10-13,2423.8652617472281916248350
2010-10-14,-661.0347352976319618327137
2010-10-15,-4480.4347323419199100648678
2010-10-18,1101.7652706143644577247603
2010-10-19,514.1652735712212523540120
2010-10-20,-73.4347234713494153378141
2010-10-21,3011.4652794866525655100431
2010-10-22,367.2652824452273057798101
2010-10-25,-73.4347145956250836248158
2010-10-26,-514.1347116359044917786635
2010-10-27,-587.5847086756108077350831
2010-10-28,-1248.6347057147439205259420
2010-10-29,-440.6847027533037191616211
2010-11-01,2423.8653002087099073689900
2010-11-02,2130.0653031712970700984967
2010-11-03,661.0653061344578800810038
2010-11-04,1395.5653090981924483921192
2010-11-05,0.0153120625008861289590
2010-11-08,0.0153150273833044101506
2010-11-09,-146.8846820071601856241623
2010-11-10,1248.6653209588705271876838
2010-11-11,-2864.5346760745244459711230
2010-11-12,-3599.0346731073449938958662
2010-11-15,-2276.9346701395910053602971
2010-11-16,-2570.7346671712623691166295
2010-11-18,881.4153357976410261044633
2010-11-19,-3966.2846612328807084061470
2010-11-22,2276.9653417371725386639612
2010-11-23,587.6153447078008786487625
2010-11-24,-3892.8346523209955770962109
2010-11-25,-6683.9346493492167171938645
2010-11-26,-1836.2346463768624302455382
2010-11-29,3305.2653565960673951689982
2010-11-30,367.2653595695728704915498
2010-12-01,7345.0153625436541071854996
2010-12-02,293.8153655183112167358138
2010-12-03,-2791.0846315064556893509550
2010-12-06,-1028.2846285306464995466625
2010-12-07,-2791.0846255542611023015697
2010-12-08,-2864.5346225772993860443381
2010-12-09,-5582.1846195997612391820250
2010-12-10,-1101.7346166216465501000809
2010-12-13,3378.7153863570447928376567
2010-12-14,2717.6653893363129012889657
2010-12-15,-1322.0846076838421130667552
2010-12-16,1322.1153952965798614715170
2010-12-20,-1836.2346017224210633735658
2010-12-21,1395.5654012591552241422810
2010-12-22,0.0154042413088357849794
2010-12-23,-293.7845927759601166579076
2010-12-24,-1468.9845897926515213771714
2010-12-27,1101.7654131912347334580463
2010-12-28,-146.8845838243012402997422
2010-12-29,1469.0154191607406692236330
2010-12-30,367.2654221463605739240046
2010-12-31,1542.4654251325585857188714
2011-01-03,-367.2345718806651834525970
2011-01-04,1691.0234311066893783704437
2011-01-05,-1885.7998127587239107669419
2011-01-06,-987.7998127224682876318238
2011-01-07,-1257.1998126862056443020330
2011-01-10,628.6001873500640205817544
2011-01-11,269.4001873863407083791255
2011-01-12,538.8001874226244204499304
2011-01-13,179.6001874589151581542830
2011-01-14,-808.1998125047870771474399
2011-01-17,-718.3998124684822840945978
2011-01-18,898.0001875678295386737130
2011-01-19,-448.9998123958516074813400
2011-01-20,538.8001876404742788016742
2011-01-21,-1975.5998123231928011155501
2011-01-24,359.2001877131471541289455
2011-01-25,-2693.9998122505058541026171
2011-01-27,1436.8001877858481755522478
2011-01-28,-2424.5998121777907555437104
2011-01-31,3232.8001878585773539725219
2011-02-01,-808.1998121050474945357782
2011-02-02,-448.9998120686652997050694
2011-02-03,-1077.5998120322760601715462
2011-02-04,2514.4001880041202254288605
2011-02-07,-448.9998119594764415395156
2011-02-08,449.0001880769339402879231
2011-02-09,628.6001881133513722760385
2011-02-10,538.8001881497758557899568
2011-02-11,-448.9998118137926078049315
2011-02-14,0.0001882226459828570285
2011-02-15,1077.6001882590916291417561
2011-02-16,628.6001882955443324154352
2011-02-17,359.2001883320040940445140
2011-02-18,628.6001883684709153957056
2011-02-21,269.4001884049447978359874
2011-02-22,449.0001884414257427326019
2011-02-23,179.6001884779137514530557
2011-02-24,2334.8001885144088253651210
2011-02-25,-1167.3998114490890341631658
2011-02-28,89.8001885874201742364969
2011-03-01,449.0001886239364519326756
2011-03-03,1526.6001886604598002942016
2011-03-04,-1257.1998113030097793098284
2011-03-07,2334.8001887335277144899471
2011-03-08,-987.7998112299277169368451
2011-03-09,-89.7998111933760722203129
2011-03-10,179.6001888431826500097006
2011-03-11,-1257.1998111202515488763818
2011-03-14,359.2001889163213324921276
2011-03-15,-897.9998110470987045138178
2011-03-16,-1526.5998110105116585229992
2011-03-17,-718.3998109739175281639326
2011-03-18,2245.0001890626836879351321
2011-03-21,1257.2001890992919911462101
2011-03-22,359.2001891359073828415826
2011-03-23,-269.3998108274701356062036
2011-03-24,718.4001892091594371756640
2011-03-25,-1257.1998107542038974397360
2011-03-28,-808.1998107175601380790597
2011-03-29,-1346.9998106809092833686966
2011-03-30,628.6001893557486680652294
2011-03-31,718.4001893924137175968603
2011-04-01,449.0001894290858666006045
2011-04-04,-448.9998105342348835488636
2011-04-05,-89.7998104975485314766035
2011-04-06,1975.6001895391449241925916
2011-04-07,-179.5998104241545151658053
2011-04-08,1347.0001896125531518239455
2011-04-11,808.2001896492679265378493
2011-04-13,-718.3998103140101896478212
2011-04-15,1706.2001897227188046434725
2011-04-18,898.0001897594549107885356
2011-04-19,1975.6001897961981301644401
2011-04-20,359.2001898329484641485244
2011-04-21,0.0001898697059141183937
2011-04-25,2514.4001899064704814519199
2011-04-26,-1795.9998100567578324727582
2011-04-27,179.6001899800209737227649
2011-04-28,3053.2001900168069014171617
2011-04-29,-89.7998099464000480106282
2011-05-02,3232.8001900904001268186014
2011-05-03,-1257.1998098727925727156759
2011-05-04,-1346.9998098359781452337195
2011-05-05,-2065.3998097991565893555216
2011-05-06,1347.0001902376720962991927
2011-05-09,-1706.1998097254920868890343
2011-05-10,987.8001903113508624606069
2011-05-11,808.2001903482009457291933
2011-05-12,-3142.9998096149418357019309
2011-05-13,2694.0001904219225195488462
2011-05-16,-1616.3998095412059871365960
2011-05-17,89.8001904956726456238893
2011-05-18,-448.9998094674415807872833
2011-05-19,-448.9998094305486649874316
2011-05-20,987.8001906063513944063942
2011-05-23,2155.2001906432585987774120
2011-05-24,987.8001906801729495091073
2011-05-25,1077.6001907170944479852335
2011-05-26,-808.1998092459769044101880
2011-05-27,359.2001907909588937071321
2011-05-30,269.4001908279018437217514
2011-05-31,808.2001908648519470184952
2011-06-01,-1526.5998090981907950175428
2011-06-02,1706.2001909387736189989993
2011-06-03,-1526.5998090242548095462486
2011-06-06,987.8001910127239207326121
2011-06-07,269.4001910497098112217480
2011-06-08,-1526.5998089132971366924056
2011-06-09,179.6001911237030783768547
2011-06-10,808.2001911607104578165011
2011-06-13,-1795.9998088022749969862257
2011-06-14,-1077.5998087652532846438164
2011-06-15,-718.3998087282244037684933
2011-06-16,1526.6001913088116470277907
2011-06-17,89.8001913458548691333507
2011-06-20,2155.2001913829052639367709
2011-06-21,359.2001914199628328269046
2011-06-22,89.8001914570275771928739
2011-06-23,-448.9998085059005015759304
2011-06-24,-1975.5998084688214020898482
2011-06-27,-1975.5998084317351229589501
2011-06-28,-179.5998083946416627930383
2011-06-29,269.4001916424589797983551
2011-06-30,-718.3998083204331937940335
2011-07-01,-2604.1998082833181821791980
2011-07-04,-359.1998082461959839658632
2011-07-05,359.2001917909334022375157
2011-07-06,2334.8001918280699778227528
2011-07-07,1436.8001918652137441819318
2011-07-08,-538.7998080976352972925940
2011-07-11,2424.6001919395228547917979
2011-07-12,987.8001919766882018280003
2011-07-13,2065.4001920138607452091751
2011-07-14,2334.8001920510404863287544
2011-07-15,-1526.5998079117725734195602
2011-07-18,3143.0001921254215673582030
2011-07-19,0.0001921626229100562855
2011-07-20,-2514.3998078001685439308014
2011-07-21,898.0001922370472067917241
2011-07-22,-1706.1998077257298363810866
2011-07-25,3592.0001923115003279460882
2011-07-26,-1706.1998076512622988311596
2011-07-27,449.0001923859822846830320
2011-07-28,-359.1998075767659201152044
2011-07-29,0.0001924604930881705338
2011-08-01,359.2001924977593109369196
2011-08-02,1436.8001925350327495808966
2011-08-03,5028.8001925723134054996791
2011-08-04,718.4001926096012800907512
2011-08-05,898.0001926468963747518685
2011-08-08,8351.4001926841986908810565
2011-08-09,8980.0001927215082298766119
2011-08-10,-2244.9998072411750068628979
2011-08-11,5388.0001927961489820613648
2011-08-12,-3681.7998071665198019514908
2011-08-16,1975.6001928708186424979152
2011-08-17,3053.2001929081643168092334
2011-08-18,1616.4001929455172223823858
2011-08-19,9967.8001929828773606175651
2011-08-22,449.0001930202447329152356
2011-08-23,-359.1998069423806593238677
2011-08-24,-3322.5998069049988146987386
2011-08-25,-13290.3998068676097318080989
2011-08-26,6645.2001931697865907496000
2011-08-29,3053.2001932071901543761787
2011-08-30,-2604.1998067553990395262711
2011-09-02,6824.8001932820190104446140
2011-09-05,5298.2001933194443056914688
2011-09-06,-1795.9998066431231523828000
2011-09-07,-5747.1998066056833623750147
2011-09-08,-718.3998065682363228817252
2011-09-09,7004.4001934692179675007900
2011-09-12,-628.5998064933204898234759
2011-09-13,-1436.7998064558516934502574
2011-09-14,3143.0001935816243580249823
2011-09-15,-2693.9998063808923339929475
2011-09-16,-4938.9998063434017680989658
2011-09-19,6465.6001936940960571122805
2011-09-20,-1526.5998062683988569535832
2011-09-21,1975.6001937691134911093406
2011-09-22,-1167.3998061933668972927787
2011-09-23,-3142.9998061558400207534988
2011-09-26,-14816.9998061183058778661056
2011-09-27,5926.8001939192355327763875
2011-09-28,-3232.7998060432157874187603
2011-09-29,-3951.1998060056598370440174
2011-09-30,2783.8001940319033853084204
2011-10-03,3771.6001940694738810466295
2011-10-04,1077.6001941070516515789597
2011-10-05,-7902.3998058553633016859672
2011-10-07,4310.4001941822290226607438
2011-10-10,718.4001942198286260282600
2011-10-11,1077.6001942574355098260223
2011-10-12,1885.8001942950496754637438
2011-10-13,-1077.5998056673288756485890
2011-10-14,179.6001943702998578992833
2011-10-17,269.4001944079358775178930
2011-10-18,-1167.3998055544208153819542
2011-10-19,-897.9998055167702193891796
2011-10-20,-1526.5998054791123330924313
2011-10-21,808.2001945585528449199161
2011-10-24,4220.6001945962253160597611
2011-10-25,-718.3998053660949182607243
2011-10-26,3771.6001946715921433709051
2011-10-28,808.2001947092865023673686
2011-10-31,-2604.1998052530118398583416
2011-11-01,1526.6001947846971181070405
2011-11-02,3412.4001948224133776770548
2011-11-03,987.8001948601369402655145
2011-11-04,1796.0001948978678072865069
2011-11-08,5567.6001949356059801543929
2011-11-09,987.8001949733514602838073
2011-11-11,-1436.7998049888957509103410
2011-11-14,2873.6001950488643479871307
2011-11-15,-628.5998049133682416083212
2011-11-16,2514.4001951244064817190347
2011-11-17,-987.7998048378114806147972
2011-11-18,-3502.1998048000221271935374
2011-11-21,359.2001952377745433993673
2011-11-22,179.6001952755785325807446
2011-11-23,-1077.5998046866101582323035
2011-11-24,898.0001953512084723775993
2011-11-25,-1975.5998046109655741718961
2011-11-28,3232.8001954268677035371356
2011-11-29,-89.7998045352916930771056
2011-11-30,449.0001955025562374038548
2011-12-01,2694.0001955404114963987657
2011-12-02,-89.7998044217259146733488
2011-12-05,-448.9998043838559943931901
2011-12-07,-1436.7998043459787413411848
2011-12-08,2155.2001956919058459025155
2011-12-09,-1616.3998042702022312419660
2011-12-12,-2604.1998042323029713542311
2011-12-13,269.4001958056036269863936
2011-12-14,-1885.7998041564824347991438
2011-12-15,-8620.7998041185611552896195
2011-12-16,-1706.1998040806325330635350
2011-12-19,1257.2001959573034333008836
2011-12-20,1347.0001959952467452256857
2011-12-21,2963.4001960331974041331956
2011-12-22,-2424.5998039288445885539865
2011-12-23,-269.3998038908792314129852
2011-12-26,-269.3998038529065230206495
2011-12-27,-987.7998038149264619535531
2011-12-28,-359.1998037769390467879936
2011-12-29,-4400.1998037389442760999932
2011-12-30,2334.8001962990578515347014
2012-01-02,808.2001963370673375406197
2012-01-03,2334.8001963750841833425668
2012-01-04,1885.8001964131083903656237
2012-01-05,-179.5998035488600399648525
2012-01-06,898.0001964891788937767711
2012-01-07,-448.9998034727748069835966
2012-01-09,-1346.9998034347211408197704
2012-01-10,-1706.1998033966601063052891
2012-01-11,987.8001966414082979865850
2012-01-12,628.6001966794840734828654
2012-01-13,-2244.9998032824327783891579
2012-01-16,898.0001967556577437980818
2012-01-17,1257.2001967937556414724269
2012-01-18,-1526.5998031681390839380028
2012-01-19,89.8001968699735689951881
2012-01-20,-1975.5998030919063982993277
2012-01-23,1796.0001969462210156073986
2012-01-24,-1257.1998030156441878554069
2012-01-25,-628.5998029775020072582422
2012-01-27,5208.4001970606475588286724
2012-01-30,1706.2001970988045118353928
2012-01-31,1526.6001971369688531922521
2012-02-01,449.0001971751405843298601
2012-02-02,-987.7998027866802933208959
2012-02-03,538.8001972515062216711480
2012-02-06,-4489.9998027102998692625671
2012-02-07,628.6001973279014353096772
2012-02-08,3232.8001973661101368198764
2012-02-09,-718.3998025956737632996964
2012-02-10,-718.3998025574502636164914
2012-02-13,-987.7998025192193626976807
2012-02-14,-718.3998024809810591101596
2012-02-15,1616.4001975572646485794546
2012-02-16,-179.5998024044822381951781
2012-02-17,0.0001976337782819998799
2012-02-21,808.2001976720462105988439
2012-02-22,1616.4001977103215490362070
2012-02-23,2963.4001977486042987467397
2012-02-24,89.8001977868944611654909
2012-02-27,-987.7998021748079622722132
2012-02-28,449.0001978634970298692319
2012-02-29,1257.2001979018094390257086
2012-03-01,-7812.5998020598707333666230
2012-03-02,808.2001979784565141286760
2012-03-03,359.2001980167911829483217
2012-03-05,-1167.3998019448667254706907
2012-03-06,449.0001980934827903089117
2012-03-07,-808.1998018681602682753198
2012-03-09,89.8001981702041002144445
2012-03-12,1257.2001982085758972163127
2012-03-13,-1077.5998017530448758313287
2012-03-14,-3322.5998017146582174898143
2012-03-15,-179.5998016762641263202009
2012-03-16,2065.4001983621373991167340
2012-03-19,449.0001984005463602604913
2012-03-20,-448.9998015610372414491492
2012-03-21,1796.0001984773865954278708
2012-03-22,89.8001985158178723318887
2012-03-23,1616.4001985542565907035206
2012-03-26,1347.0001985927027519836617
2012-03-27,1077.6001986311563576134862
2012-03-28,-718.3998013303825909655527
2012-03-29,179.6001987080859076882771
2012-03-30,-448.9998012534381449830126
2012-04-02,-628.5998012149547475371314
2012-04-03,-179.5998011764638985315092
2012-04-04,-1975.5998011379655965232967
2012-04-09,1616.4001989005401599306347
2012-04-10,89.8001989390533722736933
2012-04-11,1885.8001989775740419495663
2012-04-12,-448.9998009838978295977789
2012-04-13,2424.6001990546377590759045
2012-04-16,-1167.3998009068191905848573
2012-04-17,-179.5998008682686771352581
2012-04-18,-179.5998008297106991302123
2012-04-19,628.6001992088547448756461
2012-04-20,1706.2001992474276563279624
2012-04-23,1257.2001992860080366726621
2012-04-24,898.0001993245958873559506
2012-04-25,-1167.3998006368087901756866
2012-04-26,1167.4001994017940055245159
2012-04-27,808.2001994404042759036038
2012-04-28,1077.6001994790220224089032
2012-04-30,89.8001995176472464880199
2012-05-02,359.2001995562799495888403
2012-05-03,808.2001995949201331595315
2012-05-04,-89.7998003664322013514597
2012-05-07,-1706.1998003277770524954054
2012-05-08,-1167.3998002891144188232977
2012-05-09,-3322.5998002504442988858477
2012-05-10,-628.5998002117666912334860
2012-05-11,-987.7998001730815944163628
2012-05-14,-1346.9998001343890069843471
2012-05-15,-628.5998000956889274870274
2012-05-16,-1257.1998000569813544737115
2012-05-17,2334.8001999817337135065742
2012-05-18,5298.2002000204562779050838
2012-05-21,1167.4002000591863401733526
2012-05-22,-179.5997999020760982368033
2012-05-23,0.0002001366689641267140
2012-05-24,718.4002001754215287162826
2012-05-25,-1706.1997997858184030154374
2012-05-28,1706.2002002529491703844952
2012-05-29,628.6002002917242503693026
2012-05-30,-1526.5997996694931616075113
2012-05-31,1616.4002003692969359078390
2012-06-01,-1795.9997995919054556305800
2012-06-04,6465.6002004468996652315800
2012-06-05,898.0002004857122999489492
2012-06-06,1616.4002005245324499764390
2012-06-07,-3322.5997994366398832307573
2012-06-08,-3771.5997993978046982171646
2012-06-11,3053.2002006410380064729741
2012-06-12,449.0002006798882322956974
2012-06-13,1975.6002007187459807073262
2012-06-14,1526.6002007576112531644630
2012-06-15,-89.7997992035159488760072
2012-06-18,89.8002008353643760430821
2012-06-19,2245.0002008742522293791802
2012-06-20,-1346.9997990868523874099818
2012-06-21,-1077.5997990479494728663905
2012-06-22,-808.1997990090390255317502
2012-06-25,-987.7997989701210439474824
2012-06-26,2424.6002010688044733452731
2012-06-27,-1706.1997988922624721943406
2012-06-28,-448.9997988533218791068976
2012-06-29,-3502.1997988143737459326902
2012-07-02,2514.4002012245819287882729
2012-07-03,-1885.7997987364548534837352
2012-07-04,-448.9997986974840912881580
2012-07-05,2065.4002013414942168358436
2012-07-06,-1346.9997986195199276506085
2012-07-09,269.4002014194734767138905
2012-07-10,-808.1997985415255686089716
2012-07-11,-2514.3997985025170621572237
2012-07-12,269.4002015364989975313878
2012-07-13,-89.7997984244773880805997
2012-07-16,449.0002016145537824696339
2012-07-17,449.0002016535925106451921
2012-07-18,-628.5997983073612020905382
2012-07-19,449.0002017316926457261131
2012-07-20,-179.5997982292459444409003
2012-07-23,898.0002018098230288726586
2012-07-24,179.6002018488995671313104
2012-07-25,2694.0002018879836717998590
2012-07-26,1257.2002019270753443433926
2012-07-27,179.6002019661745862272824
2012-07-30,987.8002020052813989171837
2012-07-31,89.8002020443957838790353
2012-08-01,-1257.1997979164822574209395
2012-08-02,-538.7997978773527235162345
2012-08-03,-269.3997978382156129400585
2012-08-06,-269.3997977990709242253370
2012-08-07,269.4002022400813440952888
2012-08-08,-1526.5997977207588065105381
2012-08-09,1167.4002023184086254251094
2012-08-10,538.8002023575836413704425
2012-08-13,2334.8002023967662427939572
2012-08-14,-179.5997975640435688355670
2012-08-16,-628.5997975248457920490653
2012-08-17,628.6002025143595746228109
2012-08-21,898.0002025535725326496951
2012-08-22,1167.4002025927930835015051
2012-08-23,2155.2002026320212286484434
2012-08-24,1616.4002026712569695609974
2012-08-27,538.8002027105003077099388
2012-08-28,-269.3997972502487554336754
2012-08-29,359.2002027890097816014961
2012-08-30,-808.1997971717240797129200
2012-08-31,0.0002028675496620949876
2012-09-03,3681.8002029068310084974153
2012-09-04,1796.0002029461199609668447
2012-09-05,1167.4002029854165209760423
2012-09-06,2514.4002030247206899980599
2012-09-07,-2963.3997969359675304937654
2012-09-08,4849.2002031033518609741886
2012-09-10,987.8002031426788658758295
2012-09-11,-987.7997968179865143146496
2012-09-12,1347.0002032213557218772296
2012-09-13,-718.3997967392944240737685
2012-09-14,2065.4002033000630493074051
2012-09-17,-2963.3997966605718565039142
2012-09-18,-1346.9997966211991400321054
2012-09-20,1167.4002034181812001987377
2012-09-21,-1706.1997965424308343351924
2012-09-24,-3142.9997965030352421574176
2012-09-25,1257.2002035363679782088263
2012-09-26,89.8002035757788282405890
2012-09-27,-1975.5997963848026905847931
2012-09-28,718.4002036546234232103017
2012-10-01,-1795.9997963059428288962182
2012-10-03,-897.9997962665014454261587
2012-10-04,-718.3997962270524249010390
2012-10-05,628.6002038124042341579077
2012-10-08,-808.1997961481314667702655
2012-10-09,1167.4002038913404737937809
2012-10-10,1167.4002039308200573296730
2012-10-11,-269.3997960296927146826766
2012-10-12,0.0002040098021592369310
2012-10-15,-2065.3997959506953194310184
2012-10-16,-1257.1997959111851492057526
2012-10-17,1347.0002041283326713937877
2012-10-18,179.6002041678581438489481
2012-10-19,1885.8002042073912696413614
2012-10-22,-2783.7997957530679497470528
2012-10-23,-269.3997957135195128340881
2012-10-25,-808.1997956739634181372509
2012-10-26,-628.5997956343996641737606
2012-10-29,1975.6002044051717505394505
2012-10-30,269.4002044447508274857370
2012-10-31,-448.9997955156624318512587
2012-11-01,359.2002045239319740123926
2012-11-02,-172.2521954364659534390925
2012-11-05,-1312.8343635101978652610230
2012-11-06,1432.2156395175035756976658
2012-11-07,2625.7156425457912720200316
2012-11-08,358.0656455746653372229976
2012-11-09,-1312.8343513958741151545330
2012-11-11,0.0156516341730284483280
2012-11-12,2028.9656546648068816144571
2012-11-13,1909.6156576960275579487244
2012-11-15,-835.4343392721648289220027
2012-11-16,716.1156637602298346511446
2012-11-19,-5848.1343332067883376609590
2012-11-20,0.0156698267807678345718
2012-11-21,238.7156728609372648526360
2012-11-22,238.7156758956812671301518
2012-11-23,1909.6156789310128884260604
2012-11-26,6564.2656819669322425213296
2012-11-27,2983.7656850034394432189594
2012-11-29,1074.1656880405346043439849
2012-11-30,835.4656910782178397434816
2012-12-03,5609.4656941164892632865693
2012-12-04,-1790.2343028446510111355841
2012-12-05,1551.5657001947971303902427
2012-12-06,1432.2157032348338017993275
2012-12-07,1790.2657062754591170490098
2012-12-10,-1909.5842906833268098813053
2012-12-11,-1670.8842876415238649901429
2012-12-12,2745.0657154008680657460459
2012-12-13,-3938.5342815561509036271110
2012-12-14,1432.2157214874193409580962
2012-12-17,1074.1657245315789135914650
2012-12-18,4296.6157275763279283848839
2012-12-19,2506.3657306216664994723367
2012-12-20,358.0657336675947410099074
2012-12-21,-4177.2342632858872328242160
2012-12-24,-238.6842602387793078297373
2012-12-26,3341.8157428089186302157527
2012-12-27,-358.0342541427933044432204
2012-12-28,1074.1657489060850024599909
2012-12-31,1551.5657519555536652141591
2013-01-01,3103.1157550056127981301867
2013-01-02,2745.0657580562625155411101
2013-01-03,1193.5157611075029318021045
2013-01-04,596.7657641593341612904872
2013-01-07,596.7657672117563184057227
2013-01-08,-1193.4842297352304824305730
2013-01-09,1193.5157733183738732253710
2013-01-10,-835.4342236274305001605141
2013-01-11,-4654.6342205726434881001333
2013-01-14,3103.1157824827350239167772
2013-01-15,2148.3157855387051504226533
2013-01-16,-2745.0342114047329940278916
2013-01-17,-2386.9842083475792948580632
2013-01-18,-1670.8842052898336374688814
2013-01-21,835.4657977685040927608236
2013-01-22,-1790.2341991725659895255842
2013-01-23,-2745.0341961130437696625422
2013-01-24,-4177.2341930529291329622853
2013-01-25,4057.9158100077780352851589
2013-01-28,954.8158130690778498119738
2013-01-29,-2745.0341838690295746274410
2013-01-30,-954.7841808065441232564665
2013-01-31,835.4658222565343187237407
2013-02-01,5848.1658253202058661342530
2013-02-04,-2983.7341716155293661816251
2013-02-05,-1909.5841685506712633583512
2013-02-06,119.3658345147802894918579
2013-02-07,-1074.1341624191745927209680
2013-02-08,-1670.8841593525357950645500
2013-02-11,-1909.5841562853032025843540
2013-02-12,1312.8658467825232996964125
2013-02-13,4774.0158498509438267768049
2013-02-14,-7160.9841470800415063218538
2013-02-15,-1312.8341440104325845559692
2013-02-18,2387.0158590597707071403292
2013-02-19,-238.6841378694315161448081
2013-02-20,1551.5658652019608606990546
2013-02-21,-4535.2841317260520471953591
2013-02-22,954.8158713465298753269687
2013-02-25,-1312.8341255802932565566475
2013-02-26,-4296.5841225065213276465906
2013-02-27,4535.3158805678457772790621
2013-02-28,-6206.1841163571918265354561
2013-03-01,5012.7158867183659761764032
2013-03-04,-6325.5341102054806992964929
2013-03-05,2267.6658928712682623570465
2013-03-06,2864.4158959486129764705399
2013-03-07,-716.0841009734464416001623
2013-03-08,1909.6159021050901235231271
2013-03-11,2148.3159051842227872409359
2013-03-12,-4296.5840917360483350238633
2013-03-13,-2028.9340886557231278260481
2013-03-14,1193.5159144251985243019571
2013-03-15,2387.0159175067167368500867
2013-03-18,-3461.1340794111683746693633
2013-03-19,-6922.2840763284566947217298
2013-03-20,-5012.6840732451481077499787
2013-03-21,-238.6840701612424981747004
2013-03-22,-238.6840670767397503941060
2013-03-25,-1551.5340639916397487840223
2013-03-26,2267.6659390940576223021124
2013-03-28,2625.7159421803524785332522
2013-04-01,3461.1659452672449356007484
2013-04-02,596.7659483547351092183538
2013-04-03,-477.3840485571768848777735
2013-04-04,-6206.1840454684909309290649
2013-04-05,835.4659576207930868454624
2013-04-08,119.3659607106752842492099
2013-04-09,477.4159638011557771080022
2013-04-10,835.4659668922346812700914
2013-04-11,2267.6659699839121126061612
2013-04-12,-358.0340269238118129906685
2013-04-15,1312.8659761690630203951626
2013-04-16,5490.1159792625367287016597
2013-04-17,477.4159823566094278892769
2013-04-18,-954.7840145487187660590779
2013-04-22,5132.0659885465522628619606
2013-04-23,-238.6840083575773693197795
2013-04-25,1193.5159947388924534459957
2013-04-26,-2028.9340021640381527679484
2013-04-29,2864.4160009336309281336284
2013-04-30,2387.0160040318998122684462
2013-05-02,3461.1660071307686157767086
2013-05-03,2864.4160102302374548211081
2013-05-06,-716.0839866696935544131707
2013-05-07,3461.1660164309757042815541
2013-05-08,-477.3839804677546528645344
2013-05-09,-716.0839773658845095987474
2013-05-10,954.8160257365862503541143
2013-05-11,119.3660288396577432917637
2013-05-13,-2386.9839680566699144655668
2013-05-14,119.3660350476033934248779
2013-05-15,7757.7660381524777833283808
2013-05-16,2267.6660412579533716327564
2013-05-17,2148.3160443640302747483557
2013-05-20,-5370.7339525292913908919299
2013-05-21,-1312.8339494220115088326639
2013-05-22,-1312.8339463141299625958606
2013-05-23,-11218.8839432056466356809803
2013-05-24,6922.3160599034385884350741
2013-05-27,4535.3160630131258262979631
2013-05-28,-358.0339338765848055240871
2013-05-29,-2148.2839307656931904402782
2013-05-30,3222.4660723458007881627631
2013-05-31,-3580.4839245421027530790099
2013-06-03,1432.2160785705963024929406
2013-06-04,2506.3660816838980715597407
2013-06-05,358.0660847978026708251097
2013-06-06,-2267.6339120876897829846355
2013-06-07,-2506.3339089725791731205765
2013-06-10,-3222.4339058568653828111887
2013-06-11,-4296.5839027405482952623370
2013-06-12,-4773.9838996236277936572711
2013-06-13,-4415.9338965061037611566219
2013-06-14,3699.8661066120239191016037
2013-06-17,2864.4161097307553640020270
2013-06-18,2028.9661128500906904519011
2013-06-19,358.0661159700300153811167
2013-06-20,-3103.0838809094265442577949
2013-06-21,-2864.3838777882788714896566
2013-06-24,-5370.7338746665268493166414
2013-06-25,2267.6661284558296392817323
2013-06-26,-596.7338684212092886513956
2013-06-27,1074.1661347023564839497784
2013-06-28,716.1161378265270741737247
2013-07-01,7638.4161409513025991315863
2013-07-02,-1193.4838559233168240428180
2013-07-03,-6206.1838527973310781929884
2013-07-04,5012.7161503292599538602595
2013-07-05,1670.9161534564563893188001
2013-07-08,596.7661565842583454072013
2013-07-09,0.0161597126659393727297
2013-07-10,2028.9661628416792884853538
2013-07-11,2387.0161659712985100377498
2013-07-12,-238.6838308984762786546950
2013-07-15,954.8161722323550397461229
2013-07-16,-2864.3838246362074173989732
2013-07-17,-2267.6338215041635327064353
2013-07-18,6683.6161816284868112300140
2013-07-19,-1909.5838152382562681606148
2013-07-22,1670.9161878956073465734267
2013-07-23,-4177.2338089699222270933708
2013-07-24,-6564.2338058348448716637699
2013-07-25,-835.4338026991604696177823
2013-07-26,477.4162004371310965873358
2013-07-29,-3341.7837964259700554829118
2013-07-30,-5490.0837932884638082402573
2013-07-31,1074.1662098496499559263360
2013-08-01,-5609.4337870116286453493222
2013-08-02,-470.0636338722994944106445
2013-08-05,51.4600536001259919100611
2013-08-06,51.4700178363713698070305
2013-08-07,51.4799840019968592214027
2013-08-08,51.4899520973760470014868
2013-08-12,51.4999221228825923334028
2013-08-13,51.5098940788902267550878
2013-08-14,51.5198679657727541703064
2013-08-16,51.5298437839040508626621
2013-08-19,51.5398215336580655096126
2013-08-20,51.5498012154088191964876
2013-08-21,51.5597828295304054305088
2013-08-22,51.5697663763969901548135
2013-08-23,51.5797518563828117624797
2013-08-26,51.5897392698621811105553
2013-08-27,51.5997286172094815340890
2013-08-28,51.6097198987991688601643
2013-08-29,51.6197131150057714219361
2013-08-30,51.6297082662038900726704
2013-09-02,51.6397053527681981997858
2013-09-03,3686.3012043750734417388991
2013-09-04,-1714.3679432300499252630713
2013-09-05,-4782.1879428317965179854581
2013-09-06,-5864.9479424334659966988608
2013-09-10,-3158.0479420350583464716549
2013-09-11,-992.5279416365735523693244
2013-09-12,0.0020587619884005455382
2013-09-13,-3970.1179408393724727867671
2013-09-16,-1172.9879404406561574230473
2013-09-17,2436.2120599581373615827835
2013-09-18,-2797.1279396429919008202939
2013-09-19,6406.3320607559560703195952
2013-09-20,-902.2979388450187100427793
2013-09-23,-2255.7479384459162269497513
2013-09-24,-1172.9879380467364654407592
2013-09-25,1443.6820623525205894476562
2013-09-26,180.4620627518549526818508
2013-09-27,631.6120631512666392310790
2013-09-30,3699.4320635507556640674934
2013-10-01,-3067.8179360496779578338545
2013-10-03,-1624.1379356500342114950131
2013-10-04,-90.2279352503130819351309
2013-10-07,721.8420651494854458295443
2013-10-08,6767.2520655493613867856662
2013-10-09,-3067.8179340506852440772098
2013-10-10,270.6920663493455682333743
2013-10-11,-3158.0479332505461612872208
2013-10-14,2345.9820671496395823592697
2013-10-15,-1804.5979324500971858259860
2013-10-17,5052.8820679502435491610856
2013-10-18,1714.3720683506618023274630
2013-10-21,1894.8320687511575886830305
2013-10-22,2165.5220691517309232405789
2013-10-23,3789.6620695523818210158055
2013-10-24,-812.0679300468897029726841
2013-10-25,902.3020703539163662966229
2013-10-28,1082.7620707548000438481485
2013-10-29,-6406.3279288442386552907764
2013-10-30,-721.8379284431997160899109
2013-10-31,-3789.6579280420831235161041
2013-11-01,1353.4520723591111374667061
2013-11-03,-1772.9025572396169181025072
2013-11-05,-2142.7813094440628438308459
2013-11-06,-1738.4813077613060955696362
2013-11-07,-1334.1813060782235142668700
2013-11-08,-1617.1913043948150368313308
2013-11-11,-2344.9313027110806001595850
2013-11-12,-1940.6313010270201411359809
2013-11-13,-1900.2012993426335966326451
2013-11-14,2425.8087023420790964905189
2013-11-18,5336.7687040271180013858336
2013-11-19,849.0387057124831812178496
2013-11-20,-3072.6712926018253008366517
2013-11-21,-4932.4512909158073815886563
2013-11-22,-363.8612892294629978369144
2013-11-25,4932.4687124572079136320612
2013-11-26,-2264.0712858557945839560025
2013-11-27,-283.0012841684704273631354
2013-11-28,1091.6187175191804466608767
2013-11-29,3517.4187192071581013784957
2013-12-02,1940.6487208954626000644328
2013-12-03,-768.1612774159059939943490
2013-12-04,-1576.7612757269476174986321
2013-12-05,3881.2887259623377928630576
2013-12-06,1091.6187276519503004144530
2013-12-09,2708.8187293418899684915489
2013-12-10,-889.4512689678431395573965
2013-12-11,-687.3012672772489603718587
2013-12-12,-2991.8112655863274305790448
2013-12-13,-2547.0812638950784867938909
2013-12-16,-687.3012622035020656190596
2013-12-17,-929.8812605115981036449382
2013-12-18,3476.9887411806334625503641
2013-12-19,-2708.8012571268073035989813
2013-12-20,4892.0387445660796613534798
2013-12-23,727.7487462592944208664863
2013-12-24,-1051.1712520471629615889347
2013-12-26,727.7487496467075774705335
2013-12-27,1293.7687513409061015404998
2013-12-30,-1212.8912469645673258711320
2013-12-31,727.7487547302873587558390
2014-01-01,-161.7112435745297810460872
2014-01-02,-1139.1525418790186817321083
2014-01-03,-5580.2756144530208310065693
2014-01-06,3622.3243902687649829243796
2014-01-07,-2936.9756050085349213657272
2014-01-08,489.5243997150796331559539
2014-01-09,293.7244044396088235565461
2014-01-10,-587.3755908349471730625422
2014-01-13,1958.0244138914118204343900
2014-01-14,-2153.7755813813140187826580
2014-01-15,1174.8244233468754864906192
2014-01-16,-3034.8755719240194865071611
2014-01-17,-7146.6755671939987605030629
2014-01-20,2839.1244375369378418101756
2014-01-21,-391.5755577312095022258521
2014-01-22,1860.1244470015593847647864
2014-01-23,1076.9244517352446801923690
2014-01-24,-1664.2755435301534384984746
2014-01-27,-7342.4755387946347938287555
2014-01-28,-1272.6755340581992082851204
2014-01-29,-587.3755293208465043198428
2014-01-30,-2251.6755245825765043508186
2014-01-31,2055.9244801566109692384424
2014-02-03,-978.9755151032839059011784
2014-02-04,-1076.8755103622609520844002
2014-02-05,1174.8244943796800084084628
2014-02-06,1664.3244991225391533315079
2014-02-07,1076.9245038663166604732519
2014-02-10,-2643.2754913889872923433640
2014-02-11,489.5245133566274727390340
2014-02-12,195.8245181031611336122580
2014-02-13,-3622.2754771493861317974347
2014-02-14,-195.7754724010141455293345
2014-02-17,-97.8754676517227295882735
2014-02-18,3524.4245370984882940553815
2014-02-19,2349.6245418496191034657360
2014-02-20,-1370.5754533983301232586261
2014-02-21,2839.1245513546407920153641
2014-02-24,-3915.9754438914679725447317
2014-02-25,2937.0245608633437612631461
2014-02-26,-783.1754343809238283244372
2014-02-28,1076.9245703757294369635959
2014-03-03,1958.0245751333037354328412
2014-03-04,2704.1976798917992454234201
2014-03-05,1342.6102198041902103107627
2014-03-06,2531.7702217830560724424952
2014-03-07,5216.9702237623051033734950
2014-03-10,-1112.4297742580626227030691
2014-03-11,-2455.0297722780470315796624
2014-03-12,613.7702297023519509656188
2014-03-13,-1304.2297683168656008309505
2014-03-14,460.3302336643003872812794
2014-03-18,460.3302356458499895673355
2014-03-19,537.0502376277832803066245
2014-03-20,-1687.8297603898996662070643
2014-03-21,421.9702415928012243344447
2014-03-22,191.8102435758860262537145
2014-03-24,3183.8902455593548138876998
2014-03-25,498.6902475432076615877490
2014-03-26,-345.2297504725553562803926
2014-03-27,1457.6902515120658346634194
2014-03-28,2570.1302534970713088137320
2014-03-31,230.1702554824611405794970
2014-04-01,575.4102574682354043840745
2014-04-02,2885.2019794543941746652344
2014-04-03,-3257.1912117541728033168647
2014-04-04,2107.6087899474996878371252
2014-04-07,-1436.9912083504983253024504
2014-04-09,5077.4087933518332210648286
2014-04-10,6897.6087950544943907517368
2014-04-11,-2299.1912032425147524165957
2014-04-15,-4215.1912015391941446026798
2014-04-16,-1724.3911998355437219566661
2014-04-17,-574.7911981315634206163412
2014-04-21,3257.2088035727468232928731
2014-04-22,2011.8088052773870736579241
2014-04-23,1532.8088069823573943781284
2014-04-25,-766.3911913123421506348234
2014-04-28,383.2088103932885025431338
2014-04-29,-2586.5911879007505821515572
2014-04-30,-4598.3911861944593407700731
2014-05-02,2682.4088155121622906487913
2014-05-05,479.0088172191143760786265
2014-05-06,-1532.7911810736030204945900
2014-05-07,670.6088206340101649275089
2014-05-08,-1532.7911776580460036443177
2014-05-09,6035.4088240502285378130841
2014-05-12,670.6088257588338533352647
2014-05-13,6418.6088274677700069701736
2014-05-14,3640.4088291770370627781625
2014-05-15,2778.2088308866350848319864
2014-05-16,4119.4088325965641372168076
2014-05-19,13795.2088343068242840301963
2014-05-20,3065.6088360174155893821347
2014-05-21,-2107.5911622716618826049817
2014-05-22,6610.2088394395919322036587
2014-05-23,4694.2088411511770979552860
2014-05-26,-7759.7911571369063211904489
2014-05-27,-3544.5911554246582610614717
2014-05-28,574.8088462879213425267173
2014-05-29,-2586.5911519991674462289539
2014-05-30,-191.5911502859245631191267
2014-06-02,8526.2088514276500560779900
2014-06-03,1245.4088531415564755966230
2014-06-04,2969.8088548557947596834365
2014-06-05,7185.0088565703649725975349
2014-06-06,-1149.5911417147328213895346
2014-06-09,4885.8088600005014420062197
2014-06-10,95.8088617160678270812370
2014-06-11,-3927.7911365680336018555936
2014-06-12,-3927.7911348518027804829309
2014-06-13,-6322.7911331352396444669793
2014-06-16,-95.7911314183441294614861
2014-06-17,3161.4088702988838288922610
2014-06-18,-2394.9911279835557050345643
2014-06-19,-1053.7911262656626668583237
2014-06-20,-766.3911245474369921829126
2014-06-23,383.2088771711213834002431
2014-06-24,2586.6088788900125243121884
2014-06-25,-1245.3911193907635050135573
2014-06-26,1916.0088823287933598690013
2014-06-27,383.2088840486831834183385
2014-06-30,5652.2088857689060301054096
2014-07-01,5748.0088874894619644136534
2014-07-02,3353.0088892103510508389948
2014-07-03,-95.7911090684266461101533
2014-07-04,2969.8088926531289380871135
2014-07-07,-2873.9911056249821320358078
2014-07-08,-7376.5911039027597919330245
2014-07-09,-6514.3911021802039770461454
2014-07-10,0.0088995426853771957205
2014-07-11,-9771.5910987340916646240321
2014-07-14,4502.6089029894649620904959
2014-07-15,5748.0089047133553219477122
2014-07-16,4311.0089064375794795685341
2014-07-17,4023.6089081621374995863915
2014-07-18,-3736.1910901129705533527702
2014-07-21,1820.2089116122553854095112
2014-07-22,479.0089133378153805442181
2014-07-23,-1915.9910849362905032651447
2014-07-24,574.8089167899377986774517
2014-07-25,-6131.1910814834996489194359
2014-07-28,958.0089202433972186652784
2014-07-30,1149.6089219706284661652124
2014-07-31,862.2089236981941583265187
2014-08-01,-2682.3910745739056400921138
2014-08-04,3832.0089271543291356805437
2014-08-05,479.0089288828985504282610
2014-08-06,-1341.1910693881973310526473
2014-08-07,287.4089323410415560466792
2014-08-08,1820.2089340706152765476505
2014-08-11,-2873.9910641994761047157722
2014-08-12,2203.4089375307674771029260
2014-08-13,-2969.7910607386539131371836
2014-08-14,2011.8089409922597894355289
2014-08-18,9580.0089427235086497052548
2014-08-19,-2394.9910555449072674312516
2014-08-20,2395.0089461870121029353307
2014-08-21,479.0089479192668257268904
2014-08-22,1245.4089496518569658778878
2014-08-25,-2778.1910486152174116646443
2014-08-26,1724.4089531180437580589035
2014-08-27,-2969.7910451483594599792822
2014-08-28,3736.2089565855729992055668
2014-09-01,2682.4089583198412006108008
2014-09-02,7376.6089600544452092463563
2014-09-03,-1915.9910382106149098652428
2014-09-04,-2107.5910364753390916888819
2014-09-05,3353.0089652602727288231461
2014-09-08,4694.2089669962206167311439
2014-09-09,1245.4089687325046371080113
2014-09-10,-3161.3910295308751449607512
2014-09-11,383.2089722060813356229589
2014-09-12,1149.6089739433741439698495
2014-09-15,-2490.7910243189966547967644
2014-09-16,-11016.9910225810309955409575
2014-09-17,3832.0089791572711868858071
2014-09-18,4694.2089808959099576446819
2014-09-19,2299.2089826348853819094357
2014-09-22,383.2089843741975248664577
2014-09-23,-4119.3910138861535482852413
2014-09-24,-7280.7910121461677723340257
2014-09-25,-4502.5910104058450820556333
2014-09-26,3736.2089913348145877868280
2014-09-29,3448.8089930758113024428815
2014-09-30,-574.7910051828548728253143
2014-10-01,1149.6089965588161272570350
2014-10-07,-5843.7910016991756320226368
2014-10-08,-862.1909999568300853642537
2014-10-09,3832.0090017858528325449034
2014-10-10,-6993.3909964711268129697988
2014-10-13,4502.6090052722310434296546
2014-10-14,-862.1909929840735329060699
2014-10-16,-6035.3909912400404766136516
2014-10-17,2203.4090105043302776828862
2014-10-20,3353.0090122490387953721791
2014-10-21,6706.0090139940851418555240
2014-10-22,1437.0090157394693825468814
2014-10-23,287.4090174851915828728778
2014-10-27,-862.1909807687481917271914
2014-10-28,1245.4090209776501241986401
2014-10-29,1916.0090227243865961150120
2014-10-30,958.0090244714612894992402
2014-10-31,11208.6090262188742698413186
2014-11-03,-287.3909720333743973560777
2014-11-05,-1915.9909702852846465775901
2014-11-07,-478.9909685368564122951750
2014-11-10,1916.0090332119103710319003
2014-11-11,3065.6090349610157689570586
2014-11-12,3544.6090367104598470464163
2014-11-13,2969.8090384602426708787848
2014-11-14,-191.5909597896356939543258
2014-11-17,3065.6090419608248181512946
2014-11-18,4215.2090437116242728125596
2014-11-19,-7472.3909545372372643409124
2014-11-20,1341.2090472142402723332055
2014-11-21,1149.6090489660569484899501
2014-11-24,766.4090507182128297970713
2014-11-25,-5939.5909475292920180649657
2014-11-26,3640.4090542235424705970217
2014-11-27,2586.6090559767163614889368
2014-11-28,-191.5909422697702796705951
2014-12-01,-383.1909405159173871502226
2014-12-02,5460.6090612382751047941321
2014-12-03,2299.2090629928072619192781
2014-12-04,2107.6090647476791499947560
2014-12-05,-957.9909334971091651971582
2014-12-08,-8142.9909317415576178614507
2014-12-09,-5268.9909299856661421903685
2014-12-10,6610.2090717705653276365843
2014-12-11,-3352.9909264728631425473515
2014-12-12,-3927.7909247159514868961882
2014-12-15,-2203.3909229586996395511879
2014-12-16,-6993.3909212011075346408608
2014-12-17,-287.3909194431751062809620
2014-12-18,9388.4090823150977114255105
2014-12-19,-766.3909159262890156116819
2014-12-22,4119.4090858326647785299846
2014-12-23,-3448.7909124080408402142015
2014-12-24,1341.2090893515941941038151
2014-12-26,-95.7909088884300525551408
2014-12-29,1437.0090928718864857825283
2014-12-30,862.2090946325438751031935
2014-12-31,3065.6090963935421814060035
2015-01-01,4885.8090981548814707028861
2015-01-02,2682.4090999165618090185512
2015-01-05,1437.0091016785832623904933
2015-01-06,-9100.9908965590541031310067
2015-01-07,-4694.1908947963502214828784
2015-01-08,4311.0091069666949734107407
2015-01-09,-2394.9908912699184523614928
2015-01-12,3448.8091104938095673018744
2015-01-13,2203.4091122578790985150950
2015-01-14,-2011.7908859777097925947765
2015-01-15,9005.2091157870429601121182
2015-01-16,-670.5908824478625772115552
2015-01-19,-478.9908806824263384003225
2015-01-20,1628.6091210833517427241025
2015-01-21,383.2091228494717323528200
2015-01-22,191.6091246159336966897469
2015-01-23,4790.0091263827377019516194
2015-01-27,-478.9908718501161856320054
2015-01-28,5077.4091299173721001812546
2015-01-29,-957.9908683147973743533927
2015-01-30,287.4091334533754570320899
2015-02-02,-574.7908647781093393814288
2015-02-03,-670.5908630092516973002462
2015-02-04,-2490.7908612400515504178231
2015-02-05,-2299.1908594705088324147812
2015-02-06,-1053.7908577006234769589009
2015-02-09,-6705.9908559303954177051189
2015-02-10,8430.4091458401754117044750
2015-02-11,-191.5908523889109223593603
2015-02-12,1532.8091493823456464869854
2015-02-13,3353.0091511539451846399763
2015-02-16,1149.6091529258877585089332
2015-02-18,-1820.1908453018265654839648
2015-02-19,-1053.7908435291977209036767
2015-02-20,2203.4091582437743586977022
2015-02-23,383.2091600170897397809428
2015-02-24,-4406.7908382092515111803151
2015-02-25,2778.2091635647506723004398
2015-02-26,-3640.3908346609036432774077
2015-02-27,7185.0091671137856085984038
2015-02-28,-957.9908311111815055469856
2015-03-02,3544.6091706641950808244453
2015-03-03,2586.6091724399154342636019
2015-03-04,-1628.5908257840203786657245
2015-03-05,670.6091759923877086131464
2015-03-09,-3448.7908222308602373102138
2015-03-10,1437.0091795462358501666599
2015-03-11,-2873.9908186763239623408705
2015-03-12,4885.8091831014603917954549
2015-03-13,-1628.5908151204110207832021
2015-03-16,-5652.1908133419381334227762
2015-03-17,5748.0091884368791205437042
2015-03-18,6322.8091902160408077961195
2015-03-19,-5364.7908080044530049727387
2015-03-20,-2203.3908062246022510571650
2015-03-23,-5843.7908044444068637385378
2015-03-24,-957.9908026638667762853166
2015-03-25,-2011.7908008829819219530398
2015-03-26,1916.0092008982477660156780
2015-03-27,-5460.5907973201776456088515
2015-03-30,4023.6092044617419099566122
2015-03-31,-383.1907937559935004917590
2015-04-01,3927.8092080266161898551401
2015-04-06,5364.8092098095710478193515
2015-04-07,7280.8092115928711402358558
2015-04-08,-2969.7907866234834660474253
2015-04-09,12166.6092151605072958303741
2015-04-10,-5077.3907830551565072569343
2015-04-13,4694.2092187295251915774106
2015-04-15,-1820.1907794854475407668793
2015-04-16,-6226.9907777000746373771381
2015-04-17,-9388.3907759143560313277434
2015-04-20,-3065.5907741282916556801141
2015-04-21,-2682.3907723418814434827080
2015-04-22,4023.6092294448746722289815
2015-04-23,2490.8092312319767584324270
2015-04-24,-8430.3907669805751178819299
2015-04-27,-6705.9907651927808897106764
2015-04-28,3065.6092365953595099625746
2015-04-29,-1245.3907616161538518328138
2015-04-30,2299.2092401726790919455006
2015-05-04,4119.4092419618584083528417
2015-05-05,958.0092437513841644575168
2015-05-06,-5364.7907544587435726591798
2015-05-07,-12358.1907526685247359029651
2015-05-08,4119.4092491220407418334355
2015-05-11,9005.2092509129529276702904
2015-05-12,-3544.5907472957881112591351
2015-05-13,8238.8092544958176921914232
2015-05-14,383.2092562877704051812310
2015-05-15,1820.2092580800700948825578
2015-05-18,3927.8092598727168284806805
2015-05-19,383.2092616657106731738843
2015-05-20,1149.6092634590516961734664
2015-05-21,191.6092652527399647037384
2015-05-22,670.6092670467755460020279
2015-05-25,-95.7907311588414926813177
2015-05-26,-3927.7907293641110840829294
2015-05-27,2011.8092724309668390735858
2015-05-28,-4885.7907257736076559223521
2015-05-29,3736.2092760221654982317061
2015-06-01,383.2092778182863688512414
2015-06-02,-5843.7907203852449767352307
2015-06-03,-6131.1907185884284711861584
2015-06-04,2011.8092832087359528530503
2015-06-05,287.4092850062483627500287
2015-06-08,-6610.1907131958911741145453
2015-06-09,2874.0092886023174096530531
2015-06-10,1916.0092904008741814595985
2015-06-11,-2778.1907078002207912750831
2015-06-12,-766.3907060009674411181105
2015-06-15,-1149.5907042013657006235458
2015-06-16,862.2092975985844976676083
2015-06-17,4215.2092993988832212274117
2015-06-18,2969.8093011995305375409886
2015-06-19,2586.6093030005265141065306
2015-06-22,3065.6093048018712184352989
2015-06-23,766.4093066035647180516268
2015-06-24,574.8093084056070804929225
2015-06-25,2490.8093102079983733096717
2015-06-26,-2682.3906879892613359345604
2015-06-29,-2394.9906861861719796631259
2015-06-30,766.4093156172665097137074
2015-07-01,9196.8093174210541997987601
2015-07-02,3544.6093192251911582079418
2015-07-03,-4694.1906789703225474297448
2015-07-06,4502.6093228345131505277979
2015-07-07,1341.2093246396983197357648
2015-07-08,-2873.9906735547669721375486
2015-07-09,479.0093282511173425892555
2015-07-10,383.2093300573513316106801
2015-07-13,2299.2093318639350626343360
2015-07-14,958.0093336708686033809445
2015-07-15,-574.7906645218479784156609
2015-07-16,4694.2093372857853849914692
2015-07-17,3161.4093390937687613624017
2015-07-20,670.6093409021022184703243
2015-07-21,-5077.3906572892141758984527
2015-07-22,1532.8093445198196460555066
2015-07-23,1532.8093463292037521447663
2015-07-24,-1341.1906518610617898049793
2015-07-27,-5939.5906500509769119549022
2015-07-28,1628.6093517594584535469608
2015-07-29,958.0093535702443745657111
2015-07-30,3448.8093553813809189795913
2015-07-31,4311.0093571928681546799867
2015-08-03,2395.0093590047061495714291
2015-08-04,4119.4093608168949715715979
2015-08-05,7185.0093626294346886113244
2015-08-06,-95.7906355576746313654077
2015-08-07,-1341.1906337444329204014577
2015-08-10,1149.6093680691598894734730
2015-08-11,-5747.9906301168961337571554
2015-08-12,-6610.1906283026009220967194
2015-08-13,862.2093735120455924645708
2015-08-14,3736.2093753270434779496741
2015-08-17,2778.2093771423928023947203
2015-08-18,2011.8093789580936338490131
2015-08-19,383.2093807741460403750331
2015-08-20,-2873.9906174094499099515608
2015-08-21,-5843.7906155926941490419277
2015-08-24,-30368.5906137755866087940428
2015-08-25,8334.6093880418727789073054
2015-08-26,-2682.3906101403159178094825
2015-08-27,7759.8093916778473691971859
2015-08-28,3353.0093934963627080820971
2015-08-31,-2203.3906046847698329867650
2015-09-01,-5364.7906028655501858282179
2015-09-02,1437.0093989540217177521236
2015-09-03,-1532.7905992260540540381514
2015-09-04,-3065.5905974057774329782462
2015-09-07,-10537.9905955851483508341549
2015-09-08,-1532.7905937641667393586592
2015-09-09,6610.2094080571674697086741
2015-09-10,383.2094098788543446414950
2015-09-11,670.6094117008939537266740
2015-09-14,6322.8094135232863652643035
2015-09-15,-2778.1905846539683524322989
2015-09-16,383.2094171691298689634119
2015-09-18,4215.2094189925810977912112
2015-09-21,-2490.7905791836145975958932
2015-09-22,-5077.3905773594571488316580
2015-09-23,1916.0094244650535124633974
2015-09-24,958.0094262899174546819946
2015-09-28,-6131.1905718848652537699025
2015-09-29,191.6094299407054555269159
2015-09-30,6227.0094317666296510049075
2015-10-01,1053.8094335929074011097806
2015-10-05,7568.2094354195387743004967
2015-10-06,3640.4094372465238390492730
2015-10-07,-287.3905609261373361584150
2015-10-08,-4789.9905590984446828238306
2015-10-09,-95.7905572703981324349744
2015-10-12,0.0094445580023835334200
2015-10-13,-1149.5905536132430663801133
2015-10-14,-1915.9905517841344136237686
2015-10-15,2586.6094500453284103675335
2015-10-16,2586.6094518751454741721487
2015-10-19,958.0094537053168463817113
2015-10-20,0.0094555358425956011372
2015-10-21,-1532.7905426332772095513733
2015-10-23,-2203.3905408020425004443342
2015-10-26,-191.5905389704532084329695
2015-10-27,-1532.7905371385092648592119
2015-10-28,-2586.5905353062106010516998
2015-10-29,-670.5905334735571483257746
2015-10-30,1245.4094683594511620165217
2015-11-02,479.0094701928143986864490
2015-11-03,479.0094720265326304085721
2015-11-04,670.6094738606059259207627
2015-11-05,-2107.5905243049656460257979
2015-11-06,-2586.5905224701820166666155
2015-11-09,2586.6094793649568827761186
2015-11-10,-5747.9905187995488789064697
2015-11-11,8143.0094830363007670900662
2015-11-13,-10825.3905151274941104165046
2015-11-16,-1053.7905132909334425950885
2015-11-17,-191.5905114540171606012629
2015-11-18,191.6094903832548044227240
2015-11-19,3736.2094922208825213479579
2015-11-20,2586.6094940588660590588594
2015-11-23,3832.0094958972054864531875
2015-11-24,-1915.9905022640991275579580
2015-11-26,1245.4094995749522859498658
2015-11-27,-95.7904985856402040855524
2015-11-30,-287.3904967458765287130751
2015-12-01,1341.2095050942433810317860
2015-12-02,-1015.8018930652804058731272
2015-12-03,73.7337797694044936613865
2015-12-04,73.7480568785306530824384
2015-12-07,73.7623367521406845868446
2015-12-08,73.7766193907698765870895
2015-12-09,73.7909047949536211438240
2015-12-10,73.8051929652274139859350
2015-12-11,73.8194839021268545306183
2015-12-14,73.8337776061876459034566
2015-12-15,73.8480740779455949584999
2015-12-16,73.8623733179366122983508
2015-12-17,73.8766753266967122942534
2015-12-18,73.8909801047620131061859
2015-12-21,73.9052876526687367029575
2015-12-22,73.9195979709532088823088
2015-12-23,73.9339110601518592910163
2015-12-24,73.9482269208012214450008
2015-12-28,73.9625455534379327494393
2015-12-29,73.9768669585987345188818
2015-12-30,73.9911911368204719973706
2015-12-31,74.0055180886400943785646
2016-01-01,74.0198478145946548258671
2016-01-04,-5293.9728196847786895074424
2016-01-05,1315.3244622841721435715264
2016-01-06,-2442.6755329791833809510862
2016-01-07,-7891.7755282416217466045930
2016-01-08,3758.0244764968572242009427
2016-01-11,-375.7755187637462909101563
2016-01-12,-4885.3755140234321142791729
2016-01-13,-2818.4755092822000682129904
2016-01-14,-4227.7255045400499749840850
2016-01-15,-4697.4754997969816568305197
2016-01-18,-11649.7754950529949359559371
2016-01-19,1503.2245096919103654704467
2016-01-20,-3288.2254855622655746861504
2016-01-21,-5261.1754808155225785260711
2016-01-22,7140.2245239321395318847892
2016-01-25,1033.4745286807209345149887
2016-01-27,-1785.0254665697781926324550
2016-01-28,375.8245381806423284799436
2016-01-29,4979.3745429319826759241423
2016-02-01,3006.4245476842430278065802
2016-02-02,972.9501524374235622681822
2016-02-03,574.6031466144416497787193
2016-02-04,2729.3531472237221980142831
2016-02-05,1867.4531478331207215510291
2016-02-08,5027.7531484426372432325747
2016-02-09,6607.9031490522717859069606
2016-02-10,-3734.8968503379756275733487
2016-02-11,7900.7531502718950256485362
2016-02-12,5027.7531508818837684339310
2016-02-15,-6176.9468485080093763514225
2016-02-16,2154.7531521022156141626452
2016-02-17,-2442.0468472874412371492680
2016-02-18,-143.6468466769799074081351
2016-02-19,4022.2031539335996262695013
2016-02-22,-3447.5968454557026132284710
2016-02-23,4022.2031551551133969902681
2016-02-24,1149.2031557660476798224712
2016-02-25,2298.4031563771002581693241
2016-02-26,-574.5968430117288450635526
2016-02-29,1867.4531575995603930338967
2016-03-01,430.9531582109679953761638
2016-03-02,-5889.6468411775060151178226
2016-03-03,2298.4031594341383844753037
2016-03-04,5889.6531600459012170833483
2016-03-08,1149.2031606577825056385555
2016-03-09,-4022.1968387302177269223894
2016-03-10,-2442.0468381180994576583604
2016-03-11,5315.0531624941373363762113
2016-03-14,-1149.1968368935073218686633
2016-03-15,-6751.5468362810334094385289
2016-03-16,-1005.5468356684409033744855
2016-03-17,5746.0031649442702192868121
2016-03-18,-3878.5468344429000184868442
2016-03-21,-2154.7468338299515937232153
2016-03-22,143.6531667831155165543859
2016-03-23,-4453.1468326036986646729042
2016-03-28,-5745.9968319903941144194997
2016-03-29,1292.8531686230291903046360
2016-03-30,3734.9031692365712724939915
2016-03-31,-718.2468301497678448524925
2016-04-01,2154.7531704640118612685778
2016-04-04,-4453.1468289220895861349491
2016-04-05,6033.3031716919278359492300
2016-04-06,143.6531723060641505378740
2016-04-07,3591.2531729203193806521990
2016-04-08,1436.5031735346935493178784
2016-04-11,287.3031741491866795650441
2016-04-12,3878.5531747637987944282875
2016-04-13,-2872.9968246214700830533401
2016-04-18,2011.1031759933800701636739
2016-04-20,1005.5531766083492771273041
2016-04-21,4022.2031772234375608899877
2016-04-22,-2011.0968221613550554913744
2016-04-25,-3734.8968215460285489554168
2016-04-26,287.3031790694171035636913
2016-04-27,2298.4031796849819251362471
2016-04-28,3591.2531803006659388370147
2016-04-29,4309.5031809164691677452262
2016-05-02,4453.1531815323916349445828
2016-05-03,0.0031821484333635232550
2016-05-04,-4022.1968172354056234261158
2016-05-05,-1005.5468166191253028064168
2016-05-06,2154.7531839972743484839368
2016-05-09,-2154.7468153862066464489966
2016-05-10,574.6031852304317355053152
2016-05-11,0.0031858471895174618793
2016-05-12,-2154.7468135359332774598213
2016-05-13,2442.0531870810633738641729
2016-05-16,1867.4531876981794945622989
2016-05-17,-718.2468116845848922325277
2016-05-18,574.6031889327702366170876
2016-05-19,-287.2968104497550957469804
2016-05-20,-861.8968098321608661783758
2016-05-23,-574.5968092144470515262613
2016-05-24,-2442.0468085966136286353163
2016-05-25,-4453.1468079786605743457370
2016-05-26,2298.4031926394121345067647
2016-05-27,-861.8968067423954789090374
2016-05-30,-5602.3468061240833914198835
2016-05-31,574.6031944943484201519733
2016-06-01,574.6031951128999789887678
2016-06-02,-3016.6468042684286917227767
2016-06-03,-287.2968036496375687914466
2016-06-06,6464.2531969692733709784616
2016-06-07,-3016.6468024116958492128569
2016-06-08,-143.6468017925452061607147
2016-06-09,1867.4531988267253233440689
2016-06-10,2154.7531994461157625151683
2016-06-13,4022.2032000656261345707529
2016-06-14,0.0032006852564627334880
2016-06-15,-861.8967986949932297694648
2016-06-16,6607.9032019248770802935540
2016-06-17,-4596.7967974551325838412980
2016-06-20,-574.5967968350221989333641
2016-06-21,430.9532037852082582625128
2016-06-22,-3303.9467955944411890040094
2016-06-23,-1580.1467949739705174787709
2016-06-24,13646.7532056466202960968907
2016-06-27,4165.8532062673312749861417
2016-06-28,861.9032068881624424566524
2016-06-29,-3447.5967924908861782194013
2016-06-30,-1149.1967918698145637653371
2016-07-01,3591.2532087513773091000339
2016-07-04,2011.1032093726894636624090
2016-07-05,-1149.1967900058780767880062
2016-07-07,4165.8532106156747110435042
2016-07-08,-430.9467887626521495438336
2016-07-11,1005.5532118591413647537179
2016-07-12,-3447.5967875189447227555915
2016-07-13,-1580.1467868969103887589983
2016-07-14,-1005.5467862747556099392257
2016-07-15,-430.9467856524803629744814
2016-07-18,-1723.7967850300846245384573
2016-07-19,861.9032155924316286996708
2016-07-20,-718.2467837849315799247544
2016-07-21,-287.2967831621742270718729
2016-07-22,287.3032174607037106026959
2016-07-25,-1005.5467819162977435521485
2016-07-26,2011.1032187068214338170154
2016-07-27,-1149.1967806699387339318693
2016-07-28,2873.0032199534217765636632
2016-07-29,-1149.1967794230970113293976
2016-08-01,7182.5032212005049257604627
2016-08-02,-4521.9140781757723887907164
2016-08-03,-7440.9497821745881280530019
2016-08-04,358.6002178675895167859360
2016-08-05,7709.9002179097753285036089
2016-08-08,3048.1002179519693086813737
2016-08-09,-2958.4497820058285410991065
2016-08-10,-2779.1497819636182192558626
2016-08-11,1703.3502180786002757933813
2016-08-12,-179.2997818791730543687929
2016-08-16,3317.0502181630617918405033
2016-08-17,3406.7002182053048160044647
2016-08-18,1613.7002182475560197065930
2016-08-19,1882.6502182898154045306963
2016-08-22,-3317.0497816679170279391108
2016-08-23,-2510.1997816256412761184066
2016-08-24,3765.3002184166426615775373
2016-08-25,-1075.7997815410652132662442
2016-08-26,-1075.7997814987648990644089
2016-08-29,986.1502185435436057686925
2016-08-30,4930.7502185858603028190156
2016-08-31,-1703.3497813718148063271761
2016-09-01,448.2502186705182799166877
2016-09-02,1434.4002187128595631374845
2016-09-06,6454.8002187552090449223989
2016-09-07,-268.9497812024332731410766
2016-09-08,806.8502188399326105348572
2016-09-09,-896.4997811176933024616926
2016-09-12,-10130.4497810753110105423117
2016-09-14,2241.2502189670794878817222
2016-09-15,358.6002190094781943994385
2016-09-16,1524.0502190518851106001747
2016-09-19,-1524.0497809056997619264242
2016-09-20,1882.6502191367235784095947
2016-09-21,-3048.0997808208448668015078
2016-09-22,5110.0502192215949040308369
2016-09-23,2779.1502192640428924975054
2016-09-26,-2061.9497806935008998103174
2016-09-27,-1344.7497806510364713011389
2016-09-28,3496.3502193914361796168419
2016-09-29,-13626.7997805660829454642656
2016-09-30,4930.7502194764061550479557
2016-10-03,11295.9002195189034827462318
2016-10-04,2868.8002195614090392235970
2016-10-05,0.0002196039228260733938
2016-10-06,0.0002196464448448892734
2016-10-07,0.0002196889750972651956
2016-10-10,2689.5002197315135847954288
2016-10-13,-9323.5997802259396909254499
2016-10-14,2420.5502198166152716974454
2016-10-17,-2868.7997801408215257406908
2016-10-18,7082.3502199017499183556454
2016-10-19,-89.6497800556703944177338
2016-10-20,-986.1497800130824624647069
2016-10-21,1524.0502200295137158111568
2016-10-24,-1255.0997799278818579934032
2016-10-25,1434.4002201147308177186622
2016-10-26,-3406.6997798426482554552891
2016-10-27,-3317.0497798000190759175898
2016-10-28,5916.9002202426183579297370
2016-10-30,-806.8497797147359523150225
2016-11-01,3675.6502203279179949467270
2016-11-02,-7530.5997796294197986861089
2016-11-03,-2510.1997795867493316143157
2016-11-04,-6454.7997795440706022383690
2016-11-07,448.2502204986163910415655
2016-11-08,4123.9002205413116498256317
2016-11-09,-9771.8497794159848242857168
2016-11-10,7889.2002206267269703082837
2016-11-11,-11206.2497793305529647912931
2016-11-15,-25012.3497792878246279830635
2016-11-16,6634.1002207549119823346658
2016-11-17,-896.4997792023431322361009
2016-11-18,-896.4997791595899700930499
2016-11-21,2330.9002208831714703664433
2016-11-22,5647.9502209259411907453132
2016-11-23,986.1502209687191926468049
2016-11-24,-4303.1997789884945223255265
2016-11-25,6903.0502210543000474321854
2016-11-28,-627.5497789028970964758833
2016-11-29,1524.0502211399140475547546
2016-11-30,3048.1002211827334811288969
2016-12-01,-1524.0497787744387941483478
2016-12-02,-5110.0497787316027766715605
2016-12-05,1882.6502213112415351649893
2016-12-06,2330.9002213540941429673425
2016-12-07,-2510.1997786030449516581488
2016-12-08,9144.3002214398242528951785
2016-12-09,-896.4997785172982417657014
2016-12-12,-4572.1497784744124340335030
2016-12-13,-806.8497784315183223006301
2016-12-14,-5468.6497783886159049591745
2016-12-15,986.1502216542948195990830
2016-12-16,-3406.6997783027861470173273
2016-12-19,-806.8497782598588031995630
2016-12-20,-2241.2497782169231473384708
2016-12-21,-6185.8497781739791778245853
2016-12-22,-1434.3997781310268930481299
2016-12-23,-1882.6497780880662913990160
2016-12-26,-6365.1497780450973712668432
2016-12-27,6006.5502219978798689591002
2016-12-28,1703.3502220408654308898386
2016-12-29,3944.6002220838593161367077
2016-12-30,5020.4002221268615263113554
2017-01-02,4392.8502221698720630257417
2017-01-03,1613.7002222128909278921388
2017-01-04,89.6502222559181225231310
2017-01-05,2779.1502222989536485316147
2017-01-06,1524.0502223419975075307987
2017-01-09,806.8502223850497011342045
2017-01-10,3227.4002224281102309556655
2017-01-11,3137.7502224711790986093279
2017-01-12,4123.9002225142563057096503
2017-01-13,2061.9502225573418538714041
2017-01-16,1434.4002226004357447096732
2017-01-17,-3317.0497773564620201601458
2017-01-18,2151.6002226866485608776567
2017-01-19,2868.8002227297674894391029
2017-01-20,-5737.5997772271052328594719
2017-01-23,2958.4502228160303955985806
2017-01-24,3765.3002228591743764302214
2017-01-25,7082.3502229023267112527250
2017-01-27,2868.8002229454874016836789
2017-01-30,-89.6497770113435506590163
2017-01-31,-2599.8497769681661441571467
2017-02-01,6454.8002230750196228078153
2017-02-02,3048.1002231182137518547101
2017-02-03,-806.8497768385837553973079
2017-02-06,3675.6502232046271026712287
2017-02-07,717.2002232478463276801014
2017-02-08,1972.3002232910739212494050
2017-02-09,1255.1002233343098849995481
2017-02-10,-806.8497766224457794487470
2017-02-13,-1255.0997765791930704744439
2017-02-14,-1524.0497765359319864561928
2017-02-15,-5647.9497764926625257723297
2017-02-16,4303.2002235506153131991237
2017-02-17,3317.0502235939015320804592
2017-02-20,5558.3002236371961324942830
2017-02-21,2330.9002236804991160635157
2017-02-22,-1434.3997762761895155886084
2017-02-23,-3585.9997762328697608385400
2017-02-27,179.3002238104583819375838
2017-02-28,2599.8502238537949143639412
2017-03-01,717.2002238971398380650240
2017-03-02,-5289.3497760595068453343608
2017-03-03,-1165.4497760161451342090918
2017-03-06,2689.5002240272249730662669
2017-03-07,-448.2497759293965218825337
2017-03-08,-4751.4497758860096174294281
2017-03-09,358.6002241573856880519640
2017-03-10,896.5002242007893961883382
2017-03-14,6992.7002242442015086067048
2017-03-15,896.5002242876220269343890
2017-03-16,6096.2002243310509527990314
2017-03-17,-268.9497756255117121714123
2017-03-20,1255.1002244179340336513286
2017-03-21,-179.2997755386118081041595
2017-03-22,-4482.4997754951492358089754
2017-03-23,4572.1502245483217521660979
2017-03-24,-2599.8497754081988425494071
2017-03-27,448.2502246352889816743574
2017-03-28,1344.7502246787852264675547
2017-03-29,1972.3002247222898934606641
2017-03-30,1255.1002247658029842844805
2017-03-31,448.2502248093245005701144
2017-04-03,3406.7002248528544439489922
2017-04-05,3496.3502248963928160528563
2017-04-06,896.5002249399396185137649
2017-04-07,3048.1002249834948529640925
2017-04-10,537.9002250270585210365294
2017-04-11,4841.1002250706306243640820
2017-04-12,358.6002251142111645800730
2017-04-13,717.2002251578001433181417
2017-04-17,-2779.1497747986024377877569
2017-04-18,-3765.2997747549965771033511
2017-04-19,2151.6002252886177270059474
2017-04-20,2689.5002253322404761750432
2017-04-21,-89.6497746241283279608427
2017-04-24,3944.6002254195113162338279
2017-04-25,6813.4002254631594103949091
2017-04-26,-1255.0997744931840438414275
2017-04-27,-627.5497744495190448386939
2017-04-28,0.0002255941544090399149
2017-05-02,2689.5002256378363194315206
2017-05-03,-448.2497743184733120264377
2017-05-04,1972.3002257252255163037959
2017-05-05,-6275.4997742310671939397055
2017-05-08,0.0002258126485588814482
2017-05-09,4572.1502258563727764059648
2017-05-10,5558.3002259001054602728688
2017-05-11,627.5502259438466121215025
2017-05-12,-2420.5497740124037664084746
2017-05-15,4482.5002260313543263229148
2017-05-16,-179.2997739248791080440349
2017-05-17,-717.1997738811040678687114
2017-05-18,-10040.7997738373205515101847
2017-05-19,-3137.7497737935285573272073
2017-05-22,-4123.8997737497280836782136
2017-05-23,-5558.2997737059191289213204
2017-05-24,-6992.6997736621016914143265
2017-05-25,3854.9502263817242304852874
2017-05-26,10309.7502264255586384203585
2017-05-29,-3317.0497735305984659659579
2017-05-30,2779.1502265132529189698117
2017-05-31,2689.5002265571127948714591
2017-06-01,-986.1497733990188366169057
2017-06-02,2510.2002266448580261491457
2017-06-05,5558.3002266887433848143600
2017-06-06,-5020.3997732673627589761974
2017-06-07,3227.4002267765395964228571
2017-06-08,2061.9502268204504526572260
2017-06-09,448.2502268643698113729305
2017-06-12,-627.5497730917023257836900
2017-06-13,2061.9502269522340428340234
2017-06-14,-2958.4497730038210811269521
2017-06-15,1344.7502270401323039806799
2017-06-16,896.5002270840941998045346
2017-06-19,986.1502271280646079925463
2017-06-20,179.3002271720435301929684
2017-06-21,0.0002272160309680543734
2017-06-22,-2868.7997727399730767743469
2017-06-23,-4123.8997726959686026439815
2017-06-27,-6185.8497726519556079049999
2017-06-28,2151.6002273920659090924473
2017-06-29,179.3002274360959499985297
2017-06-30,4751.4502274801345164637359
2017-07-03,4392.8502275241816101388741
2017-07-04,1255.1002275682372326750726
2017-07-05,2151.6002276123013857237788
2017-07-06,3496.3502276563740709367603
2017-07-07,627.5502277004552899661042
2017-07-10,3317.0502277445450444642181
2017-07-11,-2689.4997722113566639161714
2017-07-12,1613.7002278327501664779833
2017-07-13,4930.7502278768655373000492
2017-07-14,268.9502279209894502037139
2017-07-17,806.8502279651219068429846
2017-07-18,-2868.7997719907370911278104
2017-07-19,6813.4002280534124579459768
2017-07-20,-2420.5497719024294442806852
2017-07-21,896.5002281417372038474928
2017-07-24,1165.4502281859124039861201
2017-07-25,2420.5502282300961577911270
2017-07-26,-537.8997717257115330812359
2017-07-27,-1613.6997716815106669743970
2017-07-28,1524.0502283626987577685359
2017-07-31,3675.6502284069167428047757
2017-08-01,0.0002284511432897918565
2017-08-02,-1792.9997715046215996123669
2017-08-03,-627.5497714603779237497187
2017-08-04,6903.0502285838743190382982
2017-08-07,7440.9502286281351304105019
2017-08-08,-7082.3497713275954879739683
2017-08-09,-7082.3497712833175344556521
2017-08-10,-15509.4497712390310073747671
2017-08-11,-806.8497711947359050712107
2017-08-14,10220.1002288495677741154424
2017-08-16,4841.1002288938800318459382
2017-08-17,-627.5497710617991302186557
2017-08-18,-1075.7997710174697104169497
2017-08-21,-6185.8497709731317070872325
2017-08-22,-2779.1497709287851185674716
2017-08-23,5647.9502291155700568046879
2017-08-24,5916.9002291599338206919227
2017-08-28,2420.5502292043061747572311
2017-08-29,-4930.7497707513128793360663
2017-08-30,8068.5002292930766600756731
2017-08-31,806.8502293374747946564141
2017-09-01,4930.7502293818815260704436
2017-09-04,-1434.3997705737031440176293
2017-09-05,2420.5502294707207860571271
2017-09-06,717.2002295151533179599663
2017-09-07,2599.8502295595944533564652
2017-09-08,-3406.6997703959558060874779
2017-09-11,5916.9002296485025412943586
2017-09-12,3227.4002296929694971685190
2017-09-13,-2868.7997702625549367981305
2017-09-14,1434.4002297819292410616001
2017-09-15,537.9002298264220324152227
2017-09-18,806.8502298709234389305727
2017-09-19,3048.1002299154334622758083
2017-09-20,-1524.0497700400478958805895
2017-09-21,-5378.9997699955206338698166
2017-09-22,-10847.6497699509847500227454
2017-09-25,-7889.1997699064402426699255
2017-09-26,1434.4002301381128898584167
2017-09-27,-9592.5497698173253507676213
2017-09-28,448.2502302272450371223807
2017-09-29,4841.1002302718240551991668
2017-10-03,8337.4502303164117051338041
2017-10-04,89.6502303610079885976841
2017-10-05,358.6002304056129072625210
2017-10-06,4751.4502304502264628003535
2017-10-09,-1255.0997695051513431164565
2017-10-10,2689.5002305394794911847768
2017-10-11,-2779.1497694158810326229365
2017-10-12,5916.9002306287670871337370
2017-10-13,1972.3002306734238521284554
2017-10-16,1972.3002307180892640352002
2017-10-17,717.2002307627633245282777
2017-10-18,-717.1997691925539647176824
2017-10-19,896.5002308521373979722747
2017-10-23,-1524.0497691031625857265723
2017-10-24,1075.8002309415460858613794
2017-10-25,4841.1002309862634144120578
2017-10-26,4303.2002310309894016017146
2017-10-27,3137.7502310757240491069268
2017-10-30,5199.7002311204673586045953
2017-10-31,-1344.7497688347806682280536
2017-11-01,7530.6002312099799702865307
2017-11-02,1793.0002312547492758262239
2017-11-03,358.6002312995272500692263
2017-11-06,3406.7002313443138946940634
2017-11-07,-9054.6497686108907886204144
2017-11-08,-6006.5497685660867981950315
2017-11-09,4303.2002314787258676497126
2017-11-10,1165.4502315235472105936438
2017-11-13,-3137.7497684316227676830868
2017-11-14,-1613.6997683867840655000026
2017-11-15,-7171.9997683419366811763021
2017-11-16,5647.9502317029193869691423
2017-11-17,7530.6002317477841406177832
2017-11-20,896.5002317926575814513991
2017-11-21,-179.2997681624602888479059
2017-11-22,-1344.7497681175694685977024
2017-11-23,1882.6502319273300438847655
2017-11-24,986.1502319722382502825789
2017-11-27,1255.1002320171551522791450
2017-11-28,358.6002320620807515581973
2017-11-29,-896.4997678929849501962054
2017-11-30,-2420.5497678480419512996775
2017-12-01,-4930.7497678030902500675076
2017-12-04,-1344.7497677581298448146582
2017-12-05,358.6002322868392661442347
2017-12-06,-3765.2997676681829155051385
2017-12-07,8606.4002323768036119232388
2017-12-08,3048.1002324217988501157096
2017-12-11,2510.2002324668028007589437
2017-12-12,-4392.8497674881845344600625
2017-12-13,-7351.2997674431631538539864
2017-12-14,1075.8002326018669442648217
2017-12-15,3765.3002326469057615843385
2017-12-18,4751.4502326919532997928668
2017-12-19,7440.9502327370095605790371
2017-12-20,1434.4002327820745456318063
2017-12-21,3048.1002328271482566404589
2017-12-22,2779.1502328722306952946056
2017-12-26,2689.5002329173218632841855
2017-12-27,-2599.8497670375782377005364
2017-12-28,-1344.7497669924696059689668
2017-12-29,3317.0502330526477601698146
2018-01-01,2151.6002330977738624070552
2018-01-02,-4213.5497668570912975656694
2018-01-03,2510.2002331880522819435430
2018-01-04,7709.9002332332046026269232
2018-01-05,6096.2002332783656661770288
2018-01-08,4213.5502333235354742867458
2018-01-09,-986.1497666312859713507125
2018-01-10,-2510.1997665860986690418046
2018-01-11,-2330.8997665409026170926613
2018-01-12,896.5002335043021861909147
2018-01-15,1613.7002335495157425034488
2018-01-16,-9413.2497664052619464602057
2018-01-17,3137.7502336399691209951328
2018-01-18,-9323.5997663147910534350257
2018-01-19,3406.7002337304575319451568
2018-01-22,7440.9502337757148788318469
2018-01-23,2599.8502338209809889215396
2018-01-24,-2779.1497661337441360889420
2018-01-25,-6544.4497660884604945024454
2018-01-29,-3854.9497660431680846214904
2018-01-30,-3944.5997659978669047482676
2018-01-31,-4303.1997659525569531846387
2018-02-01,627.5502340927617717678628
2018-02-02,-14176.0482158619107281919671
2018-02-05,-4623.6283596639487181915808
2018-02-06,-7592.4983554737194867977710
2018-02-07,-1703.4283512826788991953506
2018-02-08,5402.3916529091732017189941
2018-02-09,-6181.0683428981630269210032
2018-02-12,4428.9916612953125720488167
2018-02-14,-2336.1383345103998441769545
2018-02-15,2725.5416696846998816267121
2018-02-16,-4623.6283261193880932847110
2018-02-19,-4185.5983219226636116253019
2018-02-20,-1119.3883177251265160786831
2018-02-21,2336.1816864732233507019839
2018-02-22,-924.7083093276138539059950
2018-02-23,4867.0216948723620275051589
2018-02-26,4331.6516990731511523737033
2018-02-27,-1752.0982967252463218316190
2018-02-28,-1606.0882925228302376115750
2018-03-01,-2676.8282883196004374364344
2018-03-05,-4574.9582841155567637459646
2018-03-06,-5256.3382799106990589494249
2018-03-07,-5012.9882757050271654255595
2018-03-08,4331.6517285014590744774071
2018-03-09,-243.3282672912401815582232
2018-03-12,10123.3817369168752241803836
2018-03-13,-340.6682588741945505634005
2018-03-14,-486.6782546644493480156595
2018-03-15,-2725.4982504538890103719277
2018-03-16,-7689.8382462425133797971836
2018-03-19,-4428.9482420303222984258439
2018-03-20,-584.0182378173156083617577
2018-03-21,1265.4417663965068483217991
2018-03-22,-1606.0882293888547704178696
2018-03-23,-4380.2782251734003065928747
2018-03-26,5013.0317790428703978152640
2018-03-27,2336.1817832599575008556244
2018-03-28,-1265.3982125221388393921132
2018-04-02,4282.9817916965815351823413
2018-04-03,2012.1518859161187827198925
2018-04-04,-5156.9615282594867477417932
2018-04-05,8251.2384791898158554716410
2018-04-06,5328.9384866405608709215356
2018-04-09,2492.5884940927485779029025
2018-04-10,0.0385015463792557648337
2018-04-11,343.8385090014531839105119
2018-04-12,-1289.2114835420293582027795
2018-04-13,515.7385239159319089363544
2018-04-16,2234.7385313753372648934306
2018-04-17,1203.3385388361869892880985
2018-04-18,-1547.0614537015186382058499
2018-04-19,3008.2885537622206621395310
2018-04-20,-3523.9114387725948298936490
2018-04-23,2492.5885686940351655308933
2018-04-24,1461.1885761621109283036272
2018-04-25,1804.9885836316327383692161
2018-04-26,-2578.4614088973991242734699
2018-04-27,2320.6885985750156204286554
2018-04-30,5157.0386060488772525829047
2018-05-02,-6961.9113864758139476491715
2018-05-03,-6188.3613789990577000517753
2018-05-04,-3523.9113715208537243548502
2018-05-07,2148.7886359587982597659290
2018-05-08,85.9886434398985326891671
2018-05-09,-3180.1113490775526251522418
2018-05-10,-6188.3613415935549332711026
2018-05-11,-257.8113341081081111259097
2018-05-14,-2062.7613266212118781208362
2018-05-15,-3523.9113191328659536057228
2018-05-16,1633.0886883569299431239316
2018-05-17,515.7386958481760928269816
2018-05-18,-8423.0612966591272236833549
2018-05-21,-7477.6112891649797255394863
2018-05-22,6618.1887183306188681805640
2018-05-23,-2406.5612741723311615468326
2018-05-24,687.6387333261704663091009
2018-05-25,6016.5387408261240328335579
2018-05-28,11173.5387483275298191661580
2018-05-29,171.9387558303881065009584
2018-05-30,-1633.0112366653008239135361
2018-05-31,-1976.8112291595366907743624
2018-06-01,-6618.1112216523192127240886
2018-06-04,42535.5815858563518916491966
2018-06-05,350.0847585538650055005264
2018-06-06,4050.8247614115712662396293
2018-06-07,3950.8047642698308660895533
2018-06-08,300.0747671286439121936307
2018-06-11,2000.4147699880105117159401
2018-06-12,1900.3947728479307718413102
2018-06-13,-300.0452242915952002246760
2018-06-14,-1800.3452214305672972556771
2018-06-15,1450.3047814310145879954105
2018-06-18,-500.0852157068494372035435
2018-06-19,-4600.9052128441592655638987
2018-06-20,2450.5047900190852102237595
2018-06-21,-2200.4252071171159025103760
2018-06-22,4750.9647957472375035846701
2018-06-25,-3200.6252013878544641193403
2018-06-26,1450.3048014776083017701449
2018-06-27,-6751.3351956563740913335275
2018-06-28,-3600.7051927898015359962122
2018-06-29,5651.1448100773260752370383
2018-07-02,-950.1751870549911501580216
2018-07-03,2050.4248158132468953151731
2018-07-04,2350.4848186820403191740017
2018-07-05,200.0548215513892289566625
2018-07-06,1900.3948244212937322221760
2018-07-09,2800.5748272917539365503902
2018-07-10,4350.8848301627699495419829
2018-07-11,0.0148330343418788184674
2018-07-12,3850.7848359064698320221956
2018-07-13,650.1448387791539168163618
2018-07-16,-3200.6251583476057591149921
2018-07-17,2500.5148445261909119330264
2018-07-18,-1850.3551525994559623138355
2018-07-19,0.0148502754537258910288
2018-07-20,4050.8248531509200843150887
2018-07-23,2050.4248560269432207466806
2018-07-24,1850.3848589035232429950123
2018-07-25,1050.2248617806602588901666
2018-07-26,1200.2548646583543762831054
2018-07-27,5851.1848675366057030456738
2018-07-30,2050.4248704154143470706045
2018-07-31,2550.5248732947804162715211
2018-08-01,-600.1051238252959814170569
2018-08-02,-3500.6851209448147380397112
2018-08-03,5951.2048819362242543798803
2018-08-06,600.1348848178211038389474
2018-08-07,0.0148876999759183556310
2018-08-08,2150.4448905826888059689880
2018-08-09,700.1548934659598747389946
2018-08-10,-1650.3151036502107672534488
2018-08-13,-3750.7351007658230119065147
2018-08-14,4550.9249021191232489025569
2018-08-16,-1900.3650949953718766825387
2018-08-17,5101.0349078906917195028342
2018-08-20,2500.5149107773141456442548
2018-08-21,2050.4249136644955099482507
2018-08-23,750.1649165522359206423014
2018-08-24,-1150.2150805594645140251574
2018-08-27,5951.2049223293943142152703
2018-08-28,1950.4049252188125136539443
2018-08-29,-950.1750718912098073978065
2018-08-30,-1450.2750690006725406076816
2018-08-31,950.2049338904244223775965
2018-09-03,-5651.1150632179188100677146
2018-09-04,-1750.3350603257021295483723
2018-09-05,-2600.5050574329254276481460
2018-09-06,1900.3949454604114040701883
2018-09-07,3900.7949483543084740648507
2018-09-10,-7051.3950487512341091849372
2018-09-11,-8501.6850458562162371789497
2018-09-12,4000.8149570393621986040487
2018-09-14,6351.2849599355013067063057
2018-09-17,-5301.0450371677988043089132
2018-09-18,-4900.9650342705380258573219
2018-09-19,-1850.3550313727162493336087
2018-09-21,-5551.0950284743333661114328
2018-09-24,-8501.6850255753892675434197
2018-09-25,4800.9749773241161550388418
2018-09-26,-800.1450197758169896751945
2018-09-27,-4750.9350168751885929750303
2018-09-28,-2550.4950139739985461291168
2018-10-01,4100.8349889277532596151482
2018-10-03,-6701.3250081699330669685756
2018-10-04,-14102.8050052670574170855657
2018-10-05,-14052.7950023636196819200347
2018-10-08,300.0750005403802473648757
2018-10-09,-1350.2549965550575203729025
2018-10-10,8451.7050063500671237456410
2018-10-11,-12302.4449907442457113794011
2018-10-12,12902.5950121620040831731501
2018-10-15,2000.4150150688166163455643
2018-10-16,3150.6450179761919971012052
2018-10-17,-6501.2849791158696655754643
2018-10-19,-9351.8549762073682626788790
2018-10-22,-1500.2849732983036851823667
2018-10-23,-4650.9149703886758240381442
2018-10-24,4150.8450325215154298226864
2018-10-25,-4600.9049645677298145098579
2018-10-26,-5551.0949616564114479246366
2018-10-29,10752.1650412554706387106177
2018-10-30,-1500.2849558320834454506963
2018-10-31,8051.6250470809264087659559
2018-11-01,800.1750499945003105562479
2018-11-02,-1142.5113970913616308630029
2018-11-05,4614.7227629098685083464357
2018-11-06,-2307.3572365551478542786561
2018-11-07,-384.5572360200606277510502
2018-11-09,-5576.1172354848697920127264
2018-11-12,-5960.6772349495753270017809
2018-11-13,-192.2772344141772126524251
2018-11-14,192.2827661213245711050149
2018-11-15,-1730.5172333430699556559008
2018-11-16,-1922.7972328073607728577256
2018-11-19,384.5627677284521395808753
2018-11-20,0.0027682643688017451245
2018-11-21,-384.5572311996107662758661
2018-11-22,-192.2772306634865443890945
2018-11-26,-4037.8772301272585124976685
2018-11-27,-769.1172295909266505008043
2018-11-28,-4614.7172290544909382938258
2018-11-29,1922.8027714820486442318357
2018-11-30,-2307.3572279813078828113575
2018-12-03,5191.5627725554395006929515
2018-12-04,-280.3446269077091851349853
2018-12-05,-4471.6804322934820351089180
2018-12-06,-7514.2804285045771101294827
2018-12-07,4149.0195752850614624298237
2018-12-10,-9358.2804209245661753744464
2018-12-11,3227.0195828665401185417664
2018-12-12,7283.8195866583804862900324
2018-12-13,1751.8195904509550700094399
2018-12-14,461.0195942442640118665993
2018-12-17,4563.9195980383074540556485
2018-12-18,1244.7196018330855387982591
2018-12-19,2904.3196056285984083436407
2018-12-20,-46.0803905751537950314529
2018-12-21,-8897.2803867781709290227193
2018-12-24,-3503.5803829804528512983012
2018-12-26,2489.4196208180005805012183
2018-12-27,2812.1196246171895087628213
2018-12-28,2673.8196284171140759010601
2018-12-31,507.1196322177744243580633
2019-01-01,1429.1196360191706966035402
2019-01-02,-3016.2730601786969648652132
2019-01-03,3324.9611959230107603180544
2019-01-04,-3140.2388038454220613207041
2019-01-07,-1477.7588036138100444894176
2019-01-08,-1108.3188033821531805059903
2019-01-09,3324.9611968495485393133545
2019-01-10,4433.2811970812951236540751
2019-01-11,-923.5988026869134187966886
2019-01-14,1477.7611975449229206498855
2019-01-15,184.7211977768041506843021
2019-01-16,1662.4811980087302799987482
2019-01-17,1847.2011982407013172870943
2019-01-18,-2955.5188015272827287551058
2019-01-21,-1293.0388012952218494306149
2019-01-22,2770.8011989368839639594887
2019-01-23,0.0011991690347201158110
2019-01-24,-2586.0788005987695722593577
2019-01-25,1477.7611996334710955379584
2019-01-28,5726.3211998657567322134202
2019-01-29,3509.6812000980873464743743
2019-01-30,1293.0412003304629470298537
2019-01-31,2031.9212005628835425905769
2019-02-01,2216.6412007953491418689499
2019-02-04,0.0012010278597535790653
2019-02-05,554.1612012604153864367029
2019-02-06,2586.0812014930160491593304
2019-02-07,-6465.1987982743382495338966
2019-02-08,-1477.7587980416475009221342
2019-02-11,1662.4812021910883037171499
2019-02-12,-1662.4787975761308268918226
2019-02-13,-1108.3187973433048840231413
2019-02-14,1108.3212028895661410507944
2019-02-15,4802.7212031224822570592745
2019-02-18,4063.8412033554434727332796
2019-02-19,1477.7612035884497968054808
2019-02-20,2770.8012038215012380102402
2019-02-21,-4248.5587959454021949163893
2019-02-22,-3509.6787957122604932366626
2019-02-25,1293.0412045209263517888570
2019-02-26,-554.1587952458416510987019
2019-02-27,1108.3212049874355068434825
2019-02-28,-1847.1987947792421656400756
2019-03-01,-7942.9587945458746598031686
2019-03-05,-10898.4787943124619668978956
2019-03-06,738.8812059209959218253385
2019-03-07,-3694.3987938455009848821771
2019-03-08,2770.8012063880473217325410
2019-03-11,554.1612066216408504241714
2019-03-12,-2586.0787931447203900509120
2019-03-13,4433.2812070889636090653595
2019-03-14,-4433.2787926773071434672488
2019-03-15,-184.7187924435326388872757
2019-03-18,-4433.2787922097128684315639
2019-03-19,4433.2812080241521766647415
2019-03-20,-4063.8387917419374948318084
2019-03-22,4802.7212084920181258470359
2019-03-25,0.0012087260190474712210
2019-03-26,-738.8787910399347211876080
2019-03-27,554.1612091941568286438924
2019-03-28,-2401.3587905717062942592358
2019-03-29,-3140.2387903375240811202511
2019-04-01,184.7212098967034768392875
2019-04-02,8441.3835101309763883995203
2019-04-03,-1635.1246018821406878739413
2019-04-04,-1419.9745989005953269498914
2019-04-05,2926.0554040815273521126782
2019-04-08,-2323.6045929357725388998286
2019-04-09,2108.4854100475051118206369
2019-04-10,-3399.3545869686395838962270
2019-04-11,172.1354160157934858009317
2019-04-12,3098.1754190008044327851228
2019-04-15,1979.3954219863933689510180
2019-04-16,3786.6554249725604062149555
2019-04-18,-1204.8245720406943434850565
2019-04-22,-6927.8145690533707681893346
2019-04-23,-731.4945660654687559165172
2019-04-24,5335.7354369230118053364406
2019-04-25,-2194.5145600879289724057290
2019-04-26,4173.9254429017090229033975
2019-04-30,43.0454458919259033319390
2019-05-02,-989.6745511172782190302853
2019-05-03,-817.5545481259032320717528
2019-05-06,-4991.4645451339490236592322
2019-05-07,-4001.7745421414154816377799
2019-05-08,-5895.0945391483024938307360
2019-05-09,-4604.1945361546099480397192
2019-05-10,172.1354668396622679553763
2019-05-13,-5507.8245301654857336036142
2019-05-14,2753.9354728299461595468779
2019-05-15,-1549.0645241740419403078408
2019-05-16,2452.7254788225500791392775
2019-05-17,6712.6954818197223302170275
2019-05-20,18502.9154848174749252759534
2019-05-21,-3700.5645121841920233116456
2019-05-22,1075.7654908147215968482883
2019-05-23,-3098.1445061857841018284243
2019-05-24,8390.8654968142909930958044
2019-05-27,2108.4854998149469940803336
2019-05-28,602.4355028161840136062979
2019-05-29,-1807.2444941819978358233882
2019-05-30,3098.1755088204015583159740
2019-05-31,-989.6744881766176914291290
2019-06-03,6669.6655148269445275095819
2019-06-04,-903.6144821689116722778175
2019-06-06,-8218.7144791641861781794502
2019-06-07,903.6455238411211224383650
2019-06-10,3399.3855268470103422311196
2019-06-11,-258.1644701465184061238821
2019-06-12,-2323.6044671394650099275173
2019-06-13,1463.0355358681706435411579
2019-06-14,-3872.6844611236113329750857
2019-06-17,-6153.2744581148108267116471
2019-06-18,215.1655448945722751179094
2019-06-19,-473.3144520954619146781417
2019-06-20,6325.4255509150867167303175
2019-06-21,-3528.4444460737817178047483
2019-06-24,-1161.7944430620671054095221
2019-06-25,2883.0255599502306668116682
2019-06-26,2495.7555629631117117763556
2019-06-27,688.4955659765761424239363
2019-06-28,-2280.5744310093759282843241
2019-07-01,2796.9655720052556126347126
2019-07-02,1592.1255750204708781860609
2019-07-03,774.5555780362699813966176
2019-07-04,2366.6655810526530353151641
2019-07-05,-6153.2744159303798469876283
2019-07-08,-11445.9644129128285524191941
2019-07-09,-602.4044098946929678650698
2019-07-10,-1979.3644068759729801888896
2019-07-11,3700.5955961433315237676190
2019-07-12,-1032.7044008367793428153604
2019-07-15,1075.7656021836945332642707
2019-07-16,3141.2056052047532652305302
2019-07-17,1376.9756082263969663293599
2019-07-18,-3055.1143887513742501713712
2019-07-19,-7917.5043857285602709818610
2019-07-22,-3528.4443827051609827903718
2019-07-23,-860.5843796811762722632252
2019-07-24,-2409.6643766566060260447976
2019-07-25,-645.4343736314501307575167
2019-07-26,1420.0056293942915269981437
2019-07-29,-4130.8643675793809393563333
2019-07-30,-4776.3143645524674163775021
2019-07-31,1420.0056384750322094000484
2019-08-01,-5593.8843584968819485362995
2019-08-02,2571.5811445317902233228101
2019-08-05,11259.5052797123911890238856
2019-08-06,3217.0052807347045737368715
2019-08-07,7720.8052817572159095083862
2019-08-08,-804.2447172200747653322067
2019-08-09,2091.0552838028325875518784
2019-08-13,9329.3052848259380065048502
2019-08-14,-8525.0447141507584701216582
2019-08-16,1930.2052868727431960314125
2019-08-19,643.4052878964430433305493
2019-08-20,4021.2552889203411101496675
2019-08-21,-3860.3947100555625651298865
2019-08-22,4021.2552909687320558806650
2019-08-23,-1769.3447080067749884224667
2019-08-26,13993.9552930179163403643639
2019-08-27,-160.8447059571939193477612
2019-08-28,4182.1052950678942708596775
2019-08-29,160.8552960931809494126385
2019-08-30,-6755.6947028813338452554795
2019-09-03,10455.2552981443499252961644
2019-09-04,2091.0552991702322995158543
2019-09-05,-1125.9446998036866841406810
2019-09-06,-15924.1446987774069872102665
2019-09-09,2734.4553022490714287777205
2019-09-11,-5790.5946967242513976986480
2019-09-12,-2895.2946956973754281538501
2019-09-13,-482.5446946703006240949111
2019-09-16,2091.0553063569730529785963
2019-09-17,1769.3553073844456415745550
2019-09-18,-3860.3946915878828197916964
2019-09-19,-5147.1946905600122925973611
2019-09-20,321.7053104680572616878164
2019-09-23,4182.1053114963258816015529
2019-09-24,160.8553125247936056890265
2019-09-25,4021.2553135534604725028794
2019-09-26,-5629.7446854176734793967813
2019-09-27,482.5553156113917885576175
2019-09-30,-804.2446833593436850588826
2019-10-01,-5308.0446823298798616637712
2019-10-03,11420.3553186997832973329328
2019-10-04,4664.6553197296458305286833
2019-10-07,-643.3946792402922234715928
2019-10-09,1930.2053217899691739445068
2019-10-10,1769.3553228204300613968609
2019-10-11,-2734.4446761489095224871738
2019-10-14,1447.6553248819504609272391
2019-10-15,2734.4553259130100502824164
2019-10-16,-3056.1446730557307157718422
2019-10-17,965.1053279757282014217463
2019-10-18,-482.5446709926131594720496
2019-10-22,-1608.4946699607547597809747
2019-10-23,2091.0553310713034391747141
2019-10-24,-1447.6446678964385239177504
2019-10-25,9329.3053331360193896363557
2019-10-27,-2412.7446658313227814607511
2019-10-29,-6755.6946647984649984993610
2019-10-30,-804.2446637654072227622678
2019-10-31,6594.8553372678505844752304
2019-11-01,1769.3553383013084619453349
2019-11-04,160.8553393349664483877457
2019-11-05,-1608.4946596311754174503353
2019-11-06,-3699.5446585971170968142038
2019-11-07,-1125.9446575628585509416513
2019-11-08,-4664.6446565283997410629640
2019-11-11,804.2553445062593715990790
2019-11-13,4503.8053455411188258292073
2019-11-14,160.8553465761786604196600
2019-11-15,-4825.4946523885610858298120
2019-11-18,-1769.3446513531003741119453
2019-11-19,4503.8053496825608343880376
2019-11-20,2251.9053507184225784924307
2019-11-21,-2412.7446482455151029689559
2019-11-22,160.8553527907478288412076
2019-11-25,-5147.1946461727885872322299
2019-11-26,-1125.9446451361243123368969
2019-11-27,-482.5446440992593076129001
2019-11-28,804.2553569378064658071795
2019-11-29,1125.9553579750730467982859
2019-12-02,0.0053590125404742428908
2019-12-03,1125.9553600502087870309947
2019-12-04,4503.8053610880780240601287
2019-12-05,-1447.6446378738517757646449
2019-12-06,-804.2446368355805735307304
2019-12-09,-6112.2946357971083303179970
2019-12-10,-482.5446347584350071987785
2019-12-11,965.1053662804394347621294
2019-12-12,321.7053673195150345074700
2019-12-13,-1125.9446316412081690124732
2019-12-16,3538.7053693982698631601255
2019-12-17,965.1053704379491699906354
2019-12-18,1608.5053714778297904519701
2019-12-19,-804.2446274820882364754099
2019-12-20,1608.5053735581951281965037
2019-12-23,0.0053745986799234632680
2019-12-24,1608.5053756393661883279911
2019-12-26,4021.2553766802539618013336
2019-12-27,2412.7553777213432829015092
2019-12-30,2412.7553787626341906542871
2019-12-31,2412.7553798041267240929928
2020-01-01,-1608.4946191541790777414897
2020-01-02,0.0053818877168241992825
2020-01-03,16889.2553829298144689713137
2020-01-06,12063.7553839721138956381705
2020-01-07,-10455.2446149853848567290166
2020-01-08,9651.0053860573182509484484
2020-01-09,-16889.2446128997767422431721
2020-01-10,-1608.4946118566697972100469
2020-01-13,-3216.9946108133608748507752
2020-01-14,0.0053902301500639436148
2020-01-15,4825.5053912738630582896679
2020-01-16,-804.2446076822218526884972
2020-01-17,-804.2446066381046298591859
2020-01-20,4503.8053944062147659168732
2020-01-21,-1608.4946045492636262134698
2020-01-22,2573.6053964954602329042152
2020-01-23,-1286.7946024596136175680601
2020-01-24,3056.1553985855148615392988
2020-01-27,7238.2553996308457094034709
2020-01-28,-2091.0445993236210347907788
2020-01-29,-1769.3445982778853318510984
2020-01-30,5147.2054027680528574224537
2020-01-31,-965.0945961858064277625916
2020-02-01,5468.9054048605368518088893
2020-02-03,-4825.4945940929172646403875
2020-02-04,-5308.0445930461687378801107
2020-02-05,-4342.9445919992175286723730
2020-02-06,4342.9554090479364022283305
2020-02-07,1930.2054100952930940751038
2020-02-10,4021.2554111428525861286519
2020-02-11,-2091.0445878093850823427186
2020-02-12,-965.0945867614198720630976
2020-02-13,3056.1554142867482562510306
2020-02-14,-1608.4945846648806581092125
2020-02-17,1286.8054163836934241549031
2020-02-18,3377.8554174324705423497164
2020-02-19,9168.4554184814507357891777
2020-02-20,1769.3554195306340437948493
2020-02-24,28309.6054205800205056959077
2020-02-25,-18336.8945783703898391708555
2020-02-26,1286.8054226794030485389681
2020-02-27,-2251.8945762706007918225947
2020-02-28,-160.8445752204013208958972
2020-03-02,-5468.8945741699984993136720
2020-03-03,1447.6554268806077122989716
2020-03-04,15763.3054279314173533245481
2020-03-05,-965.0945710175695368468023
2020-03-06,16245.8554300336470811826880
2020-03-09,-9490.1445689149327531815852
2020-03-11,-4503.7945678633090005265956
2020-03-12,-3538.6945668114816214316857
2020-03-13,-21553.8945657594505764685647
2020-03-16,-15280.7445647072158262013074
2020-03-17,-13511.3945636547773311863525
2020-03-18,9811.8554373978649480274985
2020-03-19,-3699.5445615492889491009165
2020-03-20,14476.5054395037610168948805
2020-03-23,-17532.6445594429851145109905
2020-03-24,22036.4554416104726961632337
2020-03-25,9651.0054426641344884069618
2020-03-26,-4342.9445562819996982827519
2020-03-27,23323.2554447720701755987952
2020-03-30,25253.4554458263441495639548
2020-03-31,-24610.0445531191777368672705
2020-04-01,482.5554479355045558327742
2020-04-03,8846.7554489903910671993975
2020-04-07,14154.8054500454818367755631
2020-04-08,1930.2054511007769041118919
2020-04-09,16085.0054521562763087666624
2020-04-13,27344.5054532119800903058132
2020-04-15,2895.3054542678882883029440
2020-04-16,9490.1554553240009423393169
2020-04-17,-12707.1445436196819079961415
2020-04-20,-14798.1945425631602231068390
2020-04-21,8042.5054584935660366114832
2020-04-22,9007.6054595504969107707532
2020-04-23,0.0054606076324389905687
2020-04-24,1286.8054616649726608981992
2020-04-27,-2091.0445372774823838714129
2020-04-28,1930.2054637802673443243494
2020-04-29,-4986.3445351617781148642210
2020-04-30,3217.0054658963812782208466
2020-05-04,2573.6054669547455632452017
2020-05-05,-19141.1445319866852201178258
2020-05-06,-2895.2945309279110321872240
2020-05-07,-4825.4945298689318332742973
2020-05-08,7238.2554711902524163173345
2020-05-11,-5468.8945277503582437082618
2020-05-12,1125.9554733092362263606687
2020-05-13,-4342.9445256309641337564302
2020-05-14,8364.2054754290407156675767
2020-05-15,4986.3554764892508143675167
2020-05-18,11902.9054775496662020859113
2020-05-19,-18819.4445213897130814270233
2020-05-20,8203.3554796711130035866268
2020-05-21,-7238.2445192678555031075267
2020-05-22,3538.7054817933814382638277
2020-05-26,-7238.2445171451761325182968
2020-05-27,-8846.7445160835281756651845
2020-05-28,8685.9054849783253486195848
2020-05-29,-3216.9945139596155198598630
2020-06-01,3538.7054871026492587083052
2020-06-02,-482.5445118348802758563685
2020-06-03,-4825.4945107722040837266317
2020-06-04,-1125.9445097093221250675207
2020-06-05,6112.3054913537656399636422
2020-06-08,-8685.8945075829407487827512
2020-06-09,5629.7554934805587485514076
2020-06-10,3377.8554945442641718319446
2020-06-11,8364.2054956081755609324049
2020-06-12,1125.9554966722929557340550
2020-06-15,-6273.1445022633836038741173
2020-06-16,7077.4054988011459220046004
2020-06-17,-3216.9945001341184267253550
2020-06-18,3056.1555009308233898481805
2020-06-19,-1608.4944980040285883549007
2020-06-22,8846.7555030613256785930229
2020-06-23,-1125.9444958731137693726955
2020-06-24,7720.8055051926531076910301
2020-06-25,-6273.1444937413736502649808
2020-06-26,321.7055073248059967178279
2020-06-29,2573.6055083911920886057488
2020-06-30,1930.2055094577846653728134
2020-07-01,6273.1555105245837670007938
2020-07-02,-12224.5944884084105665207970
2020-07-03,-643.3944873411982951947021
2020-07-06,1125.9555137262206209840798
2020-07-07,2412.7555147938462220282960
2020-07-08,9490.1555158616785479584418
2020-07-09,5147.2055169297176388027618
2020-07-10,-2091.0444820020364654027494
2020-07-13,965.1055190664162753856559
2020-07-14,-2251.8944798649240987805215
2020-07-15,1608.5055212039424521579743
2020-07-16,-1608.4944777269840317318434
2020-07-17,-3860.3944766577035103752040
2020-07-20,3056.1555244117840563104234
2020-07-21,3056.1555254814787084153309
2020-07-22,9972.7055265513804860375728
2020-07-23,9972.7055276214894292829681
2020-07-24,6755.7055286918055782651015
2020-07-27,24610.0555297623289731053245
2020-07-28,-7077.3944691669403460672423
2020-07-29,8203.3555319039976608842919
2020-07-30,482.5555329751430341045894
2020-07-31,9490.1555340464958137460858
2020-08-03,2412.7555351180560399689917
2020-08-04,-482.5444638101762470587064
2020-08-05,20106.2555372617989928387558
2020-08-06,6273.1555383339817998449223
2020-08-07,4342.9555394063722141511170
2020-08-10,-12385.4444595210297240435530
2020-08-11,-17693.4944584482239745321975
2020-08-12,-26057.6944573752104971001407
2020-08-13,4986.3555436980107484750799
2020-08-14,5308.0555447714398024237151
2020-08-17,-2734.4444541549232950161945
2020-08-18,18658.6055469189214964011829
2020-08-19,-6916.5444520070257830705276
2020-08-20,-19301.9944509327650931699073
2020-08-21,643.4055501417036063722589
2020-08-24,-3538.6944487836196441670168
2020-08-25,-9168.4444477087348045029234
2020-08-26,-2091.0444466336418343428491
2020-08-27,4021.2555544416593066136192
2020-08-28,804.2555555171686586746983
2020-08-31,3860.4055565928862621564099
2020-09-01,1930.2055576688121573825821
2020-09-02,-7399.0944412550536153151492
2020-09-03,-9007.5944401787110155973386
2020-09-04,4503.8055608978399968832704
2020-09-07,482.5555619745994624817465
2020-09-08,1125.9555630515674215609727
2020-09-09,1930.2055641287439144916470
2020-09-10,4503.8055652061289816522849
2020-09-11,-804.2444337162773365707798
2020-09-14,-2251.8944326384749997833935
2020-09-15,8525.0555684395360324164196
2020-09-16,-2895.2944304822441995615426
2020-09-17,-6433.9944294038156552996567
2020-09-18,5468.9055716748217056275261
2020-09-21,-5147.1944272463320763467172
2020-09-22,-11902.8944261672769607812812
2020-09-23,-4503.7944250880129072272292
2020-09-24,-9972.6944240085398752277927
2020-09-25,4182.1055770711421756816304
2020-09-28,-4986.3444218489667140265221
2020-09-29,13511.4055792311334961280234
2020-09-30,482.5555803114428466333796
2020-10-01,-1286.7944186080386220145016
2020-10-05,1286.8055824726891306881733
2020-10-06,6916.5555835536261452530402
2020-10-07,-10616.0944153652275378004205
2020-10-08,804.2555857161281220551174
2020-10-09,6434.0055867976931653548276
2020-10-12,6273.1555878794676326417321
2020-10-13,-1125.9444110385484355332961
2020-10-14,-9168.4444099563549986115324
2020-10-15,2412.7555911260479839736010
2020-10-16,3056.1555922086605527965372
2020-10-19,482.5555932914827484395657
2020-10-20,-1286.7944056254853885071664
2020-10-21,5629.7555954577561825543480
2020-10-22,0.0055965412075022299765
2020-10-23,-2251.8944023751313888665502
2020-10-26,-1608.4944012912604501136379
2020-10-27,-482.5444002071796408818265
2020-10-28,1447.6556008771110794662113
2020-10-29,-4182.0943980383882484243290
2020-10-30,-482.5443969536775839003812
2020-11-02,4825.5056041312431136989920
2020-11-03,2895.3056052163738850426015
2020-11-04,643.4056063017147708071330
2020-11-05,1286.8056073872658116771480
2020-11-06,11098.6556084730270483450860
2020-11-09,3538.7056095589985215112661
2020-11-10,-29757.2443893548197281161122
2020-11-11,3538.7056117315723401790329
2020-11-12,965.1056128181747671206677
2020-11-13,1286.8056139049875934406430
2020-11-17,2734.4556149920108598786975
2020-11-18,-5308.0443839207553928175427
2020-11-19,-5629.7443828333111238925604
2020-11-20,-321.6943817456562925829478
2020-11-23,1125.9556193422091418825963
2020-11-24,-17693.4943795697147797167321
2020-11-25,-1608.4943784814280165938413
2020-11-26,4182.1056226070694720462582
2020-11-27,-1608.4943763042222729935450
2020-12-01,-8846.7443752153032109024616
2020-12-02,-28147.5183741261733008617998
2020-12-03,745.4482382641787514162196
2020-12-04,5357.8582398593580173918044
2020-12-07,4752.1882414548461587366889
2020-12-08,2655.6382430506432352585669
2020-12-09,7221.4582446467493067767135
2020-12-10,-2748.8017537568355668780139
2020-12-11,512.4982478398886741368277
2020-12-14,1817.0182494369220896752682
2020-12-15,1351.1182510342647396029272
2020-12-16,5637.3982526319166837970162
2020-12-17,3447.6682542298779821463405
2020-12-18,1863.6082558281486945513021
2020-12-21,-20779.1317425732711190760987
2020-12-22,6149.8882590256186011877391
2020-12-23,6056.7082606248179152780198
2020-12-24,6522.6082622243268831415525
2020-12-28,5870.3482638241455647367547
2020-12-29,4612.4182654242740200336527
2020-12-30,2329.5082670247123090138854
2020-12-31,-931.7917313745395083292940
2021-01-01,2329.5082702265186280089840
2021-01-04,5311.2682718278867780452075
2021-01-05,2748.8182734295650018074862
2021-01-06,-372.7117249684466406644474
2021-01-07,-93.1717233661480893192351
2021-01-08,7827.1282782364607159061089
2021-01-11,6988.5082798393798350862009
2021-01-12,5078.3182814426093283072887
2021-01-13,605.6782830461492556672555
2021-01-14,745.4482846499996772756205
2021-01-15,-7687.3417137458393467464574
2021-01-18,-7221.4417121413677562661786
2021-01-19,13464.5182894634145088609007
2021-01-20,6056.7082910685075087908693
2021-01-21,-3401.0617073260886963085351
2021-01-22,-9830.4817057203740462579253
2021-01-25,-6755.5417041143484808662609
2021-01-27,-13883.8117025080119399308469
2021-01-28,-6941.9017009013643632373314
2021-01-29,-8805.5016992944056905597028
2021-02-01,29910.7883023128641383397117
2021-02-02,16679.2283039204451837102489
2021-02-03,7268.0483055283375058129121
2021-02-04,4845.3683071365411649203722
2021-02-05,1630.6583087450562213169713
2021-02-08,9224.8283103538827352987244
2021-02-09,931.8083119630207671733213
2021-02-10,1071.5783135724703772601293
2021-02-11,2795.4083151822316258901956
2021-02-12,512.4983167923045734062493
2021-02-15,8199.8483184026892801627034
2021-02-16,-1770.4116799866141934743425
2021-02-17,-4146.5016783756057871270999
2021-02-18,-3866.9616767642854404060894
2021-02-19,-6569.1816751526530929101387
2021-02-22,-15095.1516735407086842263794
2021-02-23,1910.1983280715478460697541
2021-02-24,11927.0483296841165584145280
2021-02-25,8945.2883312969975132559102
2021-02-26,-20126.8716670898092289464262
2021-03-01,1211.3483345236963922788981
2021-03-02,7268.0483361375144374149720
2021-03-03,15980.3783377516449669565957
2021-03-04,-8386.1916606339119585897173
2021-03-05,-7174.8516590191562787057372
2021-03-08,1770.4283425959120671384837
2021-03-09,6662.3783442112931394846137
2021-03-10,3214.7183458269869988860440
2021-03-12,-7128.2616525570062940921099
2021-03-15,-3121.5216509406866788730043
2021-03-16,-792.0216493240540948680669
2021-03-17,-8898.6816477071084814769928
2021-03-18,-8199.8316460898497780877436
2021-03-19,8153.2583555277220759234557
2021-03-22,-2515.8516428543928588078815
2021-03-23,4752.1883587638054783654995
2021-03-24,-10529.3316396176828518974038
2021-03-25,-10389.5616379988577889258485
2021-03-26,6289.6583636202807279626563
2021-03-30,14955.3983652397327594623512
2021-03-31,-5124.8916331405016337207707
2021-04-01,5963.5283684795776091310379
2021-04-05,-7640.7516299000294512527184
2021-04-06,2003.3783717206772458692236
2021-04-07,6662.3783733416977612498886
2021-04-08,232.9583749630321556540652
2021-04-09,-419.3016234153195101416923
2021-04-12,-21897.2916217933571753490617
2021-04-13,6615.7883798289192208320504
2021-04-15,2003.3783814515097392135095
2021-04-16,2282.9183830744144406189564
2021-04-19,-10855.4616153023666141161907
2021-04-20,-3727.1916136788333641447344
2021-04-22,4565.8283879450142513923052
2021-04-23,-1910.1816104308237066343084
2021-04-26,6103.2983911936528226579749
2021-04-27,7733.9483928184439001634941
2021-04-28,9644.1383944435495867883790
2021-04-29,419.3183960689699434505526
2021-04-30,-9271.4016023052949689202660
2021-05-03,-139.7616006792450893825607
2021-05-04,-6615.7715990528803569830144
2021-05-05,5870.3484025737992892434917
2021-05-06,3401.0784042007939102738817
2021-05-07,4612.4184058281035670968863
2021-05-10,5404.4484074557283207130455
2021-05-11,-3494.2415909163317678652888
2021-05-12,-5823.7415892880766376139513
2021-05-14,-1024.9715876595062274969601
2021-05-17,9550.9584139693795235334846
2021-05-18,8619.1584155985806765370039
2021-05-19,-3261.2915827719027074149587
2021-05-20,-4798.7615811420705672391338
2021-05-21,11461.1484204880771581595752
2021-05-24,1537.4784221185405298880948
2021-05-25,465.9084237493196090651836
2021-05-26,4332.8784253804144568214352
2021-05-27,3074.9484270118251342992791
2021-05-28,4798.7784286435517026529846
2021-05-31,7640.7684302755942230486617
2021-06-01,419.3184319079527566642646
2021-06-02,196.4581835406273646895931
2021-06-03,8779.2028549790746953389356
2021-06-04,2887.6828671497161323897350
2021-06-07,1279.1428793227141769069569
2021-06-08,4457.4628914980692852016987
2021-06-09,-8158.9170963242180863265862
2021-06-10,9612.5429158558525188099280
2021-06-11,-581.3370719617184428125425
2021-06-14,-1550.3370597769305145293747
2021-06-15,2073.7229524102167604124789
2021-06-16,-6550.3770354002761611454934
2021-06-17,-8934.1170232084088222733443
2021-06-18,-3158.8770110141807659526510
2021-06-21,4108.6230011824084649235016
2021-06-22,7538.8830133813593275505388
2021-06-23,-8468.9969744173277207875872
2021-06-24,-2499.9569622136522227183800
2021-06-25,4631.8830499923862792192179
2021-06-28,-96.8369377992117574251575
2021-06-29,2422.5630744115541249867253
2021-06-30,-3294.5369133753156158182891
2021-07-01,-406.9169011598205220247269
2021-07-02,736.5031110580398642715333
2021-07-05,2674.5031232782660010632768
2021-07-06,1647.3631355008583464319707
2021-07-07,1666.7431477258173585477799
2021-07-08,-329.3968400468565043304141
2021-07-09,2887.6831721828372161450024
2021-07-12,814.0231844148989784103934
2021-07-13,-2654.9968033506707590091095
2021-07-14,-154.9767911138715374995909
2021-07-15,2693.8832211252971016416669
2021-07-16,2635.7432333668356172062000
2021-07-19,-3352.6767543892555319256193
2021-07-20,-5271.2967421429758867845654
2021-07-22,8585.4032701056750116874577
2021-07-23,523.3232823566976226374333
2021-07-26,4128.0032946100924053012504
2021-07-27,-4709.2766931341401809962810
2021-07-28,2771.4033191240003231585895
2021-07-29,-697.6166686154856227314322
2021-07-30,5193.9033436474024409253343
2021-08-02,5852.8233559126649738095601
2021-08-03,3333.4233681803024356909242
2021-08-04,-4534.8566195496847135718682
2021-08-05,445.8033927227039859689297
2021-08-06,2209.3834049974689943501258
2021-08-09,-3391.4365827253892283023959
2021-08-10,-5658.8965704458702217736562
2021-08-11,-4379.8165581639735257595648
2021-08-12,6143.5234541203013201330980
2021-08-13,252.0034664069547763866976
2021-08-16,1472.9434786959873035727632
2021-08-17,2984.5834909873993623520045
2021-08-18,4690.0235032811914134743292
2021-08-20,-10251.9564844226360822211396
2021-08-23,-3468.9564721240826638060466
2021-08-24,6337.3235401768521297372135
2021-08-25,930.3035524801687595155132
2021-08-26,5310.1835647858676867250090
2021-08-27,8352.8435770939493726511592
2021-08-30,11938.1435894044142786687414
2021-08-31,11007.9036017172628662418688
2021-09-01,8255.9436140324955969240086
2021-09-02,1182.2436263501129323579985
2021-09-03,13236.6036386701153342760647
2021-09-06,-484.4363490074967355001614
2021-09-07,-3449.5763366827228150596257
2021-09-08,2267.5236756444375575981663
2021-09-09,5523.3636879739848445631660
2021-09-13,3527.2237003059195080148000
2021-09-14,2616.3637126402420102219865
2021-09-15,2112.4837249769528135431537
2021-09-16,6647.4037373160523804262555
2021-09-17,-4864.3162503424588265912091
2021-09-20,-16453.5562379985803448821804
2021-09-21,7267.5637743476882882699800
2021-09-22,4283.0437866963475356715072
2021-09-23,5775.3037990473978602182487
2021-09-24,-3604.6161885991602751043161
2021-09-27,-4030.9761762433264072210608
2021-09-28,-3527.0961638851000729671926
2021-09-29,-5232.5361515244808090882366
2021-09-30,-872.0361391614681522400170
2021-10-01,-1434.0561267960616389886412
2021-10-04,11880.0038855717391941895191
2021-10-05,7577.6438979419348109078438
2021-10-06,-7015.4960896854743251305169
2021-10-07,8410.9839226895122498673740
2021-10-08,-2383.6760649331050002157421
2021-10-11,3255.9039474466743885926982
2021-10-12,6201.6639598288508803550973
2021-10-13,9690.0639722134249392237147
2021-10-14,7558.2639846003970294406834
2021-10-18,2461.3239969897676153380282
2021-10-19,-9418.6159906184628386623173
2021-10-20,-19244.2759782242938680484934
2021-10-21,-4767.4159658277250082186966
2021-10-22,-12829.4959534287557944811625
2021-10-25,-7926.3559410273857620541479
2021-10-26,10252.0840713763855539340861
2021-10-27,4379.9440837825586184452919
2021-10-28,-11938.0159038088661034687475
2021-10-29,-1569.7158913978881466662009
2021-11-01,9709.4441210154929540848290
2021-11-02,-46254.0093665687223358936781
2021-11-03,-2202.1648393787649074102989
2021-11-04,4277.3851674294039927452106
2021-11-08,7538.3351742388911620934949
2021-11-09,-2075.1148189503031441083146
2021-11-10,-931.6648121381786705536606
2021-11-11,-5971.3148053247351618865508
2021-11-12,9359.3852014900276372984515
2021-11-15,254.1352083061099824562379
2021-11-16,-4446.7147848764878709088366
2021-11-17,-3980.8647780577656672429437
2021-11-18,-5886.6147712377231509427714
2021-11-22,-15288.3147644163600663555159
2021-11-23,3684.4852424063238422211295
2021-11-24,-4870.2147507696711694610174
2021-11-25,5336.1352560556551543993831
2021-11-26,-21174.9647371176969303467988
2021-11-29,169.4352697102728322008482
2021-11-30,-3599.7147234604353020077153
2021-12-01,8554.7352833701789230270320
2021-12-02,-83326.9015097978842366458202
2021-12-03,47.4735180956170179091963
2021-12-06,-12798.3664792868672802563199
2021-12-07,9175.6135233311552524693971
2021-12-08,8764.2935259496847142242696
2021-12-09,363.8735285687212031652223
2021-12-10,4366.3335311882648174681861
2021-12-13,-3037.4264661916843446718983
2021-12-14,1724.3935364288738149589233
2021-12-15,-5853.3864609500606054063775
2021-12-16,-1186.4864583284875075158085
2021-12-17,-16974.8464557064067930983524
2021-12-20,-19252.9264530838183638639644
2021-12-21,9840.0535495392778784964330
2021-12-22,10330.4735521628820323109525
2021-12-23,5283.8935547869941959267462
2021-12-24,-3828.4264425883855322899906
2021-12-27,1930.0535600367429460459838
2021-12-28,5552.8335626623797293389618
2021-12-29,-1471.2464347114750839877106
2021-12-30,-4698.5264320848213954916291
2021-12-31,10536.1335705423408932886719
2022-01-03,4730.1935731700118808337228
2022-01-04,2721.0535757981916656431233
2022-01-05,-2167.3264215731196537644547
2022-01-06,-395.4864189439219788512628
2022-01-07,4999.1335836857847889395269
2022-01-10,1186.5135863160007481838265
2022-01-11,1471.2735889467259974766348
2022-01-12,2436.2935915779606354320420
2022-01-13,4825.1135942097047606832327
2022-01-14,1487.0935968419584718824904
2022-01-17,2831.7935994747218677012001
2022-01-18,-11975.7263978920049531701472
2022-01-19,-316.3863952582218920219509
2022-01-20,-553.6863926239288501254971
2022-01-21,-11722.6063899891257287329555
2022-01-24,-24663.3663873538124290773746
2022-01-25,5584.4736152820111476273208
2022-01-27,-12798.3663820816548998136655
2022-01-28,8463.7136205551895274240015
2022-01-31,5647.7536231925445281837925
2022-02-01,7767.6336258304102013283171
2022-02-02,5597.8036284687866457393279
2022-02-03,-7657.1615852031513991838762
2022-02-04,-1524.1515797011798920421757
2022-02-07,-11794.2215741981430353705563
2022-02-08,1705.6584313059593771151513
2022-02-09,8056.4084368111275517390589
2022-02-10,3919.3484423173616948652293
2022-02-11,-7657.1615521753379871023165
2022-02-14,-19632.8615466669712877195913
2022-02-15,18145.0284588424619994973660
2022-02-16,-1633.0215356470379189275022
2022-02-17,-762.0615301354708364302637
2022-02-18,-1052.3815246228365464069896
2022-02-21,-1270.1215191091348422137460
2022-02-22,-3701.5515135943655171665866
2022-02-23,-798.3515080785283645415446
2022-02-24,-24277.9815025616231775746250
2022-02-25,9036.2385029563502505382026
2022-02-28,3592.7385084753921266410124
2022-03-02,-6314.4314860044973423820700
2022-03-03,7815.0062695166820503931400
2022-03-04,3724.7557304200315031239163
2022-03-07,20113.6557315296156365342084
2022-03-08,-1042.9242673605853807176941
2022-03-09,-4022.7242662505715070304050
2022-03-10,-12813.1342651403427007944827
2022-03-11,7151.5257359701010796075707
2022-03-14,-9535.3542629192401241986878
2022-03-15,-4618.6842618083662705796418
2022-03-16,-1489.8942606972773178936128
2022-03-17,0.0057404140267755091402
2022-03-21,-1340.9042584744539487135766
2022-03-22,2681.8257426372805511041087
2022-03-23,1489.9057437492303166361363
2022-03-24,2383.8457448613953895645155
2022-03-25,3128.7957459737758115793264
2022-03-28,-4469.6942529136283756212782
2022-03-29,-4618.6842518008171303310717
2022-03-30,-1042.9242506877904108357517
2022-03-31,148.9957504254518245870613
2022-04-01,6704.5557515389096176678255
2022-04-04,-5214.6442473474169898549207
2022-04-05,1340.9157537664720437654432
2022-04-06,2681.8257548805767602836209
2022-04-07,2234.8557559948972014624012
2022-04-08,297.9857571094334090726593
2022-04-11,8343.4457582241854248933587
2022-04-12,-297.9742406608467092884475
2022-04-13,7896.4757604543370483223851
2022-04-18,6853.5457615697367395290936
2022-04-19,-3128.7842373146475938569905
2022-04-20,-11323.2342361988159100164396
2022-04-21,-148.9842350827681671217286
2022-04-22,1787.8857660334956766627663
2022-04-25,-6406.5642328500243368192299
2022-04-26,-3873.7342317333281657158903
2022-04-27,-3128.7842306164157681672841
2022-04-28,-1489.8942294992871023053753
2022-04-29,6853.5457716180578737459794
2022-05-02,-9386.3642272643807981289686
2022-05-04,71820.5441538533969239621423
2022-05-05,1645.4842588159062352035971
2022-05-06,-16051.1757287416266909493033
2022-05-09,-12055.1557162967503759000368
2022-05-10,-16303.0257038494643531460089
2022-05-11,-1007.3356913997681560942960
2022-05-12,-16873.8856789476613180616280
2022-05-13,-3979.1656664931433722743709
2022-05-16,9083.4543459637861481314914
2022-05-17,15178.2243584231277101103737
2022-05-18,3559.5443708848817807071079
2022-05-19,-18787.9456166509511729430408
2022-05-20,8227.1643958156293163856455
2022-05-23,-3844.8455917153762839906470
2022-05-24,-5876.4355792439675066652452
2022-05-25,-11131.7055667701438841409715
2022-05-26,7001.4944457060950511698731
2022-05-27,4415.8344581847497669455269
2022-05-30,16689.3244706658207309547849
2022-05-31,1477.5844831493084110570168
2022-06-01,-6380.1355043647867247978164
2022-06-02,12617.2594081235357914308560
2022-06-03,2695.6907551646508135560320
2022-06-06,-2378.5492446891262725827560
2022-06-07,-2219.9792445428750455046646
2022-06-08,317.1407556034045002726086
2022-06-09,1109.9907557497123702324276
2022-06-10,-2219.9792441039514301407816
2022-06-13,6025.6607560424131046384686
2022-06-14,-9831.3392438111940199432717
2022-06-15,634.2807563352272016016096
2022-06-16,1744.2707564816767747617875
2022-06-17,5708.5207566281547050269995
2022-06-20,-4122.8192432253390021119537
2022-06-21,-634.2792430788043411632083
2022-06-22,-1585.6992429322413066338371
2022-06-23,1268.5607572143501069701505
2022-06-24,-1585.6992426390300948561905
2022-06-27,3329.9707575076180933832581
2022-06-28,-1109.9892423457053228143208
2022-06-29,-634.2792421990003379506797
2022-06-30,0.0007579477330534734931
2022-07-01,9514.2007580944948569585741
2022-07-04,5074.2407582412850780060053
2022-07-05,1902.8407583881037221182938
2022-07-06,-9989.9092414650492052009883
2022-07-07,-9197.0592413181736984472027
2022-07-08,-317.1392411712697521146454
2022-07-11,-158.5692410243373606965464
2022-07-12,951.4207591226234813149306
2022-07-13,-2854.2592407303872205713115
2022-07-14,-2219.9792405833694608453034
2022-07-15,-3012.8292404363232339960085
2022-07-18,6977.0807597107514654886766
2022-07-19,-2537.1192401421453568780773
2022-07-20,0.0007600049863044179682
2022-07-21,-5708.5192398478535451078808
2022-07-22,10465.6207602993351000607496
2022-07-25,-1427.1292395534477545586986
2022-07-26,-2219.9792394062021034477147
2022-07-27,1744.2707607410720589132803
2022-07-28,7135.6507608883747380449340
2022-07-29,634.2807610357059394689633
2022-08-01,2537.1207611830656687081541
2022-08-02,-38694.6420486695460687136383
2022-08-03,1720.8940168782470170478383
2022-08-04,210.7340195923422521844435
2022-08-05,280.9740223069630189562373
2022-08-08,5408.4940250221094191221761
2022-08-10,878.0140277377815544609203
2022-08-11,4565.6140304539795267708379
2022-08-12,1826.2540331707034378700077
2022-08-16,4319.7740358879533895962243
2022-08-17,5127.5340386057294838070003
2022-08-18,561.9340413240318223795719
2022-08-19,-7375.1859559571394927890989
2022-08-22,-9341.9059532377843597823192
2022-08-23,4354.8940494820973233363379
2022-08-24,1545.2940522025056585230373
2022-08-25,-2985.1859450765592522463145
2022-08-26,491.6940576449026930239350
2022-08-29,-8709.7459396331084036508123
2022-08-30,15733.7740630894075597645986
2022-09-01,-7375.1859341875493146749201
2022-09-02,-33556.9819314639789248946950
2022-09-05,416.7398423187568089664962
2022-09-06,4917.0998500334451717381111
2022-09-07,1972.4198577496273335252393
2022-09-08,1472.3798654673035835729405
2022-09-09,152.8298731864742111822818
2022-09-12,6736.6898809071395057103473
2022-09-13,4458.7298886292997565702495
2022-09-14,1986.3098963529552532311403
2022-09-15,5153.2299040781062852182215
2022-09-16,-18418.1000881952468578872441
2022-09-19,1444.5999195328961135520780
2022-09-20,6014.4099272625354892296049
2022-09-21,-8639.5400650063284411051526
2022-09-22,2639.1399427263046123534204
2022-09-23,-11417.5400495395650605329460
2022-09-26,-17265.2300418039371698463955
2022-09-27,1416.8199659331885743870653
2022-09-28,-4222.5200263281875378024228
2022-09-29,-1347.2900185880652163285601
2022-09-30,4472.6199891535558289511229
2022-10-03,-12792.6500031033241117647245
2022-10-04,14292.8500046412952517787390
2022-10-06,4778.2000123874142098925565
2022-10-07,-986.1499798649669470560156
2022-10-10,-6111.5599721158479286434974
2022-10-11,-7306.0999643652284443901735
2022-10-12,1611.2800433868917962399168
2022-10-13,-5958.7699488594869161610091
2022-10-14,-2264.0299411043642909444662
2022-10-17,3500.3200666522599625943087
2022-10-18,6611.6800744103861352163685
2022-10-19,-972.2599178299854822609339
2022-10-20,6139.4200899311454010360652
2022-10-21,-7972.8199023062209239626479
2022-10-24,3875.3501054579158337292456
2022-10-25,-2139.0198867764440348455915
2022-10-27,5736.6101209906997614118583
2022-10-28,-1166.7198712406524863430218
2022-10-31,3514.2101365294995131015277
2022-11-01,7361.7401443011560510136543
2022-11-02,-2696.3274479256825812820967
2022-11-03,-63.7320811019475314388414
2022-11-04,1211.0679204313927097315738
2022-11-07,2708.9579219650298523495911
2022-11-09,-956.0920765010360460956117
2022-11-10,-4653.0120749668049281037250
2022-11-11,10708.3279265677232638366940
2022-11-14,-159.3420718974514127517753
2022-11-15,2358.3879296376710996645841
2022-11-16,-127.4720688269091413693699
2022-11-17,-2135.2820672911920782976377
2022-11-18,-892.3520657551776535530744
2022-11-21,-4366.1820642188658095573889
2022-11-22,2167.1679373177435112788593
2022-11-23,892.3679388546503665562612
2022-11-24,7043.2779403918548138865616
2022-11-25,2007.8179419293569108926604
2022-11-28,2199.0379434671567152086151
2022-11-29,1242.9379450052542844796429
2022-11-30,4047.4979465436496763621227
2022-12-01,2677.0879480823429485235980
2022-12-02,-2326.5020503786658413572222
2022-12-05,-1179.1820488393766355904602
2022-12-06,-956.0920472997893764750677
2022-12-07,-4047.4820457599040062988238
2022-12-08,2390.2579557802795326616671
2022-12-09,-3633.1720426792387018590223
2022-12-12,414.3179588615413478848601
2022-12-13,3696.9279604026197396502473
2022-12-14,1848.4679619439965312052562
2022-12-15,-8827.9820365143282196708107
2022-12-16,-4525.5320349723544551874635
2022-12-19,4812.3779665699178824569786
2022-12-20,-1466.0120318875111489246126
2022-12-21,-5768.4620303446414915081698
2022-12-22,-2708.9420288014730874584300
2022-12-23,-10835.7920272580058789289313
2022-12-26,6628.9679742857601919379892
2022-12-27,2453.9979758298251830111971
2022-12-28,-31.8620226258108478292363
2022-12-29,2517.7379789188521573079670
2022-12-30,-2358.3720195361857436747052
2023-01-02,4143.1079820090755071364469
2023-01-03,1057.4634435546359676663364
2023-01-04,5878.8420997903193215535915
2023-01-05,-3874.6878998030972152798209
2023-01-06,-3741.0778993964350251513078
2023-01-09,8150.2121010103059071830721
2023-01-10,-2004.1478985828744030297878
2023-01-11,801.6621018240240594599579
2023-01-12,-935.2678977689986900948926
2023-01-13,3741.0821026380573635614126
2023-01-16,6279.6721030451922356875790
2023-01-17,-2672.1978965475940584547329
2023-01-18,-534.4378961403015036009080
2023-01-19,534.4421042670699155166249
2023-01-20,3473.8621046745202141683932
2023-01-23,133.6121050820494076278809
2023-01-24,1870.5421054896575111715296
2023-01-25,-2004.1478941026554599212610
2023-01-27,267.2221063051105096318671
2023-01-30,-133.6078932870445648837686
2023-01-31,-1336.0978928791206681798916
2023-02-01,9887.1421075288822150347358
2023-02-02,14162.6621079369641000543114
2023-02-03,-14029.0478916548749978240052
2023-02-06,-5077.1778912466350633000925
2023-02-07,400.8321091616839189291337
2023-02-08,1736.9321095700819641697205
2023-02-09,-1202.4878900214409122693213
2023-02-10,-6012.4478896128846950760163
2023-02-13,133.6121107957506310645757
2023-02-14,1603.3221112044650814703601
2023-02-15,-8417.4278883867413285377917
2023-02-16,267.2221120221314163639588
2023-02-17,-3073.0278875689166684975835
2023-02-20,5745.2321128401144322073547
2023-02-21,-1603.3178867507752661884853
2023-02-22,-1336.0978863415857483493932
2023-02-23,-4008.2978859323169989366896
2023-02-24,-1068.8778855229690026087244
2023-02-27,-4542.7378851135417440208774
2023-02-28,-400.8278847040352078255571
2023-03-01,4809.9621157055506213277997
2023-03-02,534.4421161152157587927289
2023-03-03,133.6121165249602199257388
2023-03-06,400.8321169347840200863115
2023-03-08,-9753.5278826553128253630969
2023-03-09,-668.0478822453303010570556
2023-03-10,4809.9621181647316083728414
2023-03-13,18571.7921185748729182979755
2023-03-14,4141.9121189850936440927052
2023-03-15,-2672.1978806046061988656346
2023-03-16,10287.9721198057734048032687
2023-03-17,668.0521202162324704827058
2023-03-20,15498.7621206267710135589460
2023-03-21,-5745.2278789626109505787622
2023-03-22,-5878.8378785519134065381901
2023-03-23,4275.5221218588636610758709
2023-03-24,7214.9421222697202676616108
2023-03-27,-6680.4978773193435713797992
2023-03-28,133.6121230916721593557945
2023-03-29,3741.0821235027674752755281
2023-03-31,4409.1321239139423917895211
2023-04-03,-2939.4178756748030756891229
2023-04-05,14162.6621247365310882556836
2023-04-06,-668.0478748520551009569863
2023-04-10,-5745.2278744405616279050743
2023-04-11,2271.3721259710115228364644
2023-04-12,2271.3721263826643666956611
2023-04-13,2939.4221267943969191035345
2023-04-17,-2672.1978727937908045059086
2023-04-18,-2939.4178723818987886956731
2023-04-19,-5344.3978719699270180257748
2023-04-20,6947.7221284421245229467600
2023-04-21,-4676.3478711457441503321042
2023-04-24,-400.8278707335330224134128
2023-04-25,801.6621296787579221547807
2023-04-26,2137.7621300911286988274143
2023-04-27,-133.6078694964206769375809
2023-04-28,-2939.4178690838901896792811
2023-05-02,801.6621313287201760662314
2023-05-03,10020.7521317414104357658687
2023-05-04,6012.4521321541806048895372
2023-05-05,-133.6078674329693010898604
2023-05-08,-4409.1278670200392666964261
2023-05-09,2672.2021333929707235487351
2023-05-10,801.6621338060606851275151
2023-05-11,-801.6578657807693664751959
2023-05-12,-6146.0578653675194157715101
2023-05-15,4943.5721350458105527294598
2023-05-16,-3073.0278645407794454783996
2023-05-17,-5745.2278641272893948982016
2023-05-18,-400.8278637137192800300588
2023-05-19,-2004.1478633000690853710826
2023-05-22,7214.9421371136612045846174
2023-05-23,-7348.5478624725283946540657
2023-05-24,4275.5221379413621324247637
2023-05-25,-4008.2978616446671986639948
2023-05-26,-1603.3178612306163724024376
2023-05-29,-2004.1478608164853732696563
2023-05-30,-534.4378604022741857417375
2023-05-31,-133.6078599879827942917613
2023-06-01,-1870.5378595736111833898019
2023-06-02,4409.1321408408406624970740
2023-06-05,-8016.5978587446272410951929
2023-06-06,4676.3521416699851213723465
2023-06-07,-1068.8778579153222345583502
2023-06-08,-3874.6878575005492933423157
2023-06-09,3473.8621429143039605684274
2023-06-12,-400.8278566707624572751335
2023-06-13,-534.4378562557485313189991
2023-06-14,-4409.1278558406542460061590
2023-06-15,-5344.3978554254795857765904
2023-06-16,6947.7221449897754649327430
2023-06-19,-2538.5878545948890783121101
2023-06-20,267.2221458205268000579143
2023-06-21,-5611.6178537639768843851061
2023-06-22,-2672.1978533484001160660782
2023-06-23,-1870.5378529327428794068925
2023-06-26,3340.2521474829948411735761
2023-06-27,-2271.3678521011869387405298
2023-06-28,-3741.0778516852882035620503
2023-06-30,-2672.1978512693089377008069
2023-07-03,3073.0321491467508744363968
2023-07-04,-605.8538004371087515542226
2023-07-05,-186.3566797084247223274652
2023-07-06,2733.2833209344850172675915
2023-07-07,-2950.6966784224807561988119
2023-07-10,-714.3766777793220186222065
2023-07-11,2857.5233228639612541065441
2023-07-12,-900.7366764926309138987554
2023-07-13,1242.4033241509015014803686
2023-07-14,4193.1033247945585243670600
2023-07-17,4659.0033254383401788891336
2023-07-18,1553.0033260822464891790761
2023-07-19,2950.7033267262774793740470
2023-07-20,2981.7633273704331736158794
2023-07-21,-4068.8566719852864039489188
2023-07-24,-3074.9366713408812291691646
2023-07-25,93.1833293036487221110019
2023-07-26,3292.3633299483034740521177
2023-07-27,-2422.6766694069169491806023
2023-07-28,-2081.0166687620125234172634
2023-07-31,3727.2033318830167755167086
2023-08-01,-776.4966674718290281994312
2023-08-02,-6522.5966668265499103817454
2023-08-03,-4658.9966661811458468416143
2023-08-04,4255.2233344643831866142657
2023-08-07,2795.4033351100372141838826
2023-08-08,-372.7166642441837399300898
2023-08-09,2018.9033364017203484797082
2023-08-10,-3292.3566629522504963746762
2023-08-11,-2919.6366623060962502765075
2023-08-14,-155.2966616598168890043611
2023-08-16,403.7833389865876116678773
2023-08-17,-3043.8766603668827240289866
2023-08-18,-2174.1966597202278718594560
2023-08-21,1149.2233409265521924166597
2023-08-22,652.2633415734574930442436
2023-08-23,2453.7433422204880542728741
2023-08-24,-1956.7766571323560996431752
2023-08-25,-465.8966564850749444449343
2023-08-28,-2267.3766558376684558687359
2023-08-29,1863.6033448098633903537854
2023-08-30,1211.3433454575206184956943
2023-08-31,-1708.2966538946967471652449
2023-09-01,3323.4233467532113176534335
2023-09-04,-6893.9097725987551627611033
2023-09-05,1508.1697743268516675071490
2023-09-06,3071.1097878372899195677222
2023-09-07,3825.1598013503442046306747
2023-09-08,5209.8698148660150292398013
2023-09-11,5676.0098283843029000369802
2023-09-12,-14477.6901580947916762378099
2023-09-13,2275.9298554287318072535307
2023-09-14,4373.5598689548738574472403
2023-09-15,-287.8401175163650186222838
2023-09-18,2330.7698960150156861775325
2023-09-20,-2741.9300904509835209225399
2023-09-21,-9596.9300769143621325935151
2023-09-22,-822.5300633751196414081728
2023-09-25,-2426.6000498332555398410392
2023-09-26,1192.8399637112306797316320
2023-09-27,1371.0699772583395250318785
2023-09-28,-7540.4300091919284961199520
2023-09-29,5388.1000043604271241948186
2023-10-03,-891.0799820845931060067838
2023-10-04,-6396.8646185269886786093654
2023-10-05,3423.9105898858246994454915
2023-10-06,3302.7105919363496559260162
2023-10-09,-3454.1894060127283434074545
2023-10-10,4999.5105960385907783249462
2023-10-11,4938.9105980903070980179716
2023-10-12,-484.7893998575793074187362
2023-10-13,-1605.8893978050683610606427
2023-10-16,-515.0893957521599859683185
2023-10-17,1969.5106063011458948125633
2023-10-18,-4090.4893916451506417487693
2023-10-19,-1605.8893895910495186681850
2023-10-20,-4151.0893875365506589466458
2023-10-23,-6453.8893854816539855702045
2023-10-25,-5120.6893834263594215100016
2023-10-26,-8302.1893813706668897222624
2023-10-27,5544.9106206854236868517058
2023-10-30,2878.5106227419123852855165
2023-10-31,-1636.1893752012007173322930
2023-11-01,-2999.6893731439155438982584
2023-11-02,8693.8049289137679827060139
2023-11-03,-621.9991484724244237210555
2023-11-06,-621.9991483075427079259683
2023-11-07,-4851.5991481426290660007319
2023-11-08,497.6008520223165082365265
2023-11-09,-5722.3991478127059790311234
2023-11-10,4602.8008523523034783805857
2023-11-12,-1243.9991474826551133428823
2023-11-13,-3483.1991473175817480148648
2023-11-15,6593.2008528475235805524981
2023-11-16,-870.7991469873391214517355
2023-11-17,5846.8008531778301521626913
2023-11-20,-2487.9991466569685924127665
2023-11-21,2736.8008535082646510145452
2023-11-22,3607.6008536735298886384798
2023-11-23,-1865.9991461611728733459104
2023-11-24,1617.2008540041563712576266
2023-11-28,1866.0008541695176286465429
2023-11-29,9330.0008543349109050194901
2023-11-30,1244.0008545003362065763203
2023-12-01,1741.6008546657935395180862
2023-12-04,3513.0865048312829100470412
2023-12-05,7640.0792928570496259314486
2023-12-06,7133.2793062742606363370338
2023-12-07,5156.7593196940696281069726
2023-12-08,-4510.4506668835228957102874
2023-12-11,7538.7193465414835680311070
2023-12-12,-4282.3906400309104774255670
2023-12-13,4447.2393733992954712604117
2023-12-14,10098.0593868321019175272258
2023-12-15,1786.5394002675093649105390
2023-12-18,3636.3594137055183170435151
2023-12-19,785.6094271461292776568368
2023-12-20,-19169.6405594106572494212762
2023-12-21,7640.0794540351592397349529
2023-12-22,5714.2394674835792491488760
2023-12-26,7285.3194809346032829414396
2023-12-27,2850.8194943882318453312030
2023-12-28,3484.3195078444654406343578
2023-12-29,5524.1895213033045732647466
2024-01-01,975.6595347647497477338819
2024-01-02,-1837.0804517711985313490349
2024-01-03,6373.0795616954602407229051
2024-01-04,7868.1395751647265687543376
2024-01-05,-2014.4604113633990423523559
2024-01-08,-6056.1903978889160875970298
2024-01-09,3028.1996155881759381182450
2024-01-10,1039.0096290678775399892003
2024-01-11,7209.2996425501892233093890
2024-01-12,848.9596560351114934702041
2024-01-15,1723.1896695226448559608980
2024-01-16,-848.8203169872101836313990
2024-01-17,-7158.4803034944531196216589
2024-01-18,-4003.6502899990834462269387
2024-01-19,10921.6097234988993424336408
2024-01-20,-151.9702630005042476610882
2024-01-23,-18447.4502494972937104343201
2024-01-24,11757.8297640085314602887426
2024-01-25,6056.3297775169717707809083
2024-01-29,5701.5697910280277274130149
2024-01-30,-3040.7301954583001633460502
2024-01-31,5891.6198180579886050706674
2024-02-01,2749.4598315768945393282096
2024-02-02,6335.0698450984181461897241
2024-02-05,-3332.1401413774400674835174
2024-02-06,10237.4298721493204052679018
2024-02-07,12416.6698856787000715015601
2024-02-08,1444.4498992106994383732185
2024-02-09,-1647.0300872546809868631616
2024-02-12,-13138.7200737174406968553989
2024-02-13,4852.6799398224208158469271
2024-02-14,10756.8999533649040587924942
2024-02-15,7462.6999669100095396282577
2024-02-16,6157.6899804577377660994683
2024-02-19,1837.2199940080892460496921
2024-02-20,937.6500075610644874208290
2024-02-21,-4700.4999788833360017468680
2024-02-22,8526.9800346748882866852260
2024-02-23,2052.6100482357378609541274
2024-02-26,747.6000617992132293952627
2024-02-27,-1064.2099246346850995575127
2024-02-28,-10110.5899110659566173718948
2024-02-29,8172.2201025053991845828879
2024-03-01,5967.6401160793828150360930
2024-03-02,4535.9301296559947828154838
2024-03-04,1216.3901432352355968473481
2024-03-05,1938.5801568171057661565175
2024-03-06,-2305.8698295983942001336139
2024-03-07,7804.7901839887362071989300
2024-03-11,-494.0598024215025025252737
2024-03-12,-15355.9697888291098198870282
2024-03-13,-26328.1897752340852353684976
2024-03-14,17205.9302383635717606468128
2024-03-15,-6600.9997480361383221259259
2024-03-18,4878.0202655667850261271545
2024-03-19,-14519.7497208276576846813625
2024-03-20,3104.2202927805340554598412
2024-03-21,16382.3803063913607566608372
2024-03-22,3471.6503200048229291304706
2024-03-26,7576.7303336209210831763779
2024-03-27,3420.9703472396557292050071
2024-03-28,8438.2903608610273777216361
2024-04-01,15166.0603744850365393303926
2024-04-02,8793.0503881116837247342726
2024-04-03,2597.4204017409694447351599
2024-04-04,-3940.2995846271057897661552
2024-04-05,5600.2104290074585322300441
2024-04-08,5397.4904426446629218224194
2024-04-09,-2343.8795437154921097914035
2024-04-10,7576.7304699269939486851850
2024-04-12,-4827.1995164278783913522031
2024-04-15,-12834.6395027801086184089341
2024-04-16,506.8705108703037791086670
2024-04-18,-1532.9994754766406871066650
2024-04-19,-367.3594618209415052631159
2024-04-22,10085.3905518374018365302272
2024-04-23,2014.6005654983898502633948
2024-04-24,6183.0305791620230480255539
2024-04-25,4687.9705928283019420050285
2024-04-26,6791.1906064972270444893167
2024-04-29,2432.7106201687988678651123
2024-04-30,6955.9006338430179246183218
2024-05-02,12974.1506475198847273340851
2024-05-03,-304.0093388006002113032058
2024-05-06,-11466.2793251184363785098876
2024-05-07,-13569.4993114336232614030066
2024-05-08,9730.6307022538396529997008
2024-05-09,-16382.2392840560471222201726
2024-05-10,7728.7707296367169261183140
2024-05-13,5106.0807433321323112954688
2024-05-14,12404.0007570301995466909873
2024-05-15,4725.9807707309191457839700
2024-05-16,6474.4407844342916221529437
2024-05-17,12898.1307981403174894758788
2024-05-18,7488.0408118489972615302100
2024-05-21,7956.8308255603314521928545
2024-05-22,2217.3208392743205754402324
2024-05-23,4992.0508529909651453482845
2024-05-24,4713.3108667102656760924931
2024-05-27,418.1808804322226819479001
2024-05-28,-7779.3091058431633227108730
2024-05-29,-6296.9190921158918234096062
2024-05-30,-7019.1090783859623055744616
2024-05-31,481.5309353466257454680360
2024-06-03,38364.8309490818728444910180
2024-06-04,-12593.9090371802204936327080
2024-06-05,-35361.8990234396537539306396
2024-06-06,18143.5109903035735786694401
2024-06-07,12530.7010040494620193394815
2024-06-10,8032.8510177980120833511882
2024-06-11,-861.4889684507757139239637
2024-06-12,6702.5010453030991429852931
2024-06-13,7994.8410590596371696500370
2024-06-14,13404.9310728188388817411770
2024-06-18,5688.9010865807047950294714
2024-06-19,-8602.8588996547645746144525
2024-06-20,975.6611141124312887799208
2024-06-21,-6702.3588721177070987169850
2024-06-24,5524.1911416548207790651798
2024-06-25,-2761.9888445699845616032879
2024-06-26,-836.1488307921226043521259
2024-06-27,-12.5988170115928327110870
2024-06-28,2470.7211967716052698900806
2024-07-01,8653.6812105574722201216522
2024-07-02,-101.2887756539914652460535
2024-07-03,6423.7612381372147306573444
2024-07-04,5144.0912519310913248023090
2024-07-05,7918.8212657276388342594044
2024-07-08,950.3212795268577761993154
2024-07-09,3991.1212933287486678928669
2024-07-10,240.8013071333120267110432
2024-07-11,2470.7213209405483701250076
2024-07-12,-4066.9986652495417842938799
2024-07-15,7969.5013485630420811259619
2024-07-16,-5131.2786376216995158436539
2024-07-18,-11086.1786238037660573306526
2024-07-19,-22907.2886099831570253626872
2024-07-22,11111.6614038401280981328858
2024-07-23,-7259.8385823339101686709756
2024-07-24,2014.6014314947286924990208
2024-07-25,3154.9014453260452000165209
2024-07-26,17725.4014591600398723555429
2024-07-29,9641.9414729967132280904979
2024-07-30,-1140.228513163934214103791
2024-07-31,6689.831500678098064547931
2024-08-01,-3813.598485477189417078634
2024-08-02,-10934.1384716297961400073076
2024-08-05,-19486.3884577797215851614276
2024-08-06,-22387.8184439269652333638194
2024-08-07,25492.1115699284734346632193
2024-08-08,-3724.9084162134050617020617
2024-08-09,10186.7515976473997970191556
2024-08-12,-3281.4583884891114695937243
2024-08-13,-10490.6883746229383418606903
2024-08-14,1267.0716392459196999988946
2024-08-16,14304.5016531174631758663126
2024-08-19,6271.7216669916926057235111
2024-08-20,9477.2316808686085096531217
2024-08-21,3142.2316947482114078384800
2024-08-22,6917.891708630501820563644
2024-08-23,-2926.698277484519731786584
2024-08-26,4687.971736403147271273361
2024-08-27,836.291750293503350329823
2024-08-28,2191.981764186549026069951
2024-08-29,-2001.788221917715180718288
2024-08-30,3509.661791980711250853916
2024-09-02,874.301805881828841776230
2024-09-03,1381.101819785638113139204
2024-09-04,2470.721833692139586134284
2024-09-05,-2952.038152398666217946164
2024-09-06,-9388.398138486778777708836
2024-09-09,354.831875427802428340529
2024-09-10,2572.081889345077921797170
2024-09-11,-5435.358096734951775642676
2024-09-12,12353.321917187713857818239
2024-09-13,924.981931113075344078207
2024-09-16,0.071945041133205136567
2024-09-17,-1456.978041028112036906260
2024-09-18,-3788.258027094659859848762
2024-09-19,-6765.708013158509741388313
2024-09-20,12378.662000780338840878847
2024-09-23,14950.672014721886409457634
2024-09-24,1140.372028666133486954132
2024-09-25,-3078.737957386919403924377
2024-09-26,6449.102056562728259630595
2024-09-27,7500.712070515077000528774
2024-09-30,-3636.217915529872658218868
2024-10-01,-1469.647901572120193500086
2024-10-03,-17991.327887611665082101342
2024-10-04,-5612.737873648506800707792
2024-10-07,-23097.3378596826448259032621
2024-10-08,14013.0921542859213658297751
2024-10-09,10984.962168257192298110212
2024-10-10,-1773.727817768831505341670
2024-10-11,1077.022196207850479295822
2024-10-14,3623.692210187238775945803
2024-10-15,3091.552224169333908632843
2024-10-16,-2077.807761845863598517029
2024-10-17,-22679.227747858353221276292
2024-10-18,3902.432266131865564684083
2024-10-21,-13936.9277198752067162053556
2024-10-22,-28431.4077058795695394125079
2024-10-23,-2838.0076918812223803037106
2024-10-24,-4611.8076778801647141437152
2024-10-25,-11630.9876638763960160956682
2024-10-28,4105.1523501300842387789077
2024-10-29,6385.7523641392765755201348
2024-10-30,-3623.5476218488184807302014
2024-10-31,-4206.3676078342004047286320
2024-11-01,11998.5624061831313288700154
2024-11-04,-19068.2775797968227544873640
2024-11-05,5004.7224342259378707478674
2024-11-06,21615.0924482514137302261093
2024-11-07,-10287.9675377203946503004560
2024-11-08,-11314.2375236894867449778455
2024-11-11,3091.5524903441379721497460
2024-11-12,-20981.4474956195199728600354
2024-11-13,-17345.1574815804600538476832
2024-11-14,4092.4825324613182554481900
2024-11-18,-848.8174534941845186091280
2024-11-19,4878.0225605530321504455701
2024-11-21,-13075.3674253970312108205683
2024-11-22,16572.4325886556259242615635
2024-11-25,18384.2426027110040824630517
2024-11-26,2128.6326167691037906569809
2024-11-27,8603.0026308299255758184550
2024-11-28,1077.0226448934699650246158
2024-11-29,6107.0126589597374854546639
2024-12-02,6297.0626730287286643898773
2024-12-03,10123.4026871004440292136322
2024-12-04,4358.5527011748841074114219
2024-12-05,2648.1027152520494265708775
2024-12-06,6373.0827293319405143817865
2024-12-09,-2533.9272565854421013638860
2024-12-10,5220.1127574999021072280211
2024-12-11,1951.2527715879736681538855
2024-12-12,-2432.5672143212268904876788
2024-12-13,-1494.9872002276990404958018
2024-12-16,2812.8128138685577464326623
2024-12-17,-12910.6571720324560012968452
2024-12-18,-12923.3271579307397551765678
2024-12-19,-8501.4971438262929865964129
2024-12-20,-25301.9171297191151668439341
2024-12-23,1976.5928843907942328956909
2024-12-24,557.5528985034357415396786
2024-12-26,2546.7429126188098881076600
2024-12-27,-6562.9870732630827982782994
2024-12-30,-7019.1070591422417883936802
2024-12-31,-2568.9933750186665529114884
