date,pnl
2002-01-08,0
2002-01-09,19.3630506544079874259124
2002-01-10,19.3667999317144391218134
2002-01-11,19.3705499349953548401798
2002-01-14,19.3743006643913053842181
2002-01-15,19.3780521200428887759310
2002-01-16,19.3818043020907302613872
2002-01-17,19.3855572106754823159932
2002-01-18,19.3893108459378246497655
2002-01-21,19.3930652080184642126040
2002-01-22,19.3968202970581351995667
2002-01-23,19.4005761131975990561451
2002-01-24,19.4043326565776444835405
2002-01-25,19.4080899273390874439420
2002-01-28,19.4118479256227711658046
2002-01-29,19.4156066515695661491291
2002-01-30,19.4193661053203701707424
2002-01-31,19.4231262870161082895795
2002-02-01,19.4268871967977328519657
2002-02-04,19.4306488348062234969007
2002-02-05,19.4344112011825871613432
2002-02-06,19.4381742960678580854963
2002-02-07,19.4419381196030978180945
2002-02-08,19.4457026719293952216917
2002-02-11,19.4494679531878664779494
2002-02-12,19.4532339635196550929269
2002-02-13,19.4570007030659319023723
2002-02-14,19.4607681719678950770139
2002-02-15,19.4645363703667701278534
2002-02-18,19.4683052984038099114598
2002-02-19,19.4720749562202946352641
2002-02-20,19.4758453439575318628555
2002-02-21,19.4796164617568565192784
2002-02-22,19.4833883097596308963304
2002-02-25,19.4871608881072446578609
2002-02-26,19.4909341969411148450720
2002-02-27,19.4947082364026858818187
2002-02-28,19.4984830066334295799117
2002-03-01,19.5022585077748451444203
2002-03-04,19.5060347399684591789763
2002-03-05,19.5098117033558256910798
2002-03-06,19.5135893980785260974048
2002-03-07,19.5173678242781692291068
2002-03-08,19.5211469820963913371311
2002-03-11,19.5249268716748560975219
2002-03-12,19.5287074931552546167328
2002-03-13,19.5324888466793054369381
2002-03-14,19.5362709323887545413453
2002-03-15,19.5400537504253753595082
2002-03-18,19.5438373009309687726419
2002-03-19,19.5476215840473631189376
2002-03-20,19.5514065999164141988798
2002-03-21,19.5551923486800052805633
2002-03-22,19.5589788304800471050121
2002-03-26,19.5627660454584778914986
2002-03-27,19.5665539937572633428649
2002-03-28,19.5703426755183966508438
2002-04-01,19.5741320908838985013817
2002-04-02,19.5779222399958170799625
2002-04-03,19.5817131229962280769322
2002-04-04,19.5855047400272346928246
2002-04-05,19.5892970912309676436882
2002-04-08,19.5930901767495851664141
2002-04-09,19.5968839967252730240649
2002-04-10,19.6006785513002445112043
2002-04-11,19.6044738406167404592285
2002-04-12,19.6082698648170292416979
2002-04-15,19.6120666240434067796698
2002-04-16,19.6158641184381965470333
2002-04-17,19.6196623481437495758435
2002-04-18,19.6234613133024444616580
2002-04-19,19.6272610140566873688740
2002-04-22,19.6310614505489120360665
2002-04-23,19.6348626229215797813274
2002-04-24,19.6386645313171795076057
2002-04-25,19.6424671758782277080491
2002-04-26,19.6462705567472684713458
2002-04-29,19.6500746740668734870682
2002-04-30,19.6538795279796420510172
2002-05-02,19.6576851186282010705675
2002-05-03,19.6614914461552050700142
2002-05-06,19.6652985107033361959202
2002-05-07,19.6691063124153042224647
2002-05-08,19.6729148514338465567927
2002-05-09,19.6767241279017282443657
2002-05-10,19.6805341419617419743133
2002-05-13,19.6843448937567080847857
2002-05-14,19.6881563834294745683077
2002-05-15,19.6919686111229170771332
2002-05-16,19.6957815769799389286009
2002-05-17,19.6995952811434711104913
2002-05-20,19.7034097237564722863846
2002-05-21,19.7072249049619288010191
2002-05-22,19.7110408249028546856519
2002-05-23,19.7148574837222916634191
2002-05-24,19.7186748815633091546981
2002-05-27,19.7224930185690042824709
2002-05-28,19.7263118948825018776876
2002-05-29,19.7301315106469544846321
2002-05-30,19.7339518660055423662878
2002-05-31,19.7377729611014735097048
2002-06-03,19.7415947960779836313687
2002-06-04,19.7454173710783361825690
2002-06-05,19.7492406862458223547701
2002-06-06,19.7530647417237610849824
2002-06-07,19.7568895376554990611344
2002-06-10,19.7607150741844107274467
2002-06-11,19.7645413514538982898060
2002-06-12,19.7683683696073917211408
2002-06-13,19.7721961287883487667979
2002-06-14,19.7760246291402549499201
2002-06-17,19.7798538708066235768246
2002-06-18,19.7836838539309957423829
2002-06-19,19.7875145786569403354012
2002-06-20,19.7913460451280540440026
2002-06-21,19.7951782534879613610096
2002-06-24,19.7990112038803145893279
2002-06-25,19.8028448964487938473315
2002-06-26,19.8066793313371070742485
2002-06-27,19.8105145086889900355480
2002-06-28,19.8143504286482063283281
2002-07-01,19.8181870913585473867052
2002-07-02,19.8220244969638324872038
2002-07-03,19.8258626456079087541479
2002-07-04,19.8297015374346511650528
2002-07-05,19.8335411725879625560189
2002-07-08,19.8373815512117736271255
2002-07-09,19.8412226734500429478260
2002-07-10,19.8450645394467569623451
2002-07-11,19.8489071493459299950750
2002-07-12,19.8527505032916042559750
2002-07-15,19.8565946014278498459702
2002-07-16,19.8604394438987647623523
2002-07-17,19.8642850308484749041814
2002-07-18,19.8681313624211340776882
2002-07-19,19.8719784387609240016782
2002-07-22,19.8758262600120543129359
2002-07-23,19.8796748263187625716310
2002-07-24,19.8835241378253142667249
2002-07-25,19.8873741946760028213787
2002-07-26,19.8912249970151495983622
2002-07-29,19.8950765449871039054638
2002-07-30,19.8989288387362430009015
2002-07-31,19.9027818784069720987348
2002-08-01,19.9066356641437243742780
2002-08-02,19.9104901960909609695144
2002-08-05,19.9143454743931709985113
2002-08-06,19.9182014991948715528363
2002-08-07,19.9220582706406077069748
2002-08-08,19.9259157888749525237482
2002-08-09,19.9297740540425070597330
2002-08-12,19.9336330662879003706818
2002-08-13,19.9374928257557895169445
2002-08-14,19.9413533325908595688908
2002-08-16,19.9452145869378236123338
2002-08-19,19.9490765889414227539549
2002-08-20,19.9529393387464261267292
2002-08-21,19.9568028364976308953524
2002-08-22,19.9606670823398622616683
2002-08-23,19.9645320764179734700983
2002-08-26,19.9683978188768458130706
2002-08-27,19.9722643098613886364515
2002-08-28,19.9761315495165393449774
2002-08-29,19.9799995379872634076878
2002-08-30,19.9838682754185543633593
2002-09-02,19.9877377619554338259410
2002-09-03,19.9916079977429514899904
2002-09-04,19.9954789829261851361110
2002-09-05,19.9993507176502406363903
2002-09-06,20.0032232020602519598395
2002-09-09,20.0070964363013811778335
2002-09-11,20.0109704205188184695529
2002-09-12,20.0148451548577821274258
2002-09-13,20.0187206394635185625724
2002-09-16,20.0225968744813023102485
2002-09-17,20.0264738600564360352922
2002-09-18,20.0303515963342505375699
2002-09-19,20.0342300834601047574245
2002-09-20,20.0381093215793857811242
2002-09-23,20.0419893108375088463123
2002-09-24,20.0458700513799173474581
2002-09-25,20.0497515433520828413093
2002-09-26,20.0536337868995050523446
2002-09-27,20.0575167821677118782283
2002-09-30,20.0614005293022593952649
2002-10-01,20.0652850284487318638560
2002-10-03,20.0691702797527417339571
2002-10-04,20.0730562833599296505363
2002-10-07,20.0769430394159644590333
2002-10-08,20.0808305480665432108203
2002-10-09,20.0847188094573911686635
2002-10-10,20.0886078237342618121853
2002-10-11,20.0924975910429368433283
2002-10-14,20.0963881115292261918199
2002-10-16,20.1002793853389680206380
2002-10-17,20.1041714126180287314779
2002-10-18,20.1080641935123029702202
2002-10-21,20.1119577281677136323995
2002-10-22,20.1158520167302118686749
2002-10-23,20.1197470593457770903004
2002-10-24,20.1236428561604169745975
2002-10-25,20.1275394073201674704283
2002-10-28,20.1314367129710928036695
2002-10-29,20.1353347732592854826879
2002-10-30,20.1392335883308663038167
2002-10-31,20.1431331583319843568329
2002-11-01,20.1470334834088170304359
2002-11-04,20.1509345637075700177267
2002-11-05,20.1548363993744773216889
2002-11-07,20.1587389905558012606701
2002-11-08,20.1626423373978324738646
2002-11-11,20.1665464400468899267975
2002-11-12,20.1704512986493209168091
2002-11-13,20.1743569133515010785411
2002-11-14,20.1782632842998343894235
2002-11-15,20.1821704116407531751625
2002-11-18,20.1860782955207181152299
2002-11-20,20.1899869360862182483528
2002-11-21,20.1938963334837709780053
2002-11-22,20.1978064878599220779005
2002-11-25,20.2017173993612456974838
2002-11-26,20.2056290681343443674275
2002-11-27,20.2095414943258490051260
2002-11-28,20.2134546780824189201928
2002-11-29,20.2173686195507418199576
2002-12-02,20.2212833188775338149653
2002-12-03,20.2251987762095394244754
2002-12-04,20.2291149916935315819632
2002-12-05,20.2330319654763116406214
2002-12-06,20.2369496977047093788631
2002-12-09,20.2408681885255830058256
2002-12-10,20.2447874380858191668759
2002-12-11,20.2487074465323329491163
2002-12-12,20.2526282140120678868920
2002-12-13,20.2565497406719959672992
2002-12-16,20.2604720266591176356942
2002-12-17,20.2643950721204618012042
2002-12-18,20.2683188772030858422385
2002-12-19,20.2722434420540756120010
2002-12-20,20.2761687668205454440040
2002-12-23,20.2800948516496381575827
2002-12-24,20.2840216966885250634107
2002-12-26,20.2879493020844059690173
2002-12-27,20.2918776679845091843050
2002-12-30,20.2958067945360915270686
2002-12-31,20.2997366818864383285150
2003-01-01,20.3036673301828634387845
2003-01-02,20.3075987395727092324727
2003-01-03,20.3115309102033466141539
2003-01-06,20.3154638422221750239053
2003-01-07,20.3193975357766224428324
2003-01-08,20.3233319910141453985953
2003-01-09,20.3272672080822289709362
2003-01-10,20.3312031871283867972080
2003-01-13,20.3351399283001610779041
2003-01-14,20.3390774317451225821887
2003-01-15,20.3430156976108706534290
2003-01-16,20.3469547260450332147275
2003-01-17,20.3508945171952667744566
2003-01-20,20.3548350712092564317929
2003-01-21,20.3587763882347158822538
2003-01-22,20.3627184684193874232342
2003-01-23,20.3666613119110419595450
2003-01-24,20.3706049188574790089523
2003-01-27,20.3745492894065267077175
2003-01-28,20.3784944237060418161391
2003-01-29,20.3824403219039097240949
2003-01-30,20.3863869841480444565856
2003-01-31,20.3903344105863886792795
2003-02-03,20.3942826013669137040584
2003-02-04,20.3982315566376194945640
2003-02-05,20.4021812765465346717458
2003-02-06,20.4061317612417165194104
2003-02-07,20.4100830108712509897711
2003-02-10,20.4140350255832527089993
2003-02-11,20.4179878055258649827763
2003-02-12,20.4219413508472598018468
2003-02-14,20.4258956616956378475733
2003-02-17,20.4298507382192284974909
2003-02-18,20.4338065805662898308646
2003-02-19,20.4377631888851086342461
2003-02-20,20.4417205633240004070328
2003-02-21,20.4456787040313093670273
2003-02-24,20.4496376111554084559983
2003-02-25,20.4535972848446993452424
2003-02-26,20.4575577252476124411469
2003-02-27,20.4615189325126068907540
2003-02-28,20.4654809067881705873256
2003-03-03,20.4694436482228201759096
2003-03-04,20.4734071569651010589073
2003-03-05,20.4773714331635874016413
2003-03-06,20.4813364769668821379252
2003-03-07,20.4853022885236169756338
2003-03-10,20.4892688679824524022751
2003-03-11,20.4932362154920776905622
2003-03-12,20.4972043312012109039877
2003-03-13,20.5011732152585989023980
2003-03-17,20.5051428678130173475695
2003-03-19,20.5091132890132707087850
2003-03-20,20.5130844790081922684126
2003-03-21,20.5170564379466441274836
2003-03-22,20.5210291659775172112740
2003-03-24,20.5250026632497312748845
2003-03-25,20.5289769299122349088238
2003-03-26,20.5329519661140055445915
2003-03-27,20.5369277720040494602627
2003-03-28,20.5409043477314017860736
2003-03-31,20.5448816934451265100082
2003-04-01,20.5488598092943164833860
2003-04-02,20.5528386954280934264508
2003-04-03,20.5568183519956079339607
2003-04-04,20.5607987791460394807788
2003-04-07,20.5647799770285964274658
2003-04-08,20.5687619457925160258726
2003-04-09,20.5727446855870644247348
2003-04-10,20.5767281965615366752681
2003-04-11,20.5807124788652567367646
2003-04-15,20.5846975326475774821900
2003-04-16,20.5886833580578807037828
2003-04-17,20.5926699552455771186533
2003-04-21,20.5966573243601063743850
2003-04-22,20.6006454655509370546357
2003-04-23,20.6046343789675666847409
2003-04-24,20.6086240647595217373177
2003-04-25,20.6126145230763576378698
2003-04-28,20.6166057540676587703937
2003-04-29,20.6205977578830384829860
2003-04-30,20.6245905346721390934516
2003-05-02,20.6285840845846318949131
2003-05-05,20.6325784077702171614216
2003-05-06,20.6365735043786241535680
2003-05-07,20.6405693745596111240959
2003-05-08,20.6445660184629653235149
2003-05-09,20.6485634362385030057163
2003-05-12,20.6525616280360694335880
2003-05-13,20.6565605940055388846323
2003-05-14,20.6605603342968146565840
2003-05-15,20.6645608490598290730289
2003-05-16,20.6685621384445434890250
2003-05-19,20.6725642026009482967231
2003-05-20,20.6765670416790629309899
2003-05-21,20.6805706558289358750309
2003-05-22,20.6845750452006446660159
2003-05-23,20.6885802099442959007038
2003-05-26,20.6925861502100252410701
2003-05-27,20.6965928661479974199345
2003-05-28,20.7006003579084062465900
2003-05-29,20.7046086256414746124330
2003-05-30,20.7086176694974544965944
2003-06-02,20.7126274896266269715720
2003-06-03,20.7166380861793022088637
2003-06-04,20.7206494593058194846021
2003-06-05,20.7246616091565471851901
2003-06-06,20.7286745358818828129371
2003-06-09,20.7326882396322529916975
2003-06-10,20.7367027205581134725087
2003-06-11,20.7407179788099491392315
2003-06-12,20.7447340145382740141911
2003-06-13,20.7487508278936312638190
2003-06-16,20.7527684190265932042963
2003-06-17,20.7567867880877613071978
2003-06-18,20.7608059352277662051378
2003-06-19,20.7648258605972676974161
2003-06-20,20.7688465643469547556659
2003-06-23,20.7728680466275455295020
2003-06-24,20.7768903075897873521712
2003-06-25,20.7809133473844567462027
2003-06-26,20.7849371661623594290600
2003-06-27,20.7889617640743303187943
2003-06-30,20.7929871412712335396981
2003-07-01,20.7970132979039624279609
2003-07-02,20.8010402341234395373254
2003-07-03,20.8050679500806166447445
2003-07-04,20.8090964459264747560404
2003-07-07,20.8131257218120241115640
2003-07-08,20.8171557778883041918552
2003-07-09,20.8211866143063837233055
2003-07-10,20.8252182312173606838199
2003-07-11,20.8292506287723623084817
2003-07-14,20.8332838071225450952173
2003-07-15,20.8373177664190948104623
2003-07-16,20.8413525068132264948288
2003-07-17,20.8453880284561844687738
2003-07-18,20.8494243314992423382687
2003-07-21,20.8534614160937030004699
2003-07-22,20.8574992823908986493905
2003-07-23,20.8615379305421907815727
2003-07-24,20.8655773606989702017621
2003-07-25,20.8696175730126570285827
2003-07-28,20.8736585676347007002125
2003-07-29,20.8777003447165799800611
2003-07-30,20.8817429044098029624476
2003-07-31,20.8857862468659070782803
2003-08-01,20.8898303722364591007370
2003-08-04,20.8938752806730551509466
2003-08-05,20.8979209723273207036715
2003-08-06,20.9019674473509105929919
2003-08-07,20.9060147058955090179901
2003-08-08,20.9100627481128295484368
2003-08-11,20.9141115741546151304781
2003-08-12,20.9181611841726380923236
2003-08-13,20.9222115783187001499356
2003-08-14,20.9262627567446324127196
2003-08-18,20.9303147196022953892159
2003-08-19,20.9343674670435789927917
2003-08-20,20.9384209992204025473353
2003-08-21,20.9424753162847147929505
2003-08-22,20.9465304183884938916527
2003-08-25,20.9505863056837474330657
2003-08-26,20.9546429783225124401200
2003-08-27,20.9587004364568553747518
2003-08-28,20.9627586802388721436032
2003-08-29,20.9668177098206881037241
2003-09-01,20.9708775253544580682741
2003-09-02,20.9749381269923663122263
2003-09-03,20.9789995148866265780722
2003-09-04,20.9830616891894820815273
2003-09-05,20.9871246500532055172381
2003-09-08,20.9911883976300990644899
2003-09-09,20.9952529320724943929166
2003-09-10,20.9993182535327526682099
2003-09-11,21.0033843621632645578315
2003-09-12,21.0074512581164502367252
2003-09-15,21.0115189415447593930305
2003-09-16,21.0155874126006712337971
2003-09-17,21.0196566714366944907010
2003-09-18,21.0237267182053674257610
2003-09-19,21.0277975530592578370568
2003-09-22,21.0318691761509630644484
2003-09-23,21.0359415876331099952958
2003-09-24,21.0400147876583550701804
2003-09-25,21.0440887763793842886279
2003-09-26,21.0481635539489132148310
2003-09-29,21.0522391205196869833748
2003-09-30,21.0563154762444803049619
2003-10-01,21.0603926212760974721397
2003-10-03,21.0644705557673723650282
2003-10-06,21.0685492798711684570488
2003-10-07,21.0726287937403788206550
2003-10-08,21.0767090975279261330631
2003-10-09,21.0807901913867626819849
2003-10-10,21.0848720754698703713614
2003-10-13,21.0889547499302607270967
2003-10-14,21.0930382149209749027946
2003-10-15,21.0971224705950836854948
2003-10-16,21.1012075171056875014109
2003-10-17,21.1052933546059164216699
2003-10-20,21.1093799832489301680518
2003-10-21,21.1134674031879181187312
2003-10-22,21.1175556145760993140195
2003-10-23,21.1216446175667224621086
2003-10-24,21.1257344123130659448154
2003-10-25,21.1298249989684378233274
2003-10-27,21.1339163776861758439497
2003-10-28,21.1380085486196474438530
2003-10-29,21.1421015119222497568223
2003-10-30,21.1461952677474096190075
2003-10-31,21.1502898162485835746746
2003-11-03,21.1543851575792578819577
2003-11-04,21.1584812918929485186130
2003-11-05,21.1625782193432011877733
2003-11-06,21.1666759400835913237036
2003-11-07,21.1707744542677240975578
2003-11-10,21.1748737620492344231374
2003-11-11,21.1789738635817869626495
2003-11-12,21.1830747590190761324681
2003-11-13,21.1871764485148261088946
2003-11-14,21.1912789322227908339206
2003-11-15,21.1953822102967540209913
2003-11-17,21.1994862828905291607704
2003-11-18,21.2035911501579595269056
2003-11-19,21.2076968122529181817955
2003-11-20,21.2118032693293079823580
2003-11-21,21.2159105215410615857988
2003-11-24,21.2200185690421414553823
2003-11-25,21.2241274119865398662025
2003-11-27,21.2282370505282789109555
2003-11-28,21.2323474848214105057136
2003-12-01,21.2364587150200163956992
2003-12-02,21.2405707412782081610614
2003-12-03,21.2446835637501272226525
2003-12-04,21.2487971825899448478062
2003-12-05,21.2529115979518621561169
2003-12-08,21.2570268099901101252197
2003-12-09,21.2611428188589495965721
2003-12-10,21.2652596247126712812366
2003-12-11,21.2693772277055957656641
2003-12-12,21.2734956279920735174789
2003-12-15,21.2776148257264848912644
2003-12-16,21.2817348210632401343504
2003-12-17,21.2858556141567793926011
2003-12-18,21.2899772051615727162042
2003-12-19,21.2940995942321200654618
2003-12-22,21.2982227815229513165812
2003-12-23,21.3023467671886262674682
2003-12-24,21.3064715513837346435203
2003-12-26,21.3105971342628961034221
2003-12-29,21.3147235159807602449408
2003-12-30,21.3188506966920066107237
2003-12-31,21.3229786765513446940963
2004-01-01,21.3271074557135139448616
2004-01-02,21.3312370343332837751006
2004-01-05,21.3353674125654535649740
2004-01-06,21.3394985905648526685250
2004-01-07,21.3436305684863404194830
2004-01-08,21.3477633464848061370684
2004-01-09,21.3518969247151691317993
2004-01-12,21.3560313033323787112982
2004-01-13,21.3601664824914141861004
2004-01-14,21.3643024623472848754639
2004-01-15,21.3684392430550301131794
2004-01-16,21.3725768247697192533825
2004-01-19,21.3767152076464516763665
2004-01-20,21.3808543918403567943959
2004-01-21,21.3849943775065940575223
2004-01-22,21.3891351648003529593999
2004-01-23,21.3932767538768530431034
2004-01-27,21.3974191448913439069461
2004-01-28,21.4015623379991052102996
2004-01-29,21.4057063333554466794148
2004-01-30,21.4098511311157081132435
2004-02-03,21.4139967314352593892614
2004-02-04,21.4181431344695004692922
2004-02-05,21.4222903403738614053331
2004-02-06,21.4264383493038023453809
2004-02-09,21.4305871614148135392597
2004-02-10,21.4347367768624153444492
2004-02-11,21.4388871958021582319151
2004-02-12,21.4430384183896227919392
2004-02-13,21.4471904447804197399519
2004-02-16,21.4513432751301899223655
2004-02-17,21.4554969095946043224079
2004-02-18,21.4596513483293640659584
2004-02-19,21.4638065914902004273844
2004-02-20,21.4679626392328748353786
2004-02-23,21.4721194917131788787982
2004-02-24,21.4762771490869343125045
2004-02-25,21.4804356115099930632042
2004-02-26,21.4845948791382372352917
2004-02-27,21.4887549521275791166918
2004-03-01,21.4929158306339611847051
2004-03-03,21.4970775148133561118527
2004-03-04,21.5012400048217667717234
2004-03-05,21.5054033008152262448214
2004-03-08,21.5095674029497978244155
2004-03-09,21.5137323113815750223888
2004-03-10,21.5178980262666815750903
2004-03-11,21.5220645477612714491871
2004-03-12,21.5262318760215288475179
2004-03-15,21.5304000112036682149479
2004-03-16,21.5345689534639342442243
2004-03-17,21.5387387029586018818332
2004-03-18,21.5429092598439763338578
2004-03-19,21.5470806242763930718377
2004-03-22,21.5512527964122178386287
2004-03-23,21.5554257764078466542650
2004-03-24,21.5595995644197058218211
2004-03-25,21.5637741606042519332758
2004-03-26,21.5679495651179718753773
2004-03-29,21.5721257781173828355086
2004-03-30,21.5763027997590323075553
2004-03-31,21.5804806301994980977733
2004-04-01,21.5846592695953883306587
2004-04-02,21.5888387181033414548178
2004-04-05,21.5930189758800262488391
2004-04-06,21.5972000430821418271662
2004-04-07,21.6013819198664176459716
2004-04-08,21.6055646063896135090315
2004-04-12,21.6097481028085195736028
2004-04-13,21.6139324092799563562995
2004-04-15,21.6181175259607747389719
2004-04-16,21.6223034530078559745860
2004-04-17,21.6264901905781116931042
2004-04-19,21.6306777388284839073674
2004-04-20,21.6348660979159450189779
2004-04-21,21.6390552679974978241836
2004-04-22,21.6432452492301755197633
2004-04-23,21.6474360417710417089134
2004-04-27,21.6516276457771904071353
2004-04-28,21.6558200614057460481241
2004-04-29,21.6600132888138634896587
2004-04-30,21.6642073281587280194927
2004-05-03,21.6684021795975553612464
2004-05-04,21.6725978432875916803007
2004-05-05,21.6767943193861135896907
2004-05-06,21.6809916080504281560021
2004-05-07,21.6851897094378729052673
2004-05-10,21.6893886237058158288640
2004-05-11,21.6935883510116553894132
2004-05-12,21.6977888915128205266804
2004-05-13,21.7019902453667706634762
2004-05-14,21.7061924127309957115593
2004-05-17,21.7103953937630160775393
2004-05-18,21.7145991886203826687825
2004-05-19,21.7188037974606768993167
2004-05-20,21.7230092204415106957390
2004-05-21,21.7272154577205265031236
2004-05-24,21.7314225094553972909312
2004-05-25,21.7356303758038265589195
2004-05-26,21.7398390569235483430547
2004-05-27,21.7440485529723272214241
2004-05-28,21.7482588641079583201506
2004-05-31,21.7524699904882673193069
2004-06-01,21.7566819322711104588323
2004-06-02,21.7608946896143745444496
2004-06-03,21.7651082626759769535840
2004-06-04,21.7693226516138656412824
2004-06-07,21.7735378565860191461341
2004-06-08,21.7777538777504465961931
2004-06-09,21.7819707152651877149007
2004-06-10,21.7861883692883128270100
2004-06-11,21.7904068399779228645111
2004-06-14,21.7946261274921493725577
2004-06-15,21.7988462319891545153947
2004-06-16,21.8030671536271310822870
2004-06-17,21.8072888925643024934492
2004-06-18,21.8115114489589228059771
2004-06-21,21.8157348229692767197798
2004-06-22,21.8199590147536795835128
2004-06-23,21.8241840244704774005130
2004-06-24,21.8284098522780468347340
2004-06-25,21.8326364983347952166830
2004-06-28,21.8368639627991605493590
2004-06-29,21.8410922458296115141916
2004-06-30,21.8453213475846474769817
2004-07-01,21.8495512682227984938424
2004-07-02,21.8537820079026253171422
2004-07-05,21.8580135667827194014480
2004-07-06,21.8622459450217029094707
2004-07-07,21.8664791427782287180109
2004-07-08,21.8707131602109804239058
2004-07-09,21.8749479974786723499782
2004-07-12,21.8791836547400495509854
2004-07-13,21.8834201321538878195702
2004-07-14,21.8876574298789936922125
2004-07-15,21.8918955480742044551821
2004-07-16,21.8961344868983881504934
2004-07-19,21.9003742465104435818600
2004-07-20,21.9046148270693003206513
2004-07-21,21.9088562287339187118502
2004-07-22,21.9130984516632898800119
2004-07-23,21.9173414960164357352232
2004-07-26,21.9215853619524089790642
2004-07-27,21.9258300496302931105700
2004-07-28,21.9300755592092024321943
2004-07-29,21.9343218908482820557739
2004-07-30,21.9385690447067079084939
2004-08-02,21.9428170209436867388551
2004-08-03,21.9470658197184561226415
2004-08-04,21.9513154411902844688896
2004-08-05,21.9555658855184710258587
2004-08-06,21.9598171528623458870020
2004-08-09,21.9640692433812699969398
2004-08-10,21.9683221572346351574323
2004-08-11,21.9725758945818640333556
2004-08-12,21.9768304555824101586767
2004-08-13,21.9810858403957579424313
2004-08-16,21.9853420491814226747021
2004-08-17,21.9895990820989505325980
2004-08-18,21.9938569393079185862353
2004-08-19,21.9981156209679348047190
2004-08-20,22.0023751272386380621260
2004-08-23,22.0066354582796981434893
2004-08-24,22.0108966142508157507834
2004-08-25,22.0151585953117225089103
2004-08-26,22.0194214016221809716878
2004-08-27,22.0236850333419846278376
2004-08-30,22.0279494906309579069758
2004-08-31,22.0322147736489561856037
2004-09-01,22.0364808825558657931000
2004-09-02,22.0407478175116040177144
2004-09-03,22.0450155786761191125624
2004-09-06,22.0492841662093903016204
2004-09-07,22.0535535802714277857231
2004-09-08,22.0578238210222727485615
2004-09-09,22.0620948886219973626820
2004-09-10,22.0663667832307047954870
2004-09-13,22.0706395050085292152360
2004-09-14,22.0749130541156357970490
2004-09-15,22.0791874307122207289097
2004-09-16,22.0834626349585112176708
2004-09-17,22.0877386670147654950606
2004-09-20,22.0920155270412728236895
2004-09-21,22.0962932151983535030593
2004-09-22,22.1005717316463588755726
2004-09-23,22.1048510765456713325435
2004-09-24,22.1091312500567043202100
2004-09-27,22.1134122523399023457467
2004-09-28,22.1176940835557409832796
2004-09-29,22.1219767438647268799013
2004-09-30,22.1262602334273977616877
2004-10-01,22.1305445524043224397162
2004-10-04,22.1348297009561008160842
2004-10-05,22.1391156792433638899294
2004-10-06,22.1434024874267737634515
2004-10-07,22.1476901256670236479343
2004-10-08,22.1519785941248378697695
2004-10-09,22.1562678929609718764815
2004-10-11,22.1605580223362122427534
2004-10-12,22.1648489824113766764544
2004-10-14,22.1691407733473140246678
2004-10-15,22.1734333953049042797205
2004-10-18,22.1777268484450585852141
2004-10-19,22.1820211329287192420562
2004-10-20,22.1863162489168597144938
2004-10-21,22.1906121965704846361472
2004-10-25,22.1949089760506298160456
2004-10-26,22.1992065875183622446634
2004-10-27,22.2035050311347800999579
2004-10-28,22.2078043070610127534083
2004-10-29,22.2121044154582207760556
2004-11-01,22.2164053564875959445437
2004-11-02,22.2207071303103612471620
2004-11-03,22.2250097370877708898888
2004-11-04,22.2293131769811103024357
2004-11-05,22.2336174501516961442942
2004-11-08,22.2379225567608763107820
2004-11-09,22.2422284969700299390915
2004-11-10,22.2465352709405674143394
2004-11-11,22.2508428788339303756166
2004-11-12,22.2551513208115917220409
2004-11-16,22.2594605970350556188090
2004-11-17,22.2637707076658575032509
2004-11-18,22.2680816528655640908853
2004-11-19,22.2723934327957733814759
2004-11-22,22.2767060476181146650888
2004-11-23,22.2810194974942485281514
2004-11-24,22.2853337825858668595126
2004-11-25,22.2896489030546928565033
2004-11-29,22.2939648590624810309992
2004-11-30,22.2982816507710172154841
2004-12-01,22.3025992783421185691145
2004-12-02,22.3069177419376335837851
2004-12-03,22.3112370417194420901965
2004-12-06,22.3155571778494552639227
2004-12-07,22.3198781504896156314806
2004-12-08,22.3241999598018970764007
2004-12-09,22.3285226059483048452984
2004-12-10,22.3328460890908755539473
2004-12-13,22.3371704093916771933528
2004-12-14,22.3414955670128091358276
2004-12-15,22.3458215621164021410679
2004-12-16,22.3501483948646183622311
2004-12-17,22.3544760654196513520144
2004-12-20,22.3588045739437260687349
2004-12-21,22.3631339205990988824103
2004-12-22,22.3674641055480575808416
2004-12-24,22.3717951289529213756963
2004-12-27,22.3761269909760409085932
2004-12-28,22.3804596917797982571878
2004-12-29,22.3847932315266069412599
2004-12-30,22.3891276103789119288011
2004-12-31,22.3934628284991896421047
2005-01-03,22.3977988860499479638556
2005-01-04,22.4021357831937262432227
2005-01-05,22.4064735200930953019513
2005-01-06,22.4108120969106574404571
2005-01-07,22.4151515138090464439218
2005-01-10,22.4194917709509275883893
2005-01-11,22.4238328684989976468631
2005-01-12,22.4281748066159848954054
2005-01-13,22.4325175854646491192371
2005-01-14,22.4368612052077816188384
2005-01-17,22.4412056660082052160517
2005-01-18,22.4455509680287742601848
2005-01-19,22.4498971114323746341157
2005-01-20,22.4542440963819237603984
2005-01-24,22.4585919230403706073699
2005-01-25,22.4629405915706956952586
2005-01-27,22.4672901021359111022934
2005-01-28,22.4716404548990604708146
2005-01-31,22.4759916500232190133856
2005-02-01,22.4803436876714935189057
2005-02-02,22.4846965680070223587244
2005-02-03,22.4890502911929754927568
2005-02-04,22.4934048573925544755997
2005-02-07,22.4977602667689924626499
2005-02-08,22.5021165194855542162226
2005-02-09,22.5064736157055361116717
2005-02-10,22.5108315555922661435109
2005-02-11,22.5151903393091039315361
2005-02-14,22.5195499670194407269495
2005-02-15,22.5239104388866994184838
2005-02-16,22.5282717550743345385283
2005-02-17,22.5326339157458322692563
2005-02-18,22.5369969210647104487536
2005-02-21,22.5413607711945185771476
2005-02-22,22.5457254662988378227381
2005-02-23,22.5500910065412810281297
2005-02-24,22.5544573920854927163644
2005-02-25,22.5588246230951490970562
2005-02-28,22.5631926997339580725264
2005-03-01,22.5675616221656592439403
2005-03-02,22.5719313905540239174453
2005-03-03,22.5763020050628551103095
2005-03-04,22.5806734658559875570625
2005-03-07,22.5850457730972877156363
2005-03-08,22.5894189269506537735083
2005-03-09,22.5937929275800156538448
2005-03-10,22.5981677751493350216464
2005-03-11,22.6025434698226052898938
2005-03-14,22.6069200117638516256953
2005-03-15,22.6112974011371309564355
2005-03-16,22.6156756381065319759248
2005-03-17,22.6200547228361751505507
2005-03-18,22.6244346554902127254296
2005-03-21,22.6288154362328287305602
2005-03-22,22.6331970652282389869783
2005-03-23,22.6375795426406911129121
2005-03-24,22.6419628686344645299396
2005-03-28,22.6463470433738704691461
2005-03-29,22.6507320670232519772840
2005-03-30,22.6551179397469839229331
2005-03-31,22.6595046617094730026620
2005-04-01,22.6638922330751577471916
2005-04-04,22.6682806540085085275586
2005-04-05,22.6726699246740275612810
2005-04-06,22.6770600452362489185245
2005-04-07,22.6814510158597385282701
2005-04-08,22.6858428367090941844831
2005-04-11,22.6902355079489455522829
2005-04-12,22.6946290297439541741145
2005-04-13,22.6990234022588134759205
2005-04-15,22.7034186256582487733153
2005-04-18,22.7078147001070172777594
2005-04-19,22.7122116257699081027358
2005-04-20,22.7166094028117422699268
2005-04-21,22.7210080313973727153928
2005-04-22,22.7254075116916842957515
2005-04-25,22.7298078438595937943591
2005-04-26,22.7342090280660499274921
2005-04-27,22.7386110644760333505303
2005-04-28,22.7430139532545566641417
2005-04-29,22.7474176945666644204673
2005-05-02,22.7518222885774331293088
2005-05-03,22.7562277354519712643157
2005-05-04,22.7606340353554192691752
2005-05-05,22.7650411884529495638022
2005-05-06,22.7694491949097665505307
2005-05-09,22.7738580548911066203072
2005-05-10,22.7782677685622381588838
2005-05-11,22.7826783360884615530144
2005-05-12,22.7870897576351091966501
2005-05-13,22.7915020333675454971372
2005-05-16,22.7959151634511668814163
2005-05-17,22.8003291480514018022216
2005-05-18,22.8047439873337107442825
2005-05-19,22.8091596814635862305259
2005-05-20,22.8135762306065528282798
2005-05-23,22.8179936349281671554778
2005-05-24,22.8224118945940178868655
2005-05-25,22.8268310097697257602074
2005-05-26,22.8312509806209435824953
2005-05-27,22.8356718073133562361581
2005-05-30,22.8400934900126806852722
2005-05-31,22.8445160288846659817739
2005-06-01,22.8489394240950932716721
2005-06-02,22.8533636758097758012632
2005-06-03,22.8577887841945589233465
2005-06-04,22.8622147494153201034408
2005-06-06,22.8666415716379689260027
2005-06-07,22.8710692510284471006457
2005-06-08,22.8754977877527284683605
2005-06-09,22.8799271819768190077366
2005-06-10,22.8843574338667568411856
2005-06-13,22.8887885435886122411645
2005-06-14,22.8932205113084876364013
2005-06-15,22.8976533371925176181216
2005-06-16,22.9020870214068689462760
2005-06-17,22.9065215641177405557688
2005-06-20,22.9109569654913635626885
2005-06-21,22.9153932256940012705387
2005-06-22,22.9198303448919491764707
2005-06-23,22.9242683232515349775172
2005-06-24,22.9287071609391185768269
2005-06-27,22.9331468581210920899012
2005-06-28,22.9375874149638798508308
2005-06-29,22.9420288316339384185346
2005-06-30,22.9464711082977565829993
2005-07-01,22.9509142451218553715204
2005-07-04,22.9553582422727880549443
2005-07-05,22.9598030999171401539114
2005-07-06,22.9642488182215294451011
2005-07-07,22.9686953973526059674771
2005-07-08,22.9731428374770520285347
2005-07-11,22.9775911387615822105487
2005-07-12,22.9820403013729433768231
2005-07-13,22.9864903254779146779412
2005-07-14,22.9909412112433075580181
2005-07-15,22.9953929588359657609530
2005-07-18,22.9998455684227653366839
2005-07-19,23.0042990401706146474428
2005-07-20,23.0087533742464543740125
2005-07-21,23.0132085708172575219843
2005-07-22,23.0176646300500294280174
2005-07-25,23.0221215521118077660985
2005-07-26,23.0265793371696625538041
2005-07-27,23.0310379853906961585626
2005-07-29,23.0354974969420433039186
2005-08-01,23.0399578719908710757978
2005-08-02,23.0444191107043789287736
2005-08-03,23.0488812132497986923341
2005-08-04,23.0533441797943945771516
2005-08-05,23.0578080105054631813521
2005-08-08,23.0622727055503334967867
2005-08-09,23.0667382650963669153040
2005-08-10,23.0712046893109572350234
2005-08-11,23.0756719783615306666105
2005-08-12,23.0801401324155458395528
2005-08-16,23.0846091516404938084372
2005-08-17,23.0890790362038980592279
2005-08-18,23.0935497862733145155471
2005-08-19,23.0980214020163315449549
2005-08-22,23.1024938836005699652323
2005-08-23,23.1069672311936830506638
2005-08-24,23.1114414449633565383226
2005-08-25,23.1159165250773086343559
2005-08-26,23.1203924717032900202722
2005-08-29,23.1248692850090838592295
2005-08-30,23.1293469651625058023246
2005-08-31,23.1338255123314039948839
2005-09-01,23.1383049266836590827550
2005-09-02,23.1427852083871842186002
2005-09-05,23.1472663576099250681905
2005-09-06,23.1517483745198598167014
2005-09-08,23.1562312592849991750092
2005-09-09,23.1607150120733863859896
2005-09-12,23.1651996330530972308161
2005-09-13,23.1696851223922400352613
2005-09-14,23.1741714802589556759979
2005-09-15,23.1786587068214175869015
2005-09-16,23.1831468022478317653552
2005-09-19,23.1876357667064367785544
2005-09-20,23.1921256003655037698136
2005-09-21,23.1966163033933364648739
2005-09-22,23.2011078759582711782122
2005-09-23,23.2056003182286768193512
2005-09-26,23.2100936303729548991707
2005-09-27,23.2145878125595395362205
2005-09-28,23.2190828649568974630340
2005-09-29,23.2235787877335280324436
2005-09-30,23.2280755810579632238963
2005-10-03,23.2325732450987676497721
2005-10-04,23.2370717800245385617020
2005-10-05,23.2415711860039058568884
2005-10-06,23.2460714632055320844259
2005-10-07,23.2505726117981124516241
2005-10-10,23.2550746319503748303311
2005-10-11,23.2595775238310797632580
2005-10-13,23.2640812876090204703056
2005-10-14,23.2685859234530228548911
2005-10-17,23.2730914315319455102771
2005-10-18,23.2775978120146797259011
2005-10-19,23.2821050650701494937065
2005-10-20,23.2866131908673115144748
2005-10-21,23.2911221895751552041590
2005-10-24,23.2956320613627027002185
2005-10-25,23.3001428063990088679546
2005-10-26,23.3046544248531613068479
2005-10-27,23.3091669168942803568966
2005-10-28,23.3136802826915191049558
2005-10-31,23.3181945224140633910787
2005-11-01,23.3227096362311318148584
2005-11-02,23.3272256243119757417709
2005-11-07,23.3317424868258793095201
2005-11-08,23.3362602239421594343832
2005-11-09,23.3407788358301658175575
2005-11-10,23.3452983226592809515089
2005-11-11,23.3498186845989201263211
2005-11-14,23.3543399218185314360461
2005-11-16,23.3588620344875957850563
2005-11-17,23.3633850227756268943975
2005-11-18,23.3679088868521713081430
2005-11-21,23.3724336268868083997494
2005-11-22,23.3769592430491503784134
2005-11-23,23.3814857355088422954296
2005-11-24,23.3860131044355620505497
2005-11-25,23.3905413499990203983432
2005-11-26,23.3950704723689609545590
2005-11-28,23.3996004717151602024882
2005-11-29,23.4041313482074274993285
2005-11-30,23.4086631020156050825492
2005-12-01,23.4131957333095680762584
2005-12-02,23.4177292422592244975702
2005-12-05,23.4222636290345152629744
2005-12-06,23.4267988938054141947064
2005-12-07,23.4313350367419280271189
2005-12-08,23.4358720580140964130547
2005-12-09,23.4404099577919919302207
2005-12-12,23.4449487362457200875634
2005-12-13,23.4494883935454193316447
2005-12-14,23.4540289298612610530204
2005-12-15,23.4585703453634495926190
2005-12-16,23.4631126402222222481213
2005-12-19,23.4676558146078492803427
2005-12-20,23.4721998686906339196152
2005-12-21,23.4767448026409123721716
2005-12-22,23.4812906166290538265308
2005-12-23,23.4858373108254604598836
2005-12-26,23.4903848854005674444811
2005-12-27,23.4949333405248429540228
2005-12-28,23.4994826763687881700472
2005-12-29,23.5040328931029372883229
2005-12-30,23.5085839908978575252412
2006-01-02,23.5131359699241491242099
2006-01-03,23.5176888303524453620484
2006-01-04,23.5222425723534125553839
2006-01-05,23.5267971960977500670489
2006-01-06,23.5313527017561903124800
2006-01-09,23.5359090894994987661179
2006-01-10,23.5404663594984739678088
2006-01-12,23.5450245119239475292062
2006-01-13,23.5495835469467841401757
2006-01-16,23.5541434647378815751989
2006-01-17,23.5587042654681706997803
2006-01-18,23.5632659493086154768542
2006-01-19,23.5678285164302129731940
2006-01-20,23.5723919670039933658215
2006-01-23,23.5769563012010199484183
2006-01-24,23.5815215191923891377384
2006-01-25,23.5860876211492304800215
2006-01-27,23.5906546072427066574080
2006-01-30,23.5952224776440134943553
2006-01-31,23.5997912325243799640549
2006-02-01,23.6043608720550681948510
2006-02-02,23.6089313964073734766606
2006-02-03,23.6135028057526242673946
2006-02-06,23.6180751002621821993797
2006-02-07,23.6226482801074420857824
2006-02-08,23.6272223454598319270338
2006-02-10,23.6317972964908129172553
2006-02-13,23.6363731333718794506864
2006-02-14,23.6409498562745591281130
2006-02-15,23.6455274653704127632970
2006-02-16,23.6501059608310343894080
2006-02-17,23.6546853428280512654547
2006-02-20,23.6592656115331238827192
2006-02-21,23.6638467671179459711913
2006-02-22,23.6684288097542445060049
2006-02-23,23.6730117396137797138750
2006-02-24,23.6775955568683450795362
2006-02-27,23.6821802616897673521827
2006-02-28,23.6867658542499065519091
2006-03-01,23.6913523347206559761527
2006-03-02,23.6959397032739422061374
2006-03-03,23.7005279600817251133176
2006-03-06,23.7051171053159978658250
2006-03-07,23.7097071391487869349156
2006-03-08,23.7142980617521521014181
2006-03-09,23.7188898732981864621837
2006-03-10,23.7234825739590164365370
2006-03-13,23.7280761639068017727287
2006-03-14,23.7326706433137355543885
2006-03-16,23.7372660123520442069801
2006-03-17,23.7418622711939875042573
2006-03-20,23.7464594200118585747211
2006-03-21,23.7510574589779839080783
2006-03-22,23.7556563882647233617010
2006-03-23,23.7602562080444701670882
2006-03-24,23.7648569184896509363272
2006-03-27,23.7694585197727256685577
2006-03-28,23.7740610120661877564366
2006-03-29,23.7786643955425639926034
2006-03-30,23.7832686703744145761482
2006-03-31,23.7878738367343331190797
2006-04-03,23.7924798947949466527951
2006-04-04,23.7970868447289156345512
2006-04-05,23.8016946867089339539366
2006-04-07,23.8063034209077289393451
2006-04-10,23.8109130474980613644508
2006-04-12,23.8155235666527254546836
2006-04-13,23.8201349785445488937073
2006-04-17,23.8247472833463928298971
2006-04-18,23.8293604812311518828202
2006-04-19,23.8339745723717541497165
2006-04-20,23.8385895569411612119811
2006-04-21,23.8432054351123681416474
2006-04-24,23.8478222070584035078726
2006-04-25,23.8524398729523293834232
2006-04-26,23.8570584329672413511624
2006-04-27,23.8616778872762685105391
2006-04-28,23.8662982360525734840771
2006-04-29,23.8709194794693524238667
2006-05-02,23.8755416176998350180569
2006-05-03,23.8801646509172844973487
2006-05-04,23.8847885792949976414907
2006-05-05,23.8894134030063047857742
2006-05-08,23.8940391222245698275315
2006-05-09,23.8986657371231902326340
2006-05-10,23.9032932478755970419923
2006-05-11,23.9079216546552548780573
2006-05-12,23.9125509576356619513225
2006-05-15,23.9171811569903500668280
2006-05-16,23.9218122528928846306651
2006-05-17,23.9264442455168646564826
2006-05-18,23.9310771350359227719941
2006-05-19,23.9357109216237252254871
2006-05-22,23.9403456054539718923327
2006-05-23,23.9449811867003962814966
2006-05-24,23.9496176655367655420522
2006-05-25,23.9542550421368804696938
2006-05-26,23.9588933166745755132517
2006-05-29,23.9635324893237187812088
2006-05-30,23.9681725602582120482178
2006-05-31,23.9728135296519907616201
2006-06-01,23.9774553976790240479660
2006-06-02,23.9820981645133147195359
2006-06-05,23.9867418303288992808626
2006-06-06,23.9913863952998479352557
2006-06-07,23.9960318596002645913264
2006-06-08,24.0006782234042868695138
2006-06-09,24.0053254868860861086128
2006-06-12,24.0099736502198673723029
2006-06-13,24.0146227135798694556780
2006-06-14,24.0192726771403648917785
2006-06-15,24.0239235410756599581235
2006-06-16,24.0285753055600946832449
2006-06-19,24.0332279707680428532227
2006-06-20,24.0378815368739120182214
2006-06-21,24.0425360040521434990277
2006-06-22,24.0471913724772123935898
2006-06-23,24.0518476423236275835572
2006-06-25,24.0565048137659317408229
2006-06-26,24.0611628869787013340656
2006-06-27,24.0658218621365466352942
2006-06-28,24.0704817394141117263930
2006-06-29,24.0751425189860745056683
2006-06-30,24.0798042010271466943963
2006-07-03,24.0844667857120738433723
2006-07-04,24.0891302732156353394613
2006-07-05,24.0937946637126444121492
2006-07-06,24.0984599573779481400964
2006-07-07,24.1031261543864274576915
2006-07-10,24.1077932549129971616070
2006-07-11,24.1124612591326059173562
2006-07-12,24.1171301672202362658510
2006-07-13,24.1217999793509046299614
2006-07-14,24.1264706956996613210762
2006-07-17,24.1311423164415905456642
2006-07-18,24.1358148417518104118383
2006-07-19,24.1404882718054729359190
2006-07-20,24.1451626067777640490006
2006-07-21,24.1498378468439036035180
2006-07-24,24.1545139921791453798149
2006-07-25,24.1591910429587770927131
2006-07-26,24.1638689993581203980836
2006-07-27,24.1685478615525308994182
2006-07-28,24.1732276297173981544034
2006-07-31,24.1779083040281456814943
2006-08-01,24.1825898846602309664907
2006-08-02,24.1872723717891454691145
2006-08-03,24.1919557655904146295877
2006-08-04,24.1966400662395978752122
2006-08-07,24.2013252739122886269508
2006-08-08,24.2060113887841143060092
2006-08-09,24.2106984110307363404197
2006-08-10,24.2153863408278501716261
2006-08-11,24.2200751783511852610692
2006-08-14,24.2247649237765050967745
2006-08-16,24.2294555772796071999410
2006-08-17,24.2341471390363231315305
2006-08-18,24.2388396092225184988590
2006-08-21,24.2435329880140929621893
2006-08-22,24.2482272755869802413244
2006-08-23,24.2529224721171481222027
2006-08-24,24.2576185777805984634939
2006-08-25,24.2623155927533672031970
2006-08-28,24.2670135172115243652387
2006-08-29,24.2717123513311740660737
2006-08-30,24.2764120952884545212858
2006-08-31,24.2811127492595380521910
2006-09-01,24.2858143134206310924409
2006-09-04,24.2905167879479741946280
2006-09-05,24.2952201730178420368927
2006-09-06,24.2999244688065434295302
2006-09-07,24.3046296754904213216000
2006-09-08,24.3093357932458528075364
2006-09-11,24.3140428222492491337597
2006-09-12,24.3187507626770557052890
2006-09-13,24.3234596147057520923569
2006-09-14,24.3281693785118520370244
2006-09-15,24.3328800542719034597977
2006-09-18,24.3375916421624884662465
2006-09-19,24.3423041423602233536229
2006-09-20,24.3470175550417586174821
2006-09-21,24.3517318803837789583043
2006-09-22,24.3564471185630032881176
2006-09-25,24.3611632697561847371229
2006-09-26,24.3658803341401106603187
2006-09-27,24.3705983118916026441292
2006-09-28,24.3753172031875165130315
2006-09-29,24.3800370082047423361857
2006-10-03,24.3847577271202044340657
2006-10-04,24.3894793601108613850912
2006-10-05,24.3942019073537060322607
2006-10-06,24.3989253690257654897871
2006-10-09,24.4036497453041011497328
2006-10-10,24.4083750363658086886472
2006-10-11,24.4131012423880180742053
2006-10-12,24.4178283635478935718476
2006-10-13,24.4225564000226337514209
2006-10-16,24.4272853519894714938208
2006-10-17,24.4320152196256739976357
2006-10-18,24.4367460031085427857910
2006-10-19,24.4414777026154137121962
2006-10-20,24.4462103183236569683918
2006-10-21,24.4509438504106770901985
2006-10-23,24.4556782990539129643669
2006-10-26,24.4604136644308378352294
2006-10-27,24.4651499467189593113523
2006-10-30,24.4698871460958193721903
2006-10-31,24.4746252627389943747414
2006-11-01,24.4793642968260950602036
2006-11-02,24.4841042485347665606327
2006-11-03,24.4888451180426884056013
2006-11-06,24.4935869055275745288594
2006-11-07,24.4983296111671732749961
2006-11-08,24.5030732351392674061023
2006-11-09,24.5078177776216741084354
2006-11-10,24.5125632387922449990844
2006-11-13,24.5173096188288661326372
2006-11-14,24.5220569179094580078484
2006-11-15,24.5268051362119755743091
2006-11-16,24.5315542739144082391173
2006-11-17,24.5363043311947798735501
2006-11-20,24.5410553082311488197369
2006-11-21,24.5458072052016078973341
2006-11-22,24.5505600222842844102011
2006-11-23,24.5553137596573401530772
2006-11-24,24.5600684174989714182604
2006-11-27,24.5648239959874090022870
2006-11-28,24.5695804953009182126126
2006-11-29,24.5743379156177988742949
2006-11-30,24.5790962571163853366767
2006-12-01,24.5838555199750464800713
2006-12-04,24.5886157043721857224487
2006-12-05,24.5933768104862410261231
2006-12-06,24.5981388384956849044417
2006-12-07,24.6029017885790244284748
2006-12-08,24.6076656609148012337074
2006-12-11,24.6124304556815915267318
2006-12-12,24.6171961730580060919415
2006-12-13,24.6219628132226902982269
2006-12-14,24.6267303763543241056715
2006-12-15,24.6314988626316220722499
2006-12-18,24.6362682722333333605274
2006-12-19,24.6410386053382417443598
2006-12-20,24.6458098621251656155959
2006-12-21,24.6505820427729579907802
2006-12-22,24.6553551474605065178573
2006-12-26,24.6601291763667334828778
2006-12-27,24.6649041296705958167052
2006-12-28,24.6696800075510851017240
2006-12-29,24.6744568101872275785496
2007-01-02,24.6792345377580841527391
2007-01-03,24.6840131904427504015033
2007-01-04,24.6887927684203565804204
2007-01-05,24.6935732718700676301508
2007-01-08,24.6983547009710831831531
2007-01-09,24.7031370559026375704013
2007-01-10,24.7079203368439998281040
2007-01-11,24.7127045439744737044238
2007-01-12,24.7174896774733976661992
2007-01-15,24.7222757375201449056666
2007-01-16,24.7270627242941233471845
2007-01-17,24.7318506379747756539589
2007-01-18,24.7366394787415792347693
2007-01-19,24.7414292467740462506969
2007-01-22,24.7462199422517236218537
2007-01-23,24.7510115653541930341126
2007-01-24,24.7558041162610709458392
2007-01-25,24.7605975951520085946253
2007-01-29,24.7653920022066920040226
2007-01-31,24.7701873376048419902784
2007-02-01,24.7749836015262141690731
2007-02-02,24.7797807941505989622576
2007-02-05,24.7845789156578216045935
2007-02-06,24.7893779662277421504937
2007-02-07,24.7941779460402554807643
2007-02-08,24.7989788552752913093487
2007-02-09,24.8037806941128141900715
2007-02-12,24.8085834627328235233855
2007-02-13,24.8133871613153535631181
2007-02-14,24.8181917900404734232207
2007-02-15,24.8229973490882870845186
2007-02-19,24.8278038386389334014619
2007-02-20,24.8326112588725861088784
2007-02-21,24.8374196099694538287274
2007-02-22,24.8422288921097800768551
2007-02-23,24.8470391054738432697509
2007-02-26,24.8518502502419567313052
2007-02-27,24.8566623265944686995688
2007-02-28,24.8614753347117623335130
2007-03-01,24.8662892747742557197918
2007-03-02,24.8711041469624018795045
2007-03-05,24.8759199514566887749604
2007-03-06,24.8807366884376393164442
2007-03-07,24.8855543580858113689834
2007-03-08,24.8903729605817977591163
2007-03-09,24.8951924961062262816614
2007-03-12,24.9000129648397597064890
2007-03-13,24.9048343669630957852928
2007-03-14,24.9096567026569672583639
2007-03-15,24.9144799721021418613652
2007-03-16,24.9193041754794223321079
2007-03-19,24.9241293129696464173291
2007-03-20,24.9289553847536868794702
2007-03-21,24.9337823910124515034571
2007-03-22,24.9386103319268831034822
2007-03-23,24.9434392076779595297861
2007-03-26,24.9482690184466936754426
2007-03-28,24.9530997644141334831435
2007-03-29,24.9579314457613619519856
2007-03-30,24.9627640626694971442584
2007-04-02,24.9675976153196921922336
2007-04-03,24.9724321038931353049556
2007-04-04,24.9772675285710497750337
2007-04-05,24.9821038895346939854349
2007-04-09,24.9869411869653614162788
2007-04-10,24.9917794210443806516334
2007-04-11,24.9966185919531153863123
2007-04-12,25.0014586998729644326733
2007-04-13,25.0062997449853617274178
2007-04-16,25.0111417274717763383926
2007-04-17,25.0159846475137124713919
2007-04-18,25.0208285052927094769612
2007-04-19,25.0256733009903418572023
2007-04-20,25.0305190347882192725801
2007-04-23,25.0353657068679865487298
2007-04-24,25.0402133174113236832662
2007-04-25,25.0450618665999458525943
2007-04-26,25.0499113546156034187205
2007-04-27,25.0547617816400819360660
2007-04-30,25.0596131478552021582809
2007-05-03,25.0644654534428200450600
2007-05-04,25.0693186985848267689597
2007-05-07,25.0741728834631487222162
2007-05-08,25.0790280082597475235652
2007-05-09,25.0838840731566200250629
2007-05-10,25.0887410783357983189081
2007-05-11,25.0935990239793497442657
2007-05-14,25.0984579102693768940919
2007-05-15,25.1033177373880176219601
2007-05-16,25.1081785055174450488886
2007-05-17,25.1130402148398675701694
2007-05-18,25.1179028655375288621984
2007-05-21,25.1227664577927078893067
2007-05-22,25.1276309917877189105938
2007-05-23,25.1324964677049114867615
2007-05-24,25.1373628857266704869493
2007-05-25,25.1422302460354160955715
2007-05-28,25.1470985488136038191548
2007-05-29,25.1519677942437244931784
2007-05-30,25.1568379825083042889142
2007-05-31,25.1617091137899047202692
2007-06-01,25.1665811882711226506286
2007-06-04,25.1714542061345902997011
2007-06-05,25.1763281675629752503643
2007-06-06,25.1812030727389804555127
2007-06-07,25.1860789218453442449057
2007-06-08,25.1909557150648403320185
2007-06-11,25.1958334525802778208927
2007-06-12,25.2007121345745012129895
2007-06-13,25.2055917612303904140435
2007-06-14,25.2104723327308607409180
2007-06-15,25.2153538492588629284619
2007-06-18,25.2202363109973831363674
2007-06-19,25.2251197181294429560297
2007-06-20,25.2300040708380994174071
2007-06-21,25.2348893693064449958838
2007-06-22,25.2397756137176076191324
2007-06-25,25.2446628042547506739791
2007-06-26,25.2495509411010730132692
2007-06-27,25.2544400244398089627351
2007-06-28,25.2593300544542283278641
2007-06-29,25.2642210313276364007689
2007-07-02,25.2691129552433739670590
2007-07-03,25.2740058263848173127127
2007-07-04,25.2788996449353782309517
2007-07-05,25.2837944110785040291161
2007-07-06,25.2886901249976775355409
2007-07-09,25.2935867868764171064344
2007-07-10,25.2984843968982766327567
2007-07-11,25.3033829552468455471012
2007-07-12,25.3082824621057488305761
2007-07-13,25.3131829176586470196873
2007-07-16,25.3180843220892362132240
2007-07-17,25.3229866755812480791435
2007-07-18,25.3278899783184498614595
2007-07-19,25.3327942304846443871300
2007-07-20,25.3376994322636700729474
2007-07-23,25.3426055838394009324302
2007-07-24,25.3475126853957465827149
2007-07-25,25.3524207371166522514507
2007-07-26,25.3573297391860987836939
2007-07-27,25.3622396917881026488056
2007-07-30,25.3671505951067159473488
2007-07-31,25.3720624493260264179877
2007-08-01,25.3769752546301574443891
2007-08-02,25.3818890112032680621236
2007-08-03,25.3868037192295529655690
2007-08-06,25.3917193788932425148152
2007-08-07,25.3966359903786027425703
2007-08-08,25.4015535538699353610671
2007-08-09,25.4064720695515777689729
2007-08-10,25.4113915376079030582983
2007-08-13,25.4163119582233200213096
2007-08-14,25.4212333315822731574407
2007-08-16,25.4261556578692426802074
2007-08-17,25.4310789372687445241226
2007-08-20,25.4360031699653303516133
2007-08-21,25.4409283561435875599381
2007-08-22,25.4458544959881392881070
2007-08-23,25.4507815896836444238020
2007-08-24,25.4557096374147976102988
2007-08-27,25.4606386393663292533907
2007-08-28,25.4655685957230055283128
2007-08-29,25.4704995066696283866686
2007-08-30,25.4754313723910355633568
2007-08-31,25.4803641930721005835006
2007-09-03,25.4852979688977327693773
2007-09-04,25.4902327000528772473501
2007-09-05,25.4951683867225149548005
2007-09-06,25.5001050290916626470629
2007-09-07,25.5050426273453729043595
2007-09-10,25.5099811816687341387373
2007-09-11,25.5149206922468706010067
2007-09-12,25.5198611592649423876800
2007-09-13,25.5248025829081454479133
2007-09-14,25.5297449633617115904477
2007-09-17,25.5346883008109084905535
2007-09-18,25.5396325954410396969748
2007-09-19,25.5445778474374446388756
2007-09-20,25.5495240569854986327876
2007-09-21,25.5544712242706128895589
2007-09-24,25.5594193494782345213041
2007-09-25,25.5643684327938465483562
2007-09-26,25.5693184744029679062195
2007-09-27,25.5742694744911534525235
2007-09-28,25.5792214332439939739790
2007-10-01,25.5841743508471161933347
2007-10-03,25.5891282274861827763357
2007-10-04,25.5940830633468923386831
2007-10-05,25.5990388586149794529950
2007-10-08,25.6039956134762146557690
2007-10-09,25.6089533281164044543457
2007-10-10,25.6139120027213913338738
2007-10-11,25.6188716374770537642765
2007-10-12,25.6238322325693062072194
2007-10-15,25.6287937881840991230796
2007-10-16,25.6337563045074189779156
2007-10-17,25.6387197817252882504400
2007-10-18,25.6436842200237654389919
2007-10-19,25.6486496195889450685119
2007-10-22,25.6536159806069576975174
2007-10-23,25.6585833032639699250805
2007-10-24,25.6635515877461843978060
2007-10-25,25.6685208342398398168114
2007-10-26,25.6734910429312109447084
2007-10-29,25.6784622140066086125853
2007-10-30,25.6834343476523797269908
2007-10-31,25.6884074440549072769199
2007-11-01,25.6933815034006103407998
2007-11-02,25.6983565258759440934785
2007-11-05,25.7033325116673998132138
2007-11-06,25.7083094609615048886643
2007-11-07,25.7132873739448228258813
2007-11-08,25.7182662508039532553024
2007-11-09,25.7232460917255319387459
2007-11-12,25.7282268968962307764075
2007-11-13,25.7332086665027578138572
2007-11-14,25.7381914007318572490386
2007-11-15,25.7431750997703094392690
2007-11-16,25.7481597638049309082408
2007-11-19,25.7531453930225743530246
2007-11-20,25.7581319876101286510732
2007-11-21,25.7631195477545188672276
2007-11-22,25.7681080736427062607237
2007-11-23,25.7730975654616882922008
2007-11-26,25.7780880233984986307111
2007-11-27,25.7830794476402071607310
2007-11-28,25.7880718383739199891734
2007-11-29,25.7930651957867794524013
2007-11-30,25.7980595200659641232433
2007-12-03,25.8030548113986888180096
2007-12-04,25.8080510699722046035105
2007-12-05,25.8130482959737988040748
2007-12-06,25.8180464895907950085711
2007-12-07,25.8230456510105530774293
2007-12-10,25.8280457804204691496638
2007-12-11,25.8330468780079756498985
2007-12-12,25.8380489439605412953928
2007-12-13,25.8430519784656711030684
2007-12-14,25.8480559817109063965386
2007-12-17,25.8530609538838248131383
2007-12-18,25.8580668951720403109550
2007-12-19,25.8630738057632031758624
2007-12-20,25.8680816858450000285537
2007-12-24,25.8730905356051538315778
2007-12-26,25.8781003552314238963757
2007-12-27,25.8831111449116058903192
2007-12-28,25.8881229048335318437502
2007-12-31,25.8931356351850701570217
2008-01-01,25.8981493361541256075404
2008-01-02,25.9031640079286393568102
2008-01-03,25.9081796506965889574771
2008-01-04,25.9131962646459883603760
2008-01-07,25.9182138499648879215784
2008-01-08,25.9232324068413744094414
2008-01-09,25.9282519354635710116584
2008-01-10,25.9332724360196373423107
2008-01-11,25.9382939086977694489214
2008-01-14,25.9433163536861998195092
2008-01-15,25.9483397711731973896450
2008-01-16,25.9533641613470675495092
2008-01-17,25.9583895243961521509499
2008-01-18,25.9634158605088295145437
2008-01-21,25.9684431698735144366568
2008-01-22,25.9734714526786581965078
2008-01-23,25.9785007091127485632318
2008-01-24,25.9835309393643098029464
2008-01-25,25.9885621436219026858182
2008-01-28,25.9935943220741244931312
2008-01-29,25.9986274749096090243566
2008-01-30,26.0036616023170266042237
2008-01-31,26.0086967044850840897924
2008-02-01,26.0137327816025248775268
2008-02-04,26.0187698338581289103705
2008-02-05,26.0238078614407126848232
2008-02-06,26.0288468645391292580184
2008-02-07,26.0338868433422682548026
2008-02-08,26.0389277980390558748161
2008-02-11,26.0439697288184548995751
2008-02-12,26.0490126358694646995547
2008-02-13,26.0540565193811212412740
2008-02-14,26.0591013795424970943818
2008-02-15,26.0641472165427014387445
2008-02-18,26.0691940305708800715350
2008-02-19,26.0742418218162154143223
2008-02-20,26.0792905904679265201638
2008-02-21,26.0843403367152690806979
2008-02-22,26.0893910607475354332384
2008-02-25,26.0944427627540545678704
2008-02-26,26.0994954429241921345472
2008-02-27,26.1045491014473504501887
2008-02-28,26.1096037385129685057814
2008-02-29,26.1146593543105219734797
2008-03-03,26.1197159490295232137084
2008-03-04,26.1247735228595212822664
2008-03-05,26.1298320759901019374326
2008-03-07,26.1348916086108876470721
2008-03-10,26.1399521209115375957445
2008-03-11,26.1450136130817476918135
2008-03-12,26.1500760853112505745575
2008-03-13,26.1551395377898156212821
2008-03-14,26.1602039707072489544334
2008-03-17,26.1652693842533934487133
2008-03-18,26.1703357786181287381956
2008-03-19,26.1754031539913712234437
2008-03-24,26.1804715105630740786300
2008-03-25,26.1855408485232272586563
2008-03-26,26.1906111680618575062754
2008-03-27,26.1956824693690283592147
2008-03-28,26.2007547526348401573007
2008-03-31,26.2058280180494300495849
2008-04-01,26.2109022658029720014713
2008-04-02,881.6554774960856768018453
2008-04-03,1292.1715931924602536039053
2008-04-04,704.8215935009509167050195
2008-04-07,234.9415938095013130094941
2008-04-08,2349.4015941181114540834994
2008-04-09,-2819.2784055732186485045544
2008-04-10,3406.6315947355110168159825
2008-04-11,-939.7584049556995383819993
2008-04-15,704.8215953531496974766313
2008-04-16,1527.1115956620587359692470
2008-04-17,2819.2815959710275886754620
2008-04-21,-5051.2084037199437328228670
2008-04-22,-234.9384034108552169416412
2008-04-23,0.0015968982931479054816
2008-04-24,-3054.2184027924986266929128
2008-04-25,-939.7584024832305291459953
2008-04-28,1174.7015978260974521393083
2008-04-29,-117.4684018645146712416836
2008-04-30,-1996.9884015550668876914072
2008-05-02,-1409.6384012455591856100531
2008-05-05,0.0015990640084466044344
2008-05-06,3289.1615993736360205563573
2008-05-07,1174.7015996833235478522645
2008-05-08,0.0015999930710401009522
2008-05-09,1292.1716003028785089134651
2008-05-12,-117.4683993872540340969050
2008-05-13,-234.9383990773265773146165
2008-05-14,0.0016012326608908781206
2008-05-15,234.9416015427083821013463
2008-05-16,2349.4016018528159079773501
2008-05-20,3759.0416021629834801306725
2008-05-21,3993.9816024732111101881044
2008-05-22,822.2916027834988097786885
2008-05-23,-352.4083969061534094662815
2008-05-26,-822.2883965957455359132589
2008-05-27,1292.1716037147224420735549
2008-05-28,-5403.6183959747494638677880
2008-05-29,1292.1716043358387579030180
2008-05-30,-3876.5083953535128809714680
2008-06-02,587.3516049571956311535678
2008-06-03,2231.9316052679643059251940
2008-06-04,-2701.8083944212068450072658
2008-06-05,-352.4083941103178099922321
2008-06-06,1174.7016062006314226241306
2008-06-09,4228.9216065116408644979142
2008-06-10,-3054.2183931772894727125321
2008-06-11,-1762.0483928661595773466021
2008-06-12,-704.8183925549694377414312
2008-06-13,-704.8183922437190422318972
2008-06-16,822.2916080675916208493815
2008-06-17,1644.5816083789625631720452
2008-06-18,-117.4683913096062035920062
2008-06-19,1174.7016090018853322313876
2008-06-20,1057.2316093134371823186471
2008-06-23,1879.5216096250493583484537
2008-06-24,-2349.3983900632781279982497
2008-06-25,-1174.6983897515452650382585
2008-06-26,587.3516105602479589138939
2008-06-27,5403.6216108721015555459374
2008-06-30,3641.5716111840155365478642
2008-07-01,-822.2883885040100863880694
2008-07-02,-587.3483881919753015673433
2008-07-03,1879.5216121201199027068270
2008-07-04,-1409.6383875677244618665091
2008-07-07,-1174.6983872555083835860369
2008-07-08,1174.7016130567681492518240
2008-07-09,-1762.0483866308948516470801
2008-07-10,1174.7016136815026254253644
2008-07-11,2114.4616139939605921795374
2008-07-14,1527.1116143064790603280869
2008-07-15,5051.2116146190580415859283
2008-07-16,-1292.1683850683024523297543
2008-07-17,-3171.6883847556024096995082
2008-07-18,-704.8183844428418188016111
2008-07-21,704.8216158699793320879285
2008-07-22,822.2916161828610546953725
2008-07-23,-8457.8383835041966392507465
2008-07-24,822.2916168088062619803747
2008-07-25,-117.4683828781302298781889
2008-07-28,0.0016174349938969089093
2008-07-29,234.9416177481786540792885
2008-07-30,-3054.2183819385759466271595
2008-07-31,822.2916183747301065317304
2008-08-01,-939.7583813119031746996034
2008-08-04,0.0016190015242214255521
2008-08-05,-4463.8583806849876933438158
2008-08-06,704.8216196285610927435550
2008-08-07,-1409.6383800578294085587979
2008-08-08,-117.4683797441591854950609
2008-08-11,-1762.0483794304282263071443
2008-08-12,-704.8183791166365192346815
2008-08-13,-939.7583788027840525150289
2008-08-14,1644.5816215111291856167346
2008-08-18,-2231.9283781748967930721915
2008-08-19,587.3516221391380231876705
2008-08-20,352.4116224532336461680775
2008-08-21,2349.4016227673900876430654
2008-08-22,-1057.2283769183926406110498
2008-08-25,-822.2883766041145268156720
2008-08-26,-1996.9883762897755591899242
2008-08-27,2349.4016240246242740493514
2008-08-28,-234.9383756609150153124054
2008-08-29,469.8816246536065845125269
2008-09-01,352.4116249681890853141523
2008-09-02,-2819.2783747171675011152421
2008-09-04,352.4116255975368370189138
2008-09-05,-1174.6983740876978884865256
2008-09-08,234.9416262271283341675777
2008-09-09,-117.4683734579844832173530
2008-09-10,-1762.0483731430363288376098
2008-09-11,-1996.9883728280271908871988
2008-09-12,469.8816274870429424421595
2008-09-15,2349.4016278021740829610311
2008-09-16,1527.1116281173662424822695
2008-09-17,234.9416284326194328210144
2008-09-18,10219.8916287479336657946945
2008-09-19,-3524.0983709366910467769743
2008-09-22,3054.2216293787453069280131
2008-09-23,1527.1116296942427387339510
2008-09-24,-469.8783699901987395325774
2008-09-25,469.8816303254208839573020
2008-09-26,-469.8783693588983789652472
2008-09-29,2701.8116309568434835332301
2008-09-30,352.4116312726464832884804
2008-10-01,-2231.9283684114893678614588
2008-10-03,-2231.9283680955640580762570
2008-10-06,2701.8116322204224244867087
2008-10-07,4111.4516325364700916723540
2008-10-08,3289.1616328525789553278887
2008-10-10,3876.5116331687490273028160
2008-10-13,-8810.2483665150196805510660
2008-10-14,-2114.4583661987271563796649
2008-10-15,2701.8116341176266116734078
2008-10-16,-822.2883655659583645331643
2008-10-17,-4228.9183652494820731384011
2008-10-20,-469.8783649329445022790260
2008-10-21,-2231.9283646163456400894651
2008-10-22,-3524.0983642996854747018472
2008-10-23,-3993.9783639829639942460029
2008-10-24,-4346.3883636661811868494646
2008-10-27,1409.6416366506629593625343
2008-10-28,5990.9716369675684562670598
2008-10-29,-352.4083627154646842565224
2008-10-31,-4111.4483623984364503265466
2008-11-03,587.3516379186531699409539
2008-11-04,-324.9310317641958115677533
2008-11-05,26.3465671514658826343882
2008-11-06,26.3516686506091185888273
2008-11-07,26.3567711375582177822338
2008-11-10,26.3618746125044495642739
2008-11-11,26.3669790756391203201946
2008-11-12,26.3720845271535734779957
2008-11-14,26.3771909672391895156014
2008-11-17,26.3822983960873859680351
2008-11-18,26.3874068138896174345944
2008-11-19,26.3925162208373755860277
2008-11-20,26.3976266171221891717129
2008-11-21,26.4027380029356240268367
2008-11-24,26.4078503784692830795752
2008-11-25,26.4129637439148063582767
2008-11-26,26.4180780994638709986453
2008-11-28,26.4231934453081912509260
2008-12-01,26.4283097816395184870911
2008-12-02,-4995.7948228913503587919717
2008-12-03,2457.0921804521408080334662
2008-12-04,-2029.7678191256571394467510
2008-12-05,-854.6378187033733357296747
2008-12-08,427.3221817189922350142207
2008-12-10,427.3221821414395886175259
2008-12-11,2670.7521825639687409158976
2008-12-12,-320.4878170134202922519415
2008-12-15,961.4721834092725049557981
2008-12-16,534.1521838320471483839737
2008-12-17,1495.6221842549036538805101
2008-12-18,1175.1321846778420372964014
2008-12-19,-2884.4078148991376855142895
2008-12-22,1068.3021855239645013055700
2008-12-23,854.6421859471486136161835
2008-12-24,213.6621863704146672808250
2008-12-26,-427.3178132062373218341594
2008-12-29,4807.3521872171926621406482
2008-12-30,-1068.2978123592953649222611
2008-12-31,213.6621880642986128526767
2009-01-01,1816.1121884879746113441003
2009-01-02,0.0021889117326464337223
2009-01-05,-1922.9378106644272659936692
2009-01-06,-1816.1078102405051100502104
2009-01-07,2029.7721901834991301550391
2009-01-09,-854.6378093924145294839037
2009-01-12,320.4921910317539269300562
2009-01-13,-2777.5778085439954847029087
2009-01-14,854.6421918803372515204538
2009-01-15,-1709.2778076952478484935258
2009-01-16,1495.6221927292492311645640
2009-01-19,1495.6221931538285064072143
2009-01-20,-427.3178064215100068500020
2009-01-21,3845.8821940032337073115695
2009-01-22,-961.4678055719403351863346
2009-01-23,1495.6221948529678815811057
2009-01-27,2136.6021952779583735417934
2009-01-28,-1922.9378042969688433732843
2009-01-29,-747.8078038718137532300551
2009-01-30,6302.9721965534236599086384
2009-02-02,-213.6578030212565880169606
2009-02-03,-1175.1278025958544810635223
2009-02-04,-1068.2978021703700032846296
2009-02-05,1281.9621982551968612692221
2009-02-06,427.3221986808461285506256
2009-02-09,-640.9778008934221854847369
2009-02-10,-534.1478004676080648780944
2009-02-11,3204.9021999582885063324149
2009-02-12,3311.7322003842675441117431
2009-02-13,-427.3177991896709355720664
2009-02-16,961.4722012364730832521219
2009-02-17,5555.1622016626996165585358
2009-02-18,5661.9922020890086803244965
2009-02-19,-1922.9377974845997094695816
2009-02-20,961.4722029418744631598106
2009-02-24,-320.4877966315687858007229
2009-02-25,-5021.0077962049294403614829
2009-02-26,-640.9777957782074845296738
2009-02-27,1388.7922046485970976905964
2009-03-02,4166.3722050754843222983173
2009-03-03,-3845.8777944975457947044239
2009-03-04,-1709.2777940704932373124411
2009-03-05,0.0022063566420104825504
2009-03-06,3739.0522067838599646919352
2009-03-09,-106.8277927888393586698017
2009-03-12,-3098.0677923614559435850744
2009-03-13,747.8122080660102259668041
2009-03-16,106.8322084935591660096236
2009-03-17,-961.4677910788091074297242
2009-03-18,-1068.2977906510945783212436
2009-03-19,747.8122097767027693681644
2009-03-20,3845.8822102045829516747039
2009-03-23,213.6622106325459846376834
2009-03-24,-2563.9177889394081157004822
2009-03-25,-1922.9377885112793332942723
2009-03-26,1922.9422119169323479049412
2009-03-27,0.0022123452269439488932
2009-03-30,0.0022127736044708924274
2009-03-31,-1495.6177867979350552065043
2009-04-01,-213.6577863693916182868403
2009-04-02,-1816.1077859407652022844095
2009-04-06,-7371.2677855120557911319300
2009-04-08,3311.7322149167366312409913
2009-04-09,-1602.4477846543879190921412
2009-04-13,0.0022157745705739452896
2009-04-15,640.9822162036121264330138
2009-04-16,-534.1477833672632455461255
2009-04-17,-2777.5777829380555259061706
2009-04-20,640.9822174912353014419510
2009-04-21,2563.9222179206092525904265
2009-04-22,-213.6577816499336563654401
2009-04-23,320.4922187796065906727711
2009-04-24,3204.9022192092300098065972
2009-04-27,747.8122196389366171406936
2009-04-28,-1068.2977799312735712171666
2009-04-29,-1816.1077795014005391560912
2009-05-04,-1388.7877790714442705620680
2009-05-05,320.4922213585952506820348
2009-05-06,427.3222217887180406964700
2009-05-07,1602.4522222189241156046120
2009-05-08,-213.6577773507865084670434
2009-05-11,106.8322230795861846111230
2009-05-12,-213.6577764899577890281474
2009-05-13,2136.6022239405815867510116
2009-05-14,213.6622243712043280875897
2009-05-15,-106.8277751980895488762976
2009-05-18,0.0022252326999720045900
2009-05-19,-5768.8177743364270931213802
2009-05-20,-320.4877739054707281027146
2009-05-21,1816.1122265255690832152079
2009-05-22,1175.1322269566923569901366
2009-05-25,427.3222273878991093829492
2009-05-26,0.0022278191893565576529
2009-05-27,747.8122282505631146813845
2009-05-28,640.9822286820203999244116
2009-05-29,1495.6222291135612284601322
2009-06-01,1495.6222295451856164650768
2009-06-02,-1495.6177700231064198810924
2009-06-03,854.6422304086851356044196
2009-06-04,-747.8077691594397008924581
2009-06-05,1068.3022312725190868173370
2009-06-08,-3418.5577682954384850739974
2009-06-09,-213.6577678633124003711286
2009-06-10,1495.6222325688973571244122
2009-06-11,-320.4877669988091963857701
2009-06-12,-854.6377665664320446969326
2009-06-15,-1388.7877661339711716011957
2009-06-16,106.8322342985734391124593
2009-06-17,-320.4877652687981963418102
2009-06-18,1175.1322351639139382532924
2009-06-19,-427.3177644032901408817954
2009-06-22,-640.9777639704104175234960
2009-06-23,106.8322364625531245549099
2009-06-24,534.1522368956005015832837
2009-06-25,1281.9622373287317297946289
2009-06-26,854.6422377619468254250929
2009-06-29,-1388.7877618047541952860337
2009-06-30,0.0022386286286839036844
2009-07-01,-1388.7877609379045207601724
2009-07-02,640.9822394956462069711217
2009-07-03,-534.1477600707191166505609
2009-07-06,1068.3022403629995246297985
2009-07-07,427.3222407968021470703668
2009-07-08,-320.4877587693112330675416
2009-07-09,-747.8077583353405995194635
2009-07-10,-427.3177579012859360177862
2009-07-13,1175.1322425328527737082529
2009-07-14,747.8122429670755459325664
2009-07-15,534.1522434013823969322189
2009-07-16,1495.6222438357733429874258
2009-07-17,106.8322442702484003815558
2009-07-20,427.3222447048075854011295
2009-07-21,320.4922451394509143358222
2009-07-22,-427.3177544258215965215377
2009-07-23,1388.7922460089900691250339
2009-07-24,-747.8077535561140724253242
2009-07-27,534.1522468788659951296832
2009-07-28,-427.3177526860697119044920
2009-07-29,-2457.0877522509211772192410
2009-07-30,-427.3177518156883845027971
2009-07-31,213.6622486196286825597651
2009-08-03,1388.7922490550300402865300
2009-08-04,-4343.8837005094842950012586
2009-08-05,2883.6071979697314457651146
2009-08-06,-3631.1928006365220290460873
2009-08-07,-4093.9927992425056320116229
2009-08-10,-2153.7927978482193108760698
2009-08-11,-961.1927964536630133738880
2009-08-12,480.6072049411633127705835
2009-08-13,5678.2072063362597198431275
2009-08-14,1121.4072077316262601396506
2009-08-17,-6336.7927908727370140338140
2009-08-18,2136.0072105231699496388948
2009-08-19,-3132.7927880806527965159320
2009-08-20,2652.2072133157947998381284
2009-08-21,979.0072147125127910476331
2009-08-24,2509.8072161095012294692751
2009-08-25,249.2072175067601674698848
2009-08-26,2011.4072189042896574264328
2009-08-27,-480.5927796979102482739686
2009-08-28,1157.0072217001605027659365
2009-08-31,-17.7927769014980370464499
2009-09-01,-2669.9927755028858152935788
2009-09-02,-748.1357741040027795477507
2009-09-03,4470.7516520919761989370650
2009-09-04,0.0016524118716051458752
2009-09-07,993.5016527318289528642307
2009-09-08,993.5016530518482540858973
2009-09-09,-1589.5983466280704791930366
2009-09-10,-1291.5483463079272349741600
2009-09-11,2086.3516540122779987432614
2009-09-14,198.7016543325452339622855
2009-09-15,-99.3483453471255173117055
2009-09-16,1688.9516549732657569289953
2009-09-17,-198.6983447062809313055805
2009-09-18,-794.7983443857655700030753
2009-09-22,-198.6983440651881471488060
2009-09-23,0.0016562554513492742372
2009-09-24,-695.4483434238470687146092
2009-09-25,-1986.9983431030833890936812
2009-09-29,-894.1483427822575998389874
2009-09-30,993.5016575386303110757922
2009-10-01,298.0516578595803556793062
2009-10-05,-2253.1945618194074539974680
2009-10-06,-1420.6920835490803502383582
2009-10-07,1975.9479199200911168055708
2009-10-08,1241.0979233899343212779519
2009-10-09,1355.4079268604493932476434
2009-10-12,457.2579303316364628086893
2009-10-14,3412.9879338034956600803236
2009-10-15,3935.5479372760271152069754
2009-10-16,1894.2979407492309583582734
2009-10-17,81.6679442231073197290518
2009-10-20,-326.5820523023436704606460
2009-10-21,-3559.9220488271218819655622
2009-10-22,-1518.6720453512271845152190
2009-10-23,1028.8079581253405521860854
2009-10-26,-1649.3120383974185415407179
2009-10-27,-8344.6120349195043353494637
2009-10-28,1143.1179685590833011312521
2009-10-29,-506.2120279616555017019223
2009-10-30,-228.6020244817206134270902
2009-11-03,-4327.4320210011119035971010
2009-11-04,4278.4779824801707582604543
2009-11-05,3690.5979859621275026432483
2009-11-06,1910.6279894447584600742216
2009-11-09,4311.1379929280637611015884
2009-11-10,-65.3020035879564637011592
2009-11-11,2416.8579998966979162647540
2009-11-12,-1779.9519966179729683766090
2009-11-13,1322.7480068680310130241077
2009-11-16,2041.2680103547099911415578
2009-11-17,-1502.3419861579359033243027
2009-11-18,1257.4280173300934603517900
2009-11-19,-2302.5119791812017870795881
2009-11-20,1567.6980243081784851574564
2009-11-23,0.0180277982344078641390
2009-11-24,-1796.2819687110338881329974
2009-11-25,1355.4080347803737280179217
2009-11-26,-489.8819617275426128058920
2009-11-27,-1943.2519582347827797018852
2009-11-30,1502.3780452586533582578424
2009-12-01,2923.0880487527659320265425
2009-12-02,-244.9319477524449274171765
2009-12-03,3592.6180557430209109306551
2009-12-04,-2286.1819407608364219006263
2009-12-07,734.8680627359832051436863
2009-12-08,408.2680662334799231436770
2009-12-09,734.8680697316538632048101
2009-12-10,-489.8819267694948435420633
2009-12-11,81.6680767300339340592982
2009-12-14,-2612.7819197697596728094677
2009-12-15,-163.2819162688755329413228
2009-12-16,-898.1319127673135151038231
2009-12-17,244.9680907349265119608860
2009-12-18,-1175.7419057621553204639254
2009-12-21,1094.1280977414411189304333
2009-12-22,2122.9181012457159614780778
2009-12-23,1633.0181047506693385385545
2009-12-24,1388.0681082563013814968450
2009-12-29,0.0181117626122217633705
2009-12-30,816.5181152696019907739978
2009-12-31,-1061.4318812227291800099563
2010-01-04,3510.9681222856188408982794
2010-01-05,1306.4181257946461850109365
2010-01-06,2531.1681293043529838657113
2010-01-07,-979.7818671852606309742306
2010-01-08,-1551.3318636741945279202484
2010-01-11,1714.6681398375514246417778
2010-01-12,-1061.4318566500226416485473
2010-01-13,979.8181468630834048738704
2010-01-14,1551.3681503768696958996194
2010-01-15,-244.9318461086636368552128
2010-01-18,898.1681574064835383509661
2010-01-19,-1796.2818390776886467147429
2010-01-20,-81.6318355611800602597244
2010-01-21,-3919.1818320439905704658441
2010-01-22,-1796.2818285261200454894433
2010-01-25,-2939.3818250075683534613350
2010-01-27,-5748.1418214883353624867977
2010-01-28,849.1781820315790593544287
2010-01-29,1551.3681855521750440081479
2010-02-01,1959.6181890734527234457127
2010-02-02,-1061.4318074045877703359707
2010-02-03,3510.9681961180536946855629
2010-02-04,-2857.7318003586227494416584
2010-02-05,-3951.8417968346169706440374
2010-02-06,9259.1282066900711631775967
2010-02-08,-6776.9317897845582158520077
2010-02-09,244.9682137414950244174822
2010-02-10,-979.7817827317689838380132
2010-02-11,1061.4682207956498915830202
2010-02-15,408.2682243237517829076945
2010-02-16,408.2682278525368223887250
2010-02-17,1224.7682313820051423044355
2010-02-18,-1388.0317650878431250412374
2010-02-19,-489.8817615570078473187391
2010-02-22,-1306.3817580254888921728916
2010-02-23,-326.5817544932861272228893
2010-02-24,-261.2617509603994200622932
2010-02-25,-408.2317474268286382590267
2010-02-26,2874.0982561074263506446295
2010-03-02,2776.1182596423656791320432
2010-03-03,4327.4682631779894797122346
2010-03-04,1061.4682667142978849198814
2010-03-05,1469.7182702512910273153249
2010-03-08,816.5182737889690394845732
2010-03-09,-1632.9817226726679459606923
2010-03-10,-1632.9817191336197963831126
2010-03-11,81.6682844061136208803535
2010-03-12,81.6682879465324385184355
2010-03-15,-898.1317085123632107544451
2010-03-16,1061.4682950294268058018310
2010-03-17,-408.2317014280973790469144
2010-03-18,979.8183021150643674908483
2010-03-19,816.5183056589121782323605
2010-03-22,-1388.0316907965538139794181
2010-03-23,-163.2816872513334762758062
2010-03-25,898.1683162945733242376059
2010-03-26,1877.9683198411667204809593
2010-03-29,-489.8816766115531545998667
2010-03-30,1061.4683269364138319667491
2010-03-31,1061.4683304850678131781755
2010-04-01,734.8683340344089220575335
2010-04-05,2204.5683375844372916537015
2010-04-06,653.2183411351530550413204
2010-04-07,979.8183446865563453207979
2010-04-08,-1224.7316517613527043816853
2010-04-09,734.8683517914260390858282
2010-04-12,-1388.0316446551072910989217
2010-04-13,163.3183588990474382675923
2010-04-15,-816.4816375461096395853105
2010-04-16,-816.4816339905783914025132
2010-04-19,-2041.2316304343586839030971
2010-04-20,489.9183731225496162196642
2010-04-21,489.9183766801466422983091
2010-04-22,1877.9683802384325276911934
2010-04-23,1224.7683837974074057824950
2010-04-26,-244.9316126429285900177811
2010-04-27,244.9683909174246737262028
2010-04-28,-2612.7816055215326695238787
2010-04-29,1633.0183980401995137194915
2010-04-30,2449.5184016026213569696773
2010-05-03,-244.9315948342670062341046
2010-05-04,-3184.3315912704654423267806
2010-05-05,1306.4184122940261822825854
2010-05-06,-2204.5315841407919987892033
2010-05-07,-3021.0315805749198518994713
2010-05-10,4000.8684229916427566203345
2010-05-11,-1796.2815734411040395353509
2010-05-12,-571.5315698731601066462050
2010-05-13,4980.6684336954746890339873
2010-05-14,-2286.1815627351995187226623
2010-05-16,0.0184408348174038818613
2010-05-17,81.6684444055255906714796
2010-05-18,-1551.3315520230748245039728
2010-05-19,-3347.6315484509837077687445
2010-05-20,408.2684551217990747788390
2010-05-21,-4327.4315413047263429336210
2010-05-24,1633.0184622694401730474100
2010-05-25,-4817.3315341557012432985970
2010-05-26,3021.0684694198495420337726
2010-05-27,1224.7684729960926630758800
2010-05-28,2449.5184765730282538850397
2010-05-31,2286.2184801506564485445233
2010-06-01,-3102.6815162710226188364348
2010-06-02,1551.3684873079911858773674
2010-06-03,2776.1184908876979968471046
2010-06-04,2041.2684944680979482599291
2010-06-07,-2531.1315019508088256710239
2010-06-08,-1551.3314983690221907066315
2010-06-09,1714.6685052134579874182217
2010-06-10,1959.6185087966318429946495
2010-06-11,-1796.2814876195004896602320
2010-06-14,326.6185159650611237967015
2010-06-15,1877.9685195503168177345871
2010-06-16,-244.9314768637332734514200
2010-06-17,1224.7685267229109846598582
2010-06-18,-1877.9314696897502734843720
2010-06-21,2939.4185338982830865891283
2010-06-22,-979.7814625129888006203630
2010-06-23,1143.1185410764341994124740
2010-06-24,571.5685446665522212390086
2010-06-25,1224.7685482573653994366623
2010-06-28,571.5685518488738686089157
2010-06-29,1469.7185554410777633853122
2010-06-30,244.9685590339772184214639
2010-07-01,-81.6314373724276316009438
2010-07-02,571.5685662218633480258530
2010-07-05,-1306.3814301831497079642983
2010-07-06,1469.7185734125333351885385
2010-07-07,-1224.7314229910873877296071
2010-07-08,1796.3185806059882580933932
2010-07-09,816.5185842037604074957717
2010-07-12,-979.7814121977708046581309
2010-07-13,1877.9685914013947565221402
2010-07-14,-898.1314049987427740468413
2010-07-15,734.8685986018167385776221
2010-07-16,-81.6313977969265706356429
2010-07-19,244.9686058050274333083244
2010-07-20,81.6686094076788854306238
2010-07-21,1551.3686130110279207784994
2010-07-22,0.0186166150746744253447
2010-07-23,163.3186202198192814707069
2010-07-26,-2612.7813761747381229597064
2010-07-27,2286.2186274314025962859759
2010-07-28,326.6186310382415743857950
2010-07-29,-326.5813653542210534560336
2010-07-30,326.6186382540148479908857
2010-08-02,979.8186418629494139831326
2010-08-03,1551.3686454725827798034770
2010-08-04,-163.2813509170849192391165
2010-08-05,-1714.6313473060535478094829
2010-08-06,1633.0186563056770294537469
2010-08-09,489.9186599181069479381532
2010-08-10,-653.1813364687636569424696
2010-08-11,-408.2313328549346497481061
2010-08-12,81.6686707595941049874842
2010-08-13,1224.7686743748227427567721
2010-08-16,898.1686779907513990784639
2010-08-17,-408.2313183926197905024934
2010-08-18,4082.5186852247093095850925
2010-08-19,2041.2686888427388349386651
2010-08-20,-3265.9813075385310788180767
2010-08-23,3102.7186960808997039648272
2010-08-24,-898.1313002989686810363976
2010-08-25,-2286.1812966781360981192538
2010-08-26,489.9187069433975884450316
2010-08-27,-2286.1812894343674855884873
2010-08-30,-1796.2812858114311844384695
2010-08-31,-1143.0812821877933722972832
2010-09-01,3021.0687214365460866690004
2010-09-02,2367.8687250615873283206112
2010-09-03,1551.3687286873304885440864
2010-09-06,3266.0187323137757032522741
2010-09-07,-244.9312640590768916156596
2010-09-08,-2857.7312604312271600942277
2010-09-09,3755.9187431973250338083845
2010-09-13,3510.9687468265798261103238
2010-09-14,-163.2812495434626471439261
2010-09-15,979.8187540871977501164614
2010-09-16,-2694.4312422814388460113401
2010-09-17,1469.7187613506277005961958
2010-09-20,4409.1187649833975260889532
2010-09-21,-2939.3812313831292333568212
2010-09-22,571.5687722510475584614871
2010-09-23,-1143.0812241140719622271338
2010-09-24,1469.7187795215123408326813
2010-09-27,2122.9187831578006039226817
2010-09-28,-2367.8312132052070366489955
2010-09-29,-1388.0312095675104445478197
2010-09-30,-1796.2812059291094834128616
2010-10-01,5470.5687977099959831432115
2010-10-04,4082.5188013498060915341412
2010-10-05,653.2188049903209782000829
2010-10-06,1551.3688086315407796076109
2010-10-07,-81.6311877265343677502761
2010-10-08,-571.5311840839043273541507
2010-10-11,2367.8688195594310373418495
2010-10-12,-3265.9811767965281370899744
2010-10-13,2694.4688268482182859491238
2010-10-14,-734.8311695063295569156602
2010-10-15,-4980.6311658601715290326759
2010-10-18,1224.7688377866925062761871
2010-10-19,571.5688414342626857155044
2010-10-20,-81.6311549174608539836784
2010-10-21,3347.6688487315220239361597
2010-10-22,408.2688523812114562590201
2010-10-25,-81.6311439683924202046103
2010-10-26,-571.5311403172894686177538
2010-10-27,-653.1811366654795521169369
2010-10-28,-1388.0311330129625338121853
2010-10-29,-489.8811293597382767870184
2010-11-01,2694.4688742941933559015553
2010-11-02,2367.8688779488325012230439
2010-11-03,734.8688816041792961734771
2010-11-04,1551.3688852602338777754107
2010-11-05,0.0188889169963830779326
2010-11-08,0.0188925744669491566679
2010-11-09,-163.2811037673542868862172
2010-11-10,1388.0688998915328120779917
2010-11-11,-3184.3310964488716167954395
2010-11-12,-4000.8310927885674363246869
2010-11-15,-2531.1310891275545093013643
2010-11-16,-2857.7310854658326984905178
2010-11-18,979.8189181965981333693795
2010-11-19,-4409.0810781402618764335675
2010-11-22,2531.1689255235874094153292
2010-11-23,653.2189291881461282573460
2010-11-24,-4327.4310671465855825396473
2010-11-25,-7430.1310634806075855811822
2010-11-26,-2041.2310598139197434461867
2010-11-29,3674.2689438534780813130206
2010-11-30,408.2689475215860261707345
2010-12-01,8165.0189511904042286278696
2010-12-02,326.6189548599328262119647
2010-12-03,-3102.6810414698280435228121
2010-12-06,-1143.0810377988782429956577
2010-12-07,-3102.6810341272176345991293
2010-12-08,-3184.3310304548460806991392
2010-12-09,-6205.3810267817634436349493
2010-12-10,-1224.7310231079695857191665
2010-12-13,3755.9189805665356307622631
2010-12-14,3021.0689842417523435500589
2010-12-15,-1469.6810120823193095883889
2010-12-16,1469.7189915943208091409857
2010-12-20,-2041.2310047283271624410697
2010-12-21,1551.3689989497369135128784
2010-12-22,0.0190026285131748769548
2010-12-23,-326.5809936919982404480183
2010-12-24,-1632.9809900117971945345176
2010-12-27,1224.7690136691164505716872
2010-12-28,-163.2809826492571671484610
2010-12-29,1633.0190210330820903126977
2010-12-30,408.2690247161343609895458
2010-12-31,1714.6690283998997829431934
2011-01-03,-408.2309679156215057385166
2011-01-04,653.2190357695706330589968
2011-01-05,-2367.8309605445236625229421
2011-01-06,-1959.5809568579042543162609
2011-01-07,-4082.4809531705710041261333
2011-01-10,-4817.3309494825237737309746
2011-01-11,-3510.9309457937624248824360
2011-01-12,4490.7690578957131806946003
2011-01-13,326.6190615859031813020266
2011-01-14,-2531.1309347231922847314856
2011-01-17,-1306.3809310315730790504801
2011-01-18,-1143.0809273392390632727106
2011-01-19,2612.8190763538099010108637
2011-01-20,-1877.9309199524260477639155
2011-01-21,3102.7190837420532288655983
2011-01-24,-979.7809125627521306111376
2011-01-25,81.6690911331580123221501
2011-01-27,-3021.0309051702162037914447
2011-01-28,-4654.0309014728746403820017
2011-01-31,1143.1191022251828411472308
2011-02-01,-2857.7308940760436205801590
2011-02-02,-734.4902903765538869137413
2011-02-03,-1085.2776627072564943300971
2011-02-04,2532.3223377453146835367080
2011-02-07,-452.1976618020265070100694
2011-02-08,452.2023386507199509977192
2011-02-09,633.0823391035540745315080
2011-02-10,542.6423395564758805660171
2011-02-11,-452.1976599905146139207465
2011-02-14,0.0023404625826080525117
2011-02-15,1085.2823409157675634703743
2011-02-16,633.0823413690402693207126
2011-02-17,361.7623418224007425946873
2011-02-18,633.0823422758490002867491
2011-02-21,271.3223427293850593946394
2011-02-22,452.2023431830089369193907
2011-02-23,180.8823436367206498653277
2011-02-24,2351.4423440905202152400673
2011-02-25,-1175.7176554555923499454800
2011-02-28,90.4423449983829713228897
2011-03-01,452.2023454524461960626751
2011-03-03,1537.4823459065973412946701
2011-03-04,-1266.1576536391635759570363
2011-03-07,2351.4423468151634613349421
2011-03-08,-994.8376527304215297987120
2011-03-09,-90.4376522759185323240181
2011-03-10,180.8823481786724707963027
2011-03-11,-1266.1576513666485033971720
2011-03-14,361.7623490881185621394352
2011-03-15,-904.3976504570263155466982
2011-03-16,-1537.4776500020831194050937
2011-03-17,-723.5176495470518323819717
2011-03-18,2261.0023509080675625797501
2011-03-21,1266.1623513632750825404564
2011-03-22,361.7623518185707445638354
2011-03-23,-271.3176477260454342831208
2011-03-24,723.5223527294265630698848
2011-03-25,-1266.1576468150132463035453
2011-03-28,-813.9576463593648453265032
2011-03-29,-1356.5976459036282169187739
2011-03-30,633.0823545521966560031647
2011-03-31,723.5223550081097905261426
2011-04-01,452.2023554641112037402982
2011-04-04,-452.1976440797990872609206
2011-04-05,-90.4376436236210653807566
2011-04-06,1989.6823568326452864808585
2011-04-07,-180.8776427110000145726965
2011-04-08,1356.6023577454430485652692
2011-04-11,813.9623582019744930047590
2011-04-13,-723.5176413414056641409111
2011-04-15,1718.3623591153025942448886
2011-04-18,904.4023595720992852821025
2011-04-19,1989.6823600289844260939897
2011-04-20,361.7623604859580338071246
2011-04-21,0.0023609430201255513983
2011-04-25,2532.3223614001707184600187
2011-04-26,-1808.7976381425901703304893
2011-04-27,180.8823623147374763197181
2011-04-28,3074.9623627721536755538030
2011-04-29,-90.4376367703415554817531
2011-05-02,3255.8423636872518003628520
2011-05-03,-1266.1576358550662397592598
2011-05-04,-1356.5976353972956586916442
2011-05-05,-2080.1176349394364392745355
2011-05-06,1356.6023655185114356551548
2011-05-09,-1718.3576340234520167361615
2011-05-10,994.8423664346732207212514
2011-05-11,813.9623668928871652004537
2011-05-12,-3165.3976326488101661221688
2011-05-13,2713.2023678095812439330952
2011-05-16,-1627.9176317319385874507164
2011-05-17,90.4423687266303569127616
2011-05-18,-452.1976308147119057867780
2011-05-19,-452.1976303559653583563137
2011-05-20,994.8423701028700164005050
2011-05-23,2170.5623705617942356833581
2011-05-24,994.8423710208073166952563
2011-05-25,1085.2823714799092766425413
2011-05-26,-813.9576280608998672651139
2011-05-27,361.7623723983799021852965
2011-05-30,271.3223728577486022101111
2011-05-31,813.9623733172062500290021
2011-06-01,-1537.4776262232471371350244
2011-06-02,1718.3623742363884579443733
2011-06-03,-1537.4776253038869475031282
2011-06-06,994.8423751559266637554844
2011-06-07,271.3223756158293089565608
2011-06-08,-1537.4776239241789946602116
2011-06-09,180.8823765359017701481928
2011-06-10,813.9623769960716206281383
2011-06-13,-1808.7976225436694259706715
2011-06-14,-1085.2776220833213523951929
2011-06-15,-723.5176216228841413890410
2011-06-16,1537.4823788376422243075094
2011-06-17,90.4423792982577619575268
2011-06-20,2170.5623797589624888274214
2011-06-21,361.7623802197564221869470
2011-06-22,90.4423806806395793092015
2011-06-23,-452.1976188583880225293729
2011-06-24,-1989.6776183973263660489883
2011-06-27,-1989.6776179361754339665114
2011-06-28,-180.8776174749352089954622
2011-06-29,271.3223829863943261539868
2011-06-30,-723.5176165521868112249896
2011-07-01,-2622.7576160906786038358676
2011-07-04,-361.7576156290810343787746
2011-07-05,361.7623848326059144495118
2011-07-06,2351.4423852943822599555648
2011-07-07,1447.0423857562480194493080
2011-07-08,-542.6376137817967897559826
2011-07-11,2441.8823866802478496563211
2011-07-12,994.8423871423819550062001
2011-07-13,2080.1223876046055436169894
2011-07-14,2351.4423880669186328153780
2011-07-15,-1537.4776114706787600685900
2011-07-18,3165.4023889918133822984852
2011-07-19,0.0023894543950772533596
2011-07-20,-2532.3176100829336578638539
2011-07-21,904.4023903798271942903153
2011-07-22,-1718.3576091573223489373042
2011-07-25,3617.6023913056177298034754
2011-07-26,-1718.3576082313525521337989
2011-07-27,452.2023922317668226077801
2011-07-28,-361.7576073050241286115191
2011-07-29,0.0023931582746115719329
2011-08-01,361.7623936216630605251277
2011-08-02,1447.0423940851412356184200
2011-08-03,5064.6423945487091542255279
2011-08-04,723.5223950123668337235331
2011-08-05,904.4023954761142914928827
2011-08-08,8410.9223959399515449173886
2011-08-09,9044.0023964038786113842292
2011-08-10,-2260.9976031321044917160508
2011-08-11,5426.4023973320022530104609
2011-08-12,-3708.0376022038011370389554
2011-08-16,1989.6823982604853555363490
2011-08-17,3074.9623987248617481403923
2011-08-18,1627.9223991893280581805628
2011-08-19,10038.8423996538843030676188
2011-08-22,452.2024001185305002156907
2011-08-23,-361.7575994167333329577199
2011-08-24,-3346.2775989519071790317385
2011-08-25,-13385.1175984869910205821176
2011-08-26,6692.5624019780151598187646
2011-08-29,3074.9624024431113796019039
2011-08-30,-2622.7575970917023437983286
2011-09-02,6873.4424033735740070558145
2011-09-05,5335.9624038389404496054563
2011-09-06,-1808.7975956956029987049023
2011-09-07,-5788.1575952300563204273831
2011-09-08,-723.5175947644194981107289
2011-09-09,7054.3224057013074856996958
2011-09-12,-633.0775938328753515380928
2011-09-13,-1447.0375933669679923626990
2011-09-14,3165.4024070990295806906546
2011-09-15,-2713.1975924348826149098732
2011-09-16,-4974.1975919687045616927410
2011-09-19,6511.6824084975637578169753
2011-09-20,-1537.4775910360776389024164
2011-09-21,1989.6824094303712656307766
2011-09-22,-1175.7175901030895110983690
2011-09-23,-3165.3975896364599516013899
2011-09-26,-14922.5975891697400383864368
2011-09-27,5969.0424112970702460417261
2011-09-28,-3255.8375882360290808182770
2011-09-29,-3979.3575877690380014644344
2011-09-30,2803.6424126980435016086552
2011-10-03,3798.4824131652154459097821
2011-10-04,1085.2824136324778489511272
2011-10-05,-7958.7175859001692717517376
2011-10-07,4341.1224145672741013201505
2011-10-10,723.5224150348079856891472
2011-10-11,1085.2824155024323988810010
2011-10-12,1899.2424159701473584248533
2011-10-13,-1085.2775835620471181467596
2011-10-14,180.8824169058489867020931
2011-10-17,271.3224173738356905107377
2011-10-18,-1175.7175821580869891781035
2011-10-19,-904.3975816899190348183109
2011-10-20,-1537.4775812216604288603680
2011-10-21,813.9624192466888462486403
2011-10-24,4250.6824197151288080650273
2011-10-25,-723.5175798163405258514935
2011-10-26,3798.4824206522808620621907
2011-10-28,813.9624211209929893725942
2011-10-31,-2622.7575784102041263503680
2011-11-01,1537.4824220586895324666218
2011-11-02,3436.7224225276739834002836
2011-11-03,994.8424229967492440307410
2011-11-04,1808.8024234659153319415216
2011-11-08,5607.2824239351722647195575
2011-11-09,994.8424244045200599551867
2011-11-11,-1447.0375751260412647578472
2011-11-14,2894.0824253434883081776058
2011-11-15,-633.0775741868912036378960
2011-11-16,2532.3224262828202173996127
2011-11-17,-994.8375732473774111024935
2011-11-18,-3527.1575727774840715334310
2011-11-21,361.7624276925002537209939
2011-11-22,180.8824281625755822783858
2011-11-23,-1085.2775713672580682402401
2011-11-24,904.4024291029993197895441
2011-11-25,-1989.6775704266522360044212
2011-11-28,3255.8424300437872820091171
2011-11-29,-90.4375694856821085351732
2011-11-30,452.2024309849396100007899
2011-12-01,2713.2024314556524552585039
2011-12-02,-90.4375680735435551171183
2011-12-05,-452.1975676026484034777464
2011-12-07,-1447.0375671316620721716334
2011-12-08,2170.5624333394154564563857
2011-12-09,-1627.9175661894157999351055
2011-12-12,-2622.7575657181558236841039
2011-12-13,271.3224347531954028748131
2011-12-14,-1899.2375647753621025895113
2011-12-15,-8682.2375643038283224048121
2011-12-16,-1718.3575638322032388954033
2011-12-19,1266.1624366395131656178245
2011-12-20,1356.6024371113209088174032
2011-12-21,2984.5224375832200083892892
2011-12-22,-2441.8775619447895179771372
2011-12-23,-271.3175614727076525890698
2011-12-26,-271.3175610005343777502770
2011-12-27,-994.8375605282696757611007
2011-12-28,-361.7575600559135289184554
2011-12-29,-4431.5575595834659195158275
2011-12-30,2351.4424408890731701567243
2012-01-02,813.9624413617037578125714
2012-01-03,2351.4424418344258611685146
2012-01-04,1899.2424423072394979447851
2012-01-05,-180.8775572198553141349545
2012-01-06,904.4024432531414426563903
2012-01-07,-452.1975562737702139506538
2012-01-09,-1356.5975558005902662221264
2012-01-10,-1718.3575553273186964206340
2012-01-11,994.8424451460445131946520
2012-01-12,633.0824456194993803679951
2012-01-13,-2260.9975539069540771529051
2012-01-16,904.4024465666841583830870
2012-01-17,1266.1624470404141047305445
2012-01-18,-1537.4775524857642203525215
2012-01-19,90.4424479881492008953382
2012-01-20,-1989.6775515378456137609878
2012-01-23,1808.8024489362513534468287
2012-01-24,-1266.1575505895598797094433
2012-01-25,-633.0775501152792954545938
2012-01-27,5245.5224503590931239900290
2012-01-30,1718.3624508335573964065194
2012-01-31,1537.4824513081135395804148
2012-02-01,452.2024517827615713006966
2012-02-02,-994.8375477424984906402094
2012-02-03,542.6424527323333715535677
2012-02-06,-4521.9975467927428243186555
2012-02-07,633.0824536822729395458846
2012-02-08,3255.8424541573806809533980
2012-02-09,-723.5175453674195822864566
2012-02-10,-723.5175448921278323605729
2012-02-13,-994.8375444167440514523948
2012-02-14,-723.5175439412682217419166
2012-02-15,1627.9224565342996745943180
2012-02-16,-180.8775429900403446167838
2012-02-17,0.0024574857117384551372
2012-02-21,813.9624579615559416438930
2012-02-22,1627.9224584374922827867482
2012-02-23,2984.5224589135207797244217
2012-02-24,90.4424593896414503010866
2012-02-27,-994.8375401341456876356287
2012-02-28,452.2024603421593837653603
2012-02-29,1266.1624608185566823585941
2012-03-01,-7868.2775387049537739979294
2012-03-02,813.9624617716280325572460
2012-03-03,361.7624622483021198890342
2012-03-05,-1175.7175372749314941341911
2012-03-06,452.2024632019272083594035
2012-03-07,-813.9575363211217547548880
2012-03-09,90.4424641559216344016892
2012-03-12,1266.1624646330573937113524
2012-03-13,-1085.2775348897144589402190
2012-03-14,-3346.2775344123939056638822
2012-03-15,-180.8775339349809285670306
2012-03-16,2080.1224665425244902464070
2012-03-19,452.2024670201223686759669
2012-03-20,-452.1975325021872753753485
2012-03-21,1808.8024679755955759989298
2012-03-22,90.4424684534709407087376
2012-03-23,1627.9224689314388366674792
2012-03-26,1356.6024694094992817920272
2012-03-27,1085.2824698876522940027231
2012-03-28,-723.5175296341021087766209
2012-03-29,180.8824708442360913812774
2012-03-30,-452.1975286773330875928284
2012-04-02,-633.0775281988096277647125
2012-04-03,-180.8775277201935111966771
2012-04-04,-1989.6775272414847199475503
2012-04-09,1627.9224732373167639273132
2012-04-10,90.4424737162109583760333
2012-04-11,1899.2424741951978813502056
2012-04-12,-452.1975253257224491950986
2012-04-13,2441.8824751534499846986686
2012-04-16,-1175.7175243672847990064672
2012-04-17,-180.8775238879267823450031
2012-04-18,-180.8775234084759473479567
2012-04-19,633.0824770710677239571330
2012-04-20,1718.3624775507042495462077
2012-04-23,1266.1624780304336473986891
2012-04-24,904.4024785102559354974809
2012-04-25,-1175.7175210098288681710318
2012-04-26,1175.7224794701792543830196
2012-04-27,813.9624799502803211529863
2012-04-28,1085.2824804304743501357040
2012-04-30,90.4424809107613593314931
2012-05-02,361.7624813911413667441593
2012-05-03,813.9624818716143903809945
2012-05-04,-90.4375176478195517472227
2012-05-07,-1718.3575171671604416262264
2012-05-08,-1175.7175166864082612382623
2012-05-09,-3346.2775162055629925620874
2012-05-10,-633.0775157246246175729696
2012-05-11,-994.8375152435931182426861
2012-05-14,-1356.5975147624684765395235
2012-05-15,-633.0775142812506744282773
2012-05-16,-1266.1575137999396938702500
2012-05-17,2351.4424866814644831767477
2012-05-18,5335.9624871629618747583997
2012-05-21,1175.7224876445524989238831
2012-05-22,-180.8775118737636262741293
2012-05-23,0.0024886080135172205302
2012-05-24,723.5224890898839474675260
2012-05-25,-1718.3575104281523174699809
2012-05-28,1718.3624900539047404746683
2012-05-29,633.0824905360551393716304
2012-05-30,-1537.4775089817011027054386
2012-05-31,1627.9224915006360323206167
2012-06-01,-1808.7975080169334374695479
2012-06-04,6511.6824924655905060082244
2012-06-05,904.4024929482078808415920
2012-06-06,1627.9224934309187051217154
2012-06-07,-3346.2775060862770030567414
2012-06-08,-3798.4775056033792255956112
2012-06-11,3074.9624948796120556067778
2012-06-12,452.2024953626968586556025
2012-06-13,1989.6824958458752016595452
2012-06-14,1537.4824963291471027307949
2012-06-15,-90.4375031874874200149524
2012-06-18,90.4424972959716515415068
2012-06-19,2261.0024977795243355228850
2012-06-20,-1356.5975017368293499445969
2012-06-21,-1085.2775012530893867312076
2012-06-22,-813.9575007692557567037056
2012-06-25,-994.8375002853284417253385
2012-06-26,2441.8825001986925763441585
2012-06-27,-1718.3574993171926843514377
2012-06-28,-452.1974988329842056648370
2012-06-29,-3527.1574983486819694452353
2012-07-02,2532.3225021357140424616862
2012-07-03,-1899.2374973797961517862391
2012-07-04,-452.1974968952125340276610
2012-07-05,2080.1225035894649139022867
2012-07-06,-1356.5974959257637898280126
2012-07-09,271.3225045591013729533430
2012-07-10,-813.9574949559395795782266
2012-07-11,-2532.3174944708866292437817
2012-07-12,271.3225060142602421391371
2012-07-13,-90.4374935004989472434898
2012-07-16,452.2025069848358207978388
2012-07-17,452.2025074702645644561469
2012-07-18,-633.0774920442126980720195
2012-07-19,452.2025084414040514134095
2012-07-20,-180.8774910728851688839725
2012-07-23,904.4025094129196592429535
2012-07-24,180.8825098988185540048310
2012-07-25,2713.2025103848115336158306
2012-07-26,1266.1625108708986162936492
2012-07-27,180.8825113570798202595111
2012-07-30,994.8425118433551637381692
2012-07-31,90.4425123297246649579049
2012-08-01,-1266.1574871838116578494705
2012-08-02,-542.6374866972537864486159
2012-08-03,-271.3174862106017026006590
2012-08-06,-271.3174857238553880631957
2012-08-07,271.3225147629851754097098
2012-08-08,-1537.4774847500799939324732
2012-08-09,1175.7225157369491221632580
2012-08-10,542.6425162240725419534407
2012-08-13,2351.4425167112902836981466
2012-08-14,-180.8774828013976343390160
2012-08-16,-633.0774823139911938909032
2012-08-17,633.0825181735096233131664
2012-08-21,904.4025186611048355474120
2012-08-22,1175.7225191487944610895909
2012-08-23,2170.5625196365785182209998
2012-08-24,1627.9225201244570252264752
2012-08-27,542.6425206124300003943941
2012-08-28,-271.3174788995025379833255
2012-08-29,361.7625215886594283887766
2012-08-30,-813.9574779230840821902972
2012-08-31,0.0025225652669485819991
2012-09-03,3708.0425230537125390117550
2012-09-04,1808.8025235422527074086052
2012-09-05,1175.7225240308874720857291
2012-09-06,2532.3225245196168513598526
2012-09-07,-2984.5174749915591364487522
2012-09-08,4883.7625254973595269837346
2012-09-10,994.8425259863728599846806
2012-09-11,-994.8374735245191191149975
2012-09-12,1356.6025269646836080191661
2012-09-13,-723.5174725460189402748127
2012-09-14,2080.1225279433732543446332
2012-09-17,-2984.5174715671397897773781
2012-09-18,-1356.5974710775580542921759
2012-09-20,1175.7225294121184791524628
2012-09-21,-1718.3574700981101710876846
2012-09-24,-3165.3974696082439866532875
2012-09-25,1266.1625308817170508185407
2012-09-26,90.4425313717729596942413
2012-09-27,-1989.6774681380762416561875
2012-09-28,723.5225323521694651408091
2012-10-01,-1808.7974671574899015376561
2012-10-03,-904.3974666670543233109121
2012-10-04,-723.5174661765237817947288
2012-10-05,633.0825343141017413986836
2012-10-08,-813.9574651951777353393245
2012-10-09,1175.7225352956378063861580
2012-10-10,1175.7225357865483849736046
2012-10-11,-271.3174637224459811749490
2012-10-12,0.0025367686547263460960
2012-10-15,-2080.1174627401494740540975
2012-10-16,-1266.1574622488585639628023
2012-10-17,1356.6025382425274750362745
2012-10-18,180.8825387340086613629914
2012-10-19,1899.2425392255850134407735
2012-10-22,-2803.6374602827434503033863
2012-10-23,-271.3174597909767114389278
2012-10-25,-813.9574592991147515317213
2012-10-26,-633.0774588071575521440682
2012-10-29,1989.6825416848949051653003
2012-10-30,271.3225421770426388412239
2012-10-31,-452.1974573307143326678864
2012-11-01,361.7625431616240090899529
2012-11-02,-2260.9974563459423174297022
2012-11-05,-904.3974558534132937677220
2012-11-06,1537.4825446392110985385976
2012-11-07,3979.3625451319308779555355
2012-11-08,452.2025456247460629529461
2012-11-09,2894.0825461176566720042603
2012-11-11,1085.2825466106627235864862
2012-11-12,-90.4374528962357638197909
2012-11-13,180.8825475969612282695934
2012-11-15,-2713.1974519097462816576182
2012-11-16,-633.0774514163582751101026
2012-11-19,1447.0425490771252664070437
2012-11-20,1537.4825495707043613923050
2012-11-21,-271.3174499356209716522521
2012-11-22,633.0825505581492857790214
2012-11-23,1537.4825510520151521953576
2012-11-26,3346.2825515459766461095730
2012-11-27,180.8825520400337860380682
2012-11-29,-6240.3574474658134094991706
2012-11-30,-1266.1574469715649219785710
2012-12-03,-904.3974464772207328729742
2012-12-04,277.4425140172191763483664
2012-12-05,1488.5008079568405763575559
2012-12-06,1374.0008081132856686641104
2012-12-07,1717.5008082697610535131345
2012-12-10,-1831.9991915737332632298113
2012-12-11,-1602.9991914171972756980310
2012-12-12,2633.5008087393690219763073
2012-12-13,-3778.4991911040343643378278
2012-12-14,1374.0008090525925712296680
2012-12-17,1030.5008092092498345500364
2012-12-18,4122.0008093659374314956551
2012-12-19,2404.5008095226553679400397
2012-12-20,343.5008096794036497578425
2012-12-21,-4007.4991901638177171751463
2012-12-24,-228.9991900070087269819992
2012-12-26,3206.0008101498306262153498
2012-12-27,-343.4991896932996517038957
2012-12-28,1030.5008104636004451406069
2012-12-31,1488.5008106205309226303382
2013-01-01,2977.0008107774917866479181
2013-01-02,2633.5008109344830430771053
2013-01-03,1145.0008110915046978027979
2013-01-04,572.5008112485567567110333
2013-01-07,572.5008114056392256889891
2013-01-08,-1144.9991884372478893750179
2013-01-09,1145.0008117198954174084700
2013-01-10,-801.4991881229308480699497
2013-01-11,-4465.4991879657266799185385
2013-01-14,2977.0008121915079277555827
2013-01-15,2061.0008123487729808464340
2013-01-16,-2633.4991874939315147508229
2013-01-17,-2289.9991873366055531398852
2013-01-18,-1602.9991871792491284233084
2013-01-21,801.5008129781377652974945
2013-01-22,-1717.4991868644448660777483
2013-01-23,-2633.4991867069970166481654
2013-01-24,-4007.4991865495186805117430
2013-01-25,3893.0008136079901482346750
2013-01-28,916.0008137655294754953885
2013-01-29,-2633.4991860769006928241600
2013-01-30,-915.9991859193003508173841
2013-01-31,801.5008142383305074234461
2013-02-01,5610.5008143959918878072044
2013-02-04,-2862.4991854463162037560912
2013-02-05,-1831.9991852885937613552781
2013-02-06,114.5008148691592209219502
2013-02-07,-1030.4991849730572510109541
2013-02-08,-1602.9991848152431712393947
2013-02-11,-1831.9991846573985338476291
2013-02-12,1259.5008155004766670812298
2013-02-13,4580.0008156583824374652154
2013-02-14,-6869.9991841836812167764935
2013-02-15,-1259.4991840257142897235713
2013-02-18,2290.0008161322832245454532
2013-02-19,-228.9991837096886680468016
2013-02-20,1488.5008164483700384234292
2013-02-21,-4350.9991833935406501189425
2013-02-22,916.0008167645792722521425
2013-02-25,-1259.4991830772701885361090
2013-02-26,-4121.9991829190890265553427
2013-02-27,4351.0008172391227641239435
2013-02-28,-5953.9991826026348105675996
2013-03-01,4809.0008175556382553018264
2013-03-04,-6068.4991822860580323348310
2013-03-05,2175.5008178722763324565244
2013-03-06,2748.0008180306413556111376
2013-03-07,-686.9991818109629569345969
2013-03-08,1832.0008183474634007568648
2013-03-11,2061.0008185059204346242162
2013-03-12,-4121.9991813355918493926992
2013-03-13,-1946.4991811770734453528877
2013-03-14,1145.0008189814756526857945
2013-03-15,2290.0008191400554506666421
2013-03-18,-3320.4991807013340454658996
2013-03-19,-6640.9991805426928297662344
2013-03-20,-4808.9991803840208962876143
2013-03-21,-228.9991802253182390821405
2013-03-22,-228.9991800665848522007621
2013-03-25,-1488.4991799078207296932764
2013-03-26,2175.5008202509741343916715
2013-03-28,2519.0008204097997460065886
2013-04-01,3320.5008205686561111051351
2013-04-02,572.5008207275432356421232
2013-04-03,-457.9991791135388744264811
2013-04-04,-5953.9991789545902131435593
2013-04-05,801.5008212043892254491615
2013-04-08,114.5008213633994473111068
2013-04-09,458.0008215224404584028571
2013-04-10,801.5008216815122646861464
2013-04-11,2175.5008218406148721238631
2013-04-12,-343.4991780002517133199494
2013-04-15,1259.5008221589125143199065
2013-04-16,5267.0008223181075610097842
2013-04-17,458.0008224773334327171916
2013-04-18,-915.9991773634098645892072
2013-04-22,4923.5008227958776750604070
2013-04-23,-228.9991770448039423629903
2013-04-25,1145.0008231145452891127325
2013-04-26,-1946.4991767260746245391366
2013-04-29,2748.0008234333363226558468
2013-04-30,2290.0008235927781366732845
2013-05-02,3320.5008237522508234899344
2013-05-03,2748.0008239117543890837128
2013-05-06,-686.9991759287111605663074
2013-05-07,3320.5008242308541805201048
2013-05-08,-457.9991756095495816756614
2013-05-09,-686.9991754499224411710591
2013-05-10,916.0008247097356080176174
2013-05-11,114.5008248694245718752319
2013-05-13,-2289.9991749708555436121922
2013-05-14,114.5008251888952675425271
2013-05-15,7442.5008253486770113277310
2013-05-16,2175.5008255084896937329205
2013-05-17,2061.0008256683333207487564
2013-05-20,-5152.4991741717921016329408
2013-05-21,-1259.4991740118865674191903
2013-05-22,-1259.4991738519500706158508
2013-05-23,-10762.9991736919826052276204
2013-05-24,6641.0008264680158347419638
2013-05-27,4351.0008266280452552905255
2013-05-28,-343.4991732118943375831500
2013-05-29,-2060.9991730518029378791160
2013-05-30,3091.5008271083194604037361
2013-05-31,-3434.9991727315271367323234
2013-06-03,1374.0008274286572767161386
2013-06-04,2404.5008275888727067537170
2013-06-05,343.5008277491191593861697
2013-06-06,-2175.4991720906033593795823
2013-06-07,-2404.4991719302948435354555
2013-06-10,-3091.4991717699552870722025
2013-06-11,-4121.9991716095846839794122
2013-06-12,-4579.9991714491830282455105
2013-06-13,-4236.4991712887503138577585
2013-06-14,3549.5008288717134651977467
2013-06-17,2748.0008290322083149360724
2013-06-18,1946.5008291927342413734506
2013-06-19,343.5008293532912505272783
2013-06-20,-2976.9991704861206515838822
2013-06-21,-2747.9991703255014589403037
2013-06-24,-5152.4991701648511655210928
2013-06-25,2175.5008299958302346958092
2013-06-26,-572.4991698434572522663725
2013-06-27,1030.5008303172863796167533
2013-06-28,687.0008304780611363707442
2013-07-01,7328.0008306388670240223251
2013-07-02,-1144.9991692002959514006128
2013-07-03,-5953.9991690394277838690109
2013-07-04,4809.0008311214715326473569
2013-07-05,1603.0008312824020041798846
2013-07-08,572.5008314433636367611334
2013-07-09,0.0008316043564364248330
2013-07-10,1946.5008317653804092058815
2013-07-11,2290.0008319264355611403453
2013-07-12,-228.9991679124781017345402
2013-07-15,916.0008322486394266196290
2013-07-16,-2747.9991675902118477575733
2013-07-17,-2175.4991674290319188254044
2013-07-18,6412.0008327321792194580484
2013-07-19,-1831.9991671065784268641324
2013-07-22,1603.0008330546951482523057
2013-07-23,-4007.4991667840000491472141
2013-07-24,-6297.4991666226640130160985
2013-07-25,-801.4991664612967373065829
2013-07-26,458.0008337001017840302679
2013-07-29,-3205.9991661384684429554394
2013-07-30,-5266.9991659770074122124266
2013-07-31,1030.5008341844848823117560
2013-08-01,-5381.4991656539915533292695
2013-08-02,-452.8886654924367130807096
2013-08-05,49.3537868342885487451426
2013-08-06,49.3633432330331405771211
2013-08-07,49.3729014821880620616251
2013-08-08,49.3824615821116090880994
2013-08-12,49.3920235331621469230038
2013-08-13,49.4015873356981102232459
2013-08-14,49.4111529900780030496175
2013-08-16,49.4207204966603988802333
2013-08-19,49.4302898558039406239723
2013-08-20,49.4398610678673406339214
2013-08-21,49.4494341332093807208224
2013-08-22,49.4590090521889121665207
2013-08-23,49.4685858251648557374172
2013-08-26,49.4781644524962016979226
2013-08-27,49.4877449345420098239143
2013-08-28,49.4973272716614094161962
2013-08-29,49.5069114642135993139602
2013-08-30,49.5164975125578479082519
2013-09-02,49.5260854170534931554370
2013-09-03,49.5356751780599425906720
2013-09-04,49.5452667959366733413764
2013-09-05,49.5548602710432321407079
2013-09-06,49.5644556037392353410404
2013-09-10,49.5740527943843689274441
2013-09-11,49.5836518433383885311689
2013-09-12,49.5932527509611194431297
2013-09-13,49.6028555176124566273946
2013-09-16,49.6124601436523647346762
2013-09-17,49.6220666294408781158245
2013-09-18,49.6316749753381008353234
2013-09-19,49.6412851817042066847891
2013-09-20,49.6508972488994391964715
2013-09-23,49.6605111772841116567583
2013-09-24,49.6701269672186071196811
2013-09-25,49.6797446190633784204250
2013-09-26,49.6893641331789481888402
2013-09-27,49.6989855099259088629562
2013-09-30,49.7086087496649227024989
2013-10-01,49.7182338527567218024103
2013-10-03,49.7278608195621081063708
2013-10-04,49.7374896504419534203238
2013-10-07,49.7471203457571994260031
2013-10-08,49.7567529058688576944636
2013-10-09,49.7663873311380096996132
2013-10-10,49.7760236219258068317486
2013-10-11,49.7856617785934704110933
2013-10-14,49.7953018015022917013377
2013-10-15,49.8049436910136319231828
2013-10-17,49.8145874474889222678859
2013-10-18,49.8242330712896639108087
2013-10-21,49.8338805627774280249688
2013-10-22,49.8435299223138557945931
2013-10-23,49.8531811502606584286742
2013-10-24,49.8628342469796171745293
2013-10-25,49.8724892128325833313618
2013-10-28,49.8821460481814782638254
2013-10-29,49.8918047533882934155911
2013-10-30,49.9014653288150903229164
2013-10-31,49.9111277748240006282176
2013-11-01,49.9207920917772260936440
2013-11-03,821.7414582800370386146560
2013-11-05,1358.5094623585576145867420
2013-11-06,-3866.4905358092411048006365
2013-11-07,-1776.4905339766850541259594
2013-11-08,-2089.9905321437741646949196
2013-11-11,1045.0094696894916322000908
2013-11-12,-2403.4905284768875947200161
2013-11-13,-2298.9905266429117767210217
2013-11-14,6374.5094751914191549446013
2013-11-18,4180.0094770261052690376923
2013-11-19,-1985.4905211388533656675954
2013-11-20,-2612.4905193034566803837920
2013-11-21,-3657.4905174677046063101075
2013-11-22,1985.5094843684029253675691
2013-11-25,940.5094862048659834766739
2013-11-26,836.0094880416846368579698
2013-11-27,-2403.4905101211410456344504
2013-11-28,2612.5094917163890048668380
2013-11-29,2926.0094935542748572425952
2013-12-02,2299.0094953925165803869179
2013-12-03,104.4014972311142432072436
2013-12-04,-1618.4985575080483714510562
2013-12-05,3984.0014427712620758285380
2013-12-06,1120.5014430506266061315222
2013-12-09,2780.5014433300452299300192
2013-12-10,-912.9985563904820423018196
2013-12-11,-705.4985561109552000878156
2013-12-12,-3070.9985558313742329497610
2013-12-13,-2614.4985555517391304074193
2013-12-16,-705.4985552720498819785248
2013-12-17,-954.4985549923064771787822
2013-12-18,3569.0014452874910944781342
2013-12-19,-2780.4985544326571565194197
2013-12-20,5021.5014458472487803189430
2013-12-23,747.0014461272089154856405
2013-12-24,-1078.9985535927767405248776
2013-12-26,747.0014466872918227838706
2013-12-27,1328.0014469674146159103993
2013-12-30,-1244.9985527524083506447443
2013-12-31,747.0014475278229336210201
2014-01-01,-165.9985521918915207876938
2014-01-02,-3568.9985519115517033642378
2014-01-03,-290.4985516311576035999295
2014-01-06,-1037.4985513507092109840521
2014-01-07,-580.9985510702065150038528
2014-01-08,166.0014492103504948554561
2014-01-09,-331.9985505090381708893016
2014-01-10,456.5014497716274982807347
2014-01-13,3693.5014500523475128864619
2014-01-14,-1120.4985496668781165491858
2014-01-15,2988.0014506139506204987636
2014-01-16,290.5014508948337345573196
2014-01-17,-2697.4985488242287638444696
2014-01-20,2697.5014514567631358244831
2014-01-21,-705.4985482621905559026967
2014-01-22,2199.5014520189101715091567
2014-01-23,207.5014523000653285972489
2014-01-24,-3402.9985474187250740991745
2014-01-27,-5685.4985471374610260388270
2014-01-28,124.5014531438574833216190
2014-01-29,1245.0014534252304645275329
2014-01-30,-3112.4985462933420718736746
2014-01-31,207.5014539881398846674499
2014-02-03,-1825.9985457303236552975975
2014-02-04,141.5727545512673187847224
2014-02-05,1273.2144806088076962304372
2014-02-06,1803.7144834126953147313229
2014-02-07,1167.1144862171258514120714
2014-02-10,-2864.6855109779005886017948
2014-02-11,530.5144918276160998356019
2014-02-12,212.2144946336760218904986
2014-02-13,-3925.6855025597207172505043
2014-02-14,-212.1854997525740123804386
2014-02-17,-106.0854969448837582719656
2014-02-18,3819.6145058633501503226295
2014-02-19,2546.4145086721278186714399
2014-02-20,-1485.3854885185506479370575
2014-02-21,3076.9145142913148558060008
2014-02-24,-4243.9854828982755647701304
2014-02-25,3183.0145199126781956841986
2014-02-26,-848.7854772758237574609636
2014-02-28,1167.1145255362186811848344
2014-03-03,2122.0145283488056170324507
2014-03-04,2936.4317311619371555131546
2014-03-05,1454.9537675772841329141971
2014-03-06,2743.6237683068020308848220
2014-03-07,5653.5237690364611857755639
2014-03-10,-1205.5262302337383750619281
2014-03-11,-2660.4762295037966242707090
2014-03-12,665.1237712262864655114635
2014-03-13,-1413.3762280434890783478703
2014-03-14,498.8437726868767715241294
2014-03-18,498.8437734173840425056023
2014-03-19,581.9837741480327619799894
2014-03-20,-1829.0762251211770426639659
2014-03-21,457.2737756097546559677832
2014-03-22,207.8537763408278852745873
2014-03-24,3450.3137770720426726611030
2014-03-25,540.4137778033990455372928
2014-03-26,-374.1262214651029686815731
2014-03-27,1579.6637792665366574250838
2014-03-28,2785.1937799983179512831514
2014-03-31,249.4237807302409403238283
2014-04-01,623.5537814623056519836244
2014-04-02,1953.7937821945121137043621
2014-04-03,-1080.8162170731396470668223
2014-04-04,-1080.8162163406496028774781
2014-04-07,-415.6962156080177262698390
2014-04-09,4115.4337851247560102191778
2014-04-10,0.0037858576716340579734
2014-04-11,-332.5562134092708272797332
2014-04-15,-997.6762126760713463149027
2014-04-16,-1912.2162119427298955631749
2014-04-17,3076.1837887907535524651316
2014-04-21,2120.0737895243790252650214
2014-04-22,-623.5462097418534496631767
2014-04-23,1704.3737909920561551861903
2014-04-25,-2203.2062082738921326758980
2014-04-28,-1163.9562075396982857331357
2014-04-29,-1829.0762068053622764638882
2014-04-30,-789.8262060708840773411923
2014-05-02,-1247.0962053362636608327548
2014-05-05,1205.5337953984990005990489
2014-05-06,540.4137961334039344971754
2014-05-07,-1953.7862031315488315900858
2014-05-08,-665.1162023963592701091105
2014-05-09,10143.0837983389726464990601
2014-05-12,4822.1237990744469457987217
2014-05-13,2909.9037998100636553595068
2014-05-14,1039.2538005458228027563865
2014-05-15,540.4138012817244155696710
2014-05-16,3575.0238020177685213850112
2014-05-19,2577.3438027539551477933992
2014-05-20,-997.6761965097156776088304
2014-05-21,1122.3938042267560727800006
2014-05-22,249.4238049633704265669148
2014-05-23,4115.4338057001274113642804
2014-05-26,-498.8361935629729452101879
2014-05-27,-3117.7461928259306155334274
2014-05-28,748.2638079112544280229728
2014-05-29,-1454.9461913514177869072266
2014-05-30,-2452.6261906139472326849138
2014-06-02,5653.5238101236661183343745
2014-06-03,-446.0417891385777061995458
2014-06-04,2960.5064516350997459711331
2014-06-05,7162.5064528843331183725107
2014-06-06,-1145.9935458661916195354218
2014-06-09,4870.5064553835255790845590
2014-06-10,95.5064566334847610787453
2014-06-11,-3915.4935421163140266974994
2014-06-12,-3915.4935408658707373797392
2014-06-13,-6302.9935396151853240944637
2014-06-16,-95.4935383642577399590866
2014-06-17,3151.5064628869120619180568
2014-06-18,-2387.4935358616758715622899
2014-06-19,-1050.4935346100214934903010
2014-06-20,-763.9935333581247569470677
2014-06-23,382.0064678940143849954031
2014-06-24,2578.5064691463959792741921
2014-06-25,-1241.4935296009799271645324
2014-06-26,1910.0064716518867126344888
2014-06-27,382.0064729049959456356065
2014-06-30,5634.5064741583478188122651
2014-07-01,5730.0064754119423791470050
2014-07-02,3342.5064766657796736314635
2014-07-03,-95.4935220801402507336233
2014-07-04,2960.5064791741826530615820
2014-07-07,-2864.9935195712515679639810
2014-07-08,-7353.4935183164428667822683
2014-07-09,-6493.9935170613911963561299
2014-07-10,0.0064841939034903606922
2014-07-11,-9740.9935145505587595764347
2014-07-14,4488.5064867052221008969683
2014-07-15,5730.0064879612461188544932
2014-07-16,4297.5064892175133413788466
2014-07-17,4011.0064904740238155618521
2014-07-18,-3724.4935082692224114955482
2014-07-21,1814.5064929877747073167074
2014-07-22,477.5064942450152191178031
2014-07-23,-1909.9935044975008289639534
2014-07-24,573.0064967602266102088711
2014-07-25,-6111.9935019818024162171630
2014-07-28,955.0064992764121389136337
2014-07-30,1146.0065005348703227660816
2014-07-31,859.5065017935721825141334
2014-08-01,-2673.9934969474822346591238
2014-08-04,3820.0065043117071184385331
2014-08-05,477.5065055711402890084653
2014-08-06,-1336.9934931691826757388267
2014-08-07,286.5065080907382714162992
2014-08-08,1814.5065093509031777026283
2014-08-11,-2864.9934893886879096419093
2014-08-12,2196.5065118719650566297633
2014-08-13,-2960.4934868671378762261287
2014-08-14,2005.5065143940033390557903
2014-08-18,9550.0065156553887497500481
2014-08-19,-2387.4934830829815968596742
2014-08-20,2387.5065181788923465194607
2014-08-21,477.5065194410106271894466
2014-08-22,1241.5065207033732924614374
2014-08-25,-2769.4934780340196103442529
2014-08-26,1719.0065232288319661018526
2014-08-27,-2960.4934755080719308616047
2014-08-28,3724.5065257552687461131831
2014-09-01,2674.0065270188540443831910
2014-09-02,7353.5065282826840113145646
2014-09-03,-1909.9934704532413057173791
2014-09-04,-2100.9934691889218593281504
2014-09-05,3342.5065320756423978759164
2014-09-08,4679.5065333404515132976630
2014-09-09,1241.5065346055055343491103
2014-09-10,-3151.4934641291954915485404
2014-09-11,382.0065371363484830350938
2014-09-12,1146.0065384021375055395805
2014-09-15,-2482.9934603318283765863272
2014-09-16,-10982.4934590655491158846889
2014-09-17,3820.0065422009753351116252
2014-09-18,4679.5065434677450238789363
2014-09-19,2292.0065447347599979027581
2014-09-22,382.0065460020203046777990
2014-09-23,-4106.4934527304740082920360
2014-09-24,-7257.9934514627228934936439
2014-09-25,-4488.4934501947263034047214
2014-09-26,3724.5065510735158095062360
2014-09-29,3438.0065523420034927799369
2014-09-30,-572.9934463892632060337049
2014-10-01,1146.0065548797157606244313
2014-10-07,-5825.4934438510595596773247
2014-10-08,-859.4934425815891193614324
2014-10-09,3820.0065586881271291588609
2014-10-10,-6971.4934400419107665204775
2014-10-13,4488.5065612282972412057354
2014-10-14,-859.4934375012488000480992
2014-10-16,-6016.4934362305488426583610
2014-10-17,2196.5065650403971610077923
2014-10-20,3342.5065663115892585924255
2014-10-21,6685.0065675830274977468289
2014-10-22,1432.5065688547119261315193
2014-10-23,286.5065701266425914162421
2014-10-27,-859.4934286011804587200272
2014-10-28,1241.5065726712428234109193
2014-10-29,1910.0065739439124855065234
2014-10-30,955.0065752168285752734624
2014-10-31,11173.5065764899911404276509
2014-11-03,-286.4934222365997713057566
2014-11-05,-1909.9934209629441121923655
2014-11-07,-477.4934196890418344885372
2014-11-10,1910.0065815851071095586102
2014-11-11,3056.0065828595027677112064
2014-11-12,3533.5065841341451877406280
2014-11-13,2960.5065854090344174275025
2014-11-14,-190.9934133158294954382910
2014-11-17,3056.0065879595534969423799
2014-11-18,4202.0065892351834423779030
2014-11-19,-7448.9934094889396113140762
2014-11-20,1337.0065917871843836933460
2014-11-21,1146.0065930635554752363347
2014-11-24,764.0065943401737111603168
2014-11-25,-5920.9934043829608606800155
2014-11-26,3629.0065968941518075792954
2014-11-27,2578.5065981715117638114751
2014-11-28,-190.9934005508809441009809
2014-12-01,-381.9933992730262682663054
2014-12-02,5443.5066020050758392165416
2014-12-03,2292.0066032834254262578756
2014-12-04,2101.0066045620225407772887
2014-12-05,-954.9933941591327692963478
2014-12-08,-8117.4933928800404560248829
2014-12-09,-5252.4933916007004714608824
2014-12-10,6589.5066096788872323523713
2014-12-11,-3342.4933890412772966191182
2014-12-12,-3915.4933877611940104000592
2014-12-15,-2196.4933864808628610058711
2014-12-16,-6971.4933852002838004426817
2014-12-17,-286.4933839194567807073255
2014-12-18,9359.0066173616182462126572
2014-12-19,-763.9933813570586716609765
2014-12-22,4106.5066199245125137028285
2014-12-23,-3437.9933787936681496555722
2014-12-24,1337.0066224883993863134790
2014-12-26,-95.4933762292848303310563
2014-12-29,1432.5066250532792484790889
2014-12-30,859.5066263360916708214893
2014-12-31,3056.0066276191524847830290
2015-01-01,4870.5066289024617384599029
2015-01-02,2674.0066301860194799576189
2015-01-05,1432.5066314698257573909997
2015-01-06,-9072.4933672461193811158155
2015-01-07,-4679.4933659618158874293695
2015-01-08,4297.5066353227362865931154
2015-01-09,-2387.4933633924628108962615
2015-01-12,3438.0066378925868682639231
2015-01-13,2196.5066391778853722444178
2015-01-14,-2005.4933595365672507747015
2015-01-15,8977.0066417492290473959705
2015-01-16,-668.4933569647256850448303
2015-01-19,-477.4933556784313998890348
2015-01-20,1623.5066456081119510807599
2015-01-21,382.0066468949044160912940
2015-01-22,191.0066481819460433786452
2015-01-23,4775.0066494692368811882312
2015-01-27,-477.4933492432230222251880
2015-01-28,5061.5066520445663814024906
2015-01-29,-954.9933466673948596552844
2015-01-30,286.5066546208933028842833
2015-02-02,-572.9933440905690826866620
2015-02-03,-668.4933428017819680666242
2015-02-04,-2482.9933415127453049447551
2015-02-05,-2291.9933402234590450008517
2015-02-06,-1050.4933389339231399053552
2015-02-09,-6684.9933376441375413193481
2015-02-10,8404.0066636458977991054464
2015-02-11,-190.9933350638170702733330
2015-02-12,1528.0066662267178989113163
2015-02-13,3342.5066675175027550357614
2015-02-16,1146.0066688085375464857376
2015-02-18,-1814.4933299001776783436519
2015-02-19,-1050.4933286086428710479325
2015-02-20,2196.5066726831420167867431
2015-02-23,382.0066739751770335835959
2015-02-24,-4392.9933247325377722247762
2015-02-25,2769.5066765599976478036026
2015-02-26,-3628.9933221472166578799125
2015-02-27,7162.5066791458193591854158
2015-02-28,-954.9933195608942525302916
2015-03-02,3533.5066817326425554524709
2015-03-03,2578.5066830264298316225965
2015-03-04,-1623.4933156795323755216327
2015-03-05,668.5066856147559825274559
2015-03-09,-3437.9933130907050457130723
2015-03-10,1432.5066882040845882832423
2015-03-11,-2864.9933105008750669477445
2015-03-12,4870.5066907944160371392216
2015-03-13,-1623.4933079100420509012061
2015-03-16,-5634.4933066142492825049719
2015-03-17,5730.0066946817943909013830
2015-03-18,6303.0066959780890179007228
2015-03-19,-5347.9933027253653529146811
2015-03-20,-2196.4933014285686729431485
2015-03-23,-5825.4933001315208935735883
2015-03-24,-954.9932988342219661854969
2015-03-25,-2005.4932975366718421489564
2015-03-26,1910.0067037611295271753679
2015-03-27,-5443.4932949408178095637722
2015-03-30,4011.0067063574861962917960
2015-03-31,-381.9932923439584065903339
2015-04-01,3915.5067089548484304668557
2015-04-06,5348.0067102539067561498076
2015-04-07,7258.0067115532166191543918
2015-04-08,-2960.4932871472219318140927
2015-04-09,12128.5067141525911519590840
2015-04-10,-5061.4932845473440808019158
2015-04-13,4679.5067167529724186365051
2015-04-15,-1814.4932819464593009826202
2015-04-16,-6207.4932806456391909068201
2015-04-17,-9358.9932793445672023741834
2015-04-20,-3055.9932780432432866133567
2015-04-21,-2673.9932767416673948435434
2015-04-22,4011.0067245601605217254989
2015-04-23,2483.0067258622405118934597
2015-04-24,-8403.9932728354273755305224
2015-04-27,-6684.9932715328430917278577
2015-04-28,3056.0067297699934121294959
2015-04-29,-1241.4932689269178151209644
2015-04-30,2292.0067323764232753677148
2015-05-04,4106.5067336800167324519449
2015-05-05,955.0067349838626049975978
2015-05-06,-5347.9932637120390581199929
2015-05-07,-12319.4932624076882080160297
2015-05-08,4106.5067388969152042037503
2015-05-11,8977.0067402017712274430776
2015-05-12,-3533.4932584931200893848483
2015-05-13,8213.0067428122413026426436
2015-05-14,382.0067441178554524576969
2015-05-15,1814.5067454237224090019298
2015-05-18,3915.5067467298422212264378
2015-05-19,382.0067480362149380917939
2015-05-20,1146.0067493428406085680521
2015-05-21,191.0067506497192816347480
2015-05-22,668.5067519568510062809016
2015-05-25,-95.4932467357641684949818
2015-05-26,-3915.4932454281261936849090
2015-05-27,2005.5067558797649797286026
2015-05-28,-4870.4932428120905992274733
2015-05-29,3724.5067584963071184833304
2015-06-01,382.0067598049581819069756
2015-06-02,-5825.4932388861373599010791
2015-06-03,-6111.9932375769794578758763
2015-06-04,2005.5067637324319370570418
2015-06-05,286.5067650420968739816355
2015-06-08,-6589.4932336479845980086312
2015-06-09,2865.0067676621875701892121
2015-06-10,1910.0067689726134276876436
2015-06-11,-2769.4932297167069763913491
2015-06-12,-763.9932284057735929162666
2015-06-15,-1145.9932270945863727460963
2015-06-16,859.5067742168547332696897
2015-06-17,4202.0067755285497742911363
2015-06-18,2960.5067768404987994878072
2015-06-19,2578.5067781527018580387869
2015-06-22,3056.0067794651589991326825
2015-06-23,764.0067807778702719676257
2015-06-24,573.0067820908357257512738
2015-06-25,2483.0067834040554097008131
2015-06-26,-2673.9932152824706269570409
2015-06-29,-2387.4932139687423349860404
2015-06-30,764.0067873452403348595956
2015-07-01,9168.0067886594774318351840
2015-07-02,3533.5067899739690052055789
2015-07-03,-4679.4932087112848957548267
2015-07-06,4488.5067926037157782379016
2015-07-07,1337.0067939189710764772410
2015-07-08,-2864.9932047655189517337867
2015-07-09,477.5067965502457429173868
2015-07-10,382.0067978662652097528784
2015-07-13,2292.0067991825394981043553
2015-07-14,955.0068004990686573130365
2015-07-15,-572.9931981841472632703044
2015-07-16,4679.5068031328917857146611
2015-07-17,3151.5068044501858536378200
2015-07-20,668.5068057677349898786183
2015-07-21,-5061.4931929144607561739364
2015-07-22,1528.0068084035986648787268
2015-07-23,1528.0068097219133024447436
2015-07-24,-1336.9931889595167940581833
2015-07-27,-5920.9931876406915752027822
2015-07-28,1623.5068136783890084477889
2015-07-29,955.0068149977250063399448
2015-07-30,3438.0068163173164679296743
2015-07-31,4297.5068176371634426825428
2015-08-03,2387.5068189572659800736933
2015-08-04,4106.5068202776241295878489
2015-08-05,7162.5068215982379407193146
2015-08-06,-95.4931770808925370280211
2015-08-07,-1336.9931757597672541406846
2015-08-10,1146.0068255616138389043857
2015-08-11,-5729.9931731167492083601599
2015-08-12,-6589.4931717948563463920800
2015-08-13,859.5068295272924743604597
2015-08-14,3724.5068308496973034588885
2015-08-17,2769.5068321723581904742320
2015-08-18,2005.5068334952751849871142
2015-08-19,382.0068348184483365877597
2015-08-20,-2864.9931638581223051240047
2015-08-21,-5825.4931625344366905387486
2015-08-24,-30273.4931612104947700374352
2015-08-25,8308.5068401137035060085799
2015-08-26,-2673.9931585618418127624495
2015-08-27,7735.5068427628693232973421
2015-08-28,3342.5068440878369638454337
2015-08-31,-2196.4931545869388414510810
2015-09-01,-5347.9931532614580429154908
2015-09-02,1432.5068480642794091385344
2015-09-03,-1527.9931506097264355930548
2015-09-04,-3055.9931492834755274046848
2015-09-07,-10504.9931479569678165811578
2015-09-08,-1527.9931466302032533976495
2015-09-09,6589.5068546968182118802929
2015-09-10,382.0068560240966289967519
2015-09-11,668.5068573516320477054421
2015-09-14,6303.0068586794245177697122
2015-09-15,-2769.4931399925259110374538
2015-09-16,382.0068613357808110665658
2015-09-18,4202.0068626643447338740325
2015-09-21,-2482.9931360068340928131515
2015-09-22,-5061.4931346777556191834404
2015-09-23,1910.0068666515802045843565
2015-09-24,955.0068679811734283210766
2015-09-28,-6111.9931306889758981327935
2015-09-29,191.0068706411322750728831
2015-09-30,6207.5068719714979977978960
2015-10-01,1050.5068733021213199116889
2015-10-05,7544.5068746330022912933622
2015-10-06,3629.0068759641409618316740
2015-10-07,-286.4931227044626185749576
2015-10-08,-4774.9931213728084000184522
2015-10-09,-95.4931200408963325810662
2015-10-12,0.0068812912736336646099
2015-10-13,-1145.9931173762984513443472
2015-10-14,-1909.9931160436125376611909
2015-10-15,2578.5068852893314246704960
2015-10-16,2578.5068866225334856168039
2015-10-19,955.0068879559936951534986
2015-10-20,0.0068892897121032660222
2015-10-21,-1527.9931093763112400505042
2015-10-23,-2196.4931080420762847912790
2015-10-26,-190.9931067075829809418181
2015-10-27,-1527.9931053728312784779532
2015-10-28,-2578.4931040378211273658296
2015-10-29,-668.4931027025524775619048
2015-10-30,1241.5068986329747209870542
2015-11-02,477.5068999687605183439714
2015-11-03,477.5069013048049645814653
2015-11-04,668.5069026411081097818496
2015-11-05,-2100.9930960223299959628645
2015-11-06,-2578.4930946855093025509665
2015-11-09,2578.5069066515702401289555
2015-11-10,-5729.9930920110913178019837
2015-11-11,8117.5069093265060737870358
2015-11-13,-10791.4930893356375349634592
2015-11-16,-1050.4930879975220939032333
2015-11-17,-190.9930866591475528723406
2015-11-18,191.0069146794861382988777
2015-11-19,3724.5069160183790297897944
2015-11-20,2578.5069173575311717894989
2015-11-23,3820.0069186969426144967982
2015-11-24,-1909.9930799633865918797801
2015-11-26,1241.5069213765436028780134
2015-11-27,-95.4930772832667510018487
2015-11-30,-286.4930759428176032816673
2015-12-01,1337.0069253978910962859838
2015-12-02,-1012.7895732611406020417399
2015-12-03,73.5002975799803983567879
2015-12-04,73.5145294798319505694572
2015-12-07,73.5287641354134801227965
2015-12-08,73.5430015472585804082171
2015-12-09,73.5572417159009481370889
2015-12-10,73.5714846418743833607462
2015-12-11,73.5857303257127894904978
2015-12-14,73.5999787679501733176403
2015-12-15,73.6142299691206450334762
2015-12-16,73.6284839297584182493343
2015-12-17,73.6427406503978100165961
2015-12-18,73.6570001315732408467241
2015-12-21,73.6712623738192347312952
2015-12-22,73.6855273776704191620376
2015-12-23,73.6997951436615251508715
2015-12-24,73.7140656723273872499539
2015-12-28,73.7283389642029435717269
2015-12-29,73.7426150198232358089704
2015-12-30,73.7568938397234092548581
2015-12-31,73.7711754244387128230183
2016-01-01,73.7854597745044990675970
2016-01-04,-5277.1392531095437757966730
2016-01-05,1311.1263420291064180471504
2016-01-06,-2434.8736528702731426782274
2016-01-07,-7866.5736477686650676842594
2016-01-08,3746.0263573339308342654592
2016-01-11,-374.5736375624852455556382
2016-01-12,-4869.7736324579131158370809
2016-01-13,-2809.4736273523525852313555
2016-01-14,-4214.2236222458034623538974
2016-01-15,-4682.4736171382655557830844
2016-01-18,-11612.5736120297386740602289
2016-01-19,1498.4263930797773743104285
2016-01-20,-3277.7236018097172191382728
2016-01-21,-5244.3735966982222628364075
2016-01-22,7117.4264084142624348230442
2016-01-25,1030.1764135277370654842025
2016-01-27,-1779.3235813577981791717041
2016-01-28,374.6264237576568925736687
2016-01-29,4963.4764288741024724757867
2016-02-01,2996.8264339915387523272467
2016-02-02,-104.8645608900340760422189
2016-02-03,67.6984782009278126297384
2016-02-04,67.7115866915541216312745
2016-02-05,67.7246977203841106333454
2016-02-08,67.7378112879092533002216
2016-02-09,67.7509273946211184604683
2016-02-10,67.7640460410113701253719
2016-02-11,67.7771672275717675073703
2016-02-12,67.7902909547941650384869
2016-02-15,67.8034172231705123887678
2016-02-16,67.8165460331928544847231
2016-02-17,67.8296773853533315277710
2016-02-18,67.8428112801441790126863
2016-02-19,67.8559477180577277460522
2016-02-22,67.8690866995864038647151
2016-02-23,67.8822282252227288542437
2016-02-24,67.8953722954593195673916
2016-02-25,67.9085189107888882425632
2016-02-26,67.9216680717042425222829
2016-02-29,67.9348197786982854716687
2016-03-01,67.9479740322640155969090
2016-03-02,67.9611308328945268637422
2016-03-03,67.9742901810830087159415
2016-03-04,67.9874520773227460938018
2016-03-08,68.0006165221071194526307
2016-03-09,68.0137835159296047812434
2016-03-10,68.0269530592837736204608
2016-03-11,68.0401251526632930816112
2016-03-14,68.0532997965619258650359
2016-03-15,68.0664769914735302785977
2016-03-16,68.0796567378920602561939
2016-03-17,68.0928390363115653762723
2016-03-18,68.1060238872261908803506
2016-03-21,68.1192112911301776915400
2016-03-22,68.1324012485178624330722
2016-03-23,68.1455937598836774468294
2016-03-28,68.1587888257221508118788
2016-03-29,68.1719864465279063630099
2016-03-30,68.1851866227956637092759
2016-03-31,68.1983893550202382525386
2016-04-01,68.2115946436965412060166
2016-04-04,-5623.4100775106804203871625
2016-04-05,5714.9430106386519903411156
2016-04-06,136.0730112216034775471911
2016-04-07,3401.7530118046678419450251
2016-04-08,1360.7030123878451053910851
2016-04-11,272.1430129711352897460712
2016-04-12,3673.8930135545384168749161
2016-04-13,-2721.3969858619454913532136
2016-04-18,1904.9830147216835869350832
2016-04-20,952.4930153054256736174427
2016-04-21,3809.9630158892807905757376
2016-04-22,-1904.9769835267510403039225
2016-04-25,-3537.8169829426697971311901
2016-04-26,272.1430176415245419885206
2016-04-27,2177.1230182258319989540352
2016-04-28,3401.7530188102525956684197
2016-04-29,4082.1030193947863540389806
2016-05-02,4218.1730199794332959772671
2016-05-03,0.0030205641934433990704
2016-05-04,-3809.9569788509331817755742
2016-05-05,-952.4869782659465576223871
2016-05-06,2041.0530223191533377871561
2016-05-09,-2041.0469770956334736141735
2016-05-10,544.2830234896930301106415
2016-05-11,0.0030240751328709028663
2016-05-12,-2041.0469753393139292919850
2016-05-13,2313.1930252463526514758503
2016-05-16,1768.9130258321326351603856
2016-05-17,-680.3469735819739562801148
2016-05-18,544.2830270040328991168651
2016-05-19,-272.1369724098467766819064
2016-05-20,-816.4169718236129617054069
2016-05-23,-544.2769712372656339783602
2016-05-24,-2313.1869706508047715212350
2016-05-25,-4218.1669700642303523502439
2016-05-26,2177.1230305224576455226570
2016-05-27,-816.4169688907407559102307
2016-05-30,-5306.7269683038255346523468
2016-05-31,544.2830322832033312971277
2016-06-01,544.2830328703458639432718
2016-06-02,-2857.4669665423979147045741
2016-06-03,-272.1369659550279826328085
2016-06-06,6123.1530346324556821764330
2016-06-07,-2857.4669647799468982547221
2016-06-08,-136.0669641922357018998822
2016-06-09,1768.9130363955892932716095
2016-06-10,2041.0530369835281092946757
2016-06-13,3809.9630375715807682085052
2016-06-14,0.0030381597472920565549
2016-06-15,-816.4169612519722971134506
2016-06-16,6259.2230393364220227504831
2016-06-17,-4354.2369600750697262953804
2016-06-20,-544.2769594864475221905064
2016-06-21,408.2130411022886571299118
2016-06-22,-3129.6069583088611662650477
2016-06-23,-1496.7669577198969703020323
2016-06-24,12926.6530428691812670965836
2016-06-27,3946.0330434583735680127011
2016-06-28,816.4230440476799545324969
2016-06-29,-3265.6769553628995512535758
2016-06-30,-1088.5569547733649272507865
2016-07-01,3401.7530458162838486398738
2016-07-04,1904.9830464060467985216929
2016-07-05,-1088.5569530040760554977614
2016-07-07,3946.0330475859153086933593
2016-07-08,-408.2069518239790867888152
2016-07-11,952.4930487662407801761277
2016-07-12,-3265.6769506434250682871166
2016-07-13,-1496.7669500529766100495686
2016-07-14,-952.4869494624138229779638
2016-07-15,-408.2069488717366849347523
2016-07-18,-1632.8369482809451737780976
2016-07-19,816.4230523099607326381245
2016-07-20,-680.3469470990189435356743
2016-07-21,-272.1369465078841801447927
2016-07-22,272.1430540833650449697601
2016-07-25,-952.4869453252712460287344
2016-07-26,1904.9830552662069690272969
2016-07-27,-1088.5569441422002876902809
2016-07-28,2721.4030564495070059946911
2016-07-29,-1088.5569429586711277373349
2016-08-01,6803.5030576332653332983883
2016-08-02,4490.3130582253164112909039
2016-08-03,1088.5630588174821284335511
2016-08-04,-1360.6969405902374930760333
2016-08-05,4490.3130600021575689640854
2016-08-08,-10069.1769394053326632398587
2016-08-09,2449.2630611872918325226679
2016-08-10,3401.7530617800310784664992
2016-08-11,-1632.8369376271149031892287
2016-08-12,408.2130629658539097789221
2016-08-16,-2449.2569364410624604013072
2016-08-17,-544.2769358478639914978716
2016-08-18,2177.1230647454493387255790
2016-08-19,272.1430653388775525097001
2016-08-22,-1496.7669340675793279005462
2016-08-23,-952.4869334739212802558906
2016-08-24,544.2830671198517176972444
2016-08-25,-2721.3969322862603117832547
2016-08-26,1360.7030683077426535648083
2016-08-29,-3537.8169310981393639920597
2016-08-30,-272.1369305039063421830403
2016-08-31,-272.1369299095582587330027
2016-09-01,-4082.0969293150950913625033
2016-09-02,816.4230712794831822122160
2016-09-06,2177.1230718741765842792276
2016-09-07,3809.9630724689851371309198
2016-09-08,0.0030730639088630639975
2016-09-09,-2449.2569263410522156205173
2016-09-12,3537.8230742541019233827157
2016-09-14,-1768.9069251506286976166444
2016-09-15,-1632.8369245552440563046184
2016-09-16,-680.3469239597441303629066
2016-09-19,2041.0530766358711025311124
2016-09-20,680.3530772316016647043819
2016-09-21,680.3530778274475784881688
2016-09-22,408.2130784234088662180640
2016-09-23,272.1430790194855502339828
2016-09-26,272.1430796156776528801669
2016-09-27,-1088.5569197880148034948161
2016-09-28,-3265.6769191915917965380710
2016-09-29,5442.8030814049466961076258
2016-09-30,-3401.7469179983993031961735
2016-10-03,-952.4869174016297720835863
2016-10-04,679.0335931952553118156001
2016-10-05,0.0015909998020743575809
2016-10-06,0.0015913078681719447696
2016-10-07,0.0015916159939205264831
2016-10-10,2421.0015919241793316529738
2016-10-13,-8392.7984077675755831232695
2016-10-14,2178.9015925407291877524786
2016-10-17,-2582.3984071509063441628185
2016-10-18,6375.3015931575178326900398
2016-10-19,-80.6984065339982701275075
2016-10-20,-887.6984062254546410517826
2016-10-21,1371.9015940831487314831311
2016-10-24,-1129.7984056081881409546100
2016-10-25,1291.2015947005347532053903
2016-10-26,-3066.5984049906825744642315
2016-10-27,-2985.8984046818401123885979
2016-10-28,5326.2015956270621510094096
2016-10-30,-726.2984040639757726908483
2016-11-01,3308.7015962450461280922304
2016-11-02,-1019.1542034458721350575089
2016-11-03,-139.3269055596668373314149
2016-11-04,835.9830950395112118493038
2016-11-07,-1253.9669043611947198208043
2016-11-08,1114.6430962382153901231069
2016-11-09,5991.1930968377415641502344
2016-11-10,-1811.2869025626161752658748
2016-11-11,-6548.5069019628578056473221
2016-11-15,-1811.2869013629833045118559
2016-11-16,-557.3169007629926493728721
2016-11-17,-4458.5569001628858177394119
2016-11-18,-7941.8068995626627871161621
2016-11-21,1671.9631010376764649965468
2016-11-22,1532.6331016381319611027406
2016-11-23,417.9931022387037237108026
2016-11-24,-1114.6368971606082246665256
2016-11-25,-4458.5568965598038615121431
2016-11-28,3065.2631040411168356954110
2016-11-29,-278.6568953578461105180419
2016-11-30,-1114.6368947566926776223184
2016-12-01,-4179.8968941554228430828725
2016-12-02,-9208.1715435540365843607950
2016-12-05,1701.0213287140551290141825
2016-12-06,2106.0213328439448354426495
2016-12-07,-2267.9786630253657854930567
2016-12-08,8262.0213411061234210480818
2016-12-09,-809.9786547615873900629359
2016-12-12,-4130.9786506284980639251225
2016-12-13,-728.9786464946084456074968
2016-12-14,-4940.9786423599183801490793
2016-12-15,891.0213617755722874411160
2016-12-16,-3077.9786340881362878159151
2016-12-19,-728.9786299510439508691592
2016-12-20,-2024.9786258131505466375807
2016-12-21,-5588.9786216744559200101154
2016-12-22,-1295.9786175349599158456649
2016-12-23,-1700.9786133946623789730910
2016-12-26,-5750.9786092535631541912092
2016-12-27,5427.0213948883379137312164
2016-12-28,1539.0213990310409800554794
2016-12-29,3564.0214031745462000729363
2016-12-30,4536.0214073188537291050134
2017-01-02,3969.0214114639637225032113
2017-01-03,1458.0214156098763356491119
2017-01-04,81.0214197565917239543834
2017-01-05,2511.0214239041100428607865
2017-01-06,1377.0214280524314478401804
2017-01-09,729.0214322015560943945281
2017-01-10,2916.0214363514841380559027
2017-01-11,2835.0214405022157343864927
2017-01-12,3726.0214446537510389786090
2017-01-13,1863.0214488060902074546889
2017-01-16,1296.0214529592333954673037
2017-01-17,-2996.9785428868192413008365
2017-01-18,1944.0214612679324528631234
2017-01-19,2592.0214654234886337021890
2017-01-20,-5183.9785304201505430104771
2017-01-23,2673.0214737370150785284500
2017-01-24,3402.0214778949856541524631
2017-01-25,6399.0214820537613397252299
2017-01-27,2592.0214862133422911405972
2017-01-30,-80.9785096262713356774018
2017-01-31,-2348.9785054650793847745425
2017-02-01,5832.0214986969182998335974
2017-02-02,2754.0215028597218741616430
2017-02-03,-728.9784929766685057455705
2017-02-06,3321.0215111877473161870063
2017-02-07,648.0215153529694960646440
2017-02-08,1782.0215195189981900228401
2017-02-09,1134.0215236858335542273245
2017-02-10,-728.9784721465242551259344
2017-02-13,-1133.9784679780750818107239
2017-02-14,-1376.9784638088187695705811
2017-02-15,-5102.9784596387551621187872
2017-02-16,3888.0215445321158968616387
2017-02-17,2997.0215487037945637179450
2017-02-20,5022.0215528762809948276538
2017-02-21,2106.0215570495753465985667
2017-02-22,-1295.9784387763222245312296
2017-02-23,-3239.9784346014115620933566
2017-02-27,162.0215695743074904108603
2017-02-28,2349.0215737508350895103994
2017-03-01,648.0215779281713917645475
2017-03-02,-4778.9784178936834462370939
2017-03-03,-1052.9784137147292678746030
2017-03-06,2430.0215904650340835022688
2017-03-07,-404.9784053543932354258978
2017-03-08,-4292.9784011730110679481843
2017-03-09,324.0216030091807426766724
2017-03-10,810.0216071921823532202848
2017-03-14,6318.0216113759939204846215
2017-03-15,810.0216155606156013020127
2017-03-16,5508.0216197460475525351557
2017-03-17,-242.9783760677100689228781
2017-03-20,1134.0216281193428938513615
2017-03-21,-161.9783676927934021882902
2017-03-22,-4049.9783635041188000576064
2017-03-23,4131.0216406853668572580364
2017-03-24,-2348.9783551243362731963358
2017-03-27,405.0216490667719656547122
2017-03-28,1215.0216532586917309170302
2017-03-29,1782.0216574514231797268878
2017-03-30,1134.0216616449664692509820
2017-03-31,405.0216658393217566864412
2017-04-03,3078.0216700344891992608322
2017-04-05,3159.0216742304689542321664
2017-04-06,810.0216784272611788889042
2017-04-07,2754.0216826248660305499625
2017-04-10,486.0216868232836665647200
2017-04-11,4374.0216910225142443130226
2017-04-12,324.0216952225579212051899
2017-04-13,648.0216994234148546820211
2017-04-17,-2510.9782963749147977851994
2017-04-18,-3401.9782921724308786946957
2017-04-19,1944.0217120308667694858046
2017-04-20,2430.0217162349783043190778
2017-04-21,-80.9782795600961166015914
2017-04-24,3564.0217246456436643475965
2017-04-25,6156.0217288521978048209623
2017-04-26,-1133.9782669404335374966469
2017-04-27,-566.9782627322502048898515
2017-04-28,0.0217414767479603872670
2017-05-02,2430.0217456865611161111712
2017-05-03,-404.9782501028105799111258
2017-05-04,1782.0217541086330301579451
2017-05-05,-5669.9782416791078958134844
2017-05-08,0.0217625339668000732852
2017-05-09,4131.0217667478572757475273
2017-05-10,5022.0217709625636891690955
2017-05-11,567.0217751780861983284291
2017-05-12,-2186.9782206055750387534408
2017-05-15,4050.0217836115801359751146
2017-05-16,-161.9782121704481194036724
2017-05-17,-647.9782079516596467769596
2017-05-18,-9071.9782037320542880012900
2017-05-19,-2834.9781995116318849025843
2017-05-22,-3725.9781952903922792761369
2017-05-23,-5021.9781910683353128866079
2017-05-24,-6317.9781868454608274680190
2017-05-25,3483.0218173782313352762536
2017-05-26,9315.0218216027413336734845
2017-05-29,-2996.9781741719306739183942
2017-05-30,2511.0218300542154708892118
2017-05-31,2430.0218342811799265155663
2017-06-01,-890.9781614910371485893926
2017-06-02,2268.0218427375644040549545
2017-06-05,5022.0218469669847429599132
2017-06-06,-4535.9781488027759733325181
2017-06-07,2916.0218554282824137503574
2017-06-08,1863.0218596601600628119415
2017-06-09,405.0218638928571324863460
2017-06-12,-566.9781318736262185616010
2017-06-13,1863.0218723607101683636515
2017-06-14,-2672.9781234041335480116175
2017-06-15,1215.0218808318427910696048
2017-06-16,810.0218850686393443950724
2017-06-19,891.0218893062562707832845
2017-06-20,162.0218935446937290834929
2017-06-21,0.0218977839518781757074
2017-06-22,-2591.9780979759691230292982
2017-06-23,-3725.9780937350691155899802
2017-06-27,-5588.9780894933479405340191
2017-06-28,1944.0219147491945611416870
2017-06-29,162.0219189925585484710273
2017-06-30,4293.0219232367441805186850
2017-07-03,3969.0219274817516163801434
2017-07-04,1134.0219317275810151816908
2017-07-05,1944.0219359742325360804281
2017-07-06,3159.0219402217063382642731
2017-07-07,567.0219444700025809519677
2017-07-10,2997.0219487191214233930832
2017-07-11,-2429.9780470309369751319735
2017-07-12,1458.0219572198275446880463
2017-07-13,4455.0219614714151421952384
2017-07-14,243.0219657238259767625524
2017-07-17,729.0219699770602077937970
2017-07-18,-2591.9780257688820052763530
2017-07-19,6156.0219784859994970176480
2017-07-20,-2186.9780172582951258277769
2017-07-21,810.0219869982342857146791
2017-07-24,1053.0219912555878912032118
2017-07-25,2187.0219955137658502269125
2017-07-26,-485.9780002272316775942261
2017-07-27,-1457.9779959674045326093044
2017-07-28,1377.0220082932474448634911
2017-07-31,3321.0220125547244145368927
2017-08-01,0.0220168170265361545580
2017-08-02,-1619.9779789198460305089239
2017-08-03,-566.9779746558931256480270
2017-08-04,6237.0220296088854105737184
2017-08-07,6723.0220338744897380237306
2017-08-08,-6398.9779618590799833996164
2017-08-09,-6398.9779575918235937669876
2017-08-10,-14012.9779533237409331180807
2017-08-11,-728.9779490548318414616205
2017-08-14,9234.0220552149038412246478
2017-08-16,4374.0220594854662749939641
2017-08-17,-566.9779362431443800694408
2017-08-18,-971.9779319709279638503386
2017-08-21,-5588.9779276978843162024981
2017-08-22,-2510.9779234240132769486785
2017-08-23,5103.0220808506853141193760
2017-08-24,5346.0220851262116172409421
2017-08-28,2187.0220894025657926863242
2017-08-29,-4454.9779063202519992431403
2017-08-30,7290.0220979577584017849253
2017-08-31,729.0221022365971561339428
2017-09-01,4455.0221065162644241983852
2017-09-04,-1295.9778892032396335962169
2017-09-05,2187.0221150780851432067302
2017-09-06,648.0221193602389150948893
2017-09-07,2349.0221236432218425869987
2017-09-08,-3077.9778720729659137671219
2017-09-11,5346.0221322116758066134344
2017-09-12,2916.0221364971471643406679
2017-09-13,-2591.9778592165516799423218
2017-09-14,1296.0221450705794344386705
2017-09-15,486.0221493585406681889612
2017-09-18,729.0221536473321820449845
2017-09-19,2754.0221579369541367742976
2017-09-20,-1376.9778377725933068244125
2017-09-21,-4859.9778334813099879213231
2017-09-22,-9800.9778291891957456554706
2017-09-25,-7127.9778248962504191347429
2017-09-26,1296.0221793975261525641250
2017-09-27,-8666.9778163078658696044420
2017-09-28,405.0221879875736753451468
2017-09-29,4374.0221922838449484296537
2017-10-03,7533.0221965809481106970186
2017-10-04,81.0222008788833232263657
2017-10-05,324.0222051776507471280083
2017-10-06,4293.0222094772505435434562
2017-10-09,-1133.9777862223171263545791
2017-10-10,2430.0222180789478986378218
2017-10-11,-2510.9777776189542202442077
2017-10-12,5346.0222266839766782656858
2017-10-13,1782.0222309877407554650820
2017-10-16,1782.0222352923381726827926
2017-10-17,648.0222395977690912788673
2017-10-18,-647.9777560959663273553996
2017-10-19,810.0222482111320782025361
2017-10-23,-1376.9777474809355305935248
2017-10-24,972.0222568278310077414807
2017-10-25,4374.0222611374318547238844
2017-10-26,3888.0222654478671719012919
2017-10-27,2835.0222697591371208525899
2017-10-30,4698.0222740712418631879519
2017-10-31,-1214.9777216158184394511569
2017-11-01,6804.0222826979563746080286
2017-11-02,1620.0222870125664670695773
2017-11-03,324.0222913280119996688697
2017-11-06,3078.0222956442931341726026
2017-11-07,-8180.9777000385899676212040
2017-11-08,-5426.9776957206371438832007
2017-11-09,3888.0223085981517672472962
2017-11-10,1053.0223129177769276623125
2017-11-13,-2834.9776827617615007147797
2017-11-14,-1457.9776784404633559292543
2017-11-15,-6479.9776741183284759950260
2017-11-16,5103.0223302046433011053558
2017-11-17,6804.0223345284521374207133
2017-11-20,810.0223388530981950312462
2017-11-21,-161.9776568214183639514617
2017-11-22,-1214.9776524950973773844376
2017-11-23,1701.0223518320613169066878
2017-11-24,891.0223561600578811276855
2017-11-27,1134.0223604888924775157343
2017-11-28,324.0223648185652683394272
2017-11-29,-809.9776308509235841012225
2017-11-30,-2186.9776265195739174747756
2017-12-01,-4454.9776221873855694183601
2017-12-04,-1214.9776178543583775376663
2017-12-05,324.0223864795078205930607
2017-12-06,-3401.9776091857868125689739
2017-12-07,7776.0223951497578854648917
2017-12-08,2754.0223994861420772147819
2017-12-11,2268.0224038233659252322906
2017-12-12,-3968.9775918385704078995142
2017-12-13,-6641.9775874996667595660827
2017-12-14,972.0224168400770328786214
2017-12-15,3402.0224211806611321121283
2017-12-18,4293.0224255220857008434668
2017-12-19,6723.0224298643509018131718
2017-12-20,1296.0224342074568977932891
2017-12-21,2754.0224385514038515873829
2017-12-22,2511.0224428961919260305403
2017-12-26,2430.0224472418212839893788
2017-12-27,-2348.9775484117079116379482
2017-12-28,-1214.9775440643954979217456
2017-12-29,2997.0224602837586880992304
2018-01-01,1944.0224646327548094177772
2018-01-02,-3806.9775310174069709417466
2018-01-03,2268.0224733332735100765831
2018-01-04,6966.0224776847964155602641
2018-01-05,5508.0224820371619086283719
2018-01-08,3807.0224863903701524315674
2018-01-09,-890.9775092555786898478974
2018-01-10,-2267.9775049006844549961741
2018-01-11,-2105.9775005449469797678106
2018-01-12,810.0225038116338991142545
2018-01-15,1458.0225081690583449586977
2018-01-16,-8504.9774874726734788941825
2018-01-17,2835.0225168864385909275393
2018-01-18,-8423.9774787536052821725766
2018-01-19,3078.0225256071950652406689
2018-01-22,6723.0225299688397966341217
2018-01-23,2349.0225343313290755062795
2018-01-24,-2510.9774613053369346127015
2018-01-25,-5912.9774569411580701610009
2018-01-29,-3482.9774525761341675451276
2018-01-30,-3563.9774482102650631399137
2018-01-31,-3887.9774438435505932885086
2018-02-01,567.0225605240094056976271
2018-02-02,-11582.9774351075849024612719
2018-02-05,-3239.9774307383333540132696
2018-02-06,-6074.9774263682357851747228
2018-02-07,4374.0225780027079678697252
2018-02-08,7290.0225823744980689671510
2018-02-09,-3401.9774132528653180036435
2018-02-12,8991.0225911206179708678762
2018-02-14,-1214.9774045050519004760179
2018-02-15,-3077.9774001298747680613092
2018-02-16,-5993.9773957538504678822311
2018-02-19,-5021.9773913769788359012601
2018-02-20,1782.0226130007402919508898
2018-02-21,-2348.9773826206929202247265
2018-02-22,-3563.9773782412783082952794
2018-02-23,7776.0226261389842919038422
2018-02-26,2025.0226305200950445690365
2018-02-27,-404.9773650979458860715050
2018-02-28,-2186.9773607151383357577910
2018-03-01,-2267.9773563314821401980245
2018-03-05,-4859.9773519469771350685967
2018-03-06,-5021.9773475616231560140806
2018-03-07,-5102.9773431754200386472251
2018-03-08,-728.9773387883676185489486
2018-03-09,324.0226655995342687316669
2018-03-12,3483.0226699882857876773823
2018-03-13,5346.0226743778871028028072
2018-03-14,1944.0226787683383786544065
2018-03-15,243.0226831596397798105060
2018-03-16,-4859.9773124482085291187010
2018-03-19,-7127.9773080552063834911473
2018-03-20,3078.0226963386463813671132
2018-03-21,-485.9772992666500698380864
2018-03-22,-647.9772948710955723690220
2018-03-23,-2834.9772904746899614560705
2018-03-26,4212.0227139225669277022953
2018-03-27,5508.0227183206752599395133
2018-03-28,-323.9772772803647998790618
2018-04-02,7128.0227271194469131438474
2018-04-03,3888.0227315201105639374479
2018-04-04,-4859.9772640783736825371184
2018-04-05,7776.0227403239943387132323
2018-04-06,5022.0227447272147927135311
2018-04-09,2349.0227491312878445207632
2018-04-10,0.0227535362136592238739
2018-04-11,324.0227579419924019437746
2018-04-12,-1214.9772376513757621666506
2018-04-13,486.0227667561093320774607
2018-04-16,2106.0227711644478498929560
2018-04-17,1134.0227755736399565286737
2018-04-18,-1457.9772200163141827345507
2018-04-19,2835.0227843945855974161222
2018-04-20,-3320.9772111936605376744593
2018-04-23,2349.0227932189475773705695
2018-04-24,1377.0227976324101079600948
2018-04-25,1701.0228020467272195350317
2018-04-26,-2429.9771935381009224316710
2018-04-27,2187.0228108779258475649763
2018-04-30,4860.0228152948076950620105
2018-05-02,-6560.9771802874552143714793
2018-05-03,-5831.9771758688627151343440
2018-05-04,-3320.9771714494146415933697
2018-05-07,2025.0228329708891719167298
2018-05-08,81.0228373920488910933179
2018-05-09,-2996.9771581859353183341577
2018-05-10,-5831.9771537630632906041586
2018-05-11,-242.9771493393348599230506
2018-05-14,-1943.9771449147498604650963
2018-05-15,-3320.9771404893081263724497
2018-05-16,1539.0228639369905082448505
2018-05-17,486.0228683641462093088872
2018-05-18,-7937.9771272078408572261297
2018-05-21,-7046.9771227789705253738559
2018-05-22,6237.0228816507573708841923
2018-05-23,-2267.9771139186570024013544
2018-05-24,648.0228905127865208522864
2018-05-25,5670.0228949450881067600563
2018-05-28,10530.0228993782479214690617
2018-05-29,162.0229038122661311585801
2018-05-30,-1538.9770917528570979599338
2018-05-31,-1862.9770873171215996428412
2018-06-01,-6236.9770828805272076143140
2018-06-04,40083.6693215569262444336724
2018-06-05,329.8608360250034886608138
2018-06-06,3816.7408400594935644514368
2018-06-07,3722.5008440947648405990822
2018-06-08,282.7408481308174683679709
2018-06-11,1884.8208521676515990516130
2018-06-12,1790.5808562052673839728138
2018-06-13,-282.6991397563350255163207
2018-06-14,-1696.2991357171554780343781
2018-06-15,1366.5008683228061778293657
2018-06-18,-471.1791276364499064850468
2018-06-19,-4335.0191235949235795082502
2018-06-20,2308.9008804473853102584502
2018-06-21,-2073.2591155095230856569164
2018-06-22,4476.4208885343513843030202
2018-06-25,-3015.6591074209911282750243
2018-06-26,1366.5008966244495282250180
2018-06-27,-6361.1790993293264945514274
2018-06-28,-3392.6190952823190449295724
2018-06-29,5324.5809087654720287947406
2018-07-02,-895.2590871859531216449565
2018-07-03,1931.9409168634056555142483
2018-07-04,2214.6609209135485120646532
2018-07-05,188.5009249644755998279479
2018-07-06,1790.5809290161870706552192
2018-07-09,2638.7409330686830764269574
2018-07-10,4099.4609371219637690530609
2018-07-11,0.0209411760293004728430
2018-07-12,3628.2609452308798226550369
2018-07-13,612.5809492865154875978013
2018-07-16,-3015.6590466570635526712731
2018-07-17,2356.0209574001428539048411
2018-07-18,-1743.4190385418651405873853
2018-07-19,0.0209655169126159679665
2018-07-20,3816.7409695764762757162699
2018-07-23,1931.9409736368259908323585
2018-07-24,1743.4609776979619135205309
2018-07-25,989.5409817598841960145579
2018-07-26,1130.9009858225929905776869
2018-07-27,5513.0609898860884495026482
2018-07-30,1931.9409939503707251116608
2018-07-31,2403.1409980154399697564376
2018-08-01,-565.4189979187036641818083
2018-08-02,-3298.3789938520600242923581
2018-08-03,5607.3010102153710418650182
2018-08-06,565.4610142835896867600676
2018-08-07,0.0210183525960628920600
2018-08-08,2026.1810224223903227897942
2018-08-09,659.7010264929726190116023
2018-08-10,-1554.9389694356568958546427
2018-08-13,-3533.9789653634980691915226
2018-08-14,4287.9410387094492516479323
2018-08-16,-1790.5389572168147806597515
2018-08-17,4806.2610468577099865915159
2018-08-20,2356.0210509330237061373926
2018-08-21,1931.9410550091265307431110
2018-08-23,706.8210590860186132034835
2018-08-24,-1083.7389368362998936570916
2018-08-27,5607.3010672421711630153753
2018-08-28,1837.7010713214319361044710
2018-08-29,-895.2589245985174214766146
2018-08-30,-1366.4589205176767567850832
2018-08-31,895.3010835639540831514783
2018-09-03,-5324.5389123536247486648976
2018-09-04,-1649.1789082704130992025517
2018-09-05,-2450.2189041864108154001937
2018-09-06,1790.5810998983822558331040
2018-09-07,3675.3811039839662676179125
2018-09-10,-6643.8988919296586268955487
2018-09-11,-8010.3788878424922745274056
2018-09-12,3769.6211162454654779318767
2018-09-14,5984.2611203342147837214982
2018-09-17,-4994.6988755762442038896682
2018-09-18,-4617.7388714859113316030732
2018-09-19,-1743.4188673947864460904833
2018-09-21,-5230.2988633028693939939766
2018-09-24,-8010.3788592101600219259360
2018-09-25,4523.5411448833418235309557
2018-09-26,-753.8988510223637041762775
2018-09-27,-4476.3788469272764515709001
2018-09-28,-2403.0988428313962651464585
2018-10-01,3863.8611612652770086332243
2018-10-03,-6314.0588346372564766659453
2018-10-04,-13287.8188305389965674483260
2018-10-05,-13240.6988264399431100885356
2018-10-08,282.7411776599040490685546
2018-10-09,-1272.2188182394549362921743
2018-10-10,7963.3011858619800875439169
2018-10-11,-11591.4988100357907256787689
2018-10-12,12156.9811940672327778139408
2018-10-15,1884.8211981710507518259942
2018-10-16,2968.5812022756633501911202
2018-10-17,-6125.5787936189292732271652
2018-10-19,-8811.4187895127269645355532
2018-10-22,-1413.5787854057295698109369
2018-10-23,-4382.1387812979369351004047
2018-10-24,3910.9812228106510935787645
2018-10-25,-4335.0187730799653297608923
2018-10-26,-5230.2987689697860510770164
2018-10-29,10130.8212351411890837025781
2018-10-30,-1413.5787607470397713200899
2018-10-31,7586.3412433655275379868373
2018-11-01,753.9412474788911657850623
2018-11-02,-1080.9390484069487337338622
2018-11-05,4348.3224967264448512300308
2018-11-06,-2174.1575027901127425514259
2018-11-07,-362.3575023065767271348815
2018-11-09,-5254.2175018229470843947398
2018-11-12,-5616.5775013392237962018944
2018-11-13,-181.1775008554068444237293
2018-11-14,181.1824996285037890758834
2018-11-15,-1630.6174998874918775634173
2018-11-16,-1811.7974994033938261984799
2018-11-19,362.3625010807979613173602
2018-11-20,0.0025015650835031342817
2018-11-21,-362.3574979505371825940230
2018-11-22,-181.1774974660640777103458
2018-11-26,-3804.7774969814971640539629
2018-11-27,-724.7174964968364234606342
2018-11-28,-4348.3174960120818377626024
2018-11-29,1811.8025044727666112114076
2018-11-30,-2174.1574950422910583638104
2018-12-03,4891.8625054427451716900564
2018-12-04,-268.2694340721246804451592
2018-12-05,-4213.6652700686656515171569
2018-12-06,-7080.7052672165015858877459
2018-12-07,3909.6147356362147457144399
2018-12-10,-8818.3052615105165497750596
2018-12-11,3040.8147413433046346000015
2018-12-12,6863.5347441976784058165795
2018-12-13,1650.7347470526048708723443
2018-12-14,434.4147499080841367856838
2018-12-17,4300.5747527641163105957084
2018-12-18,1172.8947556207014993622539
2018-12-19,2736.7347584778398101658867
2018-12-20,-43.4252386644686498920932
2018-12-21,-8383.9052358062237736896474
2018-12-24,-3301.4252329474254540839955
2018-12-26,2345.7747699119264160883891
2018-12-27,2649.8547727718319440117829
2018-12-28,2519.5347756322912368912167
2018-12-31,477.8547784933044019524795
2019-01-01,1346.6547813548715464421223
2019-01-02,-4387.4252157830072223725374
2019-01-03,-4952.1452129203317972034121
2019-01-04,2823.6147899428979292583600
2019-01-07,304.0947928066820643424188
2019-01-08,1303.2147956710207153991871
2019-01-09,1781.0547985359139897998730
2019-01-10,-86.8651985986380050635239
2019-01-11,-2432.6251957326351617782106
2019-01-14,-2258.8651928660773729105952
2019-01-15,6211.9348100010354689937165
2019-01-16,2302.3348128687034714099252
2019-01-17,86.8948157369267418340421
2019-01-18,-1346.6251813942946122171075
2019-01-21,2780.1748214750395167941211
2019-01-22,-1781.0251756550707635738059
2019-01-23,-3257.9851727846253457415947
2019-01-24,651.6148300863758778908783
2019-01-25,-2389.1851670420669850554278
2019-01-28,-4952.1451641699538269387162
2019-01-29,86.8948387027154599036536
2019-01-30,-868.7851584240590168448318
2019-01-31,8123.2948444497228505201655
2019-02-01,1694.1748473240611697238378
2019-02-04,-3482.8732698010439514877633
2019-02-05,500.0148737221256650784270
2019-02-06,2333.3848746658269490260459
2019-02-07,-5833.4451243902890376686982
2019-02-08,-1333.3551234462222596238271
2019-02-11,1500.0348774980273185494882
2019-02-12,-1500.0251215575402677530708
2019-02-13,-1000.0151206129249831289687
2019-02-14,1000.0248803318732078311842
2019-02-15,4333.4248812768543405436348
2019-02-18,3666.7448822220184504314871
2019-02-19,1333.3648831673655729247041
2019-02-20,2500.0548841128957434601097
2019-02-21,-3833.4051149413910025186114
2019-02-22,-3166.7251139954946295609109
2019-02-25,1166.6948869505848977906237
2019-02-26,-500.0051121031523849997296
2019-02-27,1000.0248888432935575391740
2019-02-28,-1666.6951102100772391146519
2019-03-01,-7166.8051092632647394763244
2019-03-05,-9833.5251083162689080540898
2019-03-06,666.6848926309102906506783
2019-03-07,-3333.3951064217271078565204
2019-03-08,2500.0548945258189319366889
2019-03-11,500.0148954735484455495572
2019-03-12,-2333.3751035785385314917870
2019-03-13,4000.0848973695580363456642
2019-03-14,-4000.0751016821618153982016
2019-03-15,-166.6651007336980511766149
2019-03-18,-4000.0750997850506354359232
2019-03-19,4000.0849011637804673844100
2019-03-20,-3666.7350978872047071481928
2019-03-22,4333.4249030619938765405773
2019-03-25,0.0049040113762540319182
2019-03-26,-666.6750950390575390860833
2019-03-27,500.0149059106925327815508
2019-03-28,-2166.7050931393734947633090
2019-03-29,-2833.3850921892555861118988
2019-04-01,166.6749087610462943514400
2019-04-02,7610.5539597115321822492628
2019-04-03,-1475.5345880187349188389793
2019-04-04,-1281.3845869708102450742439
2019-04-05,2640.4454140773173388758926
2019-04-08,-2096.8145848743521276989677
2019-04-09,1902.6754161741813944983846
2019-04-10,-3067.5645827770820552272315
2019-04-11,155.3254182718575624366133
2019-04-12,2795.7654193210002868099605
2019-04-15,1786.1854203703461572204651
2019-04-16,3417.0454214198952130033973
2019-04-18,-1087.2345775303525064983564
2019-04-22,-6251.6245764803969619342915
2019-04-23,-660.1045754302381139462837
2019-04-24,4814.9254256201240768314115
2019-04-25,-1980.3245733293103502278381
2019-04-26,3766.5154277214586442569585
2019-04-30,38.8354287724310996744182
2019-05-02,-893.0845701763929445792160
2019-05-03,-737.7645691250134491000720
2019-05-06,-4504.2745680734303744766482
2019-05-07,-3611.1845670216436812898119
2019-05-08,-5319.7045659696533301127977
2019-05-09,-4154.8045649174592815112054
2019-05-10,155.3254361349385039570002
2019-05-13,-4970.2345628124599342585081
2019-05-14,2485.1254382403454432995810
2019-05-15,-1397.8745607066453239037809
2019-05-16,2213.3154403465678036039990
2019-05-17,6057.4854413999848653031573
2019-05-20,16696.9054424536059006815745
2019-05-21,-3339.3745564925690507652225
2019-05-22,970.7554445614600504659407
2019-05-23,-2795.7545543843067561141124
2019-05-24,7571.8554466701305690130919
2019-05-27,1902.6754477247720653736795
2019-05-28,543.6254487796177725014299
2019-05-29,-1630.8545501653322700622227
2019-05-30,2795.7654508899219772318124
2019-05-31,-893.0845480546194460597162
2019-06-03,6018.6554530010434996275996
2019-06-04,-815.4245459430891461341714
2019-06-06,-7416.5245448870173437652979
2019-06-07,815.4354561692589463216153
2019-06-10,3067.5754572257397637216284
2019-06-11,-232.9745417175748519625311
2019-06-12,-2096.8145406606848611204679
2019-06-13,1320.2254603964097758658835
2019-06-14,-3494.6945385462909013777405
2019-06-17,-5552.6845374887868532179304
2019-06-18,194.1554635689219599863972
2019-06-19,-427.1245353731644221159982
2019-06-20,5708.0154656849540401313198
2019-06-21,-3184.0545332567226136075336
2019-06-24,-1048.4045321981943436607631
2019-06-25,2601.6154688605388896511084
2019-06-26,2252.1454699194771260152412
2019-06-27,621.2854709786204051264800
2019-06-28,-2057.9845279620312333126440
2019-07-01,2523.9554730975222504080876
2019-07-02,1436.7154741572808960065826
2019-07-03,698.9454752172447432084392
2019-07-04,2135.6554762774138317469481
2019-07-05,-5552.6845226622117986369070
2019-07-08,-10328.7745216016321081944471
2019-07-09,-543.6145205408470571692962
2019-07-10,-1786.1745194798566057973812
2019-07-11,3339.3854815813392856930716
2019-07-12,-931.9145173572593429184639
2019-07-15,970.7554837043475481551892
2019-07-16,2834.5954847661599987089115
2019-07-17,1242.5654858281780485452893
2019-07-18,-2756.9245131095982625253841
2019-07-19,-7144.7145120471688946851069
2019-07-22,-3184.0545109845338081081676
2019-07-23,-776.5945099216929629611428
2019-07-24,-2174.4745088586463194028965
2019-07-25,-582.4445077953938375845781
2019-07-26,1281.3954932680645223503792
2019-07-29,-3727.6745056682711997337409
2019-07-30,-4310.1245046044009639649352
2019-07-31,1281.3954964596752695365195
2019-08-01,-5047.8945024760424593419314
2019-08-02,2313.3648985884458892948809
2019-08-05,10159.8008175513138155720425
2019-08-06,2902.8008177096166905919297
2019-08-07,6966.7208178679502178776944
2019-08-08,-725.6991819736855966354496
2019-08-09,1886.8208181847092529888606
2019-08-13,8418.1208183431347726881376
2019-08-14,-7692.4191814984090315989567
2019-08-16,1741.6808186600778460673902
2019-08-19,580.5608188185954116281400
2019-08-20,3628.5008189771436710254056
2019-08-21,-3483.3591808642773697975501
2019-08-22,3628.5008192943322951036869
2019-08-23,-1596.5391805470273283253184
2019-08-26,12627.1808196116437658621500
2019-08-27,-145.1391802296544163860402
2019-08-28,3773.6408199290781308791303
2019-08-29,145.1408200878414136078330
2019-08-30,-6095.8791797533645622486091
2019-09-03,9434.1008204054602092622799
2019-09-04,1886.8208205643157340941283
2019-09-05,-1015.9791792767979817982827
2019-09-06,-14368.8591791178809324590192
2019-09-09,2467.3808210410668880690065
2019-09-11,-5225.0391787999545142559649
2019-09-12,-2612.5191786409451334745389
2019-09-13,-435.4191784819049636261669
2019-09-16,1886.8208216771660012508538
2019-09-17,1596.5408218362677671193800
2019-09-18,-3483.3591780045996600565767
2019-09-19,-4644.4791778454362743118496
2019-09-20,290.2808223137579303198823
2019-09-23,3773.6408224729829598060960
2019-09-24,145.1408226322388201154237
2019-09-25,3628.5008227915255172176531
2019-09-26,-5079.8991770491569429162718
2019-09-27,435.4208231101914456857488
2019-09-30,-725.6991767304293110030284
2019-10-01,-4789.6191765710192070081908
2019-10-03,10304.9408235884217636458317
2019-10-04,4209.0608237478936069357657
2019-10-07,-580.5591760926036711605046
2019-10-09,1741.6808240669299353360627
2019-10-10,1596.5408242264944324056665
2019-10-11,-2467.3791756139101739703355
2019-10-14,1306.2608245457161221905720
2019-10-15,2467.3808247053733268720627
2019-10-16,-2757.6591751349385539410304
2019-10-17,870.8408250247804857372835
2019-10-18,-435.4191748154695481058449
2019-10-22,-1451.3991746556886494821060
2019-10-23,1886.8208255041231875979697
2019-10-24,-1306.2591743360340308749893
2019-10-25,8418.1208258238397010908064
2019-10-27,-2177.0991740162556105116945
2019-10-29,-6095.8791738563199596883820
2019-10-30,-725.6991736963533404439862
2019-10-31,5950.7408264636442532179240
2019-11-01,1596.5408266236728272949408
2019-11-04,145.1408267837323877858177
2019-11-05,-1451.3991730561770593095304
2019-11-06,-3338.2191728960555079900265
2019-11-07,-1015.9791727359029522534322
2019-11-08,-4209.0591725757193860963461
2019-11-11,725.7008275844951964857949
2019-11-13,4063.9208277447408014987171
2019-11-14,145.1408279050174349493094
2019-11-15,-4354.1991719346748971543761
2019-11-18,-1596.5391717743361888031239
2019-11-19,4063.9208283860335660134449
2019-11-20,2031.9608285464343733068733
2019-11-21,-2177.0991712931337609101321
2019-11-22,145.1408288673291693762999
2019-11-25,-4644.4791709721768298187951
2019-11-26,-1015.9791708116517524792171
2019-11-27,-435.4191706510955925876007
2019-11-28,725.7008295094916558745842
2019-11-29,1015.9808296701099989270334
2019-12-02,0.0008298307594425906082
2019-12-03,1015.9808299914399928873354
2019-12-04,4063.9208301521516558404085
2019-12-05,-1306.2591696871055625258133
2019-12-06,-725.6991695263316561858041
2019-12-09,-5515.3191693655266191128711
2019-12-10,-435.4191692046904452791550
2019-12-11,870.8408309561768713443713
2019-12-12,290.2808311170753367879018
2019-12-13,-1015.9791687219950429172018
2019-12-16,3193.0808314389657382615902
2019-12-17,870.8408315999576863579758
2019-12-18,1451.4008317609808074068206
2019-12-19,-725.6991680779648925558405
2019-12-20,1451.4008320831205925071957
2019-12-23,0.0008322442372686343016
2019-12-24,1451.4008324053851418650186
2019-12-26,3628.5008325665642182400579
2019-12-27,2177.1008327277745038012998
2019-12-30,2177.1008328890160045917953
2019-12-31,2177.1008330502887266557646
2020-01-01,-1451.3991667884073239614010
2020-01-02,0.0008333729278587868598
2020-01-03,15239.7008335342942809482797
2020-01-06,10885.5008336956919485717619
2020-01-07,-9434.0991661428791322926190
2020-01-08,8708.4008340185810444063832
2020-01-09,-15239.6991658199275152788137
2020-01-10,-1451.3991656584048052946198
2020-01-13,-2902.7991654968508195862734
2020-01-14,0.0008346647344479021599
2020-01-15,4354.2008348263510032277872
2020-01-16,-725.6991650120011475511120
2020-01-17,-725.6991648503219983750847
2020-01-20,4063.9208353113884568164951
2020-01-21,-1451.3991645268697759145729
2020-01-22,2322.2408356349033094946848
2020-01-23,-1161.1191642032922808915845
2020-01-24,2757.6608359585434589919407
2020-01-27,6531.3008361204105352117566
2020-01-28,-1886.8191637176910461644664
2020-01-29,-1596.5391635557612790678825
2020-01-30,4644.4808366061998425715288
2020-01-31,-870.8391632318076751750363
2020-02-01,4934.7608369302161737647936
2020-02-03,-4354.1991629077286045354341
2020-02-04,-4789.6191627456420040009958
2020-02-05,-3918.7791625835240185559922
2020-02-06,3918.7808375786253578766531
2020-02-07,1741.6808377408061313751928
2020-02-10,3628.5008379030183080190569
2020-02-11,-1886.8191619347381061111480
2020-02-12,-870.8391617724631049336373
2020-02-13,2757.6608383898433176345508
2020-02-14,-1451.3991614478188323224439
2020-02-17,1161.1208387145504512806966
2020-02-18,3047.9408388769511745304682
2020-02-19,8272.9808390393833435145460
2020-02-20,1596.5408392018469643217831
2020-02-24,25544.6408393643420430422122
2020-02-25,-16545.9591604731314142329553
2020-02-26,1161.1208396894265985886719
2020-02-27,-2031.9591601479839123993353
2020-02-28,-145.1391599853629411022265
2020-03-02,-4934.7591598227104814240707
2020-03-03,1306.2608403399734727322432
2020-03-04,14223.7208405026889274650070
2020-03-05,-870.8391593345641111263068
2020-03-06,14659.1408408282143630589556
2020-03-09,-8563.2591590089756438773712
2020-03-11,-4063.9191588461341258322705
2020-03-12,-3193.0791586832610767015444
2020-03-13,-19448.7591585203564903798127
2020-03-16,-13788.2991583574203607605133
2020-03-17,-12191.7591581944526817359012
2020-03-18,8853.5408419685465528029507
2020-03-19,-3338.2191578684226510338473
2020-03-20,13062.6008422946397128649979
2020-03-23,-15820.2591575422663493880368
2020-03-24,19884.1808426208591683207087
2020-03-25,8708.4008427840162721060785
2020-03-26,-3918.7791570527950319158996
2020-03-27,21045.3008431104252623719869
2020-03-30,22786.9808432736771610881346
2020-03-31,-22206.4191565630393296478751
2020-04-01,435.4208436002757962847244
2020-04-03,7982.7008437636225450078845
2020-04-07,12772.3208439270009226447422
2020-04-08,1741.6808440904109353196200
2020-04-09,14514.0008442538525891580265
2020-04-13,24673.8008444173258902866561
2020-04-15,2612.5208445808308448333898
2020-04-16,8563.2608447443674589272946
2020-04-17,-11466.0591550920642613013749
2020-04-20,-13352.8791549284643097211779
2020-04-21,7257.0008452351673198005144
2020-04-22,8127.8408453988306333975174
2020-04-23,0.0008455625256372048349
2020-04-24,1161.1208457262523373586585
2020-04-27,-1886.8191541099892600036325
2020-04-28,1741.6808460538008512565302
2020-04-29,-4499.3391537823773227210969
2020-04-30,2902.8008463814762242044317
2020-05-04,2322.2408465453614981752504
2020-05-05,-17271.6591532907214946653167
2020-05-06,-2612.5191531267727481727563
2020-05-07,-4354.1991529627922562013653
2020-05-08,6531.3008472012199873957494
2020-05-11,-4934.7591526347360112333287
2020-05-12,1015.9808475293397540606741
2020-05-13,-3918.7791523065527105717775
2020-05-14,7547.2808478575866010209718
2020-05-15,4499.3408480217576949917685
2020-05-18,10740.3608481859605774946507
2020-05-19,-16981.3791516498047453151520
2020-05-20,7402.1408485144617327187817
2020-05-21,-6531.2991513212399822459347
2020-05-22,3193.0808488430901159495046
2020-05-26,-6531.2991509925479665349021
2020-05-27,-7982.6991508281542235379636
2020-05-28,7837.5608493362713511027041
2020-05-29,-2902.7991504992712364493219
2020-06-01,3193.0808496652180199707294
2020-06-02,-435.4191501702608734711776
2020-06-03,-4354.1991500057079106078845
2020-06-04,-1015.9791498411230852710390
2020-06-05,5515.3208503234936087089061
2020-06-08,-7837.5591495118578224973080
2020-06-09,5079.9008506528226272822553
2020-06-10,3047.9408508175349642207273
2020-06-11,7547.2808509822791944924348
2020-06-12,1015.9808511470553242728999
2020-06-15,-5660.4591486881366402611592
2020-06-16,6386.1608514767033070681716
2020-06-17,-2902.7991483584248275599975
2020-06-18,2757.6608518064789620346400
2020-06-19,-1451.3991480285853179664120
2020-06-22,7982.7008521363823386195464
2020-06-23,-1015.9791476986180620235869
2020-06-24,6966.7208524664134862892827
2020-06-25,-5660.4591473685230102555521
2020-06-26,290.2808527965724545293992
2020-06-29,2322.2408529616998868328248
2020-06-30,1741.6808531268592928446117
2020-07-01,5660.4608532920506787558451
2020-07-02,-11030.6391465427259492411907
2020-07-03,-580.5591463774705849530127
2020-07-06,1015.9808537878167778150616
2020-07-07,2177.1008539531361452589140
2020-07-08,8563.2608541184875235756261
2020-07-09,4644.4808542838709189634794
2020-07-10,-1886.8191455507136623780444
2020-07-13,870.8408546147337857517369
2020-07-14,-2031.9591452197867304452940
2020-07-15,1451.4008549457247952339465
2020-07-16,-1451.3991448887316310062568
2020-07-17,-3483.3591447231560029604180
2020-07-20,2757.6608554424516855781508
2020-07-21,2757.6608556080914408173389
2020-07-22,8998.6808557737632689662378
2020-07-23,8998.6808559394671762351411
2020-07-24,6095.8808561052031688355454
2020-07-27,22206.4208562709712529801495
2020-07-28,-6386.1591435632285651171447
2020-07-29,7402.1408566026037207587679
2020-07-30,435.4208567684681168241963
2020-07-31,8563.2608569343646292966522
2020-08-03,2177.1008571002932643948522
2020-08-04,-435.4191427337459716612836
2020-08-05,18142.5008574322469273493694
2020-08-06,5660.4608575982719676491407
2020-08-07,3918.7808577643291554615642
2020-08-10,-11175.7791420695815029886209
2020-08-11,-15965.3991419034600014754702
2020-08-12,-23512.6791417373063337718336
2020-08-13,4499.3408584288795063506446
2020-08-14,4789.6208585950975251215262
2020-08-17,-2467.3791412386522712284209
2020-08-18,16836.2408589276301235327779
2020-08-19,-6241.0191409060552843616964
2020-08-20,-17416.7991407397084886774555
2020-08-21,580.5608594266705168210955
2020-08-24,-3193.0791404069182616292403
2020-08-25,-8272.9791402404748177904530
2020-08-26,-1886.8191400739991454233241
2020-08-27,3628.5008600925087617125724
2020-08-28,725.7008602590489098588713
2020-08-31,3483.3608604256213052584156
2020-09-01,1741.6808605922259541552574
2020-09-02,-6676.4391392411371372053422
2020-09-03,-8127.8391390744679625769131
2020-09-04,4063.9208610922334842882246
2020-09-07,435.4208612589672096389605
2020-09-08,1015.9808614257332197253939
2020-09-09,1741.6808615925315207988347
2020-09-10,4063.9208617593621191118031
2020-09-11,-725.6991380737749790819701
2020-09-14,-2031.9591379068797675275432
2020-09-15,7692.4208622600477600312369
2020-09-16,-2612.5191375729923901482659
2020-09-17,-5805.5991374060002118074752
2020-09-18,4934.7608627610243013133965
2020-09-21,-4644.4791370719188445246510
2020-09-22,-10740.3591369048296430594055
2020-09-23,-4063.9191367377080880274422
2020-09-24,-8998.6791365705541731641235
2020-09-25,3773.6408635966321077964008
2020-09-28,-4499.3391362361492388788052
2020-09-29,12191.7608639311017930785358
2020-09-30,435.4208640983852099379146
2020-10-01,-1161.1191357342989820299637
2020-10-05,1161.1208644330492234468202
2020-10-06,6241.0208646004298326413996
2020-10-07,-9579.2391352321571481718767
2020-10-08,725.7008649352882872825540
2020-10-09,5805.6008651027661452814702
2020-10-12,5660.4608652702764321028658
2020-10-13,-1015.9791345621808459740502
2020-10-14,-8272.9791343946056826688522
2020-10-15,2177.1008657730019283001005
2020-10-16,2757.6608659406419932156659
2020-10-19,435.4208661083145183619180
2020-10-20,-1161.1191337239804899758523
2020-10-21,5079.9008664437569744888629
2020-10-22,0.0008666115269180437887
2020-10-23,-2031.9591332206706530221319
2020-10-26,-1451.3991330528357324187387
2020-10-27,-435.4191328849683138546533
2020-10-28,1306.2608672829316089627208
2020-10-29,-3773.6391325491359576728011
2020-10-30,-435.4191323811710074661855
2020-11-02,4354.2008677868264658788202
2020-11-03,2612.5208679548564686596878
2020-11-04,580.5608681229190071751086
2020-11-05,1161.1208682910140877249931
2020-11-06,10014.6608684591417166104721
2020-11-09,3193.0808686273019001338963
2020-11-10,-26850.8991312045053554011635
2020-11-11,3193.0808689637199563100847
2020-11-12,870.8408691319778415736529
2020-11-13,1161.1208693002683066967749
2020-11-17,2467.3808694685913579879051
2020-11-18,-4789.6191303630529982432801
2020-11-19,-5079.8991301946647556858828
2020-11-20,-290.2791300262439080277831
2020-11-23,1015.9808701422095510443613
2020-11-24,-15965.3991296893043721548850
2020-11-25,-1451.3991295207856713097349
2020-11-26,3773.6408706477656598968220
2020-11-27,-1451.3991291836503722169807
2020-12-01,-7982.6991290150337613316866
2020-12-02,35058.8336711536154988733851
2020-12-03,125.6391665192726040870542
2020-12-04,125.6634940947275068420573
2020-12-07,125.6878263807431679192053
2020-12-08,125.7121633782316955842387
2020-12-09,125.7365050881053747148835
2020-12-10,125.7608515112766668350490
2020-12-11,125.7852026486582101490313
2020-12-14,125.8095585011628195757242
2020-12-15,125.8339190697034867828370
2020-12-16,125.8582843551933802211177
2020-12-17,125.8826543585458451585842
2020-12-18,125.9070290806744037147612
2020-12-21,125.9314085224927548949243
2020-12-22,125.9557926849147746243501
2020-12-23,125.9801815688545157825738
2020-12-24,126.0045751752262082376522
2020-12-28,126.0289735049442588804352
2020-12-29,126.0533765589232516588416
2020-12-30,126.0777843380779476121435
2020-12-31,126.1021968433232849052567
2021-01-01,126.1266140755743788630368
2021-01-04,-34971.0225639642534779954164
2021-01-05,6231.6038624865316229224921
2021-01-06,2631.1238632344268465603248
2021-01-07,-10385.9961360175331144708477
2021-01-08,-8031.8361352693482321303593
2021-01-11,-11078.3961345210184783721148
2021-01-12,2769.6038662274561748554120
2021-01-13,-2215.6761330239242443908214
2021-01-14,-5123.7561322751597080484245
2021-01-15,4569.8438684737498119504264
2021-01-18,-6785.5161307771956563210095
2021-01-19,3462.0038699720039152159624
2021-01-20,2769.6038707213485546454734
2021-01-21,3185.0438714708382900570935
2021-01-22,-2492.6361277795268504541693
2021-01-25,-3461.9961270297468387878661
2021-01-27,-3185.0361262798216468381073
2021-01-28,-276.9561255297512464935611
2021-01-29,1523.2838752204643903625474
2021-02-01,-4292.8761240291747081475621
2021-02-02,19633.7235467213314861037745
2021-02-03,6054.3898122781314481484805
2021-02-04,4036.2698180506979639737805
2021-02-05,1358.3798238243822247775992
2021-02-08,7684.4098295991844469894630
2021-02-09,776.2298353751048470808054
2021-02-10,892.6598411521436415649758
2021-02-11,2328.6298469303010469972471
2021-02-12,426.9398527095772799748236
2021-02-15,6830.5898584899725571368496
2021-02-16,-1474.7501357285129048355823
2021-02-17,-3454.0601299458788892194241
2021-02-18,-3221.2001241621251792496631
2021-02-19,-5472.1801183772515581193145
2021-02-22,-12574.4101125912578089794128
2021-02-23,1591.2398931958562850609956
2021-02-24,9935.3898989840909409348615
2021-02-25,7451.5499047734463756171403
2021-02-26,-16765.8900894360771938751998
2021-03-01,1009.0899163555204495168310
2021-03-02,6054.3899221482395228942512
2021-03-03,13311.8599279420802434001171
2021-03-04,-6985.7700662629571717804697
2021-03-05,-5976.7100604668725054203541
2021-03-08,1474.8099453303344597496813
2021-03-09,5549.8599511286639410409234
2021-03-10,2677.9199569281161558067375
2021-03-12,-5937.9000372713086785574252
2021-03-15,-2600.2400314696103446140188
2021-03-16,-659.7400256667886248833950
2021-03-17,-7412.6800198628433018437948
2021-03-18,-6830.5300140577741579313403
2021-03-19,6791.7799917484190244599735
2021-03-22,-2095.7100024442635370217137
2021-03-23,3958.6500033641783753138819
2021-03-24,-8771.0299908262550208008053
2021-03-25,-8654.5999850155635075911804
2021-03-26,5239.3800207962531327595184
2021-03-30,12458.0400266091951181102299
2021-03-31,-4269.0699675767373336379240
2021-04-01,4967.7100382384559954583716
2021-04-05,-6364.8099559452246766153680
2021-04-06,1668.8600498722208681685809
2021-04-07,5549.8600556907928478801587
2021-04-08,194.0800615104914806315315
2021-04-09,-349.2599326686830154229023
2021-04-12,-18240.6699268467304220865024
2021-04-13,5511.0500789763494788796208
2021-04-15,1668.8600848005569057566148
2021-04-16,1901.7200906258920768678927
2021-04-19,-9042.6999035476447894208580
2021-04-20,-3104.7698977200534747016677
2021-04-22,3803.4101081086662394757233
2021-04-23,-1591.1798860614854283961259
2021-04-26,5084.1401197694917402176501
2021-04-27,6442.4901256015979638942316
2021-04-28,8033.7001314348334612531225
2021-04-29,349.3201372691984509561580
2021-04-30,-7723.1598568953068482924873
2021-05-03,-116.3998510586822177462908
2021-05-04,-5510.9898452209274386163741
2021-05-05,4890.0901606179577079285058
2021-05-06,2833.1601664579734407619638
2021-05-07,3842.2201722991199787999958
2021-05-10,4501.9901781413975410009862
2021-05-11,-2910.7198160151936536342832
2021-05-12,-4851.2198101706533860626258
2021-05-14,-853.7898043249814371984411
2021-05-17,7956.0802015218224120862926
2021-05-18,7179.8802073697583809620272
2021-05-19,-2716.6697867811733113583475
2021-05-20,-3997.3997809309724456194951
2021-05-21,9547.2902249203611974763748
2021-05-24,1280.7602307728278372695157
2021-05-25,388.1302366264276931426522
2021-05-26,3609.3602424811609845209878
2021-05-27,2561.4902483370279308722133
2021-05-28,3997.4602541940287517065157
2021-05-31,6364.8702600521636665765853
2021-06-01,349.3202659114328950776246
2021-06-02,1591.2402717718366568473569
2021-06-03,3415.3102776333751715660334
2021-06-04,-77.5897165039513410435575
2021-06-07,1862.9102893598573387839176
2021-06-08,-232.8297047751985691436548
2021-06-09,-3803.3496989091188449758264
2021-06-10,3919.8403069580967311804205
2021-06-11,2833.1603128264483792606818
2021-06-14,892.6603186959363192431398
2021-06-15,2755.5403245665607711485709
2021-06-16,-2250.9496695616780449596455
2021-06-17,-3492.8696636887799089755191
2021-06-18,-465.6896578147446007504403
2021-06-21,1552.4303480604280999068281
2021-06-22,1319.5703539367384132301585
2021-06-23,-2833.0996401858134405039321
2021-06-24,3881.0303656927727590237255
2021-06-25,2794.3503715724972321749606
2021-06-28,-2134.5196225466398006457284
2021-06-29,-2018.0896166646381189911663
2021-06-30,-776.1696107814975023714920
2021-07-01,-814.9796048972177302541519
2021-07-02,1630.0504009882014179361106
2021-07-05,3066.0204068747601628172613
2021-07-06,155.2704127624587250499849
2021-07-07,1125.5204186512973253376924
2021-07-08,-3842.1595754587238155734701
2021-07-09,-1552.3695695676044768946132
2021-07-12,-116.3995636753444377940963
2021-07-13,4385.5604422180565226024809
2021-07-14,1668.8604481125986252122873
2021-07-15,2639.1104540082820909952673
2021-07-16,504.5604599051071409541505
2021-07-19,-6364.8095341969260038655411
2021-07-20,-4773.5995282978171223754837
2021-07-22,7063.4504776024340065554551
2021-07-23,815.0404835038276041012261
2021-07-26,-1125.4595105936361085213941
2021-07-27,-2328.5695046899569100527945
2021-07-28,-1319.5094987851345791905218
2021-07-29,2367.4405071208311054107286
2021-07-30,-1009.0294869720596348608798
2021-08-02,5084.1405189361934214256844
2021-08-03,1170.4825448455904957443279
2021-08-04,-3720.5920364882722796784618
2021-08-05,365.7079650537065300297448
2021-08-06,1812.6079665959839138759554
2021-08-09,-2782.4920318614400703267684
2021-08-10,-4642.7920303185653647541707
2021-08-11,-3593.3920287753919115707988
2021-08-12,5040.3079727680803470699983
2021-08-13,206.7079743118514690260728
2021-08-16,1208.4079758559215121664798
2021-08-17,2448.6079774002905343714795
2021-08-18,3847.8079789449585935325398
2021-08-20,-8411.0920195100742524476620
2021-08-23,-2846.0920179648079456552372
2021-08-24,5199.3079835807575718349176
2021-08-25,763.2079851266223579591209
2021-08-26,4356.6079866727864706649101
2021-08-27,6852.9079882192499679110428
2021-08-30,9794.4079897660129076674993
2021-08-31,9031.2079913130753479154843
2021-09-01,6773.4079928604373466474300
2021-09-02,969.9079944080989618669971
2021-09-03,10859.7079959560602515890780
2021-09-06,-397.4920024956787261602015
2021-09-07,-2830.1920009471179133434802
2021-09-08,1860.3080006017427480878411
2021-09-09,4531.5080021509033161936016
2021-09-13,2893.8080037003638490448825
2021-09-14,2146.5080052501244047240094
2021-09-15,1733.1080068001850413245546
2021-09-16,5453.7080083505458169513387
2021-09-17,-3990.8919900987932102795664
2021-09-20,-13499.0919885478319822408362
2021-09-21,5962.5080130034295592061094
2021-09-22,3513.9080145549914722111077
2021-09-23,4738.2080161068538149352557
2021-09-24,-2957.3919823409833544490879
2021-09-27,-3307.1919807885199777583005
2021-09-28,-2893.7919792357559967974935
2021-09-29,-4292.9919776826913533605094
2021-09-30,-715.4919761293259892299211
2021-10-01,-1176.5919745756598461770281
2021-10-04,9746.7080269783071340381447
2021-10-05,6216.9080285325750096668492
2021-10-06,-5755.7919699128561610283831
2021-10-07,6900.6080316420136802262606
2021-10-08,-1955.6919668028154082841235
2021-10-11,2671.2080347526566317368468
2021-10-12,5088.0080363084298585968415
2021-10-13,7950.0080378645043306148207
2021-10-14,6201.0080394208801061210372
2021-10-18,2019.3080409775572434570379
2021-10-19,-7727.3919574654641990243336
2021-10-20,-15788.6919559081841629589343
2021-10-21,-3911.3919543506025899713208
2021-10-22,-10525.7919527927194216747459
2021-10-25,-6503.0919512345345996711573
2021-10-26,8411.1080503239519344488051
2021-10-27,3593.4080518827402391058114
2021-10-28,-9794.3919465581696272681566
2021-10-29,-1287.8919449987776062298028
2021-11-01,7965.9080565609163606754855
2021-11-02,2051.1080581209123319136395
2021-11-03,1908.0080596812103659619109
2021-11-04,6153.3080612418105213088750
2021-11-08,7600.2080628027128564544315
2021-11-09,4181.7080643639174299098082
2021-11-10,1780.8080659254243001975619
2021-11-11,-2909.6919325127664741484184
2021-11-12,7647.9080690493451654170898
2021-11-15,3370.8080706117592774506456
2021-11-16,-1494.5919278255240794798541
2021-11-17,-858.5919262625048467951712
2021-11-18,-10493.9919246991829659047256
2021-11-22,-13562.6919231355583782065916
2021-11-23,10382.7080784283689749125031
2021-11-24,-3561.5919200074008479228197
2021-11-25,5851.2080815571322119234137
2021-11-26,-17648.9919168780317869014702
2021-11-29,-10287.2919153128927857387880
2021-11-30,318.0080862525492740815012
2021-12-01,1923.9080878182944512407988
2021-12-02,5755.8080893843428044318687
2021-12-03,47.7080909506943923588395
2021-12-06,-12863.0919074826507262627932
2021-12-07,9222.0080940843075072938350
2021-12-08,8808.6080956515691517669604
2021-12-09,365.7080972191342659061920
2021-12-10,4388.4080987870029084725154
2021-12-13,-3052.7918996448248617617067
2021-12-14,1733.1081019236510139872694
2021-12-15,-5882.9918965075694054854314
2021-12-16,-1192.4918949384860613732984
2021-12-17,-17060.6918933690988948584352
2021-12-20,-19350.2918917994078471115560
2021-12-21,9889.8081097705871407080161
2021-12-22,10382.7081113408861274523515
2021-12-23,5310.6081129114891719849159
2021-12-24,-3847.7918855176036668194274
2021-12-27,1939.8081160536076699255855
2021-12-28,5580.9081176251232411176201
2021-12-29,-1478.6918808030568943342534
2021-12-30,-4722.2918792309326775095586
2021-12-31,10589.4081223414959505235904
2022-01-03,4754.1081239142290487084897
2022-01-04,2734.8081254872666759998493
2022-01-05,-2178.2918729393911086362058
2022-01-06,-397.4918713657442462221329
2022-01-07,5024.4081302082073222310309
2022-01-10,1192.5081317824636557236700
2022-01-11,1478.7081333570248132675936
2022-01-12,2448.6081349318908538860370
2022-01-13,4849.5081365070618366136645
2022-01-14,1494.6081380825378204965710
2022-01-17,2846.1081396583188645922848
2022-01-18,-12036.2918587655949720302306
2022-01-19,-317.9918571892036302905740
2022-01-20,-556.4918556125070510969048
2022-01-21,-11781.8918540355051753459399
2022-01-24,-24788.0918524581979439229524
2022-01-25,5612.7081491194147022982311
2022-01-27,-12863.0918493026671775447671
2022-01-28,8506.5081522755564756971256
2022-01-31,5676.3081538540857211844355
2022-02-01,7806.9081554329206180891438
2022-02-02,10955.1081570120612255946891
2022-02-03,-3800.0918414084923971040300
2022-02-04,-302.0918398287401908006529
2022-02-07,-4626.8918382486820962773552
2022-02-08,-2384.9918366683180543048459
2022-02-09,7663.8081649123519943576346
2022-02-10,1987.5081664933281089623167
2022-02-11,-9603.5918319253896512270963
2022-02-14,-22832.3918303438012269354256
2022-02-15,12624.6081712380934411239850
2022-02-16,1478.7081728202944122492714
2022-02-17,-651.8918255971982542499488
2022-02-18,-5072.0918240143844990525735
2022-02-21,-7949.9918224312642628260144
2022-02-22,-2130.5918208478374862261945
2022-02-23,6280.5081807358958901024538
2022-02-24,-35568.2918176800640744730086
2022-02-25,21703.5081839042826794259744
2022-02-28,6328.2081854889362111894563
2022-03-02,-1319.6918129261034197810096
2022-03-03,4390.4146386591638459276321
2022-03-04,3785.7582302197561437652306
2022-03-07,20443.0582318133777641164414
2022-03-08,-1060.0017665926920417707596
2022-03-09,-4088.6017649984532141470786
2022-03-10,-13022.9717634039056932516527
2022-03-11,7268.6482381909505806879529
2022-03-14,-9691.5117602138843325442536
2022-03-15,-4694.3217586184103731526878
2022-03-16,-1514.2917570226274813301871
2022-03-17,0.0082445734644027419914
2022-03-21,-1362.8617538301346611058261
2022-03-22,2725.7482477665753869682709
2022-03-23,1514.3082493635946068177805
2022-03-24,2422.8882509609230583077902
2022-03-25,3180.0382525585608013149792
2022-03-28,-4542.8917458434921042723794
2022-03-29,-4694.3217442452355985544162
2022-03-30,-1060.0017426466696216196635
2022-03-31,151.4382589522058864549472
2022-04-01,6814.3582605513909856040873
2022-04-04,3754.7883021508857357740334
2022-04-05,5044.9765889495747489037326
2022-04-06,1605.9265940980065235373601
2022-04-07,-1681.6234007525648083765826
2022-04-08,10771.6766043978609461908888
2022-04-11,7923.4766095492839803061349
2022-04-12,-11347.3233852982955129271006
2022-04-13,3984.4766198551226596323174
2022-04-18,-4681.3233749904613088370785
2022-04-19,-9983.8233698350472251193502
2022-04-20,1863.4766353213651040388529
2022-04-21,7711.3766404787758719283009
2022-04-22,-3272.3733543628147281228087
2022-04-25,-14195.5233492034065027488444
2022-04-26,15134.8766559570007414532667
2022-04-27,-7650.7233388815928020759535
2022-04-28,7347.7766662808130601414724
2022-04-29,-6544.7733285557814783790142
2022-05-02,-4332.8733233913762240845022
2022-05-04,-18073.9233182259709833846022
2022-05-05,1484.7266869404344373485600
2022-05-06,-14483.3733078921597682196492
2022-05-09,-10877.6733027237534063863637
2022-05-10,-14710.6232975543462834112108
2022-05-11,-908.9732923839382055163037
2022-05-12,-15225.7232872125289788862341
2022-05-13,-3590.5232820401184096680655
2022-05-16,8196.1767231332936960286748
2022-05-17,13695.6267283077075321320025
2022-05-18,3211.8267334831232926074834
2022-05-19,-16952.8232613404588285417584
2022-05-20,7423.5267438369613627249654
2022-05-23,-3469.3232509846159395140842
2022-05-24,-5302.4732458051905411430671
2022-05-25,-10044.4232406247622480085561
2022-05-26,6317.5767645566691340804698
2022-05-27,3984.4767697391037993526330
2022-05-30,15059.1267749225419420741645
2022-05-31,1333.2267801069837565489110
2022-06-01,-5756.9732147075705628816574
2022-06-02,11379.6195904788791781615597
2022-06-03,2431.6834482420195072674858
2022-06-06,-2145.5965510902956438087410
2022-06-07,-2002.5565504224815107294590
2022-06-08,286.0834502454619315386886
2022-06-09,1001.2834509135347080339052
2022-06-10,-2002.5565484182631562007570
2022-06-13,5435.5234522500683638826029
2022-06-14,-8868.4765470814707066632642
2022-06-15,572.1634535871196572192440
2022-06-16,1573.4434542558394805925810
2022-06-17,5149.4434549246887885240541
2022-06-20,-3719.0365444063323939141765
2022-06-21,-572.1565437372240416450953
2022-06-22,-1430.3965430679861295868314
2022-06-23,1144.3234576013813673473428
2022-06-24,-1430.3965417291215257509873
2022-06-27,3003.8434589405052162146215
2022-06-28,-1001.2765403897383816545273
2022-06-29,-572.1565397198522942522703
2022-06-30,0.0034609501635035324171
2022-07-01,8582.4034616203090368154222
2022-07-04,4577.2834622905843307174950
2022-07-05,1716.4834629609894103642502
2022-07-06,-9011.5165363684756991138330
2022-07-07,-8296.3165356978109725814088
2022-07-08,-286.0765350270163848982651
2022-07-11,-143.0365343560919109193212
2022-07-12,858.2434663149624745053722
2022-07-13,-2574.7165330138532034693662
2022-07-14,-2002.5565323425389196838463
2022-07-15,-2717.7565316710946489735067
2022-07-18,6293.7634690004796338310866
2022-07-19,-2288.6365303278160460957586
2022-07-20,0.0034703440183364251397
2022-07-21,-5149.4365289840171934221607
2022-07-22,9440.6434716880773895512743
2022-07-25,-1287.3565276396978894607442
2022-07-26,-2002.5565269673430052595262
2022-07-27,1573.4434737051420673584970
2022-07-28,6436.8034743777573536017745
2022-07-29,572.1634750505028786836367
2022-08-01,2288.6434757233786678222957
2022-08-02,-572.1565236036152537591531
2022-08-03,143.0434770695211391672695
2022-08-04,6722.8834777427878718344277
2022-08-05,858.2434784161849694800715
2022-08-08,-1430.3965209102875426531623
2022-08-10,3576.0034797633703606822511
2022-08-11,572.1634804371587047387245
2022-08-12,1287.3634811110775147735613
2022-08-16,-5006.3965182148731839510455
2022-08-17,-715.1965175406933661680105
2022-08-18,-715.1965168663830066053565
2022-08-19,-1859.5165161919420799862123
2022-08-22,-6150.7165155173705610288129
2022-08-23,2288.6434851573315755535024
2022-08-24,2574.7234858321643550522906
2022-08-25,4434.2434865071278027640057
2022-08-26,-4863.3565128177780560100001
2022-08-29,-6436.7965121425531959634754
2022-08-30,715.2034885328024082147314
2022-09-01,-7867.1965107917112181593275
2022-09-02,-2826.3410801160940497646976
2022-09-05,4412.7882540008865099084457
2022-09-06,-1610.4817424645820519805576
2022-09-07,-354.2917389293662207568036
2022-09-08,5250.2482646065341360990930
2022-09-09,1932.6182681431191511321770
2022-09-12,3349.8582716803889569131580
2022-09-13,4219.5282752183436860384155
2022-09-14,-2190.2617212430165288699965
2022-09-15,-1868.1617177036915551643442
2022-09-16,-12207.5717141636812601712091
2022-09-19,2737.8682893770144888085168
2022-09-20,5443.5082929183958244996360
2022-09-21,-3027.7217035395371203473490
2022-09-22,-1868.1616999967842129562318
2022-09-23,-10564.8616964533453205250959
2022-09-26,-11048.0116929092203102263105
2022-09-27,-515.3416893644090492065255
2022-09-28,-5089.1616858189114045866660
2022-09-29,-1288.3816822727272434619279
2022-09-30,8889.9783212741435670982272
2022-10-03,-8310.1616751782988399499223
2022-10-04,9555.3552583699456683756457
2022-10-06,4619.9859450659907592334581
2022-10-07,-953.4640421650327088930570
2022-10-10,-5909.1340293935837136256560
2022-10-11,-7064.1140166196617762199994
2022-10-12,1557.9459961567335821609515
2022-10-13,-5761.4039910643971595530468
2022-10-14,-2189.0239782830535223395027
2022-10-17,3384.4260345007649729168291
2022-10-18,6392.7460472870588054239650
2022-10-19,-940.0339399241715455172894
2022-10-20,5936.1260728670743994866790
2022-10-21,-7708.7539143392028800776915
2022-10-24,3747.0360984569970953688804
2022-10-25,-2068.1538887443251945014626
2022-10-27,5546.6561240568307300763012
2022-10-28,-1128.0538631395346510399092
2022-10-31,3397.8561496665791421007401
2022-11-01,7117.9661624751725895420163
2022-11-02,3038.2121752862461714206379
2022-11-03,118.9154808029270055917446
2022-11-04,118.9385064677108091539611
2022-11-07,118.9615365909657483182428
2022-11-09,118.9845711735551191089884
2022-11-10,119.0076102163423847110433
2022-11-11,119.0306537201911755020665
2022-11-14,119.0537016859652890849048
2022-11-15,119.0767541145286903199721
2022-11-16,119.0998110067455113576361
2022-11-17,119.1228723634800516706103
2022-11-18,119.1459381855967780863531
2022-11-21,119.1690084739603248194725
2022-11-22,119.1920832294354935041373
2022-11-23,119.2151624528872532264950
2022-11-24,119.2382461451807405570953
2022-11-25,119.2613343071812595833204
2022-11-28,119.2844269397542819418211
2022-11-29,119.3075240437654468509596
2022-11-30,119.3306256200805611432586
2022-12-01,119.3537316695655992978561
2022-12-02,-9196.8710078069132965270325
2022-12-05,-1097.0383334930692536948303
2022-12-06,-889.4883312340776070944046
2022-12-07,-3765.5383289746485507971690
2022-12-08,2223.7616732852179998927381
2022-12-09,-3380.0883244544778703124228
2022-12-12,385.4616778062639233160121
2022-12-13,3439.4116800674434655231127
2022-12-14,1719.7116823290608410703579
2022-12-15,-8213.0383154088838652643606
2022-12-16,-4210.2883131463905686867362
2022-12-19,4477.1616891165408156139572
2022-12-20,-1363.8883086200896275351328
2022-12-21,-5366.6383063562818132904332
2022-12-22,-2520.2383040920356567919430
2022-12-23,-10080.9883018273510731632296
2022-12-26,6167.2117004377720224885745
2022-12-27,2283.0617027033337150727744
2022-12-28,-29.6382950306659104848840
2022-12-29,2342.3617072357732307577902
2022-12-30,-2194.0882904973487762405656
2023-01-02,3854.5117117699681534951373
2023-01-03,978.8792640377241049564407
2023-01-04,5469.2080504060355426863286
2023-01-05,-3604.6919480351602587660232
2023-01-06,-3480.3919464760542281718071
2023-01-09,7582.3080550833536929128688
2023-01-10,-1864.4919433569364370567868
2023-01-11,745.8080582030754403857535
2023-01-12,-870.0919402366106162816624
2023-01-13,3480.4080613240054514301371
2023-01-16,5842.1080628849237020216484
2023-01-17,-2485.9919355538558059953043
2023-01-18,-497.1919339923330140975673
2023-01-19,497.2080675694921362493448
2023-01-20,3231.8080691316197035912520
2023-01-23,124.3080706940497464853101
2023-01-24,1740.2080722567823235000134
2023-01-25,-1864.4919261801825067848030
2023-01-27,248.6080753831553142220388
2023-01-30,-124.2919230532041548769383
2023-01-31,-1242.9919214892608554678643
2023-02-01,9198.2080800749852710744806
2023-02-02,13175.8080816395342833866675
2023-02-03,-13051.4919167956137598833786
2023-02-06,-4723.3919152304588000763765
2023-02-07,372.9080863349992214783129
2023-02-08,1615.9080879007603634626895
2023-02-09,-1118.6919105331753154298845
2023-02-10,-5593.4919089668077564946818
2023-02-13,124.3080925998630989843918
2023-02-14,1491.6080941668373097347996
2023-02-15,-7830.8919042658850655046235
2023-02-16,248.6080973016960320163309
2023-02-17,-2858.8919011304193389407526
2023-02-20,5344.9081004377688803970880
2023-02-21,-1491.5918979937392511858045
2023-02-22,-1242.9918964249436748937051
2023-02-23,-3728.9918948558443319195041
2023-02-24,-994.3918932864411634447052
2023-02-27,-4226.1918917167341106394225
2023-02-28,-372.8918901467231146623793
2023-03-01,4474.8081114235918833390947
2023-03-02,497.2081129942109422290654
2023-03-03,124.3081145651341208829969
2023-03-06,372.9081161363614781877528
2023-03-08,-9073.8918822921069269584002
2023-03-09,-621.4918807202710356457919
2023-03-10,4474.8081208518692110466556
2023-03-13,17277.7081224243138720514285
2023-03-14,3853.3081239970630063124242
2023-03-15,-2485.9918744298833272150464
2023-03-16,9571.1081271434749304357432
2023-03-17,621.5081287171378382429370
2023-03-20,14418.8081302911054551960991
2023-03-21,-5344.8918681346221597037841
2023-03-22,-5469.1918665600449474443021
2023-03-23,3977.6081350148371509983825
2023-03-24,6712.2081365900241946595357
2023-03-27,-6214.9918618344837574141451
2023-03-28,124.3081397413133538354700
2023-03-29,3480.4081413174155874779471
2023-03-31,4101.9081428938230025942898
2023-04-03,-2734.5918555294643417230589
2023-04-05,13175.8081460475536136297869
2023-04-06,-621.4918523751230722318433
2023-04-10,-5344.8918507974943401811732
2023-04-11,2113.1081507804398689200225
2023-04-12,2113.1081523586796142214197
2023-04-13,2734.6081539372249548841476
2023-04-17,-2485.9918444839240499192093
2023-04-18,-2734.5918429047673410046086
2023-04-19,-4971.9918413253048591765482
2023-04-20,6463.6081602544634547719359
2023-04-21,-4350.4918381654623399407278
2023-04-24,-372.8918365850821840846447
2023-04-25,745.8081649956039815815492
2023-04-26,1988.8081665765962163106883
2023-04-27,-124.2918318421054206329198
2023-04-28,-2734.5918302605008699734921
2023-05-02,745.8081713214099275762324
2023-05-03,9322.5081729036270313149940
2023-05-04,5593.5081744861505005530151
2023-05-05,-124.2918239310196053879972
2023-05-08,-4101.8918223478832271748499
2023-05-09,2486.0081792355596945371393
2023-05-10,745.8081808193092191041432
2023-05-11,-745.7918175966345941061721
2023-05-12,-5717.7918160122716857146450
2023-05-15,4599.1081855723980036693837
2023-05-16,-2858.8918128426254665519273
2023-05-17,-5344.8918112573420369649167
2023-05-18,-372.8918096717516481444191
2023-05-19,-1864.4918080858542406537629
2023-05-22,6712.2081935003502449552326
2023-05-23,-6836.4918049131381318577408
2023-05-24,3977.6081966736806883785215
2023-05-25,-3728.9918017391932348532601
2023-05-26,-1491.5918001517598420588478
2023-05-29,-1864.4917985640190737324838
2023-05-30,-497.1917969759708703568880
2023-05-31,-124.2917953876151724032561
2023-06-01,-1740.1917937989519203312575
2023-06-02,4101.9082077900189454109680
2023-06-05,-7457.9917906207025156131891
2023-06-06,4350.5082109688837561711953
2023-06-07,-994.3917874412221796494192
2023-06-08,-3604.6917858510202634770352
2023-06-09,3231.8082157394895642978847
2023-06-12,-372.8917826696926367035801
2023-06-13,-497.1917810785668068488055
2023-06-14,-4101.8917794871328864936207
2023-06-15,-4971.9917778953908159823060
2023-06-16,6463.6082236966594643524091
2023-06-19,-2361.6917747109819858106507
2023-06-20,248.6082268816848932188941
2023-06-21,-5220.5917715253398388570187
2023-06-22,-2485.9917699320561223248910
2023-06-23,-1740.1917683384638974596628
2023-06-26,3107.5082332554368954752906
2023-06-27,-2113.0917651503536837718388
2023-06-28,-3480.3917635558355754412905
2023-06-30,-2485.9917619610087197617326
2023-07-03,2858.9082396341269430497408
2023-07-04,-565.0931087704285272123891
2023-07-05,-173.3073251387605225780368
2023-07-06,2542.3526811880894104794980
2023-07-07,-2744.5173124838355853056009
2023-07-10,-664.4373061545352727221847
2023-07-11,2657.9127001759905854868265
2023-07-12,-837.7772934922577733755467
2023-07-13,1155.6327128407198880396647
2023-07-14,3900.1827191749238071273883
2023-07-17,4333.5327255103542213285185
2023-07-18,1444.5327318470113681299251
2023-07-19,2744.5827381848954850644631
2023-07-20,2773.4727445240068097109807
2023-07-21,-3784.5572491356544203056710
2023-07-24,-2860.0772427940879673146298
2023-07-25,86.7027635487064064009871
2023-07-26,3062.3727698927289386040914
2023-07-27,-2253.3872237620201328963667
2023-07-28,-1935.5972174155405702453902
2023-07-31,3466.8327889321678644580740
2023-08-01,-722.2172047188945908388558
2023-08-02,-6066.8671983687276981429883
2023-08-03,-4333.4671920173312194150484
2023-08-04,3957.9628143352950834303296
2023-08-07,2600.1328206891514485246131
2023-08-08,-346.6471729557618859546221
2023-08-09,1877.8828334005553182163191
2023-08-10,-3062.3071602418967006927412
2023-08-11,-2715.6271538831177043658447
2023-08-14,-144.4171475231074544408874
2023-08-16,375.6028588381342874903883
2023-08-17,-2831.1871347993922401175964
2023-08-18,-2022.2671284356867987642487
2023-08-21,1068.9628779292508500972057
2023-08-22,606.7228842954209450597305
2023-08-23,2282.3428906628237247624888
2023-08-24,-1820.0371029685405721091490
2023-08-25,-433.3170965986717068235952
2023-08-28,-2108.9370902275694406030370
2023-08-29,1733.4329161447664653765738
2023-08-30,1126.7429225183362499855284
2023-08-31,-1588.9170711068598478596291
2023-09-01,3091.2629352691784108039068
2023-09-04,5163.6442116464512649852121
2023-09-05,-1114.0173897568956293840751
2023-09-06,-495.1173892514729348816011
2023-09-07,-1732.9173887459523751267719
2023-09-08,495.1226117596660688301113
2023-09-11,-618.8973877346175840575843
2023-09-12,-1732.9173872288033148328209
2023-09-13,-1732.9173867228911045348902
2023-09-14,0.0026137831190658005873
2023-09-15,2970.7226142892272151416634
2023-09-18,3960.9626147954333624600623
2023-09-20,-742.6773846982624732688177
2023-09-21,-1361.5773841918602730659045
2023-09-22,-618.8973836853600179484510
2023-09-25,0.0026168212383110699657
2023-09-26,-2475.5973826720652670205556
2023-09-27,-3960.9573821652707332262383
2023-09-28,-4084.7373816583780685496287
2023-09-29,-990.2373811513872539895943
2023-10-03,-5693.8773806442982705413234
2023-10-04,-5850.5023301371110991963245
2023-10-05,3153.8668610304805267493431
2023-10-06,3042.2268681679005304305056
2023-10-09,-3181.7031246932974436376013
2023-10-10,4605.1868824468868721466909
2023-10-11,4549.3668895884537454368664
2023-10-12,-446.5231032685965560617644
2023-10-13,-1479.1930961242637645920555
2023-10-16,-474.4330889785476123450148
2023-10-17,1814.1869181685521685402056
2023-10-18,-3767.8130746829641540236800
2023-10-19,-1479.1930675330963120720817
2023-10-20,-3823.6330603818440375885230
2023-10-23,-5944.7930532292070625046315
2023-10-25,-4716.7530460751851187001286
2023-10-26,-7647.3030389197779380028195
2023-10-27,5107.5669682370147478114173
2023-10-30,2651.4869753951932070186392
2023-10-31,-1507.1030174452422920531496
2023-11-01,-2763.0530102842914810239887
2023-11-02,8002.1250068780459085380489
2023-11-03,-573.0456560010933528582431
2023-11-06,-573.0456551599626441372278
2023-11-07,-4469.7856543186690668510132
2023-11-08,458.4443465227874105367236
2023-11-09,-5272.0556526355931804315882
2023-11-10,4240.5743482061891917925883
2023-11-12,-1146.0956509518654412361018
2023-11-13,-3209.0756501097570479569027
2023-11-15,6074.3343507325144031970521
2023-11-16,-802.2656484250510562012586
2023-11-17,5386.6743524175466054272577
2023-11-20,-2292.1956467396925803321920
2023-11-21,2521.4243541032314181117151
2023-11-22,3323.6943549463186323564191
2023-11-23,-1719.1456442104309059945219
2023-11-24,1489.9343566329828346685699
2023-11-28,1719.1543574765598859614923
2023-11-29,8595.7543583203002795061657
2023-11-30,1146.1043591642040469306327
2023-12-01,1604.5443600082712198690607
2023-12-04,4928.2343608525018299617420
2023-12-05,-8939.5756383031040911449046
2023-12-06,-1260.7056374585465117983321
2023-12-07,2292.2043633861745996601348
2023-12-08,-1031.4856357689407251046980
2023-12-11,-10544.1156349238924544218938
2023-12-12,-1948.3656340786805566143830
2023-12-13,-229.2156332333049999989627
2023-12-14,11117.1743676122342471137051
2023-12-15,114.6143684579372164190941
2023-12-18,-3667.5156306961960603811844
2023-12-19,1146.1043701498344484206191
2023-12-20,2750.6443709960287745383936
2023-12-21,343.8343718423869496921690
2023-12-22,3782.1343726889090056081171
2023-12-26,3094.4743735355949740185530
2023-12-27,1948.3743743824448866619360
2023-12-28,2406.8143752294587752828709
2023-12-29,-2062.9756239233633283678907
2024-01-01,916.8843769239786074665509
2024-01-02,-20252.9461722285153854507560
2024-01-03,5286.5499677047398099208204
2024-01-04,6526.7299715710965932128401
2024-01-05,-1671.0700245617979788727114
2024-01-08,-5023.7600206939437613753964
2024-01-09,2511.9099831746593906932913
2024-01-10,861.8399870440116223499320
2024-01-11,5980.2099909141130786391859
2024-01-12,704.1899947849639046337981
2024-01-15,1429.3799986565642454346041
2024-01-16,-704.1499974710857538294643
2024-01-17,-5938.1299935979859480013743
2024-01-18,-3321.1399897241361918959859
2024-01-19,9059.6400141504636596999526
2024-01-20,-126.0999819741862479721885
2024-01-23,-15302.5399780980857696429167
2024-01-24,9753.3000257787652399853898
2024-01-25,5023.8000296563669262384866
2024-01-29,4729.5200335347194344702688
2024-01-30,-2522.3799625861770899372237
2024-01-31,4887.1700412936774984261998
2024-02-01,2280.6900451742833449988853
2024-02-02,5255.0200490556405952473408
2024-02-05,-2764.1099470622506053337596
2024-02-06,8492.1000568206098887784306
2024-02-07,10299.8200607042222231349358
2024-02-08,1198.1600645885865433149633
2024-02-09,-1366.2799315262970050740910
2024-02-12,-10898.8499276404282763966371
2024-02-13,4025.3500762461928750111144
2024-02-14,8923.0100801335665948411579
2024-02-15,6190.4100840216930288136982
2024-02-16,5107.8800879105723226771560
2024-02-19,1523.9700918002046222081735
2024-02-20,777.7600956905900732116194
2024-02-21,-3899.1899004182711784794053
2024-02-22,7073.2501034736210129964384
2024-02-23,1702.6401073662667935287325
2024-02-26,620.1101112596663090353078
2024-02-27,-882.8198848461802945377509
2024-02-28,-8386.9598809512728712160991
2024-02-29,6778.9701229443887250028728
2024-03-01,4950.2301268408046401500448
2024-03-02,3762.6001307379750202845732
2024-03-04,1008.9801346359000114938957
2024-03-05,1608.0501385345797598937368
2024-03-06,-1912.7998575659855883718863
2024-03-07,6474.1801463342041128693416
2024-03-11,-409.8698497648509901819613
2024-03-12,-12738.0998458631507512968674
2024-03-13,-21839.7598419606950242181351
2024-03-14,14272.6001619425163373397974
2024-03-15,-5475.6898341535165203091831
2024-03-18,4046.3701697512065491771413
2024-03-19,-12044.4398263433143078306753
2024-03-20,2574.9701775629210550662629
2024-03-21,13589.4501814699127842951994
2024-03-22,2879.7601853776610263117300
2024-03-26,6285.0001892861659275998089
2024-03-27,2837.7201931954276346717544
2024-03-28,6999.6801971054462940682534
2024-04-01,12580.4902010162220523583683
2024-04-02,7293.9602049277550561395411
2024-04-03,2154.5702088400454520376001
2024-04-04,-3268.5897872469066132932358
2024-04-05,4645.4402166668990068296497
2024-04-08,4477.2802205814624591172746
2024-04-09,-1944.3297755032161096909351
2024-04-10,6285.0002284128634471728598
2024-04-12,-4004.2897676702987234950829
2024-04-15,-10646.6097637527024748700810
2024-04-16,420.4202401656523399009773
2024-04-18,-1271.6897559152341323003608
2024-04-19,-304.7697519953617445641075
2024-04-22,8365.9802519252696500481713
2024-04-23,1671.1102558466601985033616
2024-04-24,5128.9002597688100477968063
2024-04-25,3888.7202636917193449523116
2024-04-26,5633.3802676153882370221515
2024-04-29,2017.9402715398168710870742
2024-04-30,5770.0102754650053942563070
2024-05-02,10762.2602793909539536675620
2024-05-03,-252.2197166823373035129582
2024-05-06,-9511.5297127548682300905552
2024-05-07,-11256.1897088266386788420291
2024-05-08,8071.7002951023514974843266
2024-05-09,-13589.4097009678975538312689
2024-05-10,6411.1203029626143145199213
2024-05-13,4235.5503068938872498751581
2024-05-14,10289.3103108259213996002306
2024-05-15,3920.2503147587169110894631
2024-05-16,5370.6303186922739317657194
2024-05-17,10699.2003226265926090804094
2024-05-18,6211.4303265616730905134935
2024-05-21,6600.3003304975155235734895
2024-05-22,1839.2703344341200557974763
2024-05-23,4140.9603383714868347511015
2024-05-24,3909.7403423096160080285853
2024-05-27,346.8503462485077232527269
2024-05-28,-6453.1196498118378719250905
2024-05-29,-5223.4496458714206298248935
2024-05-30,-5822.5196419302404027381136
2024-05-31,399.4003620117029570724186
2024-06-03,31824.3003659544095973724790
2024-06-04,-10446.9196301021203340435446
2024-06-05,-29333.3896261578866893526469
2024-06-06,15050.3403777871106792968006
2024-06-07,10394.4103817328719197850546
2024-06-10,6663.3603856793971800210065
2024-06-11,-714.6596103733133920578132
2024-06-12,5559.8103935747403515147717
2024-06-13,6631.8303975235585587335876
2024-06-14,11119.6004014731413776221179
2024-06-18,4719.0104054234889562325073
2024-06-19,-7136.2695906253985573544317
2024-06-20,809.2904133264789849707860
2024-06-21,-5559.7695827208782686536756
2024-06-24,4582.3804212325298299390313
2024-06-25,-2291.1595748132965710555559
2024-06-26,-693.6395708583573234132045
2024-06-27,-10.4895669026522788809810
2024-06-28,2049.4704370538187108227543
2024-07-01,7178.3504410110557940083529
2024-07-02,-84.0595550309408809851164
2024-07-03,5328.5904489278288342101386
2024-07-04,4267.0804528873650879906382
2024-07-05,6568.7704568476680287816370
2024-07-08,788.2704608087378050371290
2024-07-09,3310.6704647705745652398540
2024-07-10,199.7104687331784579013019
2024-07-11,2049.4704726965496315617194
2024-07-12,-3373.6895233393117652098851
2024-07-15,6610.8104806255944161842646
2024-07-16,-4256.5295154087316756292826
2024-07-18,-9196.2295114422898919951992
2024-07-19,-19002.0595074750800842293730
2024-07-22,9217.2904964928978963810976
2024-07-23,-6022.2094995383558014220906
2024-07-24,1671.1105044311589711315607
2024-07-25,2617.0105084014423628413556
2024-07-26,14703.5105123724945225354109
2024-07-29,7998.1305163443155990706607
2024-07-30,-945.8794796830942586671375
2024-07-31,5549.3005242902650982366025
2024-08-01,-3163.4894717356061812746985
2024-08-02,-9070.1094677607079482287800
2024-08-05,-16164.3594637850400536245356
2024-08-06,-18571.1494598086023484320078
2024-08-07,21146.1405441686053164076171
2024-08-08,-3089.9194518534169100179838
2024-08-09,8450.0605521253311214077334
2024-08-12,-2722.0694438951504401698130
2024-08-13,-8702.2594399148614455763264
2024-08-14,1051.0205640661982543913754
2024-08-16,11865.8105680480288089653640
2024-08-19,5202.4705720306303674066076
2024-08-20,7861.5005760140030790049753
2024-08-21,2606.5005799981470930792437
2024-08-22,5738.4805839830625589771018
2024-08-23,-2427.7894120312503739248428
2024-08-26,3888.7205919552084437789409
2024-08-27,693.6805959424391615229137
2024-08-28,1818.2505999304419287704713
2024-08-29,-1660.5593960807831049860497
2024-08-30,2911.2906079087642097746335
2024-09-02,725.2106118990840226027551
2024-09-03,1145.6106158901764830775078
2024-09-04,2049.4706198820417408070462
2024-09-05,-2448.8093761253200545715053
2024-09-06,-7787.8893721319087533920488
2024-09-09,294.3006318622757940404939
2024-09-10,2133.5506358572337374501866
2024-09-11,-4508.7693601470347734099160
2024-09-12,10247.2706438494704112422375
2024-09-13,767.2506478467494412177015
2024-09-16,0.0206518448024663565376
2024-09-17,-1208.6293441563703634721787
2024-09-18,-3142.4693401567688983703524
2024-09-19,-5612.3193361563929884108640
2024-09-20,10268.2906678447575163624366
2024-09-23,12401.8206718466827659347355
2024-09-24,945.9206758493829103202607
2024-09-25,-2553.9093201471419004377127
2024-09-26,5349.6106838571084837331435
2024-09-27,6221.9406878621342129342160
2024-09-30,-3016.3493081320645627040442
2024-10-01,-1219.1393041254876930221164
2024-10-03,-14924.1793001181350278314042
2024-10-04,-4655.9092961100064169142304
2024-10-07,-19159.7092921011017100238309
2024-10-08,11624.0807119085792431156508
2024-10-09,9112.1907159190365928091690
2024-10-10,-1471.3792800697295106092183
2024-10-11,893.3707239422810832236564
2024-10-14,3005.8807279550685247000751
2024-10-15,2564.4607319686329642414407
2024-10-16,-1723.6192640170254477017181
2024-10-17,-18812.8792600019065606497404
2024-10-18,3237.1007440139897759061718
2024-10-21,-11560.9792519693362874960402
2024-10-22,-23584.4192479518846002892863
2024-10-23,-2354.2192439336550118773221
2024-10-24,-3825.6192399146473716347434
2024-10-25,-9648.1592358948615289069800
2024-10-28,3405.2607681257026669897095
2024-10-29,5297.0607721470453667682435
2024-10-30,-3005.8392238308332788292771
2024-10-31,-3489.2992198079331190315629
2024-11-01,9952.9907842157459969618692
2024-11-04,-15817.5292117597957800192982
2024-11-05,4151.4707922654417008838232
2024-11-06,17930.0807962914585905593319
2024-11-07,-8534.0991996817449600754563
2024-11-08,-9385.4091956541688000740042
2024-11-11,2564.4608083741872215394540
2024-11-12,-17404.5391875966767442300830
2024-11-13,-14388.1691835667605463483770
2024-11-14,3394.7508204639359662480552
2024-11-18,-704.1491755045870553480532
2024-11-19,4046.3708285276705399852875
2024-11-21,-10846.2991674392910966006711
2024-11-22,13747.1008365945281860745898
2024-11-25,15250.0308406291285392208625
2024-11-26,1765.7008446645101140772176
2024-11-27,7136.3108487006730619120111
2024-11-28,893.3708527376175340228880
2024-11-29,5065.8408567753436817367903
2024-12-02,5223.4908608138516564099605
2024-12-03,8397.5108648531416094279491
2024-12-04,3615.4608688932136922056190
2024-12-05,2196.6108729340680561871517
2024-12-06,5286.5508769757048528460530
2024-12-09,-2101.9791189818757663148415
2024-12-10,4330.1408850613263502366396
2024-12-11,1618.5608891053113540620085
2024-12-12,-2017.8991068499206032478750
2024-12-13,-1240.1591028043693700727994
2024-12-16,2333.2409012419652052368062
2024-12-17,-10709.6690947109167256401244
2024-12-18,-10720.1790906630150109952868
2024-12-19,-7052.1890866143294990910020
2024-12-20,-20988.4490825648600381602095
2024-12-23,1639.5809214853935235935378
2024-12-24,462.4609255364313379960795
2024-12-26,2112.5309295882535569026532
2024-12-27,-5444.1590663591396678020997
2024-12-30,-5822.5190623057481842041282
2024-12-31,-2139.0955482515718403599662
