date,pnl
2008-03-18,0
2008-03-19,19.3630506544079874259124
2008-03-24,19.3667999317144391218134
2008-03-25,19.3705499349953548401798
2008-03-26,19.3743006643913053842181
2008-03-27,19.3780521200428887759310
2008-03-28,19.3818043020907302613872
2008-03-31,19.3855572106754823159932
2008-04-01,19.3893108459378246497655
2008-04-02,320.7985652080184642126040
2008-04-03,487.4303090336154156967822
2008-04-04,270.2821873093672287636522
2008-04-07,96.5640659488105270835488
2008-04-08,878.3059449520157324229874
2008-04-09,-1032.6121756809467198157145
2008-04-10,1269.1797040499936194082033
2008-04-11,-337.7284158550927872234152
2008-04-15,270.2934646038645366149981
2008-04-16,574.3053454269360808953787
2008-04-17,1052.0372266141923492386703
2008-04-21,-1857.7708918342961410825308
2008-04-22,-77.1390099184588591413338
2008-04-23,9.7228723617747396460918
2008-04-24,-1119.4552449935247864768406
2008-04-25,-337.7133619842868656044884
2008-04-28,444.0285213895590878336639
2008-04-29,-33.6995948719163269243476
2008-04-30,-728.5777107686424969703210
2008-05-02,-511.42582630054879572324125
2008-05-05,-377.62274146756458292663240
2008-05-06,555.31940644927032265670163
2008-05-07,472.13942182478131773605932
2008-05-08,-641.84056279673051920223157
2008-05-09,-154.67054741526461168762681
2008-05-12,-24.47053203082038313795948
2008-05-13,-351.10051664339725685941891
2008-05-14,349.35949874700534395347105
2008-05-15,1002.61951414038799621787372
2008-05-16,1397.3195295367512769626613
2008-05-20,889.5195449360957633284360
2008-05-21,1608.8595603384220325675526
2008-05-22,-517.1904242562693379558609
2008-05-23,-753.2504088479777707658809
2008-05-26,-1153.5303934367026882747671
2008-05-27,402.2896219775564872170597
2008-05-28,-1384.1003626051996664789614
2008-05-29,-258.5103471849705714395090
2008-05-30,-1178.23033176175564962935833
2008-06-02,-925.01031633555432290135938
2008-06-03,129.76969909363398700358487
2008-06-04,-990.15471525852008592586324
2008-06-05,-121.55302384091078639828846
2008-06-06,443.03866790420856159553042
2008-06-09,1572.22035997690137399217621
2008-06-10,-1120.43794762276892099250838
2008-06-11,-642.70625489473888286104306
2008-06-12,-251.83456183894505883193189
2008-06-13,-251.83286845532398383728471
2008-06-16,312.75882525618781947956189
2008-06-17,616.77051929565384076642406
2008-06-18,-34.67778633686241803534941
2008-06-19,443.05390835870255731150335
2008-06-20,399.62560338241229334253815
2008-06-23,703.63729873433032889398605
2008-06-24,-859.84100558547978489486484
2008-06-25,-425.53930957695448457928711
2008-06-26,225.91238675996980559326862
2008-06-27,2006.54408342535667368555699
2008-06-30,1355.0957804192697200729212
2008-07-01,-295.2425222582274425543223
2008-07-02,-208.3808246070711891884999
2008-07-03,703.6508733728021174978047
2008-07-04,-512.3874283185438728458645
2008-07-07,-425.5257296810454982454494
2008-07-08,443.0759692853609156000080
2008-07-09,-642.6723314192609446792464
2008-07-10,443.0793682051526198787071
2008-07-11,790.5210681586653205698505
2008-07-14,573.3727684413408810266167
2008-07-15,1876.2744690532430372202776
2008-07-16,-468.9438300055644625366665
2008-07-17,-1163.8221287350178575880973
2008-07-18,-251.7904271350533749318883
2008-07-21,269.3712747943927707824858
2008-07-22,312.8029770533843772563398
2008-07-23,-3118.1653203580147454558299
2008-07-24,312.8063825602592250560457
2008-07-25,-34.6319141917298764399981
2008-07-28,8.7997893860817971844317
2008-07-29,95.6614932937581054204806
2008-07-30,-1120.37680246863707987556061
2008-07-31,312.81490209896012552013861
2008-08-01,-338.63339300338638179865619
2008-08-04,8.80831222438730713414997
2008-08-05,-1641.52998221765488634062219
2008-08-06,269.39172367055097149496955
2008-08-07,-512.34657011093117326161441
2008-08-08,-34.61486356203736213099840
2008-08-11,-642.63315668270362424949398
2008-08-12,-251.76144947286597636670201
2008-08-13,-338.61974193246042284311413
2008-08-14,616.84196593857704435228611
2008-08-18,-816.34632585968955435557740
2008-08-19,225.97538267280381385452658
2008-08-20,139.11709153612119420253687
2008-08-21,877.42880073032664430950068
2008-08-22,-382.03948974451576580002517
2008-08-25,-295.17777988834195369557256
2008-08-26,-729.47606970108782453835989
2008-08-27,877.43564081731072892111056
2008-08-28,-78.02264833308217365454434
2008-08-29,182.55906284779759981281507
2008-09-01,139.13077436001419381925521
2008-09-02,-1033.47751379636823471882623
2008-09-04,139.13419837871448353770464
2008-09-05,-425.45408911467346964687661
2008-09-08,95.70762372353209991925309
2008-09-09,-34.58066310660460114212931
2008-09-10,-642.59894960501935377688616
2008-09-11,-729.45723577164792649611181
2008-09-12,182.57447839357392462627511
2008-09-15,877.45619289071045595593991
2008-09-16,573.44790771982593630054054
2008-09-17,95.71962288098464691213674
2008-09-18,3787.27133837425088148959966
2008-09-19,-1294.03694580031105381897819
2008-09-22,1138.04477035736315958612799
2008-09-23,573.4564868473378527586858
2008-09-24,-164.8517963303226307910826
2008-09-25,182.5899208244460649059116
2008-09-26,-164.8483616882916917199641
2008-09-29,1007.7633561315284802253497
2008-09-30,139.1650742839709741020174
2008-10-01,-816.2932072308998042612774
2008-10-03,-816.2914884130194365649183
2008-10-06,1007.7702307376765079640598
2008-10-07,1528.9319502212524725743843
2008-10-08,1224.9236700377729129929621
2008-10-10,1442.0753901873022974272952
2008-10-13,-3248.3628893300948934321031
2008-10-14,-772.8511685143541664092906
2008-10-15,1007.7805526345889841595213
2008-10-16,-295.1177258832009235716142
2008-10-17,-1554.5860040676593589559618
2008-10-20,-164.8242819187217788516835
2008-10-21,-816.27255943632362761942068
2008-10-22,-1294.00083662040033711987327
2008-10-23,-1467.71911347088732671137978
2008-10-24,-1598.00738998772000324749634
2008-10-27,530.06433382916623892542459
2008-10-28,2223.83605797983601797065597
2008-10-29,-121.38221753564603543648153
2008-10-31,-1511.14049271721527810619686
2008-11-03,226.06123243519294566819464
2008-11-04,-140.96927207835669588730517
2008-11-05,18.64894390606572224845952
2008-11-06,18.65255491052076588578322
2008-11-07,18.65616661417643128613552
2008-11-10,18.65977901716810502008433
2008-11-11,18.66339211963119987316779
2008-11-12,18.66700592170115485097032
2008-11-14,18.67062042351343518419957
2008-11-17,18.67423562520353233376445
2008-11-18,18.67785152690696399585407
2008-11-19,18.68146812875927410701770
2008-11-20,18.68508543089603284924571
2008-11-21,18.68870343345283665505146
2008-11-24,18.69232213656530821255426
2008-11-25,18.69594154036909647056317
2008-11-26,18.69956164499987664366197
2008-11-28,18.70318245059335021729493
2008-12-01,18.70680395728524495285371
2008-12-02,-1773.57457383478868510723487
2008-12-03,878.75703201767816827509283
2008-12-04,-708.84115617547249952743530
2008-12-05,-293.03934401780208933373662
2008-12-08,160.56246849075732851922761
2008-12-10,160.56428135027369684775120
2008-12-11,954.36609456081497162392991
2008-12-12,-104.03209187755087802179123
2008-12-15,349.56972203524413020193000
2008-12-16,198.37153629926799174988131
2008-12-17,538.57335091458871524284476
2008-12-18,425.17516588127432247014612
2008-12-19,-1011.22301880060715160779534
2008-12-22,387.37879686901234114308352
2008-12-23,311.78061289020086203304050
2008-12-24,84.98242926302648555107936
2008-12-26,-141.81575401244270063249831
2008-12-29,1710.38606306386140433645914
2008-12-30,-368.61211950799308550149374
2008-12-31,84.98969827206195708315375
2009-01-01,651.99151640409467251142231
2009-01-02,9.39333488817321439839684
2009-01-05,-671.00484627563425044421872
2009-01-06,-633.20302708725954200554617
2009-01-07,727.59879245336553292702275
2009-01-09,-292.99938765369081922961741
2009-01-12,122.80243259163962114827094
2009-01-13,-973.39574681057491310617428
2009-01-14,311.80607413973382405214287
2009-01-15,-595.39210455736590811716539
2009-01-16,538.60971709819416286258821
2009-01-19,538.61153910648232268772514
2009-01-20,-141.78663853243312972323914
2009-01-21,1370.21518418151611777296501
2009-01-22,-330.78299275160160945307785
2009-01-23,538.61883066828202719909295
2009-01-27,765.42065444123537956237587
2009-01-28,-670.97752143267318729533052
2009-01-29,-255.17569695337529506856504
2009-01-30,2239.62612787919744778825956
2009-02-02,-66.1720469348865539365801
2009-02-03,-406.3702213955588822095532
2009-02-04,-368.5683955027511057493109
2009-02-05,463.0334307436052199758798
2009-02-06,160.6352573435785527507008
2009-02-09,-217.3629157027626363846503
2009-02-10,-179.5610883953498631318935
2009-02-11,1143.4407392658853700679002
2009-02-12,1181.2425672810115740368772
2009-02-13,-141.7556043499027271370313
2009-02-16,349.6462243732110039024602
2009-02-17,1975.0480534504213177825598
2009-02-18,2012.8498828817967784039684
2009-02-19,-670.9482873325940370565499
2009-02-20,349.6535428073174618564019
2009-02-24,-103.9446266984001211205743
2009-02-25,-1767.1427958496781689671004
2009-02-26,-217.3409646464480513764496
2009-02-27,500.8608669113588752470254
2009-03-02,1483.6626988238112677904665
2009-03-03,-1351.3354689090222035649164
2009-03-04,-595.3336362870728553412721
2009-03-05,9.4681966897280092384680
2009-03-06,1332.4700300214491002531636
2009-03-09,-28.3281362918408589139579
2009-03-12,-1086.7263022500731315727255
2009-03-13,274.0755321468210322765516
2009-03-16,47.2773668989103959456618
2009-03-17,-330.7207979937362639389320
2009-03-18,-368.5189625310501574335133
2009-03-19,274.0828732870375187254653
2009-03-20,1370.2847094605955811239628
2009-03-23,85.0865459896928596729279
2009-03-24,-897.7116171256018023891198
2009-03-25,-670.9097798852195484935098
2009-03-26,689.8920577109084912611612
2009-03-27,9.4938956628512001116095
2009-03-30,9.4957339706774746324483
2009-03-31,-519.7024273655437752612310
2009-04-01,-66.1005883457436263112753
2009-04-02,-633.0987489698531419138858
2009-04-06,-2598.6969092378033721170345
2009-04-08,1181.3049308504746463821209
2009-04-09,-557.4932287049501097601780
2009-04-13,9.5086120959913494682952
2009-04-15,236.3104532533680274383380
2009-04-16,-179.4877052327510591180947
2009-04-17,-973.2858633622968801053029
2009-04-20,236.3159788647996079387457
2009-04-21,916.7178214486074618450036
2009-04-22,-66.0803356108042481840670
2009-04-23,122.9215076866335614280941
2009-04-24,1143.5233513409899876347349
2009-04-27,274.1251953523341407683816
2009-04-28,-368.4729602792648554565707
2009-04-29,-633.0711155537378639412675
2009-05-04,-481.8692704710157341998024
2009-05-05,122.9325749689706976433743
2009-05-06,160.7344207662906088560486
2009-05-07,576.5362669210131901008361
2009-05-08,-66.0618865667923545622248
2009-05-11,47.3399603029431923269219
2009-05-12,-66.0581924697109383690565
2009-05-13,765.5436551153144976177146
2009-05-14,85.1455030580887579629125
2009-05-15,-28.2526486413188862473865
2009-05-18,9.5492000171608494858887
2009-05-19,-2031.6489509664027369225973
2009-05-20,-103.8471015919403341399902
2009-05-21,652.1547481406173825873531
2009-05-22,425.3565982313397514364629
2009-05-25,160.7584486802961240103554
2009-05-26,9.5602994875558653406335
2009-05-27,274.1621506531883538900858
2009-05-28,236.3640021772629815552878
2009-05-29,538.7658540598491536692035
2009-06-01,538.7677063010162890037862
2009-06-02,-519.6304410991661802274186
2009-06-03,311.9714118593711916333294
2009-06-04,-255.0267348233021363094319
2009-06-05,387.5751188528833084982372
2009-06-08,-1200.0230271120029879377178
2009-06-09,-66.0211727178915261567411
2009-06-10,538.7806820352872067589394
2009-06-11,-103.8174628523972628130836
2009-06-12,-292.8156073808753950327887
2009-06-15,-481.8137515500776365951208
2009-06-16,47.3881046400655792726173
2009-06-17,-103.8100388103761671866281
2009-06-18,425.3918180986667177429475
2009-06-19,-141.6063246327361587473856
2009-06-22,-217.2044670045151759882808
2009-06-23,47.3973909833993001702935
2009-06-24,198.5992493310769173616650
2009-06-25,463.2011080385873367050677
2009-06-26,312.0029671060002328082535
2009-06-29,-481.7951734666147062298962
2009-06-30,9.6066863208122211832421
2009-07-01,-481.7914535316492698633538
2009-07-02,-213.6491930239294507817377
2009-07-03,729.0117924517188503760614
2009-07-06,-2467.7882052649027499063348
2009-07-07,591.8517970189177815274379
2009-07-08,-2151.3482006968194697124319
2009-07-09,-484.90819841211441799917956
2009-07-10,-897.82819612696697768946021
2009-07-13,-581.74819384137706312334576
2009-07-14,1910.89180844465541137567813
2009-07-15,1994.4118107311305315007156
2009-07-16,780.1318130180483829614632
2009-07-17,545.7718153054090514842139
2009-07-20,1870.9318175932126228118597
2009-07-21,-143.6281801185408172961051
2009-07-22,-279.7081778298511830635802
2009-07-23,1238.0518244592816113021434
2009-07-24,469.8118267488576516103866
2009-07-27,501.1318290388770236870860
2009-07-28,430.2118313293398133747963
2009-07-29,-1567.0681663797538934673059
2009-07-30,-334.7881640884040109634188
2009-07-31,1795.3318382033895467788872
2009-08-03,1452.2518404956268656686734
2009-08-04,-1762.0431572116919683683647
2009-08-05,1107.0138605670212258428963
2009-08-06,-2436.9261057682691137961956
2009-08-07,-2503.7260720970409386510924
2009-08-10,-1155.7860384192929865384745
2009-08-11,15.8939952649760049693747
2009-08-12,176.9540289557672985446167
2009-08-13,3498.8140626530821571039045
2009-08-14,247.2540963569218438084305
2009-08-17,-4186.5058699327123779360264
2009-08-18,1588.5341637841807555209465
2009-08-19,-1896.2858024923974919255568
2009-08-20,1489.0542312375541438642866
2009-08-21,1190.7342649740369272750753
2009-08-24,2051.7142987170521229362314
2009-08-25,74.3143324666009957220479
2009-08-26,1061.0143662226848107517363
2009-08-27,-130.4456000146951666105269
2009-08-28,767.2544337544623292444487
2009-08-31,-479.0855324698414358290867
2009-09-01,-1898.7254986876051957317741
2009-09-02,607.4889351011723158809003
2009-09-03,952.1133890774813655564329
2009-09-04,930.5134420139469218919461
2009-09-07,1386.1534949606625928677858
2009-09-08,933.2735479176303632188418
2009-09-09,-623.4863991151477819356906
2009-09-10,-267.0863461376698570922364
2009-09-11,151.1137068500661236372328
2009-09-14,119.5537598480621465252747
2009-09-15,1244.1938128563201982290495
2009-09-16,1093.7138658748422657903951
2009-09-17,743.9139189036303366359010
2009-09-18,-788.9660280573136014230165
2009-09-22,817.3540249920124398099593
2009-09-23,-642.3259219483895510838788
2009-09-24,690.5141311214824148618117
2009-09-25,-874.2858157983696730015025
2009-09-29,222.3942372920561750628451
2009-09-30,621.1542903927619491767943
2009-10-01,-102.3256564962503601523666
2009-10-05,-508.8856033749787620319265
2009-10-06,-215.7255502434212651836769
2009-10-07,1690.1145028984241220561636
2009-10-08,500.5545560505593917370223
2009-10-09,226.9546092129865362940489
2009-10-12,488.0746623857075485481888
2009-10-14,1419.9947155687244217062585
2009-10-15,771.9947687620391493610201
2009-10-16,745.3548219656537254912562
2009-10-17,382.4748751795701444618443
2009-10-20,-16.6450715962095989761678
2009-10-21,-1544.8450183616835096854883
2009-10-22,-287.6049651168495921425054
2009-10-23,456.1550881382941495627868
2009-10-26,-793.6448585962502882731368
2009-10-27,-3513.8048053204809089672574
2009-10-28,498.9952479656042845500625
2009-10-29,-259.7646987379927102648457
2009-10-30,195.8753545687301044311173
2009-11-03,-777.6845921142252731321050
2009-11-04,2695.3165812131431556623482
2009-11-05,2097.2389281884711152452478
2009-11-06,994.5589705796471456850803
2009-11-09,2789.5990129790314010126863
2009-11-10,-48.4609446133745294091917
2009-11-11,1922.3790978024309440899385
2009-11-12,-824.1608597735505885116225
2009-11-13,919.4391826586824630722942
2009-11-16,1273.4192250991316894357856
2009-11-17,-502.3207324522013185190639
2009-11-18,302.0593100046850304178772
2009-11-19,-1504.0006475302076722351526
2009-11-20,1398.4393949431221653482517
2009-11-23,278.5194374246761353027209
2009-11-24,-685.0805200855441699288279
2009-11-25,556.5795224124628424048677
2009-11-26,-1211.8804350813012346365247
2009-11-27,-1308.8603925668348076848724
2009-11-30,1240.8596499558637169364817
2009-12-01,2329.8996924867959332127796
2009-12-02,-394.0802649740365645620931
2009-12-03,1673.3197775733678182144536
2009-12-04,-1086.4801798709893235462270
2009-12-07,-244.6801373071063946239577
2009-12-08,1097.0199052650182005103218
2009-12-09,-208.3800521546139423053853
2009-12-10,167.5199904339987730759275
2009-12-11,-295.8799669691420568896707
2009-12-14,-1087.8799243640348354369884
2009-12-15,-726.4798817506779654916514
2009-12-16,-251.6798391290698496700431
2009-12-17,7.3202035007911097207549
2009-12-18,-888.1197538610934893169766
2009-12-21,23.0602887852779515284652
2009-12-22,1449.2203314399070308782650
2009-12-23,2342.5203741027953476631490
2009-12-24,750.3204167739445011234455
2009-12-29,169.6204594533560908091447
2009-12-30,-68.8794978589682834200421
2009-12-31,62.2205448369729786053785
2010-01-04,1594.3205875411814773647413
2010-01-05,1094.8206302536588136472830
2010-01-06,1178.7206729744065885522015
2010-01-07,-705.7792842965735965112832
2010-01-08,-847.3792415592801398238697
2010-01-11,884.8208011862885606438850
2010-01-12,-978.3791560598658927683737
2010-01-13,875.6208867022581025892605
2010-01-14,593.7209294726621496770166
2010-01-15,53.6209722513478517655054
2010-01-18,361.0210150383168124357795
2010-01-19,-1144.8789421664293644206060
2010-01-20,-223.9788993628890746015338
2010-01-21,-2593.8788565510607135942638
2010-01-22,-1398.9788137309426765753740
2010-01-25,-1960.4787709025333584106988
2010-01-27,-3533.4187280658311536552702
2010-01-28,487.8613147791655434467431
2010-01-29,799.4213576324583389620957
2010-02-01,879.8214004940488392685256
2010-02-02,-1244.5785566360613489451851
2010-02-03,2235.6214862421293813208492
2010-02-04,-1760.4784708713773626223214
2010-02-05,-2920.7184279765799731524225
2010-02-06,4764.9616149265231576641052
2010-02-08,-3592.2783421620663619278342
2010-02-09,745.4217007576530766280687
2010-02-10,-1189.7782563143169178004110
2010-02-11,1366.0217866220252639660276
2010-02-15,80.6218295666812314182715
2010-02-16,637.2218725196525943588545
2010-02-17,894.8219154809409629020170
2010-02-18,-701.4780415494520525262332
2010-02-19,-582.6779985715248411880608
2010-02-22,-501.4779555852757920337422
2010-02-23,-85.8779125907032937016060
2010-02-24,-37.1978695878057345179717
2010-02-25,-346.3778265765815024970893
2010-02-26,2057.4422164429710146589202
2010-03-02,2093.3222594708534295601264
2010-03-03,2408.5223025070673551288488
2010-03-04,289.1223455516144045997186
2010-03-05,647.8223886044961915197379
2010-03-08,657.1224316657143297483409
2010-03-09,-829.5775252647295665425458
2010-03-10,-248.7774821868338828684425
2010-03-11,139.7225608994029955677434
2010-03-12,91.3226039939826838757794
2010-03-15,-372.6773529030932025218335
2010-03-16,1293.4226902081769521102015
2010-03-17,28.7227333277947638200367
2010-03-18,343.2227764557618489687402
2010-03-19,826.5228195920798242303576
2010-03-22,-1137.0771372632496934080287
2010-03-23,-48.8770941102250866462378
2010-03-25,772.4229490511552621290695
2010-03-26,1006.5229922208929708444518
2010-03-29,-147.0769646010103422602522
2010-03-30,83.4230785854469413681365
2010-03-31,313.3231217802664405961985
2010-04-01,783.8231649834497746039761
2010-04-05,1528.2232081949985628850344
2010-04-06,136.1232514149144252465217
2010-04-07,657.8232946431989818092307
2010-04-08,-1305.7766621201461469923415
2010-04-09,783.8233811248806595900681
2010-04-12,-858.7765756217189773814516
2010-04-13,-265.2765323599434365309242
2010-04-15,-632.4764890897910961684255
2010-04-16,-438.8764458112603342900230
2010-04-19,-1357.6764025243495285777143
2010-04-20,353.2236407709429436006327
2010-04-21,413.7236840746187051913417
2010-04-22,825.0237273866793794549882
2010-04-23,1040.0237707071265899664603
2010-04-26,41.5238140359619606150197
2010-04-27,-89.4761426268128843956371
2010-04-28,-2140.5760992811963205473185
2010-04-29,890.5239440728132769927236
2010-04-30,1148.1239874352175333718541
2010-05-03,-502.9759691939819259478834
2010-05-04,-1882.8759258147834751897068
2010-05-05,405.1241175728145117379663
2010-05-06,-1140.5758390311863387584209
2010-05-07,-2051.5757956267843999575033
2010-05-10,3338.8242477860219551770672
2010-05-11,-1241.6757087927656460033174
2010-05-12,-274.4756653631455758321607
2010-05-13,2375.0243780748837936722003
2010-05-14,-1848.7755784786759091933450
2010-05-16,0.2244649761769441833809
2010-05-17,91.3245084394439827299048
2010-05-18,-847.3754480888731643108371
2010-05-19,-2621.6754046087728673804369
2010-05-20,540.4246388797465033950455
2010-05-21,-1911.9753176233134217948571
2010-05-24,757.4247258820489875550436
2010-05-25,-3450.7752306041646377343498
2010-05-26,2027.8248129180473334736430
2010-05-27,1257.8248564486865326315397
2010-05-28,1547.4248999877545915077568
2010-05-31,1268.4249435352531421866714
2010-06-01,-2009.5750129088161829313186
2010-06-02,280.1724306555482488702678
2010-06-03,502.8011690886665068468474
2010-06-04,261.0011693150377375375111
2010-06-07,294.6011695414528006042404
2010-06-08,863.4011697679117045343204
2010-06-09,4.2011699944144578166799
2010-06-10,-4.7988297790389310581089
2010-06-11,-841.1988295524484535978297
2010-06-14,189.6011706741858986913781
2010-06-15,401.4011709008641343050202
2010-06-16,378.6011711275862617402464
2010-06-17,257.4011713543522894958528
2010-06-18,-468.5988284188377739277195
2010-06-21,1202.4011718080160799716166
2010-06-22,-938.3988279650861403024051
2010-06-23,932.4011722618555737555951
2010-06-24,-121.7988275111587693473556
2010-06-25,1063.8011727158708388974170
2010-06-28,348.6011729429444070002344
2010-06-29,214.8011731700619434730663
2010-06-30,394.2011733972234568295307
2010-07-01,70.2011736244289555848934
2010-07-02,-1297.7988261483215517439302
2010-07-05,-287.9988259210280566383760
2010-07-06,584.4011743063094494217696
2010-07-07,-1130.9988254663090250416298
2010-07-08,1042.8011747611165284949392
2010-07-09,-197.9988250114138814433596
2010-07-12,69.6011752160997536702888
2010-07-13,804.6011754436574423643499
2010-07-14,-202.1988243287408068310591
2010-07-15,309.0011758989050146158303
2010-07-16,-265.7988238734050847615608
2010-07-19,-277.7988236456710964281592
2010-07-20,-238.1988234178930118472396
2010-07-21,1018.2011768099291775195773
2010-07-22,-235.1988229622045197876768
2010-07-23,363.6011772657059047726837
2010-07-26,-1382.3988225063395402560013
2010-07-27,252.0011777216591536712616
2010-07-28,-919.1988220502980048988787
2010-07-29,79.2011781777889925818806
2010-07-30,256.8011784059201546634982
2010-08-02,300.0011786340954898975884
2010-08-03,715.8011788623150068374205
2010-08-04,476.4011790905787140379212
2010-08-05,-608.9988206811133799443274
2010-08-06,410.4011795472387334489143
2010-08-09,754.8011797756350627775428
2010-08-10,-412.7988199959243833968882
2010-08-11,183.0011802325604034888335
2010-08-12,467.4011804610894319995773
2010-08-13,996.6011806896627107018718
2010-08-16,840.6011809182802481639039
2010-08-17,-186.5988188530579470444806
2010-08-18,1328.4011813756481336482242
2010-08-19,933.0011816043984988151832
2010-08-20,-1022.3988181668068429687784
2010-08-23,1062.0011820620321168728249
2010-08-24,-437.3988177090846130818606
2010-08-25,-16.7988174801570242530277
2010-08-26,183.6011827488148919407919
2010-08-27,-890.3988170221688559172714
2010-08-30,-673.1988167931082592424257
2010-08-31,-327.5988165640033094482165
2010-09-01,1703.4011836651460020534731
2010-09-02,618.6011838943396838524229
2010-09-03,682.2011841235777445400763
2010-09-06,888.0011843528601927095397
2010-09-07,177.0011845821870369555838
2010-09-08,-667.7988151884417141253564
2010-09-09,970.8011850409739480648180
2010-09-13,576.6011852704340321258716
2010-09-14,510.0011854999385466592336
2010-09-15,1140.0011857294875002679987
2010-09-16,-1244.9988140409190984430722
2010-09-17,584.4011861887187591324478
2010-09-20,1350.0011864184010816026516
2010-09-21,-1067.9988133518721224227003
2010-09-22,247.8011868778991556678190
2010-09-23,-226.7988128922850755126956
2010-09-24,517.2011873375751926505180
2010-09-27,661.2011875674799687738905
2010-09-28,-1223.3988122025707385244795
2010-09-29,151.8011880274230793751760
2010-09-30,-706.7988117425385689057068
2010-10-01,1781.4011884875443252559785
2010-10-04,1563.6011887176717704850074
2010-10-05,849.6011889478437754078257
2010-10-06,1186.2011891780603486525495
2010-10-07,271.8011894083214988489654
2010-10-08,-1289.3988103613727653714686
2010-10-11,1761.0011898689775646243763
2010-10-12,-1055.9988099006275025286991
2010-10-13,1413.0011903298120418057779
2010-10-14,295.8011905602962062659521
2010-10-15,-2303.3988092091750005083588
2010-10-18,22.2011910213984301243356
2010-10-19,785.4011912520165068071988
2010-10-20,-1273.7988085173207618149314
2010-10-21,1825.8011917133866329044558
2010-10-22,-653.3988080558613003864540
2010-10-25,473.4011921749354469621991
2010-10-26,-650.9988075942231163980498
2010-10-27,-311.9988073633369818139910
2010-10-28,-755.3988071324061406307384
2010-10-29,85.2011930985694158082689
2010-11-01,2387.4011933295896961612690
2010-11-02,676.3619435606547090881757
2010-11-03,526.2085731955917380426479
2010-11-04,1312.9085748556239431723577
2010-11-05,522.5085765159775811788263
2010-11-08,-20.8914218233472856987357
2010-11-09,304.5585798376494047909341
2010-11-10,144.0085814989677149111513
2010-11-11,-1799.4914168393922930627120
2010-11-12,-2868.3414151774305568432252
2010-11-15,-258.8914135151470141308974
2010-11-16,-2398.1414118525416026141744
2010-11-18,335.8585898103857400305636
2010-11-19,-2770.5414085263649238609962
2010-11-22,2244.4085931372064680589038
2010-11-23,-518.0414051989000218499064
2010-11-24,-2311.4914035346843312155223
2010-11-25,-3516.0914018701463976539621
2010-11-26,-1360.6414002052861587691645
2010-11-29,2275.7086014598964478470135
2010-11-30,518.7586031254014846147989
2010-12-01,3425.7586047912290139665054
2010-12-02,1000.2086064573790983465353
2010-12-03,-1267.2913918761481997886177
2010-12-06,-700.0913902093528179703669
2010-12-07,-943.3413885422346937180291
2010-12-08,-2238.3913868747937645388237
2010-12-09,-3485.5413852070299679278689
2010-12-10,502.4086164610567586318195
2010-12-13,1992.8086181294664776693312
2010-12-14,1560.6586197981992517258631
2010-12-15,-1271.8413785327448566452776
2010-12-16,1146.4586231366342151213280
2010-12-20,-744.0913751936634703967860
2010-12-21,894.9086264763621493900309
2010-12-22,-156.7413718532888629164513
2010-12-23,44.8086298173835552976590
2010-12-24,-413.4413685116205333416227
2010-12-27,553.0586331596989338038456
2010-12-28,-61.1913651686579806156660
2010-12-29,925.5086365033087860622445
2010-12-30,100.7586381755992965121116
2010-12-31,1384.5586398482136134206059
2011-01-03,150.0586415211517994865362
2011-01-04,-292.6907568055860825791487
2011-01-05,-1559.8164107083475320524258
2011-01-06,-1086.6164100133511712506197
2011-01-07,-1978.2764093182202379514252
2011-01-10,-1581.2564086229547060975014
2011-01-11,-1219.7364079275545496264622
2011-01-12,1875.1235927679802575291253
2011-01-13,186.4435934636497414417415
2011-01-14,-1236.7764058405460718110852
2011-01-17,-745.7564051446071561467764
2011-01-18,-108.1964044485334854777039
2011-01-19,819.1035962476749662888124
2011-01-20,-511.6764030559817747494957
2011-01-21,458.3635976404963175101577
2011-01-24,-239.1164016628907308243879
2011-01-25,-929.9964009661428936402373
2011-01-27,-619.8764002692601448194394
2011-01-28,-2608.7363995722424582389853
2011-01-31,1581.1236011249101922291915
2011-02-01,-1359.1763981778021672817830
2011-02-02,299.4556025196204893662773
2011-02-03,-371.3551366292412121641261
2011-02-04,909.4473582733800191204091
2011-02-07,-147.2101463409094912678893
2011-02-08,172.9923495279837974887742
2011-02-09,237.0348458801534443205520
2011-02-10,205.0173427156930262734584
2011-02-11,-147.2001599653038614871206
2011-02-14,12.9023378372563943270800
2011-02-15,397.1448361234674251307134
2011-02-16,237.0473348934228804683314
2011-02-17,140.9898341472164280178943
2011-02-18,237.0523338849417535942824
2011-02-21,108.9748341066925611528079
2011-02-22,173.0173348125625727927272
2011-02-23,76.9598360026455287607543
2011-02-24,845.4423376770351874545747
2011-02-25,-403.3351601641746745736402
2011-02-28,44.9473424791097373862823
2011-03-01,173.0298456069822362060326
2011-03-03,557.2723492195366529223341
2011-03-04,-435.3451466831331632595377
2011-03-07,845.4573578990666550377612
2011-03-08,-339.2801370337700066328372
2011-03-09,-19.0776314815492445392934
2011-03-10,76.9848745558228632330585
2011-03-11,-435.3326189215597432149666
2011-03-14,141.0298880863968944071146
2011-03-15,-307.2476044202132474170228
2011-03-16,-531.3850964412961740069897
2011-03-17,-243.2025879767578724821593
2011-03-18,813.4599209734956882418569
2011-03-21,461.2424304095585574567336
2011-03-22,141.0449403315248026649580
2011-03-23,-83.0925492605114904166452
2011-03-24,269.1299616335437821466145
2011-03-25,-435.3075269862152574891806
2011-03-28,-275.2050151196944689430270
2011-03-29,-467.3225027667996936054717
2011-03-30,237.1200100725632453649178
2011-03-31,269.1425233984885430450829
2011-04-01,173.0850372110704127510061
2011-04-04,96.3963515104030860412418
2011-04-05,-220.6676894354643073820498
2011-04-06,515.7923536106429137644709
2011-04-07,-197.1376033349148255430270
2011-04-08,247.2124397278640886133857
2011-04-11,-200.4375172010187295358577
2011-04-13,721.7425258784383345522401
2011-04-15,-157.9874310337631042666987
2011-04-18,-668.3673879376214308243669
2011-04-19,771.3226551668649703602890
2011-04-20,1628.1526982796977150811288
2011-04-21,344.6327414008784194448790
2011-04-25,941.2227845304086998711939
2011-04-26,-940.1471723317098269072838
2011-04-27,153.1428708145244561551366
2011-04-28,177.8829139691131664172561
2011-04-29,-653.9570428679420784489550
2011-05-02,830.7530003033603395417046
2011-05-03,-581.3616565169779613122726
2011-05-04,-467.6987045923956107976495
2011-05-05,-723.8562645971827247722996
2011-05-06,492.9061758704876702893015
2011-05-09,-595.7713831892929434260512
2011-05-10,364.8310582235669339821800
2011-05-11,300.7935001091588201317044
2011-05-12,-1108.0840575324257496391657
2011-05-13,973.2183852989047777319155
2011-05-16,-563.7391713967580269652396
2011-05-17,44.6432723806774247900791
2011-05-18,-147.4742833686972607470865
2011-05-19,-147.4718386447904595839285
2011-05-20,364.8506065524894700135606
2011-05-23,781.1130522232341875240238
2011-05-24,364.8554983675353701741757
2011-05-25,396.8779449854847129422385
2011-05-26,-275.5396079228260714386207
2011-05-27,140.7228396426947475231486
2011-05-30,108.7052876821389180809182
2011-05-31,300.8277361955982062533205
2011-06-01,-531.6898148168356041723111
2011-06-02,621.0326346449292883634982
2011-06-03,-531.6849154190152968041952
2011-06-06,364.8775349914224774386904
2011-06-07,108.7199858763344659887032
2011-06-08,-531.6775627641874584716984
2011-06-09,76.7048890699485945292979
2011-06-10,300.8473413788345332563033
2011-06-13,-627.7302058374377162298274
2011-06-14,-371.5677525787762100685496
2011-06-15,-243.4852988450889865961825
2011-06-16,557.0171553637159336575386
2011-06-17,44.6996100477305479729091
2011-06-20,781.1620652070468714437053
2011-06-21,140.7645208417569369806318
2011-06-22,44.7069769519527953147730
2011-06-23,-147.4105664622734849989573
2011-06-24,-691.7481094008298175783645
2011-06-27,-691.7456518636240982105207
2011-06-28,-51.3431938505642048483132
2011-06-29,108.7592646384420023930098
2011-06-30,-243.4582763965133187607075
2011-07-01,-915.8758169553379927390738
2011-07-04,-115.3733570379398261236954
2011-07-05,140.7891033557733923552798
2011-07-06,845.2315642258938918226186
2011-07-07,525.0340255725139192614602
2011-07-08,-179.4035126042742604832263
2011-07-11,877.2589496956216352988168
2011-07-12,364.9414124722939071865953
2011-07-13,749.1838757258348736313230
2011-07-14,845.2463394563368709598816
2011-07-15,-531.6111963361077466217168
2011-07-18,1133.4312683485933929751313
2011-07-19,12.7337335105326797250835
2011-07-20,-883.8238008501974785076844
2011-07-21,332.9386652664953440339841
2011-07-22,-595.6388681392964089963075
2011-07-25,1293.5435989325197239549552
2011-07-26,-595.6339335179637776553356
2011-07-27,172.8485345093455835365562
2011-07-28,-115.3289969854596771953219
2011-07-29,12.7534719977129733368570
2011-08-01,140.8359414589560862381678
2011-08-02,525.0784113983622305344030
2011-08-03,1805.8808818160239931755420
2011-08-04,268.9233527120339790392226
2011-08-05,332.9658240864848109342119
2011-08-08,2990.6282959394691296038782
2011-08-09,3214.7707682710795937296639
2011-08-10,-787.7267589185911200654407
2011-08-11,1933.9757143705496827865753
2011-08-12,-1300.0418118614052851977802
2011-08-16,717.2206623856367064499715
2011-08-17,1101.4631371117684061537573
2011-08-18,589.1456123170825802964281
2011-08-19,3567.0080880016720132232365
2011-08-22,172.8905641656295072453149
2011-08-23,-115.2869591909521173568457
2011-08-24,-1171.9444820679800223299165
2011-08-25,-4726.1620044653613514442506
2011-08-26,2382.2804736169967695095977
2011-08-29,1101.4829521791872327243541
2011-08-30,-915.7745687786970516204929
2011-09-02,2446.3279107434368446447899
2011-09-05,1901.9903907456818676836642
2011-09-06,-627.5871287718690183431950
2011-09-07,-2036.4646478091228312744158
2011-09-08,-243.3421663659865709444430
2011-09-09,2510.3803155576327808199477
2011-09-12,-211.3172020381717397968635
2011-09-13,-499.4947191533070785958525
2011-09-14,1133.5277642123198366401361
2011-09-15,-947.7697519411979038501218
2011-09-16,-1748.2672676137671918027400
2011-09-19,2318.2752171947050990747683
2011-09-20,-531.5022975156878868930198
2011-09-21,717.2801882551470126540565
2011-09-22,-403.4173254926970218847676
2011-09-23,-1107.8548387591267920676887
2011-09-26,-5270.4523515440490814068422
2011-09-27,2126.1701361526293446351926
2011-09-28,-1139.8673756689982613511131
2011-09-29,-1396.0248870088386287187417
2011-09-30,1005.4776021332015312393669
2011-10-03,1357.7000917572155252938127
2011-10-04,397.1025818632966782822326
2011-10-05,-2804.8949275484616668872006
2011-10-07,1549.8275635220338507677202
2011-10-10,269.0300550748766103067365
2011-10-11,397.1125471101600088706246
2011-10-12,685.2950396279774616846963
2011-10-13,-371.3624673715775979376992
2011-10-14,76.9200261115882814083271
2011-10-17,108.9425200775685692227071
2011-10-18,-403.3749854735432468960807
2011-10-19,-307.3124905416536612475067
2011-10-20,-531.4499951266691500254851
2011-10-21,301.0725007715038286851315
2011-10-24,1517.8349971529588349120594
2011-10-25,-243.2625059822105532009099
2011-10-26,1357.7399913660892606095987
2011-10-28,301.0824891979518907300522
2011-10-31,-915.6750124865290303264817
2011-11-01,557.2474863127401480831762
2011-11-02,1229.6699855958530947358261
2011-11-03,365.1324853629034965454011
2011-11-04,653.3149856139850585664789
2011-11-08,1998.1574863491915039977946
2011-11-09,365.1399875686165741857532
2011-11-11,-499.3975107276459713720555
2011-11-14,1037.5649914604976449766573
2011-11-15,-211.2125058668587809576054
2011-11-16,909.4899972903785647973896
2011-11-17,-339.2874990676964856208772
2011-11-18,-1235.8449949409900819061612
2011-11-21,141.0175096705916444200643
2011-11-22,76.9800147671425800121275
2011-11-23,-371.2974796512433702963231
2011-11-24,333.1450264155277165112012
2011-11-25,-691.4924670324502183624493
2011-11-28,1165.6700400049167844754583
2011-11-29,-19.0674524722772973889382
2011-11-30,173.0550555360615318274262
2011-12-01,973.5575640300272861080682
2011-12-02,-19.0599269902860023595208
2011-12-05,-147.1374175247842831803488
2011-12-07,-499.3549075733734877483987
2011-12-08,781.4476028640404707568989
2011-12-09,-563.3898862124483026258083
2011-12-12,-915.6073748027456846362660
2011-12-13,109.0351370932424662109148
2011-12-14,-659.4423505243896903702140
2011-12-15,-3060.9398376555479764334066
2011-12-16,-595.3973243001381957966945
2011-12-19,461.2651895419338659611458
2011-12-20,493.2877038707624415041236
2011-12-21,1069.6502186864417817425668
2011-12-22,-851.5472660109338441633454
2011-12-23,-83.0647502212701488000482
2011-12-26,-83.0622339444728264970574
2011-12-27,-339.2197171804475533234342
2011-12-28,-115.0771999290999870842489
2011-12-29,-1555.9746821903357673170450
2011-12-30,845.5278360359394847116981
2012-01-02,301.1903547498201660101030
2012-01-03,845.5328739514006918644329
2012-01-04,685.4353936407754958426306
2012-01-05,-51.0220861819609702021416
2012-01-06,333.2204344832857638720393
2012-01-07,-147.0770443633898135006032
2012-01-09,-467.2745227218931955900012
2012-01-10,-595.3520005921298573667017
2012-01-11,365.2505220259947445016783
2012-01-12,237.1730451325751716539951
2012-01-13,-787.4644312722939959608777
2012-01-16,333.2380928114818399194979
2012-01-17,461.3206173839972958746689
2012-01-18,-531.2968575546529931951618
2012-01-19,45.0656679956256259344130
2012-01-20,-691.3918059650721751844480
2012-01-23,653.4507205633482933317143
2012-01-24,-435.2267524190182602987905
2012-01-25,-211.0842249120771095192529
2012-01-27,1870.2183030842664905689881
2012-01-30,621.4408315701073032100959
2012-01-31,557.4033605455401099972891
2012-02-01,173.1658900106597108763943
2012-02-02,-339.1515800344390758506009
2012-02-03,205.1909504103385864780077
2012-02-06,-1587.9265186549124471128056
2012-02-07,237.2160127699026967687606
2012-02-08,1165.7985446848789098848904
2012-02-09,-243.0789229098888976282922
2012-02-10,-243.0763900143057972571655
2012-02-13,-339.1338566282768421070511
2012-02-14,-243.0713227517070668986563
2012-02-15,589.4512116154985120354879
2012-02-16,-50.9462535265651032454148
2012-02-17,13.0962818221971077131367
2012-02-21,301.2788176618801837645020
2012-02-22,589.4613539925791821644622
2012-02-23,1069.7638908143891785747826
2012-02-24,45.1264281274052670667775
2012-02-27,-339.1110340682774398751256
2012-02-28,173.2115042274361886501787
2012-02-29,461.3940430146413019640411
2012-03-01,-2772.6234177065669321883766
2012-03-02,301.2991220639066723654659
2012-03-03,141.2016623261573202290556
2012-03-05,-403.1357969197197655596043
2012-03-06,173.2267443263706564755738
2012-03-07,-275.0507139354761537476667
2012-03-09,45.1518282948350821336433
2012-03-12,461.4143710173996609312708
2012-03-13,-371.1030857676871020906472
2012-03-14,-1171.6005420603298732120310
2012-03-15,-50.8979978604333002532843
2012-03-16,749.6045468320979874282799
2012-03-19,173.2470920173593789420149
2012-03-20,-146.9503623045537181324850
2012-03-21,653.5521838664541222581927
2012-03-22,45.1747305304783446448556
2012-03-23,589.5172776876144120392842
2012-03-26,493.4598253379578059378101
2012-03-27,397.4023734816040263248956
2012-03-28,-242.9950778813514083232866
2012-03-29,77.2074712491870389647269
2012-03-30,-146.9299791266850763407281
2012-04-02,-210.9674290088721802668620
2012-04-03,-50.8648783972786803348478
2012-04-04,-691.2623272918089655562391
2012-04-09,589.5402243076325935706151
2012-04-10,45.2027764011416450641542
2012-04-11,685.6053289888138554631923
2012-04-12,-146.9121179292550901694962
2012-04-13,877.7304356470305117564100
2012-04-16,-403.0670102822336166376328
2012-04-17,-50.8444557169517346954460
2012-04-18,-50.8419006570280832225382
2012-04-19,237.3406548976331155174821
2012-04-20,621.5832109471276578064990
2012-04-23,461.4857674915513584754785
2012-04-24,333.4083245310000509080615
2012-04-25,-403.0491179344304129558452
2012-04-26,429.4734400953558373835255
2012-04-27,301.3959986204546909893937
2012-04-28,397.4585576409620554920277
2012-04-30,45.2411171569738570923386
2012-05-02,141.3036771685860405654765
2012-05-03,301.4062376758945692644269
2012-05-04,-18.7912013210045748763923
2012-05-07,-595.1486398220153913375319
2012-05-08,-403.0260778270418610109146
2012-05-09,-1171.5035153359879461962334
2012-05-10,-210.9009523487575905973537
2012-05-11,-338.9783888652547193187110
2012-05-14,-467.0558248853832388617104
2012-05-15,-210.8932604090470371211241
2012-05-16,-435.0306954361499833814886
2012-05-17,845.7718700334040716864984
2012-05-18,1902.4344359997112960295830
2012-05-21,429.5170024628678762155593
2012-05-22,-50.7804305770299825631250
2012-05-23,13.2621368801139435142386
2012-05-24,269.4247048343958969002250
2012-05-25,-595.1127267140878613171155
2012-05-28,621.6498422347589485893504
2012-05-29,237.4124116810326249894483
2012-05-30,-531.0650183751705151006940
2012-05-31,589.6375520662458639849641
2012-06-01,-627.1198769946218834340135
2012-06-04,2318.7226944423226156190734
2012-06-05,333.4852663771757527816730
2012-06-06,589.6478388100339383555951
2012-06-07,-1171.4495882590063986893751
2012-06-08,-1331.5470148298488107118616
2012-06-11,1101.9755590976031686047167
2012-06-12,173.3981335234460242557628
2012-06-13,717.7407084477762599191184
2012-06-14,557.6432838706903979586812
2012-06-15,-18.7141402077150205719771
2012-06-18,45.3284362126565640740085
2012-06-19,813.8110131319017303404154
2012-06-20,-466.9864094498829246284453
2012-06-21,-370.9238315326007849841095
2012-06-22,-274.8612531161552161703366
2012-06-25,-338.8986742004495649194884
2012-06-26,877.8639052146128407510948
2012-06-27,-595.0535148708713084572826
2012-06-28,-146.7709344568053031210468
2012-06-29,-1235.4483535430924150907288
2012-07-02,909.8942278703641025126603
2012-07-03,-659.0831902163389846987429
2012-07-04,-146.7606078031048923760275
2012-07-05,749.8019751101631825701198
2012-07-06,-466.9554414764379380269562
2012-07-09,109.4071424371885864137495
2012-07-10,-274.8302731488603847754667
2012-07-11,-883.2076882344879735073877
2012-07-12,109.4148971804027170637576
2012-07-13,-18.6625169040913974540748
2012-07-16,173.4600695121266173128891
2012-07-17,173.4626564291537145078757
2012-07-18,-210.7747561529131339528026
2012-07-19,173.4678317660230626238878
2012-07-20,-50.6695798139406862886623
2012-07-23,333.5730091072926475669313
2012-07-24,77.4155985298201112356834
2012-07-25,973.9781884537387705538771
2012-07-26,461.6607788791457101527030
2012-07-27,77.4233698061380334618976
2012-07-30,365.6059612348128627133840
2012-07-31,45.4085531652673389449120
2012-08-01,-434.8888544024013779963002
2012-08-02,-178.7262614680961094499237
2012-08-03,-82.6636680317196579388769
2012-08-06,-82.6610740931748071656809
2012-08-07,109.4615203476356779911838
2012-08-08,-530.9358847091909485190776
2012-08-09,429.6667107364425860840721
2012-08-10,205.5293066846335734161472
2012-08-13,845.9319031354793239312872
2012-08-14,-50.6254999109228330740959
2012-08-16,-210.7229024544755494576693
2012-08-17,237.5596955049185417724701
2012-08-21,333.6222939673568264614452
2012-08-22,429.6848929329367093112495
2012-08-23,781.9074924017556138843983
2012-08-24,589.7900923739109826075807
2012-08-27,205.5526928495002767753120
2012-08-28,-82.6247061713790234464123
2012-08-29,141.5178953113705809835368
2012-08-30,-274.7395027021533920149224
2012-08-31,13.4430997881465943605718
2012-09-03,1326.2657027823680957984825
2012-09-04,741.0347062806086868770293
2012-09-05,-95.4164986732874223030858
2012-09-06,1040.8835020046762426296515
2012-09-07,648.9435026827711820102484
2012-09-08,1584.7635033609974212574425
2012-09-10,640.8635040393549857948934
2012-09-11,-339.0964952821560989488162
2012-09-12,1044.4635053964641924598198
2012-09-13,-282.3964939247841145407676
2012-09-14,2756.9435067540990054927780
2012-09-17,-426.8964925668864219912600
2012-09-18,-887.0164918877403715396709
2012-09-20,-174.1364912084628176943155
2012-09-21,1228.4235094709462650078750
2012-09-24,-1409.3364898495130979651001
2012-09-25,527.0035108301591188596894
2012-09-26,5.7835115099629409601068
2012-09-27,-953.7164878101016061810519
2012-09-28,833.4435128699655029239436
2012-10-01,-325.5164864498357062322408
2012-10-03,20.9235142304947918479965
2012-10-04,373.6035149109570226671945
2012-10-05,-405.6164844084489882671699
2012-10-08,-1127.8564837277232154426806
2012-10-09,639.3035169531343666580182
2012-10-10,-200.3764823658762164427764
2012-10-11,1399.6235183152450607821744
2012-10-12,-747.8364810035017761349479
2012-10-15,-736.4564803221167016570176
2012-10-16,-1209.2364796405996902419646
2012-10-17,559.0235210410492836572271
2012-10-18,864.3635217228302455925202
2012-10-19,160.7435224047432211208249
2012-10-22,-467.8164769132117641959999
2012-10-23,-437.1764762310346847911458
2012-10-25,0.4635244512744849071464
2012-10-26,-788.2964748662842295244131
2012-10-29,809.4035258162891974958385
2012-10-30,-743.6164735010052084454823
2012-10-31,-68.2564728181674217568051
2012-11-01,770.9635278648025831583960
2012-11-02,-319.5059914520951680983966
2012-11-05,-693.6498747002230517037750
2012-11-06,951.7401253240388075765839
2012-11-07,2155.7801253483053646930449
2012-11-08,261.9501253725766205552524
2012-11-09,651.1901253968525760730269
2012-11-11,384.2401254211332321563653
2012-11-12,545.1301254454185897154402
2012-11-13,607.2401254697086496606010
2012-11-15,-1198.2498745059965870976271
2012-11-16,-20.4398744816971196485423
2012-11-19,-1151.2298744573929470812667
2012-11-20,544.3401255669159315152544
2012-11-21,-28.1598744087704829477484
2012-11-22,292.0401256155478104411322
2012-11-23,1087.5401256398708125934800
2012-11-26,3051.9901256641985244210552
2012-11-27,912.7901256885309468357947
2012-11-29,-1903.8298742871319192501882
2012-11-30,-210.6298742627900729246036
2012-12-03,1275.4501257615564867250154
2012-12-04,-626.1296942140922393886882
2012-12-05,502.0694553599356253216095
2012-12-06,882.5197495728466407739491
2012-12-07,806.7700438427262512180191
2012-12-10,-1163.2796618304145124882753
2012-12-11,-651.3793674465646173511180
2012-12-12,575.1709269942869717596311
2012-12-13,-1666.4287785078487078891501
2012-12-14,971.3215160470393831065681
2012-12-17,-18.5281893410377137116196
2012-12-18,1756.5221053279310453358614
2012-12-19,1188.0724000539567060669783
2012-12-20,-59.4273051629496835614939
2012-12-21,-2193.1270103227770734535590
2012-12-24,-7.1767154255144113735849
2012-12-26,1692.1235795288493570541102
2012-12-27,-337.1261254596747116543271
2012-12-28,617.8741696089244411581282
2012-12-31,413.2744647346578762897945
2013-01-01,2009.0247599175366566806986
2013-01-02,989.5750551575718474129894
2013-01-03,518.6253504547745157113537
2013-01-04,304.4756458091557309434304
2013-01-07,-198.7240587792734353797742
2013-01-08,-175.1737633105019096034716
2013-01-09,-102.9734677845186159286760
2013-01-10,-339.7231722013124764117888
2013-01-11,-1514.9228765608724109641838
2013-01-14,2053.4274191368126626482084
2013-01-15,1027.0277148917538288053162
2013-01-16,-1297.3219892960378259666587
2013-01-17,-455.4716934265512129948240
2013-01-18,-103.7713974997752414591828
2013-01-21,816.3788984843011816077833
2013-01-22,-1306.9208054743108486784705
2013-01-23,-512.9205093756002350541362
2013-01-24,-1882.3202132195558781066367
2013-01-25,1955.0300829938333237257892
2013-01-28,450.7303792645784741545049
2013-01-29,-1208.5193244073093209591100
2013-01-30,-107.2690280218189536032419
2013-01-31,-101.2187315789393136152271
2013-02-01,1295.0815649213407113188643
2013-02-04,-1439.2181385209677643353548
2013-02-05,-748.8678419058536239601719
2013-02-06,-68.1175452333057487853580
2013-02-07,-600.0172485033130178877512
2013-02-08,-1243.3669517158643081908396
2013-02-11,-260.4666548709484944643443
2013-02-12,656.1836420314455506761976
2013-02-13,1625.9339389913289567698501
2013-02-14,-2775.4657639912871444893045
2013-02-15,-475.5154669163916192517486
2013-02-18,843.3348302160266684878887
2013-02-19,570.0351274059788568912485
2013-02-20,1079.2854246534760862766596
2013-02-21,-2664.9642780414705008804433
2013-02-22,287.9360193211502400528972
2013-02-25,-327.5136832586505441324202
2013-02-26,-2730.2633857808617044871383
2013-02-27,2209.2369117545279100967770
2013-02-28,-3021.8627906524705471134457
2013-03-01,672.6375069981540793090351
2013-03-04,-1472.2121952935870530489081
2013-03-05,1860.1881024723172155600464
2013-03-06,1304.7384002958780470440874
2013-03-07,508.2386981771066054726905
2013-03-08,1343.9389961160140570770348
2013-03-11,449.8392941126115702504230
2013-03-12,-1383.4604078330896844513008
2013-03-13,-2396.0101097210785343093318
2013-03-14,977.4401884486561955585135
2013-03-15,29.3404866761256821982170
2013-03-18,-1604.6092150386588951800224
2013-03-19,-3195.9589166956863552013694
2013-03-20,-1779.5586182949455143259339
2013-03-21,-717.5583198364251868483511
2013-03-22,-36.7580213201141848973620
2013-03-25,-676.6077227460013184353953
2013-03-26,528.1925758859246047418539
2013-03-28,1503.2428745756747790058419
2013-04-01,1415.2931733232604008955974
2013-04-02,585.6934721286926691181402
2013-04-03,-963.0562290080172154510982
2013-04-04,-2548.2559300868580497678555
2013-04-05,-900.4056311078186286186181
2013-04-08,390.6946679291122553797990
2013-04-09,-439.8550329760541882193284
2013-04-10,1245.5952661766932523077874
2013-04-11,380.1955653873657908558657
2013-04-12,-603.5041353440253565090223
2013-04-15,626.5961639825310284509678
2013-04-16,3191.2464633670461661458726
2013-04-17,-25.4532371904687208416569
2013-04-18,958.3470623099975922440643
2013-04-22,2408.5973618684563323321763
2013-04-23,-140.3523385150812714743044
2013-04-25,1214.2479611593960121019350
2013-04-26,-916.0017391081005834870744
2013-04-29,1186.3485606824401773858375
2013-04-30,932.1488605310295325234008
2013-05-02,2155.2991604376787219043273
2013-05-03,-42.0505395976010123162688
2013-05-06,182.6497604252015741935511
2013-05-07,2066.5000605060977279429716
2013-05-08,265.3503606450986976188438
2013-05-09,-616.5493391577842659138914
2013-05-10,1027.9509610974600903882168
2013-05-11,213.1012614108430217475524
2013-05-13,-2379.4484382176242144341466
2013-05-14,257.5018622120696414246340
2013-05-15,4487.5021626999358510856076
2013-05-16,794.6024632459856784911074
2013-05-17,864.2527638502303897645100
2013-05-20,-1925.7969354873187467893428
2013-05-21,-1037.8966347666504606837222
2013-05-22,-519.8963339877534792495887
2013-05-23,-4995.3460331506165276351705
2013-05-24,2340.6542677447716711944596
2013-05-27,2505.2545686984223964578066
2013-05-28,402.9048697103469295573764
2013-05-29,-861.1448292194434459199014
2013-05-30,1347.4054719090625557977496
2013-05-31,-2348.9442269041237773326250
2013-06-03,-331.0439256589911551682862
2013-06-04,388.9063756444717146196208
2013-06-05,103.4066770062761265464903
2013-06-06,-510.2930215735666226853209
2013-06-07,-1318.1927200950452341860698
2013-06-10,-1033.4924185581484068782032
2013-06-11,-2375.0421169628648374959351
2013-06-12,-1682.0418153091832205848221
2013-06-13,-2053.7915135970922485013400
2013-06-14,2400.8087881734193885875402
2013-06-17,1541.5590900023630027047759
2013-06-18,238.3093918897499080636778
2013-06-19,-74.1903061644085789316671
2013-06-20,-2923.5400041601011396859704
2013-06-21,-931.6397020973164534123185
2013-06-24,-2399.3893999760431971317482
2013-06-25,1149.8109022037299543271781
2013-06-26,-996.9887955579856716712035
2013-06-27,1520.7115067388212544307667
2013-06-28,2943.2618090941620643844957
2013-07-01,2618.3621115080480921355641
2013-07-02,-737.5375860195093261758505
2013-07-03,-2178.2372834884988522145476
2013-07-04,1516.2630191010908545501207
2013-07-05,906.0633217492711368446753
2013-07-08,-302.2863755439466604080656
2013-07-09,460.3639272214488099114401
2013-07-10,-57.6857699545311028801177
2013-07-11,2204.9645329281249527315253
2013-07-12,1088.0648358694283304586328
2013-07-15,702.3651388693903862118933
2013-07-16,-1952.8345580719775218991537
2013-07-17,-391.8842549546640335656923
2013-07-18,2820.3660482213422137207958
2013-07-19,-541.6336485439474153310430
2013-07-22,506.4666547494784461879923
2013-07-23,-535.4830418983688326119170
2013-07-24,-3256.8827384874778804191835
2013-07-25,-1242.4824350178373237203861
2013-07-26,-380.6321314894357867998455
2013-07-29,-1644.6318279022618917391959
2013-07-30,-2403.7315242563042584169601
2013-07-31,203.5187794484484954918780
2013-08-01,-1890.0809167879922454836999
2013-08-02,2817.3389370343849053896798
2013-08-05,33.3755675658275537846929
2013-08-06,33.3820300938815211368456
2013-08-07,33.3884938732780691340233
2013-08-08,33.3949589042594958739767
2013-08-12,33.4014251870681463707596
2013-08-13,33.4078927219464125638137
2013-08-14,33.4143615091367333270548
2013-08-16,33.4208315488815944779604
2013-08-19,33.4273028414235287866600
2013-08-20,33.4337753870051159850261
2013-08-21,33.4402491858689827757674
2013-08-22,33.4467242382578028415242
2013-08-23,33.4532005444142968539648
2013-08-26,33.4596781045812324828841
2013-08-27,33.4661569190014244053037
2013-08-28,33.4726369879177343145745
2013-08-29,33.4791183115730709294797
2013-08-30,33.4856008902103900033410
2013-09-02,33.4920847240726943331256
2013-09-03,33.4985698134030337685555
2013-09-04,33.5050561584445052212180
2013-09-05,33.5115437594402526736786
2013-09-06,33.5180326166334671885954
2013-09-10,33.5245227302673869178352
2013-09-11,33.5310141005852971115910
2013-09-12,33.5375067278305301275025
2013-09-13,33.5440006122464654397768
2013-09-16,33.5504957540765296483119
2013-09-17,33.5569921535641964878216
2013-09-18,33.5634898109529868369625
2013-09-19,33.5699887264864687274620
2013-09-20,33.5764889004082573532490
2013-09-23,33.5829903329620150795859
2013-09-24,33.5894930243914514522021
2013-09-25,33.5959969749403232064300
2013-09-26,33.6025021848524342763420
2013-09-27,33.6090086543716358038898
2013-09-30,33.6155163837418261480452
2013-10-01,33.6220253732069508939429
2013-10-03,33.6285356230110028620246
2013-10-04,33.6350471333980221171856
2013-10-07,33.6415599046120959779226
2013-10-08,33.6480739368973590254833
2013-10-09,33.6545892304979931130181
2013-10-10,33.6611057856582273747333
2013-10-11,33.6676236026223382350463
2013-10-14,33.6741426816346494177419
2013-10-15,33.6806630229395319551318
2013-10-17,33.6871846267814041972142
2013-10-18,33.6937074934047318208362
2013-10-21,33.7002316230540278388578
2013-10-22,33.7067570159738526093175
2013-10-23,33.7132836724088138446000
2013-10-24,33.7198115926035666206049
2013-10-25,33.7263407768028133859184
2013-10-28,33.7328712252513039709856
2013-10-29,33.7394029381938355972853
2013-10-30,33.7459359158752528865063
2013-10-31,33.7524701585404478697254
2013-11-01,33.7590056664343599965877
2013-11-03,-138.3810575601980238555123
2013-11-05,-260.2652743776926103483138
2013-11-06,-1889.5652657174477074692570
2013-11-07,-1047.8652570555259169828600
2013-11-08,-1248.7552483919269141925259
2013-11-11,-434.0152397266503743387868
2013-11-12,-1463.2152310596959725992911
2013-11-13,-1414.3452223910633840887923
2013-11-14,2967.5447862792477161408643
2013-11-18,3203.2847949512376531007532
2013-11-19,-385.6851963750932481351191
2013-11-20,-1913.7751876997446624298022
2013-11-21,-2890.9951790227162645833885
2013-11-22,548.6148296559922706669974
2013-11-25,1973.2848383363812686472123
2013-11-26,-477.4751529815489452538941
2013-11-27,-906.8451442977980455844673
2013-11-28,1248.9348643876342931703652
2013-11-29,2169.0348730747483965885052
2013-12-02,1428.0048817635445903108961
2013-12-03,95.2148904540232000415358
2013-12-04,-1482.2851008538154484525117
2013-12-05,2361.7649078400289706588955
2013-12-06,684.1349165355567832689908
2013-12-09,1368.1349252327683153341100
2013-12-10,-686.7950660683361071262961
2013-12-11,-866.0450573677561580296492
2013-12-12,-1851.3350486654915112302314
2013-12-13,-1419.6650399615418405191731
2013-12-16,581.2549687440931803755590
2013-12-17,-559.1650225485861222108251
2013-12-18,2296.6649861604205781200728
2013-12-19,-979.7450051288863921701485
2013-12-20,3583.5150035834932934433228
2013-12-23,-73.3949877024400384514760
2013-12-24,565.0250210133139387967291
2013-12-26,597.3050297307555519024625
2013-12-27,222.4850384498851276435099
2013-12-30,-512.9549528292970071390685
2013-12-31,1020.9050558932094744590739
2014-01-01,157.5650646174048994055821
2014-01-02,-566.8749266567104052685878
2014-01-03,-2107.0449179291361124691564
2014-01-06,966.8950908001281049614907
2014-01-07,-1248.9349004689174257556838
2014-01-08,230.8251082637276226636420
2014-01-09,-2.6148830019364224328370
2014-01-10,-62.4848742659092336340418
2014-01-13,1913.7751344718095165345033
2014-01-14,-1142.9448567887798443893168
2014-01-15,1400.6851519523230111958041
2014-01-16,-999.2648393048815890453939
2014-01-17,-3458.9048305603933173847257
2014-01-20,1905.7951781857881539694532
2014-01-21,-371.8448130663368471277432
2014-01-22,1389.9551956832320072422821
2014-01-23,456.1952044344950450616215
2014-01-24,-1712.7947868125474056241257
2014-01-27,-4506.5447780578950167058403
2014-01-28,-418.1447693015474600108714
2014-01-29,195.3452394564955926969764
2014-01-30,-1829.6047517837655302825451
2014-01-31,809.1952569776694994138848
2014-02-03,-950.0347342591989897868323
2014-02-04,-876.7747254943706693942008
2014-02-05,640.7652832721547891458802
2014-02-06,627.2852920403777144511298
2014-02-07,1066.8453008102984352028977
2014-02-10,-1129.4646904180827198538237
2014-02-11,339.3853183552345780896128
2014-02-12,247.0553271302506579055219
2014-02-13,-2513.7846640930341514701016
2014-02-14,607.9453446853804789624285
2014-02-17,344.7053534654948782665032
2014-02-18,1786.5053622473093755692302
2014-02-19,1186.4953710308243000614460
2014-02-20,-1064.0946201839600190022713
2014-02-21,1702.2453886029567476964102
2014-02-24,-1059.1346026084250704604119
2014-02-25,1344.0154061818948559731389
2014-02-26,84.0354149739168565067295
2014-02-28,890.4354237676412607138301
2014-03-03,-53.8745674369316017682736
2014-03-04,2188.1054413601985987615319
2014-03-05,1569.2954501590321920682000
2014-03-06,1142.7654589595695079805374
2014-03-07,2092.6654677618108763912147
2014-03-10,100.7154765657566272567809
2014-03-11,-2033.3345146285929094023264
2014-03-12,1346.7654941787625964982332
2014-03-13,-1167.3344970121765248932860
2014-03-14,-825.5144882014099433647024
2014-03-18,939.4855206110626713601040
2014-03-19,1354.9255294252416496212056
2014-03-20,-1055.9344617588726781773620
2014-03-21,-133.0844529412799815675866
2014-03-22,773.8955558780200699825328
2014-03-24,2079.4555646990278070689980
2014-03-25,-564.8444264782564396481754
2014-03-26,901.6155823461676605550538
2014-03-27,586.3055911723004384667650
2014-03-28,1085.7356000001422249390887
2014-03-31,1987.6656088296933508882179
2014-04-01,662.4956176609541472944216
2014-04-02,2332.2356264939249452020563
2014-04-03,-1552.9743646713939242804212
2014-04-04,423.8256441649978700195589
2014-04-07,-665.1543469968993406613087
2014-04-09,3214.3756618429147749778081
2014-04-10,2541.6456706844405483018917
2014-04-11,-955.7143204723216892599134
2014-04-15,-1878.8343116273716062142879
2014-04-16,-1259.5743027807088710037252
2014-04-17,792.4257060676668479934810
2014-04-21,1892.3157149177558824632490
2014-04-22,537.7957237695585641557215
2014-04-23,1121.2157326230752248852784
2014-04-25,-1001.5642585216938034694512
2014-04-28,-238.7142496647481889655763
2014-04-29,-1550.1342408060875995959316
2014-04-30,-1952.1842319457117032890652
2014-05-02,581.3457769163798320907740
2014-05-05,570.0757857801873387436488
2014-05-06,-388.3442053542888510660539
2014-05-07,-390.6441964870484050096109
2014-05-08,-781.8741876180909906939498
2014-05-09,5535.0258212525837243383630
2014-05-12,1821.2658301249760726091354
2014-05-13,3315.0458389990863867045612
2014-05-14,1680.6958478749149992752334
2014-05-15,1200.1558567524622430361561
2014-05-16,2684.9658656317284507667572
2014-05-19,5924.5858745127139553109009
2014-05-20,803.9658833954190895769001
2014-05-21,-410.1641077201558134624711
2014-05-22,2517.1659011659895792300352
2014-05-23,3073.1759100538556007561529
2014-05-26,-3022.0940810565574157178855
2014-05-27,-2323.8040721652491369613360
2014-05-28,456.1059367277807703210687
2014-05-29,-1428.0040543774673605108679
2014-05-30,-871.1840454809931960327936
2014-06-02,4987.2659634172035972442050
2014-06-03,1476.6959723171233528736146
2014-06-04,890.7959812187664044735085
2014-06-05,3638.1559901221330857265582
2014-06-06,1069.1459990272237303800466
2014-06-09,3170.9160079340386722458803
2014-06-10,8.2060168425782452006018
2014-06-11,-1908.6339742471572168145975
2014-06-12,-1352.2639653351673797938650
2014-06-13,-3008.2539564214519096666746
2014-06-16,-442.3539475060104722978135
2014-06-17,2250.5460614111572665126292
2014-06-18,-1913.7739296699483589707235
2014-06-19,-537.5239207493270144185255
2014-06-20,-703.0239118269783654366940
2014-06-23,-292.9939029029020775663971
2014-06-24,2133.7361060229021837159581
2014-06-25,-608.1238850495652470012614
2014-06-26,13.9761238796959649350981
2014-06-27,46.2561328106861542429894
2014-06-30,3304.0461417434056557051765
2014-07-01,2525.1461506778548041692479
2014-07-02,2388.9961596140339345476287
2014-07-03,86.8761685519433818175934
2014-07-04,1799.9861774915834810212779
2014-07-07,-991.1038135670454327343068
2014-07-08,-4672.1338046239430242772635
2014-07-09,-3187.4137956791089583707951
2014-07-10,162.8862132674571002868075
2014-07-11,-5201.8137777842445129378219
2014-07-14,1442.0262311657865373868876
2014-07-15,3149.3662401175505867574566
2014-07-16,3040.5362490710479707353684
2014-07-17,1604.7762580262790249470810
2014-07-18,-888.1337330167559149159602
2014-07-21,874.2962759419434869026905
2014-07-22,1221.4362849023775662244915
2014-07-23,-203.8637061354533410640734
2014-07-24,496.8163028284511009885169
2014-07-25,-2747.6736882059087716011654
2014-07-28,40.9363207614673772485148
2014-07-30,939.3063297305798836842680
2014-07-31,-482.8836612985709160821068
2014-08-01,-2209.6536523259846857737099
2014-08-04,2199.1063566483389109514722
2014-08-05,855.0463656244002105005786
2014-08-06,-1552.6136253978004506541125
2014-08-07,-124.7436164182627359751720
2014-08-08,5.8163925630136911399935
2014-08-11,-556.8635984539708326408463
2014-08-12,1897.5464105307840294152675
2014-08-13,-619.3035804827213858935043
2014-08-14,1433.4164285055132582962133
2014-08-18,4588.5064374954882989130223
2014-08-19,-611.0535535127959270492354
2014-08-20,529.7264554806609174685342
2014-08-21,230.8264644758591695906902
2014-08-22,1096.7364734727991665068689
2014-08-25,-1227.2035175285187545280027
2014-08-26,933.9864914719057438063048
2014-08-27,-714.2934995259270011046635
2014-08-28,1702.4265094779833481899656
2014-09-01,1911.2065184836371292064061
2014-09-02,3532.3465274910346795262255
2014-09-03,-298.8534634998236632036428
2014-09-04,-1360.0634544889375612708866
2014-09-05,1181.2665545236933231021980
2014-09-08,2910.3365635380693277587185
2014-09-09,323.2465725541907906071994
2014-09-10,-1843.3534184279419503784054
2014-09-11,-62.3034094083285571586999
2014-09-12,491.4965996130313083711665
2014-09-15,-1759.0933913638620156184882
2014-09-16,-5267.1833823390081908918656
2014-09-17,1561.3166266875931208523249
2014-09-18,3846.6666357159422579808800
2014-09-19,955.8066447460395589261141
2014-09-22,765.4666537778853621858725
2014-09-23,-3091.9733371885199936764558
2014-09-24,-3076.2833281531761700319259
2014-09-25,-2880.3533191160828281860238
2014-09-26,2272.3666899227603706213461
2014-09-29,958.7366989633537652158736
2014-09-30,-143.9032919943023055111446
2014-10-01,206.5267170497924973972082
2014-10-07,-3754.5132739043614870365192
2014-10-08,35.1667351432360802758673
2014-10-09,2470.5067441925855384882193
2014-10-10,-3513.1832467563127731799404
2014-10-13,1903.4067622965414845565934
2014-10-14,-602.6232286488513489512775
2014-10-16,-3594.4232195924909342869428
2014-10-17,1015.4967894656230680319290
2014-10-20,2701.1067985254909975534039
2014-10-21,2932.4268075871131938912944
2014-10-22,1113.0568166504899967251730
2014-10-23,594.4668257156217458003841
2014-10-27,-684.0431652174912190719424
2014-10-28,906.7568438511514419851206
2014-10-29,1425.2568529215500689143116
2014-10-30,1981.4468619937050017241914
2014-10-31,5867.1068710676165804891576
2014-11-03,206.2568801432851453494563
2014-11-05,-638.1031107792889634888050
2014-11-07,13.5268982998945942463559
2014-11-10,475.3569073808361588928075
2014-11-11,1509.6069164635360708543189
2014-11-12,1536.8369255479946706005712
2014-11-13,755.0969346342122986671712
2014-11-14,390.8269437221892956556635
2014-11-17,1618.1669528119260022335434
2014-11-18,1376.8369619034227591342706
2014-11-19,-3472.5630290033200928427199
2014-11-20,724.9369800916977871679970
2014-11-21,1427.8269891884767400978478
2014-11-24,1069.5069982870171069442739
2014-11-25,-2812.7729926126807712292557
2014-11-26,1599.2770164893834467067681
2014-11-27,1631.6470255932101019479075
2014-11-28,743.6470346987995357557909
2014-12-01,-806.0829561938479105418751
2014-12-02,1822.1670529152681044487077
2014-12-03,1064.3670620261479221874420
2014-12-04,1265.1670711387918842003473
2014-12-05,-447.9429197467996679204270
2014-12-08,-4628.8529106306263925165889
2014-12-09,-3244.1729015126879478636906
2014-12-10,2652.8671076070160078288835
2014-12-11,-1995.3728832715141835820696
2014-12-12,-2465.0028741482781801735591
2014-12-15,-1015.4028650232756399563873
2014-12-16,-4273.1028558965062208751374
2014-12-17,-797.9228467679695808081597
2014-12-18,4911.4371623623346224324404
2014-12-19,816.8171714944067311008154
2014-12-22,2929.2271806282470875173891
2014-12-23,-2424.2028102361439659311316
2014-12-24,-34.9828010987660867917430
2014-12-26,-578.0527919596189325451318
2014-12-29,1370.8872171812978393943370
2014-12-30,277.0372263239845716786337
2014-12-31,1781.0072354684416070260764
2015-01-01,1718.9272446146692882213440
2015-01-02,2209.7472537626679581154890
2015-01-05,231.0072629124379596259502
2015-01-06,-6216.7227279360203642634344
2015-01-07,-2258.8827187827066705024144
2015-01-08,3189.8072903723793840256853
2015-01-09,-298.9427004707618574960218
2015-01-12,1962.9173086878699481820275
2015-01-13,228.4373178482751443758612
2015-01-14,-863.3826729895459255320171
2015-01-15,6127.2373361744070819073857
2015-01-16,350.0273453401345102095653
2015-01-19,-27.1826454923632970434680
2015-01-20,2513.5173636769140037968241
2015-01-21,738.3273728479667564455212
2015-01-22,450.6073820207953046842560
2015-01-23,2918.4973911953999923612285
2015-01-27,719.1674003717811633912173
2015-01-28,1789.5274095499391617555944
2015-01-29,216.9874187298743315023363
2015-01-30,-898.2325720884129832539619
2015-02-02,-605.2825629049224383320741
2015-02-03,-979.8325537196536894841304
2015-02-04,-1284.1425445326063923956038
2015-02-05,-1050.7025353437802026852974
2015-02-06,-700.3625261531747759053320
2015-02-09,-4425.0325169607897675411323
2015-02-10,3486.4074922333751669885850
2015-02-11,1055.7575014293203723318253
2015-02-12,1392.6175106270461932033276
2015-02-13,2307.5775198265529743845790
2015-02-16,993.5875290278410607238261
2015-02-18,-222.8424617690892028639108
2015-02-19,-917.4824525642374713968259
2015-02-20,38.4575566423966001736863
2015-02-23,-1473.5824341491866430369573
2015-02-24,-1108.0924249389868558465149
2015-02-25,752.3475842729963069940934
2015-02-26,-1992.7124065132368091992020
2015-02-27,4723.7576027023141409563933
2015-02-28,393.3976119196495029105499
2015-03-02,1265.4376211387696221798284
2015-03-03,1984.4676303596748443476917
2015-03-04,-2065.6123604176344849354817
2015-03-05,912.0776488068419800476151
2015-03-09,-3699.7823419668954149187693
2015-03-10,203.8676672611536760165676
2015-03-11,-1018.2423235090104012282042
2015-03-12,2478.8476857226126993320660
2015-03-13,-2377.7223050439766762504784
2015-03-16,-2055.5122958087781818566873
2015-03-17,3027.2377134282085286996085
2015-03-18,1827.7577226669838016716100
2015-03-19,-2872.3722680924520166204358
2015-03-20,-1015.4022588500985797892245
2015-03-23,-2601.0622496059555413803801
2015-03-24,-203.6822403600225548724427
2015-03-25,-999.0822311122992736768552
2015-03-26,-1410.8722218627853511379502
2015-03-27,-2514.1422126114804405329376
2015-03-30,2975.3477966416158049281093
2015-03-31,-100.4421941034962678977341
2015-04-01,2790.7778151531836879137698
2015-04-06,2926.7478244116560193540341
2015-04-07,2709.9878336719210734816594
2015-04-08,-388.6121570660208025775520
2015-04-09,5229.4978521978307383694158
2015-04-10,-1708.0121385365239564171935
2015-04-13,2272.5478707309154603901033
2015-04-15,-1552.7021199998506638139569
2015-04-16,-2823.6821107288219815673712
2015-04-17,-4436.3921014559981453408573
2015-04-20,-3517.8720921813788075378410
2015-04-21,-1883.9720829049636204944423
2015-04-22,2120.4379263732477635205369
2015-04-23,280.0579356532556923056258
2015-04-24,-4381.9320550649394862733014
2015-04-27,-3597.2620457813374242830137
2015-04-28,2106.6879635040622262770909
2015-04-29,-1232.3420272087401865250023
2015-04-30,440.1479820802556854460886
2015-05-04,3214.1979913710501903931551
2015-05-05,353.0480006636436765864114
2015-05-06,-5111.4219900419635076364925
2015-05-07,-4553.6519807457710138704576
2015-05-08,2793.5280285522215063570762
2015-05-11,5014.4980378520144015861449
2015-05-12,-3287.2719528463919795757282
2015-05-13,4148.5880564570027115464815
2015-05-14,168.3880657621988236953127
2015-05-15,1389.9580750691967056808313
2015-05-18,2465.0980843779967063806434
2015-05-19,-184.4319063114008252600914
2015-05-20,1142.8581030010044597713526
2015-05-21,192.7781123152129105552812
2015-05-22,667.8181216312248762395922
2015-05-25,-1039.4318690509592939602107
2015-05-26,-1813.6418597313392507610050
2015-05-27,347.8181495900853551879639
2015-05-28,-1786.6818410866851266949050
2015-05-29,2978.0081682383496530764460
2015-06-01,304.0881775651900440557451
2015-06-02,-3618.8118131061636041355946
2015-06-03,-4552.4818037757109418084631
2015-06-04,877.0482055565483807939605
2015-06-05,-192.5917851093852865037797
2015-06-08,-3222.7117757735115938094028
2015-06-09,679.0882335641698088371221
2015-06-10,1669.5182429036592714635887
2015-06-11,-2733.4717477550428558344332
2015-06-12,-119.5117384119362228935848
2015-06-15,146.3882709329795205172953
2015-06-16,602.7182802797047246971839
2015-06-17,2041.7682896282397400128861
2015-06-18,2220.6582989785849168990490
2015-06-19,1726.6383083307406058581743
2015-06-22,2635.9183176847071574606319
2015-06-23,662.4083270404849223446727
2015-06-24,-59.5516636019257487835583
2015-06-25,1379.2283457574754948499917
2015-06-26,-879.7916448813109959127042
2015-06-29,-2117.3216355182848701617393
2015-06-30,1232.3483738465542230807403
2015-07-01,4528.7283832132066348605482
2015-07-02,1061.8883925816727162914713
2015-07-03,-1336.1215980480471814447170
2015-07-06,2391.9284113240472929017560
2015-07-07,222.8484206979564906486755
2015-07-08,-2673.7815699263192368181469
2015-07-09,-203.4115605487795380448611
2015-07-10,643.3384488305759384904353
2015-07-13,2068.5484582117475443777103
2015-07-14,190.2084675947356312750101
2015-07-15,738.1484769795405509084730
2015-07-16,2611.7984863661626550723419
2015-07-17,1870.5884957546022956289778
2015-07-20,111.4485051448598245088733
2015-07-21,-3132.8614854630644062893348
2015-07-22,1759.0085239308299553011479
2015-07-23,49.1885333265432614152870
2015-07-24,-1104.8014572759241357437681
2015-07-27,-4224.0514478765718839046705
2015-07-28,138.7685615246003692721368
2015-07-29,760.1485709275929761944350
2015-07-30,2166.4685803324062893382418
2015-07-31,3040.5385897390406612478250
2015-08-03,1167.5185991474964445357162
2015-08-04,1056.5686085577739918827228
2015-08-05,3217.4886179698736560379428
2015-08-06,344.7086273837957898187764
2015-08-07,-887.6813632004592538890595
2015-08-10,-200.5713537828911221315186
2015-08-11,-2810.0213443634994618862122
2015-08-12,-3914.7813349422839200623953
2015-08-13,331.3186744807558564990458
2015-08-14,3466.5286839056202210256075
2015-08-17,87.4186933323095268131818
2015-08-18,687.0687027608241272260694
2015-08-19,426.2187121911643756969932
2015-08-20,-2633.0712783766693742728886
2015-08-21,-2601.0612689426767691139691
2015-08-24,-17771.5012595068574551881795
2015-08-25,3871.7787499307889212110239
2015-08-26,-2182.5112406297372861413266
2015-08-27,4921.9887688115642765983029
2015-08-28,1927.6187782546939633419609
2015-08-31,-1110.3912123003478719297753
2015-09-01,-4351.5012028535608751677876
2015-09-02,818.9701665950553077455971
2015-09-03,-543.9084687312006629431918
2015-09-04,-1108.7044234934186038438392
2015-09-07,-3862.1003774723551039131330
2015-09-08,-543.8963306678584959689185
2015-09-09,2456.6077169202229165383525
2015-09-10,162.1117652920408595313076
2015-09-11,268.0158144477470883113419
2015-09-14,2350.7198643874933875643064
2015-09-15,-1002.7760848885684286338024
2015-09-16,162.1279666197134831888485
2015-09-18,1574.1320189124909959056203
2015-09-21,-896.8639280100839882029041
2015-09-22,-1849.9598741478595374432266
2015-09-23,726.9441804993163092967619
2015-09-24,373.9482359315955425534776
2015-09-28,-2238.2477078508698177066588
2015-09-29,91.5563491520722779184765
2015-09-30,2315.4604069405739082724100
2015-10-01,409.2644655147871816457718
2015-10-05,2809.6685248748642357819974
2015-10-06,1362.3725850209572378830305
2015-10-07,-84.9233540467816153849727
2015-10-08,-1744.0192923282000978859386
2015-10-09,-14.3152298231459540081696
2015-10-12,20.9888334685331013413631
2015-10-13,-402.6071024530106172572720
2015-10-14,-685.0030375876247657312572
2015-10-15,974.1010280648430294906853
2015-10-16,974.1050945045451714840050
2015-10-19,374.0091617316340928340361
2015-10-20,21.0132297462622556417117
2015-10-21,-543.7827014514178484707216
2015-10-23,-790.8786318612536983539868
2015-10-26,-49.5745614830927433260598
2015-10-27,-543.7704903167824031664504
2015-10-28,-932.0664183621700681104833
2015-10-29,-226.0623456191030988435768
2015-10-30,479.9417279125711735044782
2015-11-02,197.5458022330054473652417
2015-11-03,197.5498773423524507373484
2015-11-04,268.1539532407649411922326
2015-11-05,-755.5419700716042941201454
2015-11-06,-932.0378925946024384655720
2015-11-09,974.1661856719233544801478
2015-11-10,-2096.9297352718740393630795
2015-11-11,3021.5743445741582855260943
2015-11-13,-3967.8215747898267357238092
2015-11-16,-367.2174933636761383713618
2015-11-17,-49.5134111472369280564950
2015-11-18,91.6906718596439192052351
2015-11-19,1397.7947556571194570283840
2015-11-20,974.1988402453427686633563
2015-11-23,1433.1029256244669670021438
2015-11-24,-684.8929882053548054159351
2015-11-26,480.0110987560306236015059
2015-11-27,-14.1848134912235440943380
2015-11-30,-84.7807249469640769877194
2015-12-01,515.3233643889622861074049
2015-12-02,-382.9824454832911639468805
2015-12-03,48.2913976026014038816852
2015-12-04,48.3007482903809171559706
2015-12-07,48.3101007887388417129487
2015-12-08,48.3194550980257607675340
2015-12-09,48.3288112185923254182465
2015-12-10,48.3381691507892546603558
2015-12-11,48.3475288949673353990285
2015-12-14,48.3568904514774224624772
2015-12-15,48.3662538206704386151126
2015-12-16,48.3756190028973745706981
2015-12-17,48.3849859985092890055066
2015-12-18,48.3943548078573085714805
2015-12-21,48.4037254312926279093937
2015-12-22,48.4130978691665096620162
2015-12-23,48.4224721218302844872815
2015-12-24,48.4318481896353510714562
2015-12-28,48.4412260729331761423128
2015-12-29,48.4506057720752944823042
2015-12-30,48.4599872874133089417411
2015-12-31,48.4693706192988904519726
2016-01-01,48.4787557680837780385680
2016-01-04,-1724.3468572658802211654975
2016-01-05,454.7662546168531042419887
2016-01-06,-775.2290466959735068745486
2016-01-07,-2558.7243470989909405156255
2016-01-08,1254.2803534079769701306510
2016-01-11,-98.7149451748935740125571
2016-01-12,-1574.7102428474263379042137
2016-01-13,-898.2055396094450523788025
2016-01-14,-1359.4508354607734141397193
2016-01-15,-1513.1961304012350857526634
2016-01-18,-3788.6914244306536956390273
2016-01-19,516.3132824511471619307145
2016-01-20,-1051.9320097556560731563815
2016-01-21,-1697.6773010508869268491144
2016-01-22,2361.3274085656311090744769
2016-01-25,362.5821190940745770137298
2016-01-27,-559.9131694653799464480242
2016-01-28,147.3415428874441494631600
2016-01-29,1654.0962561527235097184607
2016-02-01,1008.3509703306348134929119
2016-02-02,-41.7893145786452258279747
2016-02-03,46.5743911737730739413687
2016-02-04,46.5834093967280337444987
2016-02-05,46.5924293658860724439441
2016-02-08,46.6014510815853082264006
2016-02-09,46.6104745441639247485594
2016-02-10,46.6194997539601711497846
2016-02-11,46.6285267113123620647923
2016-02-12,46.6375554165588776363330
2016-02-15,46.6465858700381635278753
2016-02-16,46.6556180720887309362933
2016-02-17,46.6646520230491566045555
2016-02-18,46.6736877232580828344168
2016-02-19,46.6827251730542174991123
2016-02-22,46.6917643727763340560543
2016-02-23,46.7008053227632715595313
2016-02-24,46.7098480233539346734094
2016-02-25,46.7188924748872936838365
2016-02-26,46.7279386777023845119487
2016-02-29,46.7369866321383087265793
2016-03-01,46.7460363385342335569701
2016-03-02,46.7550877972293919054852
2016-03-03,46.7641410085630823603277
2016-03-04,46.7731959728746692082578
2016-03-08,46.7822526905035824473148
2016-03-09,46.7913111617893177995403
2016-03-10,46.8003713870714367237045
2016-03-11,46.8094333666895664280350
2016-03-14,46.8184971009833998829477
2016-03-15,46.8275625902926958337803
2016-03-16,46.8366298349572788135287
2016-03-17,46.8456988353170391555851
2016-03-18,46.8547695917119330064791
2016-03-21,46.8638421044819823386213
2016-03-22,46.8729163739672749630489
2016-03-23,46.8819924005079645421744
2016-03-28,46.8910701844442706025360
2016-03-29,46.9001497261164785475514
2016-03-30,46.9092310258649396702732
2016-03-31,46.9183140840300711661474
2016-04-01,46.9273989009523561457738
2016-04-04,-1926.1347145230276563523305
2016-04-05,1989.0737862009691468027810
2016-04-06,70.2783314420817478910114
2016-04-07,1193.4828775632916879771677
2016-04-08,491.4874245647693807548082
2016-04-11,117.0919724466852729147809
2016-04-12,1287.0965212092098441516131
2016-04-13,-912.4989291474863928300986
2016-04-18,678.7056213767671076907039
2016-04-20,351.1101727821409244579333
2016-04-21,1333.9147250688056692447505
2016-04-22,-631.6807217630680131400393
2016-04-25,-1193.2761677133094448455902
2016-04-26,117.1283872182520850273824
2016-04-27,772.3329430317873204330011
2016-04-28,1193.5374997274670383866266
2016-04-29,1427.5420573054620489712598
2016-05-02,1474.3466157659431953439444
2016-05-03,23.5511751090813537421713
2016-05-04,-1286.8442646649525665097164
2016-05-05,-304.0397035559876229941165
2016-05-06,725.5648584361471598062402
2016-05-09,-678.4305786883772094853012
2016-05-10,210.7739850706103108670908
2016-05-11,23.5785497132807957181459
2016-05-12,-678.4168847601946469520959
2016-05-13,819.1876816503551239681306
2016-05-16,631.9922489451012827287306
2016-05-17,-210.4031828757849632758339
2016-05-18,210.8013861878676264998737
2016-05-19,-69.9940438637696742413167
2016-05-20,-257.1894730305255586327611
2016-05-23,-163.5849013122286866375804
2016-05-24,-771.9803287087076850422370
2016-05-25,-1427.1757552197911474501117
2016-05-26,772.4288191546923657249227
2016-05-27,-257.1666055850856727350730
2016-05-30,-1801.5620294389537568456765
2016-05-31,210.8425475932596525863255
2016-06-01,210.8471255117261279693669
2016-06-02,-959.1482956833827250664660
2016-06-03,-69.9437159918952676630017
2016-06-06,2129.6608645863601722724503
2016-06-07,-959.1345539484446999264653
2016-06-08,-23.1299715961381456787131
2016-06-09,632.0746116434516068505709
2016-06-10,725.6791957704963627565180
2016-06-13,1334.0837807851679604009671
2016-06-14,23.6883666876382714189061
2016-06-15,-257.1070465219207992750853
2016-06-16,2176.4975411566626865196083
2016-06-17,-1473.8978702764392997039168
2016-06-20,-163.4932808210547531536371
2016-06-21,164.1113095229883642678460
2016-06-22,-1052.6840992441378760302449
2016-06-23,-491.0795071222613693204132
2016-06-24,4469.7250858887900224495633
2016-06-27,1380.9296797891884706630852
2016-06-28,304.5342745791061800411849
2016-06-29,-1099.4611297412846113510173
2016-06-30,-350.6565331718116320978578
2016-07-01,1193.7480642876974225733287
2016-07-04,678.9526626374148907986680
2016-07-05,-350.6427381224868559157936
2016-07-07,1380.9618620081645873123721
2016-07-08,-116.6335369704583412515617
2016-07-11,351.3710649418168300469865
2016-07-12,-1099.4243322548373937416276
2016-07-13,-491.0197285602484741648083
2016-07-14,-303.8151239742438393612518
2016-07-15,-116.6105184966508840544773
2016-07-18,-537.8059121272969695463571
2016-07-19,304.5986951339905762893553
2016-07-20,-210.1966967126155409865026
2016-07-21,-69.7920876669425823720277
2016-07-22,117.4125222711822245822232
2016-07-25,-303.7828668980683142202896
2016-07-26,679.0217448254786405843886
2016-07-27,-350.5736425580040381728135
2016-07-28,959.8309709516565558124861
2016-07-29,-350.5644146453666376753949
2016-08-01,2363.8402006510993546342792
2016-08-02,1568.2448168412275395051459
2016-08-03,398.2494339251909572002301
2016-08-04,-444.1459480968373185115694
2016-08-05,1568.2586707753158196510075
2016-08-08,-3439.3367094581764875119282
2016-08-09,866.2679112028589343250749
2016-08-10,1193.8725327585952930193010
2016-08-11,-537.7228447907941700336409
2016-08-12,164.2817785548638201066775
2016-08-16,-818.5135972042574280680009
2016-08-17,-163.3089720679845725081224
2016-08-18,772.6956539638557624001759
2016-08-19,117.5002808914369858415644
2016-08-22,-490.8950912850674594219778
2016-08-23,-303.6904625654840970446620
2016-08-24,211.1141670503605829096132
2016-08-25,-912.0812024373598760262337
2016-08-26,491.9234289715281032840375
2016-08-29,-1192.8719387228018684135037
2016-08-30,-69.6673055201761467564514
2016-08-31,-69.6626714204210537595537
2016-09-01,-1380.0580364233628778082026
2016-09-02,-15.0254005288278736519219
2016-09-06,2660.4407301767895815435252
2016-09-07,1230.7907380633943449401244
2016-09-08,238.9907459515261956119732
2016-09-09,-1107.8592461588145707502460
2016-09-12,-1783.3092382676276583985959
2016-09-14,55.3907696250872284721271
2016-09-15,-455.3592224806696142755972
2016-09-16,217.3907854151021092779994
2016-09-19,250.6907933124026951099841
2016-09-20,791.5908012112324392547342
2016-09-21,-668.6591908884083621960514
2016-09-22,1653.7908170134805869066583
2016-09-23,916.6908249168995827692378
2016-09-26,-517.0091671781510783445838
2016-09-27,-772.6091592716711001137115
2016-09-28,-87.7091513636601861596738
2016-09-29,-2163.5591434541180400466110
2016-09-30,290.2908644569556347187353
2016-10-03,3017.7408723695611346870342
2016-10-04,709.2408802836987564663752
2016-10-05,-1169.9591118006312032777191
2016-10-06,-842.3591038834284478222827
2016-10-07,-467.9590959646926803868954
2016-10-10,2387.7409119555763958663292
2016-10-13,-4633.1590801226209221672459
2016-10-14,389.2909278007156624652305
2016-10-17,-943.1590642744135532258917
2016-10-18,2471.8909436519917278272484
2016-10-19,-447.7090484200681972499676
2016-10-20,-104.8090404905930312746251
2016-10-21,217.3909674404175229937338
2016-10-24,-839.6590246270362371468778
2016-10-25,50.4409833070459856591188
2016-10-26,-962.0590087573355111751201
2016-10-27,-1169.5090008201804301788506
2016-10-28,2454.3410071185115261762711
2016-10-30,1867.0910150587406554761994
2016-11-01,-970.6089769994927446354899
2016-11-02,-966.5589690561883764575881
2016-11-03,-790.1589611113459422312422
2016-11-04,-1630.7589531649651441399441
2016-11-07,-288.4089452170456843095194
2016-11-08,1595.7410627324127351918838
2016-11-09,-881.5089293165895876461939
2016-11-10,1728.0410786359476452234881
2016-11-11,-5518.3089134099752680941186
2016-11-15,-8015.8089054543580294363405
2016-11-16,1777.5411025027996594172298
2016-11-17,-1763.0588895385019032552560
2016-11-18,-2933.0588815782624191178906
2016-11-21,1251.9411263835184102230005
2016-11-22,2187.4911343468408832188699
2016-11-23,432.4911423117052983789594
2016-11-24,-1648.7588497218880457296889
2016-11-25,546.7911582460611495177793
2016-11-28,843.7911662155531828040406
2016-11-29,357.7911741865883528696063
2016-11-30,528.3411821591669585128325
2016-12-01,-1855.3088098667107014100683
2016-12-02,-3329.8331318910443279850154
2016-12-05,1350.4398706225652004261355
2016-12-06,805.9199364318860071776776
2016-12-07,-1405.9199977460504939476471
2016-12-08,4437.6400680887581644240918
2016-12-09,8.6301339363144501445839
2016-12-12,-2564.1498002033791684566303
2016-12-13,525.1202656696797774279342
2016-12-14,-2253.2496684445062429162017
2016-12-15,47.4203974540652402746123
2016-12-16,-1339.9895366346033027577524
2016-12-19,-454.7594707105094012931097
2016-12-20,-1052.4794047736505841328667
2016-12-21,-1961.2993388240243795999317
2016-12-22,-1778.9992728616283155386201
2016-12-23,-470.7492068864599193145632
2016-12-26,-3138.3791408985167178146145
2016-12-27,3349.8809251022037625532428
2016-12-28,490.3809911157039958599877
2016-12-29,2206.0610571419864566556557
2016-12-30,2798.4511231810536199694300
2017-01-02,1330.1111892329079613097353
2017-01-03,315.4136552975519566643300
2017-01-04,50.1608834540766206216715
2017-01-05,846.6654552413997867119861
2017-01-06,474.9700279139604479987537
2017-01-09,262.5746014719300134665811
2017-01-10,979.4291759154799252900835
2017-01-11,952.8837512447816588403112
2017-01-12,1244.9383274600067226911775
2017-01-13,634.2929045613266586258878
2017-01-16,448.4474825489130416433696
2017-01-17,-958.6979385770625200352952
2017-01-18,660.8566411835716150395617
2017-01-19,873.2612218309871215526296
2017-01-20,-1675.5341966346442925699461
2017-01-23,899.8203857868491138458729
2017-01-24,1138.7749690956391152284551
2017-01-25,2121.1295532918975192669388
2017-01-27,873.2841383757961669176721
2017-01-30,-2.8612756524930675893453
2017-01-31,-746.2566887927982767440197
2017-02-01,1935.2978989550524802502808
2017-02-02,910.8925875912311774831719
2017-02-03,-101.2492626216291267121355
2017-02-06,1997.3707375211498207547075
2017-02-07,-186.9292623360435854185274
2017-02-08,680.4907378067906601213380
2017-02-09,399.2407379496525627285192
2017-02-10,-59.9392619074578722417319
2017-02-13,-220.2292617645406394331265
2017-02-14,-368.7292616215957334883384
2017-02-15,-2664.0892614786231490490044
2017-02-16,1921.5907386643771192442765
2017-02-17,1588.2307388074050767519431
2017-02-20,2403.4507389504607288354718
2017-02-21,993.2407390935440808573774
2017-02-22,-94.3192607633448618187870
2017-02-23,-827.9092606202060938284297
2017-02-27,-470.1592604770396098059203
2017-02-28,659.7907396661545956154106
2017-03-01,1493.0107398093765278032712
2017-03-02,-2296.2592600473738078735903
2017-03-03,-372.6892599040964060453867
2017-03-06,1498.7707402392087386587092
2017-03-07,-476.9992596174583683894354
2017-03-08,-1723.8592594740977218169133
2017-03-09,684.5407406692906837502230
2017-03-10,196.6507408127068536869620
2017-03-14,3847.2307409561507933693323
2017-03-15,210.4207410996225081744040
2017-03-16,2865.6907412431220034802882
2017-03-17,-120.9592586133507153338626
2017-03-20,123.8407415302043571121453
2017-03-21,15.7507416737872261995480
2017-03-22,-2745.8092581826021026893769
2017-03-23,2345.4907419610363758286906
2017-03-24,-329.3092578952973328618871
2017-03-27,-858.6892577516032233757055
2017-03-28,935.2807423921187096736835
2017-03-29,928.3507425358684716737703
2017-03-30,1087.7407426796460680130888
2017-03-31,229.1407428234515040812161
2017-04-03,1807.5607429672847852687731
2017-04-05,1214.4607431111459169674243
2017-04-06,265.5007432550349045698784
2017-04-07,117.8107433989517534698880
2017-04-10,90.4507435428964690622504
2017-04-11,2025.8107436868690567428073
2017-04-12,-320.6692561691304780915548
2017-04-13,-517.4092560251021300429044
2017-04-17,-891.8992558810458937122644
2017-04-18,-1803.5992557369617636996130
2017-04-19,802.4407444071502653961177
2017-04-20,1182.0607445512901989770414
2017-04-21,-370.7992553045419575536826
2017-04-24,2600.2807448396538012081520
2017-04-25,3078.0907449838774806677970
2017-04-26,303.0307451281290862315514
2017-04-27,-268.4692547275913766932391
2017-04-28,-495.7192545832839026981816
2017-05-02,865.3507455610515136261634
2017-05-03,-118.9792542945851223097162
2017-05-04,1300.1407458498061949057141
2017-05-05,-2781.0892540057745293149625
2017-05-08,179.0107461386727104418849
2017-05-09,1464.2107462831479195909351
2017-05-10,2885.4007464276511035479159
2017-05-11,337.3207465721822677296037
2017-05-12,-950.9392532832585824461767
2017-05-15,1823.2207468613285584394490
2017-05-16,993.4207470059436958064040
2017-05-17,-19.6192528494131649243385
2017-05-18,-4309.2892527047420183307564
2017-05-19,-901.7092525600428589897768
2017-05-22,-1069.8292524153156814772777
2017-05-23,-2430.9892522705604803680861
2017-05-24,-2442.6892521257772502359788
2017-05-25,3234.6907480190340143463180
2017-05-26,4209.9307481638733188071292
2017-05-29,-789.5692516912593314241694
2017-05-30,1029.6007484536360690828495
2017-05-31,851.5807485985595257596644
2017-06-01,-305.8192512564889559611942
2017-06-02,1335.5107488884906293538558
2017-06-05,2072.9707490334982871394491
2017-06-06,-2037.5992508214659771687279
2017-06-07,1272.5107493235978418660640
2017-06-08,555.5707494686897496816170
2017-06-09,435.6907496138097517167757
2017-06-12,-1053.3592502410421465885619
2017-06-13,748.3507499041340602065556
2017-06-14,-958.7692499506616224558670
2017-06-15,-56.1592498054291891327712
2017-06-16,279.2707503398313656199557
2017-06-19,1366.1107504851200472474801
2017-06-20,121.9507506304368611960232
2017-06-21,-413.0992492242181870871394
2017-06-22,-959.7592490788450921536775
2017-06-23,-1868.4892489334438485542057
2017-06-27,-2768.3092487880144508382837
2017-06-28,527.0407513574431064455845
2017-06-29,177.0307515029288287499502
2017-06-30,1737.6307516484427215284207
2017-07-03,2430.0907517939847902356590
2017-07-04,495.6307519395550403273847
2017-07-05,1022.7607520851534772603733
2017-07-06,1613.7907522307801064924572
2017-07-07,-89.5492476235650665174742
2017-07-10,2373.1207525221179636905249
2017-07-11,-287.0092473321707974225418
2017-07-12,711.9907528135686556053862
2017-07-13,2658.2407529593363282374276
2017-07-14,-168.2092468948677740622417
2017-07-17,844.8307532509563541716130
2017-07-18,-1785.9592466031912815947162
2017-07-19,2871.5407535426893241061218
2017-07-20,-923.3992463114018232574632
2017-07-21,678.6007538345352817839968
2017-07-24,1185.1207539805006447010298
2017-07-25,868.3207541264942709652221
2017-07-26,336.4207542725161660492203
2017-07-27,-216.2692455814336645732699
2017-07-28,52.0207545646447845725173
2017-07-31,2011.1407547107515189624078
2017-08-01,426.8707548568865440732877
2017-08-02,-475.9192449969501346168964
2017-08-03,-1163.5192448507585116291371
2017-08-04,2980.7107552954614185166339
2017-08-07,1859.4007554417096613015458
2017-08-08,-2909.8792444120137777922107
2017-08-09,-3240.3592442657088932813833
2017-08-10,-6520.9492441193756796816583
2017-08-11,-1478.2492439730141315076597
2017-08-14,4624.0207561733757567270503
2017-08-16,3017.2507563197939905099723
2017-08-17,-89.4592435337594246703311
2017-08-18,-1075.9492433872844833242343
2017-08-21,-3222.7192432407811799610485
2017-08-22,-616.4992430942495090890222
2017-08-23,2746.7107570523105347846598
2017-08-24,2069.0107571988989571538763
2017-08-28,1432.8907573455157635135695
2017-08-29,-3126.4192425078390406402540
2017-08-30,3504.8707576388345501894766
2017-08-31,624.5107577855365415008961
2017-09-01,2424.1507579322669387932042
2017-09-04,-1512.6292419209742524333344
2017-09-05,1253.8807582258129733226094
2017-09-06,-228.2392416273713784365693
2017-09-07,1059.1207585194726977925894
2017-09-08,-1105.2892413336547924853887
2017-09-11,2812.5907588132461562350881
2017-09-12,1933.4707589601755494606775
2017-09-13,-1069.9192408928666073008967
2017-09-14,658.8907592541196914591561
2017-09-15,145.5307594011344512506928
2017-09-18,1285.4707595481776775846374
2017-09-19,833.8507596952493759729808
2017-09-20,-492.6592401576504480712184
2017-09-21,-2185.1092400105217890338347
2017-09-22,-5209.1992398633646413996743
2017-09-25,-3520.6192397161789996524760
2017-09-26,11.7007604310351417250899
2017-09-27,-3914.9092394217222117485789
2017-09-28,669.7807607255489454459841
2017-09-29,1419.9307608728486188293140
2017-10-03,3171.4207610201768139230149
2017-10-04,797.6707611675335362497601
2017-10-05,-169.1992386850812086667079
2017-10-06,3073.3207614623325846984229
2017-10-09,-357.9292383902250781289653
2017-10-10,961.7407617572458083780793
2017-10-11,-1428.9292380952547502524213
2017-10-12,3267.0007620522732515086254
2017-10-13,2112.5707621998298191913826
2017-10-16,1437.8407623474149583270842
2017-10-17,129.7807624950286744480348
2017-10-18,-405.1792373573290269123890
2017-10-19,-698.3992372096581402197401
2017-10-23,195.8407629380413400615010
2017-10-24,-11.8792369142305805320747
2017-10-25,2838.2407632335261035371958
2017-10-26,1866.5107633813113978080480
2017-10-27,681.3907635291253078202894
2017-10-30,2572.6507636769678391148010
2017-10-31,-990.3592361751610027664643
2017-11-01,3524.5807639727387877195204
2017-11-02,503.4607641206672161168544
2017-11-03,422.9107642686242879707115
2017-11-06,1008.9007644166100088273383
2017-11-07,-3796.9192354353756157659441
2017-11-08,-2536.1992352873325802607407
2017-11-09,1067.8507648607391208924179
2017-11-10,482.8507650088394932440757
2017-11-13,-1824.2992348430314576541489
2017-11-14,-1028.6992346948737262495618
2017-11-15,-3142.9792345466873069883945
2017-11-16,2719.1707656015278056841974
2017-11-17,3139.0207657497716173241333
2017-11-20,678.6007658980441334884094
2017-11-21,222.3007660463453597350967
2017-11-22,-301.8592338053246983766566
2017-11-23,722.7907663430339647133736
2017-11-24,801.5407664914213545664880
2017-11-27,426.7807666398374767450644
2017-11-28,-100.3492332117176631874423
2017-11-29,-348.1192330632440596665003
2017-11-30,-2135.1592329147417071265003
2017-12-01,-3016.2592327662106000007548
2017-12-04,-288.0892326176507327214990
2017-12-05,-31.4992324690620997198899
2017-12-06,-2258.0092323204446954260059
2017-12-07,4393.9807678282014857311527
2017-12-08,2197.0807679768764493236647
2017-12-11,1087.6507681255802009246874
2017-12-12,-2264.8492317256872538915422
2017-12-13,-2714.1292315769259095497085
2017-12-14,580.2307685718642395265845
2017-12-15,2450.7907687206831989148118
2017-12-18,2178.2707688695309741935288
2017-12-19,3374.1007690184075709423711
2017-12-20,66.7807691673129947420542
2017-12-21,806.3107693162472511743750
2017-12-22,1497.7807694652103458222105
2017-12-26,1264.6807696142022842695191
2017-12-27,-825.0292302367769278986600
2017-12-28,-742.4992300877272850962053
2017-12-29,1615.7707700613512182640852
2018-01-01,-230.3092297895414122295038
2018-01-02,-1743.5692296404051709876056
2018-01-03,977.4907705087599475802281
2018-01-04,3040.6507706579539490655289
2018-01-05,2548.9807708071768390609107
2018-01-08,1977.6607709564286231600702
2018-01-09,38.4307711057093069577875
2018-01-10,-165.0592287449811039500744
2018-01-11,-525.0592285956426039665682
2018-01-12,595.9807715537248125063361
2018-01-15,1345.4107717031211510677533
2018-01-16,-3503.7892281474535826821180
2018-01-17,1851.8407720020006168580052
2018-01-18,-2086.4692278485162447095095
2018-01-19,1903.9507723009958382187902
2018-01-22,3153.7807724505368712474419
2018-01-23,2573.8207726001068599820679
2018-01-24,-809.2792272502941899706235
2018-01-25,-2309.9392271006662730028388
2018-01-29,-177.7492269510093835056985
2018-01-30,-2421.2692268013235158692370
2018-01-31,-1508.4892266516086644824027
2018-02-01,130.7707734981351762669429
2018-02-02,-6908.6692263520919880079753
2018-02-05,-2370.1492262022901516928457
2018-02-06,-4139.3692260524593091722689
2018-02-07,951.7507740974005451702408
2018-02-08,3917.9707742472894169522577
2018-02-09,-2863.8892256027926882075570
2018-02-12,4200.1207745471542353105461
2018-02-14,-1059.2092253028698068725951
2018-02-15,-237.7792251528648091350548
2018-02-16,-3272.8492250028307658538185
2018-02-19,-2830.3192248527676714047828
2018-02-20,267.3907752973244798372446
2018-02-21,-108.9892245525543065014546
2018-02-22,-1429.8292244024040247935096
2018-02-23,3925.8007757477753305895403
2018-02-26,1889.2807758979837652772453
2018-02-27,-628.4692239517787150997537
2018-02-28,-1171.2592238015121049097264
2018-03-01,-1500.7492236512163985198511
2018-03-05,-2887.3792235008915902962163
2018-03-06,-3133.2592233505376746038190
2018-03-07,-3090.9592232001546458065652
2018-03-08,986.5807769502575017327302
2018-03-09,37.3507771006987736523440
2018-03-12,4005.8107772511691755916447
2018-03-13,1655.9107774016687131910928
2018-03-14,499.5007775521973920922410
2018-03-15,-691.4692222972447820622658
2018-03-16,-3768.6592221466578036286900
2018-03-19,-3589.4692219960416669622010
2018-03-20,843.6607781546036335831242
2018-03-21,198.7207783052781036543026
2018-03-22,-666.8092215440182511005558
2018-03-23,-2168.5492213932854250322474
2018-03-26,2798.9107787574765875095254
2018-03-27,2466.3607789082677921761543
2018-03-28,-464.2192209409118053798748
2018-04-02,3548.1607792099378004950184
2018-04-03,1907.8207793608166154555093
2018-04-04,-3410.6392204882753548426323
2018-04-05,5233.9507796626618952574588
2018-04-06,1604.7907798136283714137432
2018-04-09,1444.6807799646240792852769
2018-04-10,344.2507801156490245322118
2018-04-11,436.6807802667032128157955
2018-04-12,359.1007804177866497983723
2018-04-13,269.4607805688993411433825
2018-04-16,1323.7207807200412925153629
2018-04-17,330.3907808712125095799476
2018-04-18,-794.6092189775870019961326
2018-04-19,1576.4407811736427634549505
2018-04-20,-1281.3292186750981883978777
2018-04-23,1403.3707814761901481154063
2018-04-24,878.2207816275077786659236
2018-04-25,-130.9492182211452910741065
2018-04-26,2.1607819302309445686333
2018-04-27,1680.7507820816364912685596
2018-04-30,2432.9707822330713547011868
2018-05-02,-2701.3492176154644594568710
2018-05-03,-2242.0792174639709455279010
2018-05-04,-1790.8192173124480978330908
2018-05-07,1627.6507828391040893074717
2018-05-08,191.7907829906856215747979
2018-05-09,-445.3192168577034953490002
2018-05-10,-2503.7092167060632557807105
2018-05-11,1035.7207834456063459639790
2018-05-14,-527.0392164026946844295181
2018-05-15,-1047.2392162509663412746883
2018-05-16,-211.5892160992086188839161
2018-05-17,-625.5892159474215115684855
2018-05-18,-4006.4392157956050136385786
2018-05-21,-3080.9692156437591194032758
2018-05-22,2361.0607845081161768294445
2018-05-23,-2684.9692153399791192472941
2018-05-24,1134.9907848119549980607343
2018-05-25,3607.2907849639185344488584
2018-05-28,5158.9807851159114956135097
2018-05-29,-883.2592147320661127477778
2018-05-30,-600.8392145800142849363661
2018-05-31,697.5007855720669847474857
2018-06-01,-2402.3692142758222979953779
2018-06-04,14390.2601858763178725369920
2018-06-05,-493.7604881003598904633365
2018-06-06,1176.4198700215660961544928
2018-06-07,1681.6802282128354127056524
2018-06-08,1150.0705864734614861742427
2018-06-11,-335.3490551965422538557621
2018-06-12,347.5113032028376247999893
2018-06-13,156.0316616716145569267291
2018-06-14,394.1320202098019799110731
2018-06-15,519.5823788174133337415261
2018-06-18,-1911.8472625055379389910164
2018-06-19,-672.9869037590383930927624
2018-06-20,-211.4165449430745807665206
2018-06-21,-1669.6261860576330516111959
2018-06-22,1369.2041728972996473787150
2018-06-25,-228.2254680782630281863726
2018-06-26,-723.6151089843076200906266
2018-06-27,-909.8947498208206675122938
2018-06-28,-1285.5843905877887070231954
2018-06-29,788.2659687148017274117784
2018-07-02,-200.5736719130358955648282
2018-07-03,921.6266875287118952974695
2018-07-04,945.0470470400585738576014
2018-07-05,116.1374066210176165834471
2018-07-06,939.5177662716025025523418
2018-07-09,950.5781259918267134515814
2018-07-10,489.4484857817037335789274
2018-07-11,-175.7411543587529501568873
2018-07-12,-417.8507944295298482356524
2018-07-13,-411.1304344306134685251753
2018-07-16,-50.6200743619903162807752
2018-07-17,-79.2397142236468941447764
2018-07-18,-2283.6293540155697021460037
2018-07-19,179.4610062622547623007248
2018-07-20,1354.0313666098400043951031
2018-07-23,1691.2317270271995319518442
2018-07-24,-80.6479124856531445988142
2018-07-25,409.4324480712954877893974
2018-07-26,-141.2571913019410552207140
2018-07-27,843.3531693946507446507036
2018-07-30,921.6335301610844083010536
2018-07-31,112.1338909973734592457974
2018-08-01,-44.9757480964685763810385
2018-08-02,-2427.0809871204281698263549
2018-08-03,2626.9640356525963616017088
2018-08-06,432.6741196951396320254828
2018-08-07,-667.0657962460438973260383
2018-08-08,1580.4442878290489245351481
2018-08-09,219.9143719204212492071720
2018-08-10,-1014.6755439719237711015910
2018-08-13,-3088.2154598479829835724017
2018-08-14,2374.9046242922467652239611
2018-08-16,-1751.0252915512313706726815
2018-08-17,3701.1747926215857633882102
2018-08-20,2824.9348768107013226680123
2018-08-21,1259.2049610161184630390560
2018-08-23,1194.8850452378403409847450
2018-08-24,-529.8748705241298864003245
2018-08-27,3054.1652137302109385897526
2018-08-28,-76.6347019991340257276900
2018-08-29,1367.5053822878383795762282
2018-08-30,-505.6945334088686859579479
2018-08-31,1703.8655509107479378221107
2018-09-03,-2623.5743647533085883193656
2018-09-04,-5955.0142804010351030061258
2018-09-05,-1756.9041960324284442497800
2018-09-06,1965.4958883525145505503190
2018-09-07,2462.8959727537970446071944
2018-09-10,-4077.1339428285777982536359
2018-09-11,-5517.7638583946068135940411
2018-09-12,1555.9362260557131636368414
2018-09-14,4125.5263105223852991027249
2018-09-17,-2046.5836049945872409197088
2018-09-18,-3725.3235204952012895406895
2018-09-19,-1283.3534359794536792572411
2018-09-21,-4518.4333514473412419530618
2018-09-24,-7146.4632668988608088984062
2018-09-25,2417.0568176659907892500340
2018-09-26,367.5169022472167224492486
2018-09-27,-3203.4130131551798387299722
2018-09-28,-3184.9329285411957231029189
2018-10-01,1076.1771560891722411291560
2018-10-03,1310.3469407359272263791571
2018-10-04,-4993.1368349170949476238219
2018-10-05,-3369.8668343042383414645224
2018-10-08,-694.3768336912630675701334
2018-10-09,-815.7868330781691029629613
2018-10-10,2660.1331675350435753391368
2018-10-11,-1999.9168318516250096772461
2018-10-12,4496.1631687618251649789336
2018-10-15,2548.8031693753941223031716
2018-10-16,-297.9868300109181147045841
2018-10-17,-1457.0968293971115230399317
2018-10-19,-1353.9868287831860796940151
2018-10-22,-1578.5968281691417616535232
2018-10-23,-559.1068275549785459006885
2018-10-24,365.9131730593035905867131
2018-10-25,-1155.8368263262953291646363
2018-10-26,-806.9668257117752821235959
2018-10-29,2128.0531749028637547454345
2018-10-30,-1023.5968244823781955174842
2018-10-31,2938.4731761324988901321695
2018-11-01,553.3231767474950347433800
2018-11-02,34.4497273626102613695943
2018-11-05,1361.2236143263898562947145
2018-11-06,-636.7707270903650760078498
2018-11-07,-81.7650674114456682461126
2018-11-09,-1580.2594066366397644425998
2018-11-12,-1691.2537447657351675399681
2018-11-13,-26.2480817985196393930505
2018-11-14,84.7575822652190992390998
2018-11-15,-470.2367525743066312988337
2018-11-16,-525.7310863168844695504715
2018-11-19,140.2745810376979870602224
2018-11-20,29.2802494896531822369020
2018-11-21,-81.7140809608063991811964
2018-11-22,-26.2084103134682312112895
2018-11-26,-1136.2027385681197467190803
2018-11-27,-192.6970657245483374107901
2018-11-28,-1302.6913917825413538251884
2018-11-29,584.3142832581138946743781
2018-11-30,-636.6800406023698600920414
2018-12-03,1527.8256366362201548869722
2018-12-04,-101.8359850259032461778160
2018-12-05,-1260.7538598969007633068406
2018-12-06,-2138.5481775889274866652542
2018-12-07,1226.3575058193139611813522
2018-12-10,-2670.5368096719633742836967
2018-12-11,960.3688759374535936750288
2018-12-12,2130.7745626477779930530508
2018-12-13,534.7802504592229931139732
2018-12-14,162.3859393720018043974722
2018-12-17,1346.0916293863276787272891
2018-12-18,388.4973205024139092192237
2018-12-19,867.3030127204738302891297
2018-12-20,16.1087060407208176609122
2018-12-21,-2537.4855995366317116254746
2018-12-24,-981.3799040113702992060268
2018-12-26,747.6257926167185546153107
2018-12-27,840.7314903478483908746474
2018-12-28,800.8371891822327919561514
2018-12-31,175.7428891200853816000565
2019-01-01,441.7485901616198249106692
2019-01-02,-1454.3527076929501716356215
2019-01-03,-552.0263453383809464200123
2019-01-04,-45.9263272039813769082719
2019-01-07,-335.2863090660704344220141
2019-01-08,77.7337090753525609476887
2019-01-09,1509.4737272202882892414152
2019-01-10,1258.9337453687374306314213
2019-01-11,-1012.5062364792993345783361
2019-01-14,-263.0262183238213259521714
2019-01-15,1955.5537998351721370773535
2019-01-16,1187.0338179976817352094555
2019-01-17,562.2938361637081492751553
2019-01-18,-1269.1661456667479397626960
2019-01-21,476.3738725063141491906071
2019-01-22,258.1938906828950973616513
2019-01-23,-997.4060911370044138910707
2019-01-24,-550.2460729533837030771343
2019-01-25,-302.9260547662420885741576
2019-01-28,144.2539634244211113722243
2019-01-29,1044.3339816186065786483846
2019-01-30,109.0139998163149952727303
2019-01-31,3076.3540180175470433957287
2019-02-01,1161.5140362223034052999313
2019-02-04,-302.3929455694152365999989
2019-02-05,190.0377053332536840163932
2019-02-06,779.2033898806083337624819
2019-02-07,-1845.2309244713352327367898
2019-02-08,-399.1052377223638860374795
2019-02-11,511.4204501277355445727174
2019-02-12,-452.6538609208237289175417
2019-02-13,-291.9681708678284532352536
2019-02-14,350.7575202869346661849237
2019-02-15,1421.9632125436789652086673
2019-02-18,1207.7289059026178210099858
2019-02-19,457.8946003639646520792182
2019-02-20,832.8202959279329182310338
2019-02-21,-1202.4540074052638793875659
2019-02-22,-988.2083096354121982892444
2019-02-25,404.3573892377015453616751
2019-02-26,-131.2369107857090232427846
2019-02-27,350.8087902945697624537537
2019-02-28,-506.1455075212483896199696
2019-03-01,-2273.6198042329497301548392
2019-03-05,-948.0430998403204684533530
2019-03-06,1154.3575516914627255103125
2019-03-07,-856.3024449099943658567446
2019-03-08,897.4275584892066043611085
2019-03-11,2054.3275618890657635846701
2019-03-12,915.4975652895832392594106
2019-03-13,1768.9375686907591588554781
2019-03-14,-1419.7224279074063501322974
2019-03-15,1504.3375754950868398156007
2019-03-18,-1151.1224211017611437566188
2019-03-19,2292.7075823020498267199494
2019-03-20,-1272.3124142934801211610891
2019-03-22,465.9075891116491402185787
2019-03-25,-1571.2924074825622614980248
2019-03-26,1921.1475959238858013568396
2019-03-27,-242.2024006690065435243694
2019-03-28,485.5776027387608315755324
2019-03-29,539.9376061471880543984593
2019-04-01,80.4376095562752527110599
2019-04-02,122.3276129660225543047228
2019-04-03,-1153.0423836235699130044194
2019-04-04,413.7876197874979786245151
2019-04-05,859.6976231992263570571619
2019-04-08,720.9176266116153501839154
2019-04-09,390.2876300246650859199335
2019-04-10,-900.2723665616243077948577
2019-04-11,-267.6223631472527029957590
2019-04-12,699.1776402677800283067068
2019-04-15,-185.6023563165259858732009
2019-04-16,1288.9776470998293825035654
2019-04-18,-965.1823494831537384991549
2019-04-22,-1787.2923460654752207927252
2019-04-23,-388.9723426471349362637074
2019-04-24,1611.7776607718672432261440
2019-04-25,546.9676641915314458398851
2019-04-26,1142.0476676118577997653892
2019-04-30,-40.1123289671535667846501
2019-05-02,-2129.9123255455025255727131
2019-05-03,-445.3133621231889483364489
2019-05-06,-1529.0578060219898026837529
2019-05-07,-1220.1622251659701288406980
2019-05-08,-1811.0766432293264769586194
2019-05-09,-1408.1710602118496052692659
2019-05-10,82.5645238866697685112037
2019-05-13,-1690.1898909335590328099353
2019-05-14,888.3756953276733541058741
2019-05-15,-454.6187173294236668636821
2019-05-16,794.3768710953593487060610
2019-05-17,2123.9524606022318857945986
2019-05-20,5803.7780511914034699441084
2019-05-21,-1126.0963571369163327326951
2019-05-22,364.6392356174820844552953
2019-05-23,-938.0651705451916312145635
2019-05-24,2647.7504243752722081291940
2019-05-27,686.9760203790833309600019
2019-05-28,216.9316174664515063611250
2019-05-29,-535.1427843624134559664780
2019-05-30,995.8828148926982943037100
2019-05-31,-279.9615847680033518683686
2019-06-03,2110.5840166556915371185214
2019-06-04,-253.0903808360070664852226
2019-06-06,-2536.1847772428891497721699
2019-06-07,310.9808274352553408300159
2019-06-10,1089.9264331986364995664507
2019-06-11,-51.6179599525355386370945
2019-06-12,-696.2523520180505981663164
2019-06-13,485.5932570023015372894986
2019-06-14,-1179.7211328912688752546447
2019-06-17,-1891.5055216985515380715697
2019-06-18,96.1400905806638872859562
2019-06-19,-118.7342960534122200068948
2019-06-20,2003.2113183994305599608760
2019-06-21,-1072.2530660605973121560188
2019-06-24,-333.5974494332853349512634
2019-06-25,928.8281682815770337409518
2019-06-26,807.9637870842003768538230
2019-06-27,243.9094069747953180958258
2019-06-28,-682.7549720464274780413882
2019-07-01,901.9906500207426937249045
2019-07-02,124.2642731765165794763979
2019-07-03,2867.7408944557197738636019
2019-07-04,-321.8491053710863120353354
2019-07-05,-354.9891051978588623089548
2019-07-08,-3370.3791050245978704637365
2019-07-09,-1551.5191048513033300049028
2019-07-10,89.2208953220247655635813
2019-07-11,3326.4808954953864227390086
2019-07-12,-1635.3191043312183519800699
2019-07-15,1244.7508958422104479061550
2019-07-16,1182.3908960156728288987513
2019-07-17,126.7608961891687975000456
2019-07-18,1419.9708963626983602136233
2019-07-19,-1360.1191034637384764556702
2019-07-22,-2717.2591032901417060017306
2019-07-23,-672.5991031165113219171937
2019-07-24,-499.5791029428473176934349
2019-07-25,-150.9491027691496868205700
2019-07-26,-364.8091025954184227874535
2019-07-29,-1339.7791024216535190816798
2019-07-30,-884.7291022478549691895819
2019-07-31,-213.3091020740227665962319
2019-08-01,-2755.8991019001569047854400
2019-08-02,3350.0128982737426227602451
2019-08-05,3565.0956395503159611886030
2019-08-06,1040.1014669842468569124101
2019-08-07,2454.1072955465467365277148
2019-08-08,-222.3868747625659133075635
2019-08-09,686.6189560571274363701772
2019-08-13,2959.1247880058453568384124
2019-08-14,-2646.3693789161935383033149
2019-08-16,636.1364552912294068748001
2019-08-19,232.1422906283328906410208
2019-08-20,1292.6481270953356536102670
2019-08-21,-1181.8460353075435212476854
2019-08-22,1292.6598034199141913999967
2019-08-23,-525.3343567220723407425936
2019-08-26,4423.6714842667157924081014
2019-08-27,-20.3226736135024566766904
2019-08-28,1343.1831696374919068701369
2019-08-29,80.6890140199179203197762
2019-08-30,-2090.8051404660053366442818
2019-09-03,3312.7007061799412580819636
2019-09-04,686.7065539579768690312372
2019-09-05,-323.2875971316792968267968
2019-09-06,-4969.2817470888079900773174
2019-09-09,888.7241040868100811478713
2019-09-11,-1787.7700436046057488214390
2019-09-12,-878.7641901628361031856393
2019-09-13,-121.2583355876615626670799
2019-09-16,686.7475201211373344981550
2019-09-17,585.7533769637800925684735
2019-09-18,-1181.7407650595137416949953
2019-09-19,-1585.7349059485245790201721
2019-09-20,131.2709542969672123842048
2019-09-23,1343.2768156771813068368117
2019-09-24,80.7826781923374211919749
2019-09-25,1292.7885418426553148479061
2019-09-26,-1737.2055933716452102450590
2019-09-27,181.8002725496556904237779
2019-09-30,-222.1938603932220960662808
2019-10-01,-1636.1879922000586400590859
2019-10-03,3615.8178771293660306866021
2019-10-04,1494.8237475952719310053595
2019-10-07,-171.6703808021208816666536
2019-10-09,636.3354919374076927165556
2019-10-10,585.8413658140777968190635
2019-10-11,-828.1527591718903840687181
2019-10-14,484.8531169797233779782120
2019-10-15,888.8589942691393535276997
2019-10-16,-929.1351273034221442013077
2019-10-17,333.3707522622592406694977
2019-10-18,-121.1233670335960933139563
2019-10-22,-474.6174851907677049298595
2019-10-23,686.8883977909648897277435
2019-10-24,-424.1057180881777827427812
2019-10-25,2959.4001671720248469576091
2019-10-27,-727.0939464282066091630975
2019-10-29,-2090.5880588886514963796982
2019-10-30,-222.0821702090891172415041
2019-10-31,2100.9237196107012684359332
2019-11-01,585.9296105709404435790956
2019-11-04,-471.5479973281507661352251
2019-11-05,-864.2879825140990641524210
2019-11-06,-641.0979782508421163270761
2019-11-07,266.0220260132403281006040
2019-11-08,-2604.3579697218515710280558
2019-11-11,785.2920345438823461592201
2019-11-13,435.2120388104422395656632
2019-11-14,-135.3279569221717308745326
2019-11-15,-895.4779526539594051962058
2019-11-18,-951.9579483849206234032202
2019-11-19,2244.1520558849447745315405
2019-11-20,1252.1820601556369486661781
2019-11-21,-1042.4479355728439409102126
2019-11-22,-160.1079313004977340775394
2019-11-25,-5.2779270273242706847054
2019-11-26,-638.4479227533233905496039
2019-11-27,331.7320815215050665408879
2019-11-28,884.4120857971612608309152
2019-11-29,-749.1879099263546474043488
2019-12-02,148.7020943509575021413034
2019-12-03,-488.9979013709021301948808
2019-12-04,2045.9121029080666159553924
2019-12-05,-776.6178928121360990085310
2019-12-06,-1466.6978885315101146562469
2019-12-09,-1795.0778842500552705262869
2019-12-10,-808.1478799677714061261125
2019-12-11,823.4021243153416390678914
2019-12-12,1203.7321285992840256104217
2019-12-13,637.7221328840559140872639
2019-12-16,640.2021371696574651152976
2019-12-17,1653.5321414560888393425031
2019-12-18,1297.9821457433501974479666
2019-12-19,912.1821500314417001418869
2019-12-20,690.8721543203635081655811
2019-12-23,-495.5778413898842177085089
2019-12-24,-114.4778370993013166768115
2019-12-26,333.2721671921123720953822
2019-12-27,1810.6721714843570094739230
2019-12-30,1624.8221757774327563558104
2019-12-31,-605.3778199286602263308012
2020-01-01,-195.2278156339217776265972
2020-01-02,929.2721886616482634589035
2020-01-03,4744.9721929580500579473554
2020-01-06,875.8721972552837668915909
2020-01-07,-2786.8777984466504486243724
2020-01-08,2782.2222058522475725146736
2020-01-09,-3072.2777898480220085448658
2020-01-10,-195.2277855474590306253827
2020-01-13,-18.7777812460633325180605
2020-01-14,743.4222230561652470171329
2020-01-15,1515.0222273592268692514500
2020-01-16,-376.3777683368783045126293
2020-01-17,119.2222359678498870586081
2020-01-20,-320.5777597265883946698862
2020-01-21,-1186.4277554201929883019146
2020-01-22,-59.2777511129637324100291
2020-01-23,525.2722531950995344644765
2020-01-24,1950.7222575039969738115707
2020-01-27,599.8722618137287471524923
2020-01-28,-1461.8277338757049839602449
2020-01-29,249.8722704356959420571542
2020-01-30,377.0222747479316868197727
2020-01-31,-1046.3777209389975880260129
2020-02-01,-1318.5277166250917208025265
2020-02-03,-1886.6777123103505498007860
2020-02-04,1245.1722920052260867195021
2020-02-05,61.3722963216383505299493
2020-02-06,2664.4723006388864034334914
2020-02-07,-323.2276950430295927356065
2020-02-10,890.8223092758905238882573
2020-02-11,-160.8776864043530847979736
2020-02-12,812.1223179162397431339926
2020-02-13,1083.4223222376691696438021
2020-02-14,-1620.0776734400646432775390
2020-02-17,-277.4276691169615336076575
2020-02-18,441.0223352069786607071914
2020-02-19,4427.2723395317561017521320
2020-02-20,245.7723438573709516436725
2020-02-24,5666.6223481838233725297121
2020-02-25,-6252.5776474888864734104533
2020-02-26,-1206.6776431607584239661250
2020-02-27,-1202.5776388317923168951949
2020-02-28,-5440.1276345019879899241407
2020-03-02,-2832.0776301713452807480183
2020-03-03,1406.8938241601359729695433
2020-03-04,4977.6119172555383651972277
2020-03-05,-274.3825426044302476094740
2020-03-06,5129.1229986083412601864610
2020-03-09,-2950.8714591059393962020246
2020-03-11,-1385.3659157470644613419867
2020-03-12,-1082.3603713148261395726911
2020-03-13,-6738.3548258090165949978247
2020-03-16,-4768.8492792294279514777046
2020-03-17,-4213.3437315758522926214855
2020-03-18,3109.1618171519183382206339
2020-03-19,-1132.8326330459080620347937
2020-03-20,4573.6729178308765438033327
2020-03-23,-5475.8215302175197667915390
2020-03-24,6947.1840228091111239441853
2020-03-25,3058.6895769109773740720481
2020-03-26,-1334.8048679117128180406575
2020-03-27,7351.2006883412487862869170
2020-03-30,7957.2062456700704660569815
2020-03-31,-7697.7881959250394593990856
2020-04-01,180.2173635561273695870718
2020-04-03,2806.2229241137793530285981
2020-04-07,4472.7284857481249312912376
2020-04-08,634.7340484593725851011482
2020-04-09,5078.7396122477308355527166
2020-04-13,8613.7451771134082441163745
2020-04-15,937.7507430566134126464167
2020-04-16,3008.2563100775549833888209
2020-04-17,-3960.7381218235583610109315
2020-04-20,-4617.2325526465178975000329
2020-04-21,2553.7730176088851373894749
2020-04-22,2856.7785889428595475485262
2020-04-23,28.7841613556141772988584
2020-04-24,432.7897348473579114008406
2020-04-27,-627.7046905817003249386961
2020-04-28,634.8008850686484339413732
2020-04-29,-1536.6935382013868058356999
2020-04-30,1038.8120396084030023232976
2020-05-04,836.8176184982269454893767
2020-05-05,-5980.6768015317058487808164
2020-05-06,-880.1712204811862124371606
2020-05-07,-1486.1656383500049369282194
2020-05-08,2301.3399448620472268066016
2020-05-11,-1688.1544708448204316551018
2020-05-12,382.3511145296014177891134
2020-05-13,-1334.6432990144778542256163
2020-05-14,2654.8622885231511634763880
2020-05-15,1594.3678771426979226191969
2020-05-18,3765.8734668443719154831247
2020-05-19,-5879.6209423716173250874180
2020-05-20,2604.3846494949397743239301
2020-05-21,-2243.6097575557471722866628
2020-05-22,1139.8958364765314896646357
2020-05-26,-2243.5985684080145446428189
2020-05-27,-2748.5929722091755394262869
2020-05-28,2755.9126250732582817082168
2020-05-29,-981.0817765605032642262130
2020-06-01,1139.9238228897496804104930
2020-06-02,-122.5705765757729861067549
2020-06-03,-1486.0649749568613248603368
2020-06-04,-324.5593722533053562820542
2020-06-05,1947.9462315351049398547418
2020-06-08,-2698.0481635914203755569771
2020-06-09,1796.4574423673287990499578
2020-06-10,1089.4630494115626059247883
2020-06-11,2654.9686575414912280067062
2020-06-12,382.4742667573248889327324
2020-06-15,-1940.5201229407261469544031
2020-06-16,2250.9854884475484254016211
2020-06-17,-981.0088990776410482213990
2020-06-18,988.4967144839158186836920
2020-06-19,-475.9976708675705466387045
2020-06-22,2806.5079448681103238009467
2020-06-23,-324.4864383088310612547955
2020-06-24,2453.0191796018158476975419
2020-06-25,-1940.4752013997383590697607
2020-06-26,130.0304186867169494922778
2020-06-29,837.0360398613924452172355
2020-06-30,635.0416621244988407311843
2020-07-01,1998.5472854762468894605885
2020-07-02,-3808.9470900831526143597949
2020-07-03,-172.9414645534888356790142
2020-07-06,382.5641620654491013779799
2020-07-07,786.5697897738721135182389
2020-07-08,3008.5754185719911582887237
2020-07-09,1645.0810484600172340842113
2020-07-10,-627.4133205618386198447948
2020-07-13,332.0923115066346766158457
2020-07-14,-677.9020553343517555481776
2020-07-15,534.1035789154132455282885
2020-07-16,-475.8907857438591174022240
2020-07-17,-1182.8851493119576006918870
2020-07-20,988.6204882113290802103419
2020-07-21,988.6261268262122507666399
2020-07-22,3160.1317665329032773582405
2020-07-23,3160.1374073316135672933566
2020-07-24,2150.1430492225545688151053
2020-07-27,7755.6486922059377711094341
2020-07-28,-2192.8456637180252956869512
2020-07-29,2604.6599814508769395213425
2020-07-30,180.6656277128560887963270
2020-07-31,3008.6712750681238051745645
2020-08-03,786.6769235168917826751021
2020-08-04,-99.0974269406282436925929
2020-08-05,6070.8556511247596860956481
2020-08-06,3177.7556522189898358574584
2020-08-07,2169.0056533134318619574430
2020-08-10,-1767.3443455919141945786756
2020-08-11,-6306.7943444970482927172309
2020-08-12,-9067.0443434019703914166107
2020-08-13,3203.3556576933195503727433
2020-08-14,646.2056587888215737083388
2020-08-17,-912.1943401154642803443672
2020-08-18,7818.0556609804620292880340
2020-08-19,-2278.8943379233994563130956
2020-08-20,-6677.5443368270486960584397
2020-08-21,846.4056642695143511492743
2020-08-24,-1218.3943346337102735847234
2020-08-25,-2153.5443335367225291472432
2020-08-26,-629.6443324395223744171350
2020-08-27,1853.2056686578902317347139
2020-08-28,843.2056697555153304453799
2020-08-31,-4641.2943291466470371400954
2020-09-01,1196.7056719514031701312969
2020-09-02,39.8056730496659934205341
2020-09-03,-2129.8943258518585261034368
2020-09-04,-1942.2443247531703472636967
2020-09-07,-143.8443236542694288753541
2020-09-08,-935.2943225551557297455420
2020-09-09,686.5556785441707913265819
2020-09-10,2702.8056796437101755498386
2020-09-11,928.9056807434624641410275
2020-09-14,-787.5443181565723016750707
2020-09-15,4475.4556829436059193343070
2020-09-16,-506.2443159560028315900924
2020-09-17,-2154.2443148553985131995367
2020-09-18,2119.7556862454189157626936
2020-09-21,-5777.7443126535505034386937
2020-09-22,-6475.6943115523067295310002
2020-09-23,-1784.5243104508497212335367
2020-09-24,-5364.9143093491794372576199
2020-09-25,4492.0456917527041636934277
2020-09-28,781.1956928548011229242801
2020-09-29,4118.4956939571114817476090
2020-09-30,726.0956950596352814840856
2020-10-01,471.3156961623725634623822
2020-10-05,8722.7756972653233690191733
2020-10-06,2202.6269111888532758286679
2020-10-07,-3301.8670616915660739240480
2020-10-08,283.6389665950487937262858
2020-10-09,2051.1449960489238522063394
2020-10-12,2000.6510266702851186981316
2020-10-13,-322.3429415406413458524968
2020-10-14,-2847.3369085836294367274099
2020-10-15,788.6691255415469945722995
2020-10-16,990.6751608351141403347867
2020-10-19,182.6811972972982366459346
2020-10-20,-372.8127650716744366021659
2020-10-21,1798.6932737284224442972658
2020-10-22,31.1993136978152468741847
2020-10-23,-675.7946451632696175097948
2020-10-26,-473.7886028546056936529119
2020-10-27,-120.2825593759664825047701
2020-10-28,485.7234852728745588421529
2020-10-29,-1281.7704689078559828390027
2020-10-30,-120.2644219179314769009852
2020-11-02,1546.2416262428747511860644
2020-11-03,940.2476755747894198431091
2020-11-04,233.2537260780392913907144
2020-11-05,435.2597777528511720575489
2020-11-06,3515.7658305994519119888862
2020-11-09,1142.2718846180684052551085
2020-11-10,-9311.2220601910724101397885
2020-11-11,1142.2839961722564477503118
2020-11-12,334.2900537082820048221552
2020-11-13,435.2961124172313309316268
2020-11-17,889.8021722993315399022629
2020-11-18,-1635.1917666451902104662354
2020-11-19,-1736.1857044161067183894873
2020-11-20,-69.6796410131907380899153
2020-11-23,384.8264235637850202117732
2020-11-24,-5523.6675106849521096948944
2020-11-25,-473.6614437591747500016337
2020-11-26,1344.3446243413445211271201
2020-11-27,-473.6493063831668304372634
2020-12-01,-2746.1432359324812947790824
2020-12-02,12198.9528356936286820702250
2020-12-03,75.0775274253445252840602
2020-12-04,75.0920647250099717933966
2020-12-07,75.1066048395401163062234
2020-12-08,75.1211477694800024998682
2020-12-09,75.1356935153747795887418
2020-12-10,75.1502420777697023447734
2020-12-11,75.1647934572101311178501
2020-12-14,75.1793476542415318562597
2020-12-15,75.1939046694094761271378
2020-12-16,75.2084645032596411369191
2020-12-17,75.2230271563378097517920
2020-12-18,75.2375926291898705181578
2020-12-21,75.2521609223618176830935
2020-12-22,75.2667320363997512148189
2020-12-23,75.2813059718498768231672
2020-12-24,75.2958827292585059800597
2020-12-28,75.3104623091720559399850
2020-12-29,75.3250447121370497604813
2020-12-30,75.3396299387001163226233
2020-12-31,75.3542179894079903515129
2021-01-01,75.3688088648075124367737
2021-01-04,-14918.6307474345543709469504
2021-01-05,5357.9423000150588202301929
2021-01-06,945.0023101419372283325594
2021-01-07,-2313.5776797292234909692028
2021-01-08,-1012.9676695984229579903399
2021-01-11,-2558.7876594656607929725794
2021-01-12,1030.2123506690633839158844
2021-01-13,-1960.6276391942500474195964
2021-01-14,-1026.4776290556007070001083
2021-01-15,-711.6576189149882147731618
2021-01-18,-5238.3576087724121906126782
2021-01-19,3845.5424013721277456810254
2021-01-20,1183.6524115186319743812502
2021-01-21,-352.6775783328991241650700
2021-01-22,-1785.8075681824651695373551
2021-01-25,-3439.9175580300657812413633
2021-01-27,-2809.1775478757005787091779
2021-01-28,-926.6075377193691812991927
2021-01-29,-3539.7975275610712082960974
2021-02-01,3682.4624825991937210891361
2021-02-02,9730.8327127614259877192687
2021-02-03,2435.8834253800360214855752
2021-02-04,3821.4034260432940929663940
2021-02-05,-86.8465732933194085564370
2021-02-08,3833.1834273701955417844669
2021-02-09,-102.0765719661610311386954
2021-02-10,815.0334286976108975510920
2021-02-11,2450.2034293615113527356613
2021-02-12,982.5934300255403593016628
2021-02-15,3890.1234306896979421405657
2021-02-16,-254.8565686460158738513413
2021-02-17,-24.9665679816010637729484
2021-02-18,132.3734326829423972816751
2021-02-19,-4579.7665666523854657767166
2021-02-22,-6260.5165659875846280325467
2021-02-23,925.3734346773449354345866
2021-02-24,5142.2434353424032495499102
2021-02-25,3582.6834360075903392434772
2021-02-26,-5629.2765633270937705498318
2021-03-01,-2049.0565626616490548903083
2021-03-02,5444.4034380039245111665856
2021-03-03,6755.1134386696269525702173
2021-03-04,-1207.5165606645417057252144
2021-03-05,-4769.0565599985814387606788
2021-03-08,-73.9365593324922215723128
2021-03-09,240.9134413337259708085811
2021-03-10,1765.5734420000731633555345
2021-03-12,-3228.5265573334506189530849
2021-03-15,-2065.6665566668453511340733
2021-03-16,-312.4465560001110081993889
2021-03-17,-5034.2265553332475651561516
2021-03-18,-3840.7965546662549970066422
2021-03-19,3264.7534460008667212516990
2021-03-22,1362.3034466681176146262734
2021-03-23,3332.3834473354977081293237
2021-03-24,-5117.2565519969929732220636
2021-03-25,-6764.7865513293544044059579
2021-03-26,3764.8334493384134396044159
2021-03-30,4861.1734500063105838406794
2021-03-31,-279.7365493256629466606995
2021-04-01,3020.4834513424928731415957
2021-04-05,-3137.0365479892219317062706
2021-04-06,1507.5534526791926638467165
2021-04-07,3748.1134533477366848564218
2021-04-08,1554.0934540164101563835624
2021-04-09,602.4334546852131034937073
2021-04-12,-14224.6965446458544487427208
2021-04-13,3183.0234560232075247495555
2021-04-15,1217.1134566923990490506685
2021-04-16,3297.9334573617201492456068
2021-04-19,-6004.0865419688291495757834
2021-04-20,-309.5565412992488223187982
2021-04-22,1389.8634593704611561161258
2021-04-23,6.2334600403008108334118
2021-04-26,2057.9534607102701669423439
2021-04-27,3626.0634613803692495570685
2021-04-28,3143.0734620505980837965945
2021-04-29,-70.8665372790433052152053
2021-04-30,-2272.0265366085548923495933
2021-05-03,1126.9334640620633475270339
2021-05-04,-2295.2565352671885604468539
2021-05-05,3906.9434654036894088720807
2021-05-06,2518.9334660746972806320438
2021-05-07,1708.3534667458350799861110
2021-05-10,3725.0834674171028320922278
2021-05-11,-580.3065319114994378867882
2021-05-12,-711.4465312399717047832478
2021-05-14,-3099.5365305683139434245882
2021-05-17,3936.3734701034738713666276
2021-05-18,4931.6934707753917647727116
2021-05-19,1565.6234714474397619808519
2021-05-20,-1645.1865278803821118168867
2021-05-21,2987.5834727919261685764393
2021-05-24,2887.4934734643646283626517
2021-05-25,-667.5365258630667072515480
2021-05-26,992.0534748096321869454231
2021-05-27,1884.1834754824613361700293
2021-05-28,1036.9134761554207656436174
2021-05-31,3186.3634768285105005924180
2021-06-01,444.2534775017305662475465
2021-06-02,4273.6534781750809878450034
2021-06-03,3504.1234788485617906256758
2021-06-04,793.3034795221729998353384
2021-06-07,918.9634801959146407246541
2021-06-08,1190.7434808697867385491750
2021-06-09,-3444.8565184562106814306565
2021-06-10,3890.6934822179224060504934
2021-06-11,683.1334828921860262628504
2021-06-14,-171.3665164334197955184666
2021-06-15,1410.6734842411049659865551
2021-06-16,-2525.6165150842396639371763
2021-06-17,-3571.1765144094536599998572
2021-06-18,-1032.5565137345369969067868
2021-06-21,1626.1634869405103506416332
2021-06-22,2526.4634876156884079499004
2021-06-23,-3242.2865117090027996725885
2021-06-24,454.0834889664367530884645
2021-06-25,2145.6434896420070915522584
2021-06-28,-665.9465096822917589571048
2021-06-29,81.2834909935402268893804
2021-06-30,-1163.7965083304969255743764
2021-07-01,-358.8865076544031910095597
2021-07-02,695.8634930218214559275521
2021-07-05,1673.4334936981770405855879
2021-07-06,512.2434943746635883180849
2021-07-07,807.9734950512811244834896
2021-07-08,-1242.5465042719703255548413
2021-07-09,352.1234964049092635713597
2021-07-12,195.3334970819199172352728
2021-07-13,561.1734977590616608149903
2021-07-14,455.3934984363345196935195
2021-07-15,1551.2034991137385192587818
2021-07-16,896.2134997912736849036150
2021-07-19,-2852.0764995310599579742267
2021-07-20,-2918.5864988532623839720709
2021-07-22,4540.6635018246664323176733
2021-07-23,391.7735025027265163075165
2021-07-26,830.5535031809178934148900
2021-07-27,-2028.2364961407594109378533
2021-07-28,388.9035045376946286765617
2021-07-29,510.9335052162800376903343
2021-07-30,1166.7835058949968415405877
2021-08-02,3175.8735065738450656693704
2021-08-03,3578.0335072528247355236579
2021-08-04,343.0835079319358765553523
2021-08-05,660.1035086111785142212844
2021-08-06,299.6435092905526739832142
2021-08-09,-308.8364900299416186921685
2021-08-10,-1344.7364893503043383332422
2021-08-11,-1540.3364886705354594634538
2021-08-12,2665.9635120093650433986830
2021-08-13,2126.2135126893971957395886
2021-08-16,1182.7435133695610230506183
2021-08-17,1203.8335140498565508280631
2021-08-18,1152.0135147302838045731511
2021-08-20,-4570.7564845891571902079517
2021-08-23,-75.3364839084664080041409
2021-08-24,3370.9235167723561767006278
2021-08-25,274.6535174533105894273397
2021-08-26,1559.5735181343968557019212
2021-08-27,3197.8035188156150010552417
2021-08-30,6080.8135194969650510231140
2021-08-31,5411.4235201784470311462954
2021-09-01,2055.8435208600609669704887
2021-09-02,2249.9335215418068840463431
2021-09-03,4845.7935222236848079294553
2021-09-06,606.0435229056947641803702
2021-09-07,-1416.6164764121632216354179
2021-09-08,606.3335242701108760525355
2021-09-09,1886.8835249525170828196261
2021-09-13,637.4535256350554242462018
2021-09-14,1239.0335263177259259175637
2021-09-15,2303.9935270005286134239670
2021-09-16,3284.4535276834635123606217
2021-09-17,-1839.8764716334693516723057
2021-09-20,-6928.0764709502699530696924
2021-09-21,4144.8035297330617337785431
2021-09-22,1245.9135304165257344874406
2021-09-23,4651.6435311001220746770000
2021-09-24,-624.5364682161492200278180
2021-09-27,-954.0764675322881239970910
2021-09-28,-2564.7064668482946115959337
2021-09-29,-1816.2864661641686571844974
2021-09-30,-1454.0364654799102351179685
2021-10-01,-1438.8064647955193197465676
2021-10-04,5460.6535358890041145844506
2021-10-05,3501.0535365736600935347998
2021-10-06,-4317.3664627415513572308385
2021-10-07,4270.7535379433697879571870
2021-10-08,208.3235386284235547734980
2021-10-11,1512.7535393136099688976877
2021-10-12,2415.3735399989290560143213
2021-10-13,4945.9035406843808418129376
2021-10-14,3936.7535413699653519880497
2021-10-18,2785.7635420556826122391457
2021-10-19,-3243.7764572584673517293099
2021-10-20,-6730.3464565724845142078752
2021-10-21,-2764.4964558863688494821309
2021-10-22,-4092.1564552001203318326779
2021-10-25,-2206.4864545137389355351373
2021-10-26,4547.5435461727753651398509
2021-10-27,553.4935468594225959266285
2021-10-28,-6696.1364524537972174354795
2021-10-29,-3369.5964517668840492021645
2021-11-01,5856.9635489201621263758673
2021-11-02,-152.2164503926586649471043
2021-11-03,53.8835502946536025881865
2021-11-04,3293.3735509820989547459943
2021-11-08,4686.0235516696774172955617
2021-11-09,872.3535523573890160111214
2021-11-10,358.3435530452337766718967
2021-11-11,-2639.8464462667882749378977
2021-11-12,5201.6935544213228869709459
2021-11-15,1231.4235551095672881926287
2021-11-16,-1734.1664442020550454736540
2021-11-17,-1387.2564435135440882237109
2021-11-18,-5230.5864428248998142483542
2021-11-22,-8865.6464421361221977333990
2021-11-23,4588.5135585527887871403381
2021-11-24,-2562.6664407581668338029598
2021-11-25,3479.5035599310109652658904
2021-11-26,-11887.7964393796777898189268
2021-11-29,-3499.1164386902330732182246
2021-11-30,-877.2464380006548590878128
2021-12-01,3008.3035626890568784215029
2021-12-02,4619.2335633789021651639218
2021-12-03,-2293.9464359311189730013503
2021-12-06,-7904.7064352410065102101006
2021-12-07,6313.1035654492395794068918
2021-12-08,6251.8935661396193217238567
2021-12-09,892.3035668301327426200343
2021-12-10,1454.4335675207798679796755
2021-12-13,-2433.7464317884392763079568
2021-12-14,-64.4464310975246643485864
2021-12-15,-3281.4764304064762702429237
2021-12-16,18.5735702847059319133361
2021-12-17,-9188.8864290239780319704862
2021-12-20,-11127.3964283325281359800534
2021-12-21,5173.2835723590556458039900
2021-12-22,5761.1235730507733393060178
2021-12-23,2724.2935737426249704554239
2021-12-24,-2080.8064255653894348133770
2021-12-27,1945.6635751267301494390508
2021-12-28,3955.2335758189837491571668
2021-12-29,-718.6164234886286097095471
2021-12-30,-1604.3364227961069012065833
2021-12-31,5565.3335778965489006255906
2022-01-03,5040.2535785893388217515339
2022-01-04,2962.7035792822628881408336
2022-01-05,270.9235799753211257681048
2022-01-06,-1785.6164193314864393870077
2022-01-07,2312.1835813618402186601713
2022-01-10,2651.7335820553011258993485
2022-01-11,904.3835827488963083252629
2022-01-12,2597.0335834426257919376871
2022-01-13,2600.2035841364896027414277
2022-01-14,933.0835848304877667463267
2022-01-17,1758.7935855246203099672628
2022-01-18,-6540.0164137811127415758486
2022-01-19,-2187.7864130867113618580535
2022-01-20,-2513.7964123921755248493587
2022-01-21,-5848.6164116975052045147308
2022-01-24,-14174.1664110027003748140955
2022-01-25,3420.5235896922389902976641
2022-01-27,-6453.4564096126870831292924
2022-01-28,2664.7735910825214309602391
2022-01-31,4893.6935917778645586265075
2022-02-01,5093.9535924733423259348079
2022-02-02,6585.3435931689547589554823
2022-02-03,-3759.4264061352981162360791
2022-02-04,-591.7364054394162735594373
2022-02-07,-5367.9264047433996869291032
2022-02-08,-276.3264040472483302545367
2022-02-09,5218.7835966490378225598539
2022-02-10,1938.8835973454587976147137
2022-02-11,-5759.6264019579853789842588
2022-02-14,-14150.2864012612946811263098
2022-02-15,10156.1235994355309173043698
2022-02-16,-12.8063998675085575713534
2022-02-17,-468.4863991704130796275556
2022-02-18,-2084.8063984731826227332540
2022-02-21,-3146.3463977758171607524061
2022-02-22,-1918.5363970783166675439083
2022-02-23,1909.1836036193188830384041
2022-02-24,-20025.8463956829104828542411
2022-02-25,10371.0936050149952609344476
2022-02-28,3330.4336057130361405658259
2022-03-02,-2474.9763935887878177936840
2022-03-03,6680.2863571095234120274056
2022-03-04,1291.2025087356749365691775
2022-03-07,6781.3109224669520363628860
2022-03-08,-305.9006621726158147328043
2022-03-09,-1304.0922451827131626004953
2022-03-10,-4248.7738265630244920412485
2022-03-11,2439.1745936867657732372428
2022-03-14,-3150.7369844330267293675178
2022-03-15,-1503.6985609220863013409972
2022-03-16,-455.5801357800971830397991
2022-03-17,43.5282909932564463201722
2022-03-21,-405.6532806017095313244487
2022-03-22,941.9251494353208271273518
2022-03-23,542.6535811046635259528102
2022-03-24,842.1220144066346306172311
2022-03-25,1091.6804493415502677858355
2022-03-28,-1453.7211140902733746643895
2022-03-29,-1503.6226758885200476328380
2022-03-30,-305.7742360528734407834304
2022-03-31,93.5142054169828174672433
2022-04-01,2289.5626485213651599617832
2022-04-04,6219.0680732605900808138410
2022-04-05,922.3225648984451798434558
2022-04-06,-1282.8274152418615805742607
2022-04-07,-2594.6573953783228985301871
2022-04-08,5325.8226244890619705706489
2022-04-11,1349.1726443602937714673949
2022-04-12,-5223.6273357646267509565965
2022-04-13,289.8826841143011483262588
2022-04-18,-5427.0872960029217855121944
2022-04-19,-6294.1272761162948071558236
2022-04-20,3170.3427437741828288558192
2022-04-21,5178.3227636685118681275269
2022-04-22,-3437.9272164333069435915367
2022-04-25,-7314.9671965312728604078077
2022-04-26,7649.8328233746148637167059
2022-04-27,-4092.4271567156430250355488
2022-04-28,4343.5328631979542196623594
2022-04-29,-3316.1171168845926557181267
2022-05-02,-1798.6270969632829045610248
2022-05-04,3392.0661029618842198942151
2022-05-05,3176.3597261616618942118574
2022-05-06,-4748.1196697641811443775476
2022-05-09,-4223.6790655730569979643268
2022-05-10,-5637.3784612649430181331989
2022-05-11,-1255.6778568398165520834587
2022-05-12,-5233.4972522976549426281278
2022-05-13,-4059.4166476384355281931050
2022-05-16,1378.3039571378643571836827
2022-05-17,6456.4045620312673838531303
2022-05-18,349.1651670417962265558041
2022-05-19,-4656.6542278305264355772078
2022-05-20,4042.9663774143220809765540
2022-05-23,433.5869827763644641317708
2022-05-24,-2615.7124117443765938038031
2022-05-25,-3085.7318061478783961284910
2022-05-26,899.4687995658817582541579
2022-05-27,2328.8694053969265748362191
2022-05-30,4514.2100113452787635062444
2022-05-31,301.2506174109610385501124
2022-06-01,-3963.3087764060038813481196
2022-06-02,7928.7618298944067268946363
2022-06-03,857.8252176940758101860654
2022-06-06,-674.3262886616024195794786
2022-06-07,-626.4377933726519969154043
2022-06-08,139.6507035612455284573351
2022-06-09,379.0592021404086684794752
2022-06-10,-626.4122976348440032346197
2022-06-13,1863.3562042358061486149848
2022-06-14,-2924.6352922473221789742624
2022-06-15,235.4532129160897727045487
2022-06-16,570.6217197263608240797381
2022-06-17,1767.6302281838098573129867
2022-06-20,-1200.9212617112441836887101
2022-06-21,-147.5527499584822932610866
2022-06-22,-434.8242365575854039706486
2022-06-23,427.0242784917656133972865
2022-06-24,-434.8072048101100501494468
2022-06-27,1049.4813135371068582021023
2022-06-28,-291.1501664662643469180314
2022-06-29,-147.5016448199042890507597
2022-06-30,44.0268784765064701040313
2022-07-01,2916.8354034232874306994553
2022-07-04,1576.2039300207581547536026
2022-07-05,618.6124582692382661615187
2022-07-06,-2972.3790118309525492928139
2022-07-07,-2732.9704802794945439244927
2022-07-08,-51.6819470760679081357089
2022-07-11,-3.7934122203527704037591
2022-07-12,331.3751242879708027309448
2022-07-13,-817.7363375507771933231312
2022-07-14,-626.2077977362767011966479
2022-07-15,-865.5992562682076015473956
2022-07-18,2150.8492868537502869517055
2022-07-19,-721.9421683700827923753919
2022-07-20,44.1463780606134658041419
2022-07-21,-1679.5250738538405711559798
2022-07-22,3204.2434758868755261308494
2022-07-25,-386.7479727169177509038595
2022-07-26,-626.1394196648998487716774
2022-07-27,570.8691350432498480847590
2022-07-28,2198.7976914078520173037660
2022-07-29,235.7262494292273986166334
2022-08-01,810.2948091076967938596475
2022-08-02,-13171.1756195564189330138831
2022-08-03,588.8687458062755198782401
2022-08-04,2317.9190360091851698225594
2022-08-05,376.8593262682869561629631
2022-08-08,1218.2396165835917594112858
2022-08-10,1473.7499069551104621861602
2022-08-11,1624.3201973828539492134268
2022-08-12,1004.9404878668331073265404
2022-08-16,-320.0692215929411745330204
2022-08-17,1369.5610690035419946846535
2022-08-18,-61.7386403437064918616887
2022-08-19,-2933.0383496346757389040504
2022-08-22,-4985.9980588693548490647783
2022-08-23,2132.8222319522670771438451
2022-08-24,1347.7825228302009413200114
2022-08-25,549.9328137644576471727934
2022-08-26,-1472.2768952449518994774450
2022-08-29,-4883.5766041980167906986403
2022-08-30,5173.3836869052738835533791
2022-09-01,-4943.9960219350689645646975
2022-09-02,-10735.5533707190344207832547
2022-09-05,1640.7755045736869021543989
2022-09-06,1007.5055830917429110904262
2022-09-07,504.0956616250024109843200
2022-09-08,2261.4357401734683456957361
2022-09-09,709.4058187371436596543506
2022-09-12,3279.4458973160312978599718
2022-09-13,2855.1159759101342058826488
2022-09-14,-119.0739454805446701372160
2022-09-15,994.2261331439976165112415
2022-09-16,-10006.7837882162359868905406
2022-09-19,1393.8562904387574675095585
2022-09-20,3766.2963691089809281344546
2022-09-21,-3771.3335522055626560220327
2022-09-22,197.8265264951296646049319
2022-09-23,-7227.6733947889391598486906
2022-09-26,-9245.2233160577661786757033
2022-09-27,273.0467626886515594024382
2022-09-28,-3076.7731585496829937642645
2022-09-29,-866.7930797727668857542415
2022-09-30,4455.9669990194028364257559
2022-10-03,-6892.5729221731708736592339
2022-10-04,6869.5403566495149381277279
2022-10-06,1553.7403670817211420169206
2022-10-07,-272.2518605186679590091253
2022-10-10,-1895.8440866140833863137935
2022-10-11,-2274.2363112042337310823058
2022-10-12,550.5714657111724719257522
2022-10-13,-1847.4207558675732556126426
2022-10-14,-677.0129759401793355730235
2022-10-17,1148.9948054936458666274960
2022-10-18,2134.6025884341940420411548
2022-10-19,-267.7896271182430617995224
2022-10-20,1985.0181588366263591292118
2022-10-21,-2485.3740537009058346467344
2022-10-24,1267.8337352694522739116490
2022-10-25,-637.3584742520073416325842
2022-10-27,1857.4493177350073488186087
2022-10-28,-329.3428887692115680907936
2022-10-31,1153.4649062356280508400724
2022-11-01,2372.2727027498184053799061
2022-11-02,1003.9105007736517518761962
2022-11-03,79.2201204753040048988097
2022-11-04,79.2354599073601210469691
2022-11-07,79.2508023095982363193949
2022-11-09,79.2661476825934685611056
2022-11-10,79.2814960269210469774796
2022-11-11,79.2968473431563121558173
2022-11-14,79.3122016318747160869087
2022-11-15,79.3275588936518221866043
2022-11-16,79.3429191290633053173903
2022-11-17,79.3582823386849518099680
2022-11-18,79.3736485230926594848378
2022-11-21,79.3890176828624376738867
2022-11-22,79.4043898185704072419803
2022-11-23,79.4197649307928006085593
2022-11-24,79.4351430201059617692395
2022-11-25,79.4505240870863463174166
2022-11-28,79.4659081323105214658749
2022-11-29,79.4812951563551660684000
2022-11-30,79.4966851597970706413961
2022-12-01,79.5120781432131373855075
2022-12-02,-4175.8245358928196197927564
2022-12-05,568.5497591458344241652153
2022-12-06,-1496.4402254103617663920953
2022-12-07,-1164.4902099635675653948162
2022-12-08,1718.4498054862176061880842
2022-12-09,-902.8001790610056725002446
2022-12-12,484.0698363947631777954868
2022-12-13,1011.6198518535247364427292
2022-12-14,2262.0198673152795829211164
2022-12-15,-5001.3701172199717031775122
2022-12-16,-1090.2401017522285421490912
2022-12-19,2913.1699137185096458226934
2022-12-20,1013.2399291922434406664259
2022-12-21,-1297.3300553310265775770179
2022-12-22,-794.4100398512998287544481
2022-12-23,-4156.0000243685757326003398
2022-12-26,2053.0399911171462912631888
2022-12-27,1560.3500066058668233263992
2022-12-28,-1432.5099779024135558080475
2022-12-29,1046.5700375923057345749329
2022-12-30,69.9800530900252753028686
2023-01-02,2972.6600685907456473157534
2023-01-03,2380.8200840944674316660692
2023-01-04,-27.5499003988087904811927
2023-01-05,-1881.4598848890824378485099
2023-01-06,-2577.2498693763529290458068
2023-01-09,5238.8601461393803174295672
2023-01-10,-2788.8698383418821168071411
2023-01-11,266.8401771798603499719341
2023-01-12,-824.3798072953917003927015
2023-01-13,2231.9602082323623140521198
2023-01-16,1546.8502237631229753722500
2023-01-17,502.5502392968908657462466
2023-01-18,986.9002548336665674653943
2023-01-19,-39.2197296265493370662722
2023-01-20,188.7802859162437346680523
2023-01-23,1021.6703014620463652979667
2023-01-24,602.7803170108591375658842
2023-01-25,-3015.8796674373173656729451
2023-01-27,-2911.4796518824825614504123
2023-01-30,202.3703636753641333144715
2023-01-31,-256.9896207637766981844021
2023-02-01,2984.1503948000955273597821
2023-02-02,4495.7004103669813933667859
2023-02-03,-2486.9495740631185166306616
2023-02-06,-2321.0795584902036189868411
2023-02-07,-300.8195429142733299430220
2023-02-08,2058.5604726646729343725599
2023-02-09,-54.6095117533642420552758
2023-02-10,-2395.4194961683842751286321
2023-02-13,-833.8894805803865806365131
2023-02-14,1895.6605350106294257451983
2023-02-15,-1715.1994493953356715462378
2023-02-16,355.4905662017187120396038
2023-02-17,-2058.8494181982068388336654
2023-02-20,1211.0905974048882606107752
2023-02-21,-859.1493869889954047370234
2023-02-22,-3158.7693713798572498737574
2023-02-23,-1827.2193557676966896828488
2023-02-24,-898.4493401525131389344227
2023-02-27,-2399.8593245343060122852867
2023-02-28,-982.1193089130747242789070
2023-03-01,3160.1007067111813106546115
2023-03-02,-1154.5292776615373218014515
2023-03-03,2591.0007379687699641495900
2023-03-06,1396.8207536021037544178498
2023-03-08,-3087.5792307615353649731082
2023-03-09,-1515.1892151221468078862476
2023-03-10,-264.7891994797299880710388
2023-03-13,3584.2108161657156808365646
2023-03-14,184.0708318141907853141464
2023-03-15,-1688.5891525343040880471494
2023-03-16,3551.8108631202316474574031
2023-03-17,1396.9108787777985786461338
2023-03-20,3953.3008944383972924509984
2023-03-21,-668.0790898979716240823994
2023-03-22,-1541.6190742313075837947860
2023-03-23,465.4109414383900005868042
2023-03-24,1186.9109571111217164490508
2023-03-27,-1729.4190272131118487076307
2023-03-28,-419.3490115343101072690669
2023-03-29,2607.0210041475275284926959
2023-03-31,4161.7710198324016464194133
2023-04-03,-247.6589644796871655333350
2023-04-05,5267.6213312112616807038767
2023-04-06,-185.6929583623258175727595
2023-04-10,-1875.1658701223104344975417
2023-04-11,792.4412194902044532623174
2023-04-12,792.4483104754846034811415
2023-04-13,1014.7554028337958253920666
2023-04-17,-852.5575034345960203029948
2023-04-18,-941.4704083294250214233878
2023-04-19,-1741.7433118504252142997473
2023-04-20,2348.5837860026694162359718
2023-04-21,-1519.4291147698750631395335
2023-04-24,-96.7020141677925342309410
2023-04-25,303.4450878091831726856725
2023-04-26,748.0521911613182788728087
2023-04-27,-7.7607041111209428584727
2023-04-28,-941.4135980078681681385730
2023-05-02,303.4735094713429789706294
2023-05-03,935.3694883267789259857638
2023-05-04,3667.4278694991871597176944
2023-05-05,-1559.6521289770377264243447
2023-05-08,303.7178725470324367807719
2023-05-09,879.7378740713977064635985
2023-05-10,550.8678755960581397657522
2023-05-11,64.6978771210137938399137
2023-05-12,-2130.3821213537352741501691
2023-05-15,2667.7878801718109929703200
2023-05-16,-1808.5821183023473476127319
2023-05-17,-2622.0221167762102387023648
2023-05-18,-805.7421152497776230905437
2023-05-19,62.2978862769505564418437
2023-05-22,3272.0878878039743571249890
2023-05-23,-2180.1321106687061637998344
2023-05-24,684.0678908589090509197301
2023-05-25,-898.1721076131799414528748
2023-05-26,1502.5378939150269163568814
2023-05-29,554.7378954435296816346196
2023-05-30,30.5078969723284116770524
2023-05-31,-707.3521014985768362080127
2023-06-01,-1256.9220999691860047016719
2023-06-02,2272.1379015605009635260774
2023-06-05,-2250.9120969095158741836615
2023-06-06,1328.8279046207635395213178
2023-06-07,875.4279061513392620043266
2023-06-08,-2075.3420923177886493602159
2023-06-09,701.4079092133798628132182
2023-06-12,273.8379107448448559212687
2023-06-13,759.6979122766063873716893
2023-06-14,-1088.3720861913354854166507
2023-06-15,-2289.7720846589807050137636
2023-06-16,3618.7879168736707860214581
2023-06-19,-1592.8620815933809548587555
2023-06-20,846.5279199398641298089501
2023-06-21,-1573.7420785265939025009438
2023-06-22,-1561.5620769927549943028274
2023-06-23,-1787.2420754586190880999595
2023-06-26,1338.7879260758138736155340
2023-06-27,238.5379276105439483626622
2023-06-28,639.6579291455711936715724
2023-06-30,1298.3779306808956670835505
2023-07-03,2405.2079322165174261510249
2023-07-04,2554.1479337524365284375678
2023-07-05,76.5679352886530315178971
2023-07-06,655.5279368251669929778791
2023-07-07,-321.6620616380215295854692
2023-07-10,-306.7220601009124785639788
2023-07-11,1449.2279414364942036616745
2023-07-12,-541.3820570258014252780286
2023-07-13,2379.5079445122006922585516
2023-07-14,1500.7579460505006139242164
2023-07-17,1020.3679475890983973829300
2023-07-18,1007.0279491279941003098223
2023-07-19,2589.1379506671877803911909
2023-07-20,1175.8879522066794953245031
2023-07-21,-3063.4220462535306971816018
2023-07-24,-1115.3620447134427394073102
2023-07-25,-282.8020431730565736216324
2023-07-26,2337.6279583676278579176000
2023-07-27,-872.0320400913893870362640
2023-07-28,-1034.6220385501082507186928
2023-07-31,780.7279629914713246460304
2023-08-01,-147.8220354666506031551905
2023-08-02,-1899.7720339244739763242624
2023-08-03,-2220.7720323819987370519004
2023-08-04,1164.0179691607751724823734
2023-08-07,807.8479707038478101102334
2023-08-08,64.2079722472192336745516
2023-08-09,-95.8020262091104989705999
2023-08-10,-1626.2520246651413299599462
2023-08-11,-1156.9320231208732014170087
2023-08-14,-269.6420215763060554541016
2023-08-16,212.0379799685601658276698
2023-08-17,-2306.3120184862744796615893
2023-08-18,-1018.5720169408099340005601
2023-08-21,172.5579846049538607432915
2023-08-22,1088.0779861510169625137166
2023-08-23,170.1579876973794292656868
2023-08-24,470.4379892440413189653949
2023-08-25,-319.8820092089973104097420
2023-08-28,-1269.2820076617364008710807
2023-08-29,1368.4879938858241055812504
2023-08-30,1836.5179954336842669583534
2023-08-31,-343.0020030181558587174366
2023-09-01,879.9179985303037865874500
2023-09-04,1561.2680000790632609178199
2023-09-05,-163.3819983718773776702805
2023-09-06,182.0280031774819288904361
2023-09-07,390.8580047271412386785008
2023-09-08,1238.4880062771006097836905
2023-09-11,1643.2980078273601003070301
2023-09-12,-802.3619906220802316392056
2023-09-13,551.8480109287796720685109
2023-09-14,94.7080124799398695649611
2023-09-15,2051.9280140314004189961837
2023-09-18,807.1780155831613785194756
2023-09-20,-2463.7919828647771936966044
2023-09-21,-2354.6419813124152394722353
2023-09-22,-998.8319797597527006163298
2023-09-25,-9.4619782067895189265338
2023-09-26,-1107.0019766535256361892227
2023-09-27,-485.1819750999609941795007
2023-09-28,-3162.3019735460955346611974
2023-09-29,572.3880280080708006131339
2023-10-03,-3162.6119704374619300977819
2023-10-04,-4046.1164688826936685239391
2023-10-05,1023.2653011527207412776818
2023-10-06,2216.1655597077593314885753
2023-10-09,-3767.5641816871379352087845
2023-10-10,4467.8260769680386351309890
2023-10-11,2245.7463356732987383303257
2023-10-12,458.6365944286520720890628
2023-10-13,-662.6331467658916640151919
2023-10-16,322.1471120896772314733032
2023-10-17,1514.7873709953684618887876
2023-10-18,-2810.1123700488082675556374
2023-10-19,-1153.1921110428432497676455
2023-10-20,-2925.4118519867267757753212
2023-10-23,-5905.2115928804491347267954
2023-10-25,-3158.3713337240006138898826
2023-10-26,-3119.0410745173714986517152
2023-10-27,4344.8291847394479274816190
2023-10-30,1242.6294440464673828854427
2023-10-31,392.2397034036965878168516
2023-11-01,-2407.8700371888547355849195
2023-11-02,6521.3893222688231367018665
2023-11-03,794.3274444604668617942083
2023-11-06,1570.8677014942101511254689
2023-11-07,-1635.4920414222769856312363
2023-11-08,484.3882157110150884318998
2023-11-09,-2353.0015271059039879113165
2023-11-10,1434.4987301269754259792820
2023-11-12,469.8689874096629726105843
2023-11-13,-1703.9007552578317036434369
2023-11-15,4427.3795021245010434586360
2023-11-16,846.3697595566708620260271
2023-11-17,1761.4400170386874020361291
2023-11-20,-1438.5597254294396846651357
2023-11-21,1872.1505321522992556370472
2023-11-22,1301.7407897839138785267458
2023-11-23,-574.3089525345861585423564
2023-11-24,449.0813051968088037534021
2023-11-28,1628.1415629781084266080222
2023-11-29,5010.2818208093223730862068
2023-11-30,849.1220786904603081237231
2023-12-01,2099.2523366215318985277645
2023-12-04,5928.1525946025468129773130
2023-12-05,-1359.3671473664852779764977
2023-12-06,391.7231107144452980899795
2023-12-07,702.5633688453482154732678
2023-12-08,140.8136270262331503431297
2023-12-11,-3296.2961147428902192570705
2023-12-12,-1469.2658564620122134100048
2023-12-13,100.7244018688768496759829
2023-12-14,6597.0046602497866536672383
2023-12-15,2532.2149186807268841051609
2023-12-18,-1334.6548228382927715934342
2023-12-19,527.1454356927373758640484
2023-12-20,-2299.3343057261729823536542
2023-12-21,1400.5959529049858467987017
2023-12-22,2182.5462115862235582432288
2023-12-26,2442.8364703175498487792723
2023-12-27,2560.9867290989744170837740
2023-12-28,2030.7569879305069637116350
2023-12-29,-1206.4927531878428089039198
2024-01-01,986.3975057439348035490211
2024-01-02,-6435.3919852741504927385798
2024-01-03,5.2989482135696726692019
2024-01-04,1426.0792791180779237653163
2024-01-05,-1214.4903899133406175881899
2024-01-08,-3006.4200588806735448636830
2024-01-09,1606.4502722160915508687535
2024-01-10,-85.2893966230329190582172
2024-01-11,1870.2009346019654590912812
2024-01-12,863.7112658910991014568026
2024-01-15,1572.3315972443804265820447
2024-01-16,-1061.6380713381781445846862
2024-01-17,-3703.7977398565641886900093
2024-01-18,-1939.7474083107652799750032
2024-01-19,4729.8629232992310097252590
2024-01-20,36.0532549734371109821761
2024-01-23,-5603.8864132881345432259146
2024-01-24,3775.8639185145284824867272
2024-01-25,1076.8842503814386259137124
2024-01-29,2740.9645823126083272569879
2024-01-30,-277.9650856919499708726964
2024-01-31,2677.9052463677761765446780
2024-02-01,1280.1355784917992169388651
2024-02-02,753.1490106801316001498215
2024-02-05,-1991.9876478510585926802037
2024-02-06,4746.2823526043891983116169
2024-02-07,4087.1623530599251778899116
2024-02-08,-1473.7776464844506368693189
2024-02-09,-38.4976460287382288867675
2024-02-12,-5341.4876455729375810798200
2024-02-13,2648.0323548829513236374455
2024-02-14,4155.6923553389285023542592
2024-02-15,3348.7323557949939721631604
2024-02-16,3044.5823562511477501599979
2024-02-19,1528.4523567073898534439310
2024-02-20,589.8223571637202991174297
2024-02-21,-2814.3476423798608957137244
2024-02-22,4365.1323580766462860595626
2024-02-23,531.3023585332418615496974
2024-02-26,-530.5276410100741521275999
2024-02-27,258.7223594466982621467051
2024-02-28,-5317.6176400964408785050387
2024-02-29,2649.5723603605084430428333
2024-03-01,5139.7523608175462439193017
2024-03-02,1803.3423612746725412566634
2024-03-04,850.0823617318873521905333
2024-03-05,136.2923621891906938598438
2024-03-06,482.0223626465825834068459
2024-03-07,2417.8023631040630379771102
2024-03-11,-1277.4276364383679252804730
2024-03-12,-4693.9176359807102892136929
2024-03-13,-11428.3376355229640366670175
2024-03-14,6780.6223649348708495184073
2024-03-15,-3475.0076346072056134952424
2024-03-18,1648.5723658508065914575332
2024-03-19,-6611.2176336910925184544430
2024-03-20,924.7723667670970739409769
2024-03-21,7204.8923672253753858192655
2024-03-22,1747.9023676837424343592214
2024-03-26,1424.5023681421982367429691
2024-03-27,2120.5823686007428101559604
2024-03-28,4412.1023690593761717869748
2024-04-01,5744.9723695180983388281198
2024-04-02,3096.9423699769093284748320
2024-04-03,733.8123704358091579258773
2024-04-04,-605.9876291052021556166475
2024-04-05,1535.3823713538754050526842
2024-04-08,3210.9023718130418571426314
2024-04-09,-721.4876277277027821347151
2024-04-10,3069.2223727316415044360682
2024-04-12,-3324.0876268089252659262618
2024-04-15,-6385.6076263494030759996137
2024-04-16,-1093.3976258897919085585620
2024-04-18,-1925.7676254300917463743453
2024-04-19,1357.5123750296974277851335
2024-04-22,4709.3223754895756311553084
2024-04-23,1083.3923759495428809749502
2024-04-24,1989.6823764095991944861685
2024-04-25,2653.4223768697445889344106
2024-04-26,1296.6823773299790815684638
2024-04-29,2725.8023777903026896404546
2024-04-30,1623.9323782507154304058508
2024-05-02,4663.1223787112173211234606
2024-05-03,-2023.5576208281916209445654
2024-05-06,-3835.3676203675113785327343
2024-05-07,-5287.5876199067419343722103
2024-05-08,3076.9223805541167288091867
2024-05-09,-8443.0476189849353717130194
2024-05-10,3716.0223814761017813400410
2024-05-13,1727.1123819372282052505825
2024-05-14,5108.9523823984439173041668
2024-05-15,1260.4923828597489347897020
2024-05-16,3593.5923833211432749994444
2024-05-17,4427.5023837826269552289981
2024-05-18,2571.0323842441999927773164
2024-05-21,3055.3623847058624049467025
2024-05-22,1246.6323851676142090428090
2024-05-23,5148.2223856294554223746406
2024-05-24,2069.7623860913860622545523
2024-05-27,-113.1876134465938540017476
2024-05-28,-2844.3776129844843090751988
2024-05-29,-3604.3676125222852856433870
2024-05-30,-3999.3776120599967663805440
2024-05-31,885.5023884023812660424536
2024-06-03,18116.5623888648488289580839
2024-06-04,-10904.7376106725940602978181
2024-06-05,-9987.6676102099473843860612
2024-06-06,7065.5223902527888740359034
2024-06-07,8834.2123907156147323139826
2024-06-10,1997.3823911785302077974418
2024-06-11,532.8423916415353178389061
2024-06-12,2581.8123921046300797943601
2024-06-13,3270.1923925678145110231495
2024-06-14,4396.7023930310886288879810
2024-06-18,2569.4923934944524507549235
2024-06-19,-2780.4676060420940060065917
2024-06-20,610.6123944214492759762300
2024-06-21,-2822.0476051149176859204529
2024-06-24,2408.5623953488051256828828
2024-06-25,944.0223958126177281691252
2024-06-26,1057.9823962765201389245286
2024-06-27,1788.7123967405123753387136
2024-06-28,1240.4723972045944548046680
2024-07-01,3387.2323976687663947187473
2024-07-02,2125.1251381330282124806759
2024-07-03,3393.2563027189394420745906
2024-07-04,2469.0663039393381029237254
2024-07-05,3188.6763051599730701837461
2024-07-08,659.3763063808443896107828
2024-07-09,430.3363076019521069698253
2024-07-10,732.0363088232962680347249
2024-07-11,1327.2763100448769185881962
2024-07-12,-371.0636887333058955781814
2024-07-15,2545.1963124887478713360381
2024-07-16,582.1163137110382651401695
2024-07-18,-1433.2836850664346683476030
2024-07-19,-9019.7936838436708833002228
2024-07-22,2017.5163173793296661182399
2024-07-23,-10112.6036813974329742474100
2024-07-24,-1693.9236801739587585434900
2024-07-25,11.5163210497523590925602
2024-07-26,7939.3163222737004245321820
2024-07-29,-2052.9236765021145163443016
2024-07-30,-2117.2336752776924176476834
2024-07-31,3391.7463259469667665201293
2024-08-01,529.5363271718630820661162
2024-08-02,-4417.9073316030034250938537
2024-08-05,-11373.6385387672130051339677
2024-08-06,-8444.7685307390534986461393
2024-08-07,10810.4614772906605044335471
2024-08-08,-2685.9185146780706948969462
2024-08-09,5079.7214933547532044186259
2024-08-12,-1128.8084986108674965051981
2024-08-13,-4873.5184905749324964955748
2024-08-14,227.0015174625585056786557
2024-08-16,8271.3515255016058113069806
2024-08-19,2450.1515335422097217372263
2024-08-20,4109.0415415843705383755687
2024-08-21,1209.4615496280885626865460
2024-08-22,2418.2215576733640961930681
2024-08-23,-783.9484342798025595235700
2024-08-26,3391.2615737685888971763211
2024-08-27,131.2215818185387679908382
2024-08-28,876.8115898700473546764954
2024-08-29,410.2215979231149590482367
2024-08-30,1926.9316059777418829794461
2024-09-02,590.5516140339284284019600
2024-09-03,656.7516220916748973060775
2024-09-04,364.4716301509815917405729
2024-09-05,-1643.3083617881511861872944
2024-09-06,-5144.3883537257231343117673
2024-09-09,-15.0783456617339504085804
2024-09-10,2116.1516624038166678050518
2024-09-11,-3109.0883295290709773295544
2024-09-12,8293.0516785396034165874599
2024-09-13,702.5316866098401520145077
2024-09-16,70.2816946816395314685667
2024-09-17,101.6517027550018575251918
2024-09-18,-1616.4482891700725671814749
2024-09-19,-1564.1782810935834399586920
2024-09-20,6553.5317269844695419448930
2024-09-23,6509.7617350640866813392539
2024-09-24,311.4217431452682810929978
2024-09-25,-241.8882487719853558666231
2024-09-26,3241.5717593123260734462987
2024-09-27,2648.0017673982028720763385
2024-09-30,-3975.9682245143546568732500
2024-10-01,-824.0982164253462102405228
2024-10-03,-10366.1982083347714848048348
2024-10-04,-3935.6282002426301772868279
2024-10-07,-8897.4281921489219843484202
2024-10-08,5478.5618159463533974072063
2024-10-09,2740.9518240431962714356159
2024-10-10,-29.7181678583930587488685
2024-10-11,-181.9481597584142895731547
2024-10-14,2892.2618483431328825946311
2024-10-15,122.9018564462487614451544
2024-10-16,-1799.0981354490663492721151
2024-10-17,-8480.6381273428121457488926
2024-10-18,1923.3618807650116758819331
2024-10-21,-5165.6381111255945804536886
2024-10-22,-11194.3381030146306107709592
2024-10-23,-1275.0180949020961110262193
2024-10-24,-2253.0180867879907771169376
2024-10-25,-4974.1780786723143048816989
2024-10-28,2555.6619294449336098998065
2024-10-29,3362.8019375637532715067949
2024-10-30,-2356.5980543158550157225996
2024-10-31,-2612.7180461938909473913141
2024-11-01,5164.9319619296457809566553
2024-11-04,-9218.4080299452445261637360
2024-11-05,3557.7519781814384358214314
2024-11-06,9307.5019863096949715450510
2024-11-07,-5944.5380055604746143009970
2024-11-08,-4026.2679974290700169658348
2024-11-11,877.9820107039090683604241
2024-11-12,-8816.3979811615370534533128
2024-11-13,-8378.7279730254080774791063
2024-11-14,1182.1320351122963012700260
2024-11-18,-1223.7079567484236121598786
2024-11-19,2009.0920513924324873362836
2024-11-21,-5535.9979404651350950773064
2024-11-22,9926.3020676788739458226220
2024-11-25,8984.2520758244599153184392
2024-11-26,480.0220839716231187516283
2024-11-27,3492.1920921203638615227954
2024-11-28,-3061.7878997293175509083181
2024-11-29,3787.3421084225791869771747
2024-12-02,3230.4921165760543807573194
2024-12-03,-191.2571152688916639306696
2024-12-04,1140.8611385997180327176308
2024-12-05,988.2111407564907383120511
2024-12-06,1679.5911429136810608979563
2024-12-09,331.3111450712890813387355
2024-12-10,2981.1911472293148805134365
2024-12-11,1951.1811493877585393167667
2024-12-12,912.7611515466201386590980
2024-12-13,-3684.7688462941002405335316
2024-12-16,377.4811558655974826805860
2024-12-17,-5318.1188419742866107411682
2024-12-18,-2899.1088398137524398257378
2024-12-19,-4785.9388376527999235843873
2024-12-20,-9377.0988354914289810126993
2024-12-23,2986.7611666703604689094286
2024-12-24,-895.1788311674314927822134
2024-12-26,1948.5811709951952149638558
2024-12-27,-1223.3788268417593267851882
2024-12-30,-2903.7988246782950369464734
2024-12-31,-1009.4143625144118344214270
