date,pnl
2008-03-18,0
2008-03-19,19.3630506544079874259124
2008-03-24,19.3667999317144391218134
2008-03-25,19.3705499349953548401798
2008-03-26,19.3743006643913053842181
2008-03-27,19.3780521200428887759310
2008-03-28,19.3818043020907302613872
2008-03-31,19.3855572106754823159932
2008-04-01,19.3893108459378246497655
2008-04-02,320.7985652080184642126040
2008-04-03,487.4303090336154156967822
2008-04-04,270.2821873093672287636522
2008-04-07,96.5640659488105270835488
2008-04-08,878.3059449520157324229874
2008-04-09,-1032.6121756809467198157145
2008-04-10,1269.1797040499936194082033
2008-04-11,-337.7284158550927872234152
2008-04-15,270.2934646038645366149981
2008-04-16,574.3053454269360808953787
2008-04-17,1052.0372266141923492386703
2008-04-21,-1857.7708918342961410825308
2008-04-22,-77.1390099184588591413338
2008-04-23,9.7228723617747396460918
2008-04-24,-1119.4552449935247864768406
2008-04-25,-337.7133619842868656044884
2008-04-28,444.0285213895590878336639
2008-04-29,-33.6995948719163269243476
2008-04-30,-728.5777107686424969703210
2008-05-02,-511.42582630054879572324125
2008-05-05,-377.62274146756458292663240
2008-05-06,555.31940644927032265670163
2008-05-07,472.13942182478131773605932
2008-05-08,-641.84056279673051920223157
2008-05-09,-154.67054741526461168762681
2008-05-12,-24.47053203082038313795948
2008-05-13,-351.10051664339725685941891
2008-05-14,349.35949874700534395347105
2008-05-15,1002.61951414038799621787372
2008-05-16,1397.3195295367512769626613
2008-05-20,889.5195449360957633284360
2008-05-21,1608.8595603384220325675526
2008-05-22,-517.1904242562693379558609
2008-05-23,-753.2504088479777707658809
2008-05-26,-1153.5303934367026882747671
2008-05-27,402.2896219775564872170597
2008-05-28,-1384.1003626051996664789614
2008-05-29,-258.5103471849705714395090
2008-05-30,-1178.23033176175564962935833
2008-06-02,-925.01031633555432290135938
2008-06-03,129.76969909363398700358487
2008-06-04,-990.15471525852008592586324
2008-06-05,-121.55302384091078639828846
2008-06-06,443.03866790420856159553042
2008-06-09,1572.22035997690137399217621
2008-06-10,-1120.43794762276892099250838
2008-06-11,-642.70625489473888286104306
2008-06-12,-251.83456183894505883193189
2008-06-13,-251.83286845532398383728471
2008-06-16,312.75882525618781947956189
2008-06-17,616.77051929565384076642406
2008-06-18,-34.67778633686241803534941
2008-06-19,443.05390835870255731150335
2008-06-20,399.62560338241229334253815
2008-06-23,703.63729873433032889398605
2008-06-24,-859.84100558547978489486484
2008-06-25,-425.53930957695448457928711
2008-06-26,225.91238675996980559326862
2008-06-27,2006.54408342535667368555699
2008-06-30,1355.0957804192697200729212
2008-07-01,-295.2425222582274425543223
2008-07-02,-208.3808246070711891884999
2008-07-03,703.6508733728021174978047
2008-07-04,-512.3874283185438728458645
2008-07-07,-425.5257296810454982454494
2008-07-08,443.0759692853609156000080
2008-07-09,-642.6723314192609446792464
2008-07-10,443.0793682051526198787071
2008-07-11,790.5210681586653205698505
2008-07-14,573.3727684413408810266167
2008-07-15,1876.2744690532430372202776
2008-07-16,-468.9438300055644625366665
2008-07-17,-1163.8221287350178575880973
2008-07-18,-251.7904271350533749318883
2008-07-21,269.3712747943927707824858
2008-07-22,312.8029770533843772563398
2008-07-23,-3118.1653203580147454558299
2008-07-24,312.8063825602592250560457
2008-07-25,-34.6319141917298764399981
2008-07-28,8.7997893860817971844317
2008-07-29,95.6614932937581054204806
2008-07-30,-1120.37680246863707987556061
2008-07-31,312.81490209896012552013861
2008-08-01,-338.63339300338638179865619
2008-08-04,8.80831222438730713414997
2008-08-05,-1641.52998221765488634062219
2008-08-06,269.39172367055097149496955
2008-08-07,-512.34657011093117326161441
2008-08-08,-34.61486356203736213099840
2008-08-11,-642.63315668270362424949398
2008-08-12,-251.76144947286597636670201
2008-08-13,-338.61974193246042284311413
2008-08-14,616.84196593857704435228611
2008-08-18,-816.34632585968955435557740
2008-08-19,225.97538267280381385452658
2008-08-20,139.11709153612119420253687
2008-08-21,877.42880073032664430950068
2008-08-22,-382.03948974451576580002517
2008-08-25,-295.17777988834195369557256
2008-08-26,-729.47606970108782453835989
2008-08-27,877.43564081731072892111056
2008-08-28,-78.02264833308217365454434
2008-08-29,182.55906284779759981281507
2008-09-01,139.13077436001419381925521
2008-09-02,-1033.47751379636823471882623
2008-09-04,139.13419837871448353770464
2008-09-05,-425.45408911467346964687661
2008-09-08,95.70762372353209991925309
2008-09-09,-34.58066310660460114212931
2008-09-10,-642.59894960501935377688616
2008-09-11,-729.45723577164792649611181
2008-09-12,182.57447839357392462627511
2008-09-15,877.45619289071045595593991
2008-09-16,573.44790771982593630054054
2008-09-17,95.71962288098464691213674
2008-09-18,3787.27133837425088148959966
2008-09-19,-1294.03694580031105381897819
2008-09-22,1138.04477035736315958612799
2008-09-23,573.4564868473378527586858
2008-09-24,-164.8517963303226307910826
2008-09-25,182.5899208244460649059116
2008-09-26,-164.8483616882916917199641
2008-09-29,1007.7633561315284802253497
2008-09-30,139.1650742839709741020174
2008-10-01,-816.2932072308998042612774
2008-10-03,-816.2914884130194365649183
2008-10-06,1007.7702307376765079640598
2008-10-07,1528.9319502212524725743843
2008-10-08,1224.9236700377729129929621
2008-10-10,1442.0753901873022974272952
2008-10-13,-3248.3628893300948934321031
2008-10-14,-772.8511685143541664092906
2008-10-15,1007.7805526345889841595213
2008-10-16,-295.1177258832009235716142
2008-10-17,-1554.5860040676593589559618
2008-10-20,-164.8242819187217788516835
2008-10-21,-816.27255943632362761942068
2008-10-22,-1294.00083662040033711987327
2008-10-23,-1467.71911347088732671137978
2008-10-24,-1598.00738998772000324749634
2008-10-27,530.06433382916623892542459
2008-10-28,2223.83605797983601797065597
2008-10-29,-121.38221753564603543648153
2008-10-31,-1511.14049271721527810619686
2008-11-03,226.06123243519294566819464
2008-11-04,-140.96927207835669588730517
2008-11-05,18.64894390606572224845952
2008-11-06,18.65255491052076588578322
2008-11-07,18.65616661417643128613552
2008-11-10,18.65977901716810502008433
2008-11-11,18.66339211963119987316779
2008-11-12,18.66700592170115485097032
2008-11-14,18.67062042351343518419957
2008-11-17,18.67423562520353233376445
2008-11-18,18.67785152690696399585407
2008-11-19,18.68146812875927410701770
2008-11-20,18.68508543089603284924571
2008-11-21,18.68870343345283665505146
2008-11-24,18.69232213656530821255426
2008-11-25,18.69594154036909647056317
2008-11-26,18.69956164499987664366197
2008-11-28,18.70318245059335021729493
2008-12-01,18.70680395728524495285371
2008-12-02,-1773.57457383478868510723487
2008-12-03,878.75703201767816827509283
2008-12-04,-708.84115617547249952743530
2008-12-05,-293.03934401780208933373662
2008-12-08,160.56246849075732851922761
2008-12-10,160.56428135027369684775120
2008-12-11,954.36609456081497162392991
2008-12-12,-104.03209187755087802179123
2008-12-15,349.56972203524413020193000
2008-12-16,198.37153629926799174988131
2008-12-17,538.57335091458871524284476
2008-12-18,425.17516588127432247014612
2008-12-19,-1011.22301880060715160779534
2008-12-22,387.37879686901234114308352
2008-12-23,311.78061289020086203304050
2008-12-24,84.98242926302648555107936
2008-12-26,-141.81575401244270063249831
2008-12-29,1710.38606306386140433645914
2008-12-30,-368.61211950799308550149374
2008-12-31,84.98969827206195708315375
2009-01-01,651.99151640409467251142231
2009-01-02,9.39333488817321439839684
2009-01-05,-671.00484627563425044421872
2009-01-06,-633.20302708725954200554617
2009-01-07,727.59879245336553292702275
2009-01-09,-292.99938765369081922961741
2009-01-12,122.80243259163962114827094
2009-01-13,-973.39574681057491310617428
2009-01-14,311.80607413973382405214287
2009-01-15,-595.39210455736590811716539
2009-01-16,538.60971709819416286258821
2009-01-19,538.61153910648232268772514
2009-01-20,-141.78663853243312972323914
2009-01-21,1370.21518418151611777296501
2009-01-22,-330.78299275160160945307785
2009-01-23,538.61883066828202719909295
2009-01-27,765.42065444123537956237587
2009-01-28,-670.97752143267318729533052
2009-01-29,-255.17569695337529506856504
2009-01-30,2239.62612787919744778825956
2009-02-02,-66.1720469348865539365801
2009-02-03,-406.3702213955588822095532
2009-02-04,-368.5683955027511057493109
2009-02-05,463.0334307436052199758798
2009-02-06,160.6352573435785527507008
2009-02-09,-217.3629157027626363846503
2009-02-10,-179.5610883953498631318935
2009-02-11,1143.4407392658853700679002
2009-02-12,1181.2425672810115740368772
2009-02-13,-141.7556043499027271370313
2009-02-16,349.6462243732110039024602
2009-02-17,1975.0480534504213177825598
2009-02-18,2012.8498828817967784039684
2009-02-19,-670.9482873325940370565499
2009-02-20,349.6535428073174618564019
2009-02-24,-103.9446266984001211205743
2009-02-25,-1767.1427958496781689671004
2009-02-26,-217.3409646464480513764496
2009-02-27,500.8608669113588752470254
2009-03-02,1483.6626988238112677904665
2009-03-03,-1351.3354689090222035649164
2009-03-04,-595.3336362870728553412721
2009-03-05,9.4681966897280092384680
2009-03-06,1332.4700300214491002531636
2009-03-09,-28.3281362918408589139579
2009-03-12,-1086.7263022500731315727255
2009-03-13,274.0755321468210322765516
2009-03-16,47.2773668989103959456618
2009-03-17,-330.7207979937362639389320
2009-03-18,-368.5189625310501574335133
2009-03-19,274.0828732870375187254653
2009-03-20,1370.2847094605955811239628
2009-03-23,85.0865459896928596729279
2009-03-24,-897.7116171256018023891198
2009-03-25,-670.9097798852195484935098
2009-03-26,689.8920577109084912611612
2009-03-27,9.4938956628512001116095
2009-03-30,9.4957339706774746324483
2009-03-31,-519.7024273655437752612310
2009-04-01,-66.1005883457436263112753
2009-04-02,-633.0987489698531419138858
2009-04-06,-2598.6969092378033721170345
2009-04-08,1181.3049308504746463821209
2009-04-09,-557.4932287049501097601780
2009-04-13,9.5086120959913494682952
2009-04-15,236.3104532533680274383380
2009-04-16,-179.4877052327510591180947
2009-04-17,-973.2858633622968801053029
2009-04-20,236.3159788647996079387457
2009-04-21,916.7178214486074618450036
2009-04-22,-66.0803356108042481840670
2009-04-23,122.9215076866335614280941
2009-04-24,1143.5233513409899876347349
2009-04-27,274.1251953523341407683816
2009-04-28,-368.4729602792648554565707
2009-04-29,-633.0711155537378639412675
2009-05-04,-481.8692704710157341998024
2009-05-05,917.2019749689706976433743
2009-05-06,-559.5244502583424670920871
2009-05-07,781.5655508162568212447912
2009-05-08,-947.2444481089358152137977
2009-05-11,-686.3344470339203361781469
2009-05-12,1734.7555540413032986492523
2009-05-13,407.3455551167351295737114
2009-05-14,-715.5844438076248030916541
2009-05-15,1397.0755572682235409740775
2009-05-18,7321.8655583442802020996353
2009-05-19,-1276.8244405794547793784431
2009-05-20,-730.2544395029813631158095
2009-05-21,-282.6844384262995087603037
2009-05-22,1072.8955626505908240480479
2009-05-25,70.7455637276896756770335
2009-05-26,-1314.1744351950029134977419
2009-05-27,2490.6655658825130969071444
2009-05-28,481.5955669602377472829348
2009-05-29,2044.5355680381710780286926
2009-06-01,1682.4655691163131295513033
2009-06-02,-2035.8631798053360577345231
2009-06-03,970.5517105229612008211557
2009-06-04,2145.7417108541706282537501
2009-06-05,990.3417111854441879355506
2009-06-08,-5362.8582884832181077154832
2009-06-09,2582.0617118481837537210134
2009-06-10,3447.2817121796497846678095
2009-06-11,123.4117125111799975500800
2009-06-12,-1129.2782871572255952045945
2009-06-15,-1316.7782868255669811662267
2009-06-16,1941.6317135061558520975768
2009-06-17,-4464.9682861620570829783824
2009-06-18,-2552.7582858302057739568957
2009-06-19,1950.3717145017097916016543
2009-06-22,-1817.3282851663103738607070
2009-06-23,122.5217151657337421004559
2009-06-24,1855.6817154978421519319872
2009-06-25,-1001.5582841699851319168582
2009-06-26,3214.6417161622519030055848
2009-06-29,1554.9817164945532691533927
2009-06-30,-3309.2782831730810210169472
2009-07-01,529.2517171593490449534654
2009-07-02,490.5617174918434795259421
2009-07-03,1832.2817178244022951642083
2009-07-06,-6527.5782818429744956655978
2009-07-07,948.6917184897131195050760
2009-07-08,-4741.3782811775348468528037
2009-07-09,-105.5682808447183822658558
2009-07-10,-1863.4082805118374742582835
2009-07-13,-1749.3382801788921103518751
2009-07-14,3969.6217201541177219339981
2009-07-15,3508.7217204871920350823810
2009-07-16,127.3117208203308415787357
2009-07-17,2594.9917211535341539109416
2009-07-20,3463.9417214868019845692967
2009-07-21,-724.3782781798656539534830
2009-07-22,-952.2282778464687491622624
2009-07-23,2372.9917224869927114405133
2009-07-24,1366.5917228205187403548182
2009-07-27,304.8917231541093500830477
2009-07-28,748.3117234877645531300170
2009-07-29,-1565.7882761785156379970366
2009-07-30,379.1417241552687892115458
2009-07-31,2847.0817244891178472678450
2009-08-03,2163.1017248230315486863649
2009-08-04,-1458.0982748429900940159675
2009-08-05,1272.9617254910529316801984
2009-08-06,-2815.3482741748393617033627
2009-08-07,-2890.8482738406669616424512
2009-08-10,-1333.3882735064298556104429
2009-08-11,22.6817268278719689217120
2009-08-12,203.2217271622385244854899
2009-08-13,4039.5117274966698236147929
2009-08-14,281.9717278311658788459506
2009-08-17,-4836.0182718342732972822804
2009-08-18,1835.9417285003523077712847
2009-08-19,-2189.3882711649572934497410
2009-08-20,1717.9717291697979116006843
2009-08-21,1378.9917295046179354710318
2009-08-24,2372.4617298395027907122023
2009-08-25,85.0117301744524898775273
2009-08-26,1223.5117305094670455227682
2009-08-27,-149.5782691554535297938814
2009-08-28,886.0717311796907764882027
2009-08-31,-556.8382684851000230679222
2009-09-01,-2194.3482681498259158967672
2009-09-02,184.4917321855131105695907
2009-09-03,-1153.2082674790829310984928
2009-09-04,2422.9717328563859716717724
2009-09-07,2448.6117331919198314556108
2009-09-08,761.7217335275186608306818
2009-09-09,50.3917338631824723770804
2009-09-10,191.1117341989112786773371
2009-09-11,-245.7582654652949076835808
2009-09-14,-158.3182651294360741182693
2009-09-15,2461.6117352064877919631126
2009-09-16,1239.9317355424767031528442
2009-09-17,1337.2917358785306720456427
2009-09-18,-570.0782637853502887613361
2009-09-22,1676.4417365508338333315033
2009-09-23,-1609.7982631129169490738045
2009-09-24,1397.4317372233973766272157
2009-09-25,-397.9882624402231769585206
2009-09-29,886.8417378962214027783433
2009-09-30,1355.3017382327311284496056
2009-10-01,-78.0982614306939873304932
2009-10-05,-918.3782610940539319452707
2009-10-06,-155.6682607573486927756008
2009-10-07,99.6717395794217428000856
2009-10-08,628.1517399162573874058015
2009-10-09,-140.6482597468417463319954
2009-10-12,1591.4817405901243542155971
2009-10-14,2287.2817409271557016799268
2009-10-15,1774.6917412642523086947873
2009-10-16,1164.1417416014141878964184
2009-10-17,8.3317419386413519235066
2009-10-20,-489.2582577240661865828141
2009-10-21,-2015.2982573867084149789624
2009-10-22,-1579.0782570492853206189084
2009-10-23,657.4517432882031091458262
2009-10-26,-1058.6882563742431130338311
2009-10-27,-5013.7882560366239745045031
2009-10-28,89.8017443010605373896371
2009-10-29,-928.6582553611895646931323
2009-10-30,-661.6382550233742680920829
2009-11-03,-3753.7582546854935601440344
2009-11-04,3679.0317456524525718166458
2009-11-05,2379.9717459904641404580420
2009-11-06,1130.9417463285411584506920
2009-11-09,3156.6917466666836384675868
2009-11-10,-54.9382529951084068158286
2009-11-11,2166.8817473431650352783451
2009-11-12,-940.5982523184960225695383
2009-11-13,1038.7817480199084323233309
2009-11-16,1441.9717483583784126422179
2009-11-17,-579.7082513030860689251562
2009-11-18,353.5717490355150003113871
2009-11-19,-1701.9582506258183669555170
2009-11-20,1573.3517497129138419692246
2009-11-23,308.4317500517116397831630
2009-11-24,-786.7082496094249608136917
2009-11-25,637.1317507295040528811292
2009-11-26,-1350.7482489315013064274457
2009-11-27,-1480.2482485924410260320277
2009-11-30,1397.7217517466849067772320
2009-12-01,2626.1917520858765047126441
2009-12-02,-440.6982475748662195110203
2009-12-03,1908.6717527644567468234728
2009-12-04,-1238.9882468961545835641809
2009-12-07,-260.2782465567001979518220
2009-12-08,1221.7317537828199163851714
2009-12-09,-220.0482458775942278261141
2009-12-10,177.9917544620573821438719
2009-12-11,-326.9182451982252409728550
2009-12-14,-1245.4882448584420844418142
2009-12-15,-807.8482445185931355260592
2009-12-16,-292.7782441786783814861771
2009-12-17,11.5817561613021904197115
2009-12-18,-1002.3282434986514070640466
2009-12-21,41.8917568414608388093630
2009-12-22,1638.0417571816389407892229
2009-12-23,2620.6317575218829116272844
2009-12-24,852.3417578621927640777679
2009-12-29,187.7417582025685108973632
2009-12-30,-64.2082414569898351547695
2009-12-31,52.6317588835177386830006
2010-01-04,1819.8817592240912451747748
2010-01-05,1232.9017595647306970871266
2010-01-06,1344.4417599054361071891011
2010-01-07,-797.2782397537925117477841
2010-01-08,-962.8682394129551469495383
2010-01-11,1006.3517609279482143603025
2010-01-12,-1100.6282387310824150393236
2010-01-13,985.0217616099529776329956
2010-01-14,681.2617619510544051611474
2010-01-15,55.4717622922218803314944
2010-01-18,413.4717626334554159328749
2010-01-19,-1296.2882370252449752433961
2010-01-20,-249.7082366838792804035274
2010-01-21,-2934.3282363424474867512500
2010-01-22,-1577.8982360009495814878175
2010-01-25,-2217.5082356593855518120051
2010-01-27,-4003.2982353177553849201093
2010-01-28,553.3017650239409319940525
2010-01-29,909.2317653657034117391426
2010-02-01,1004.5217657075320671263035
2010-02-02,-1395.6482339505730890308417
2010-02-03,2530.6117663913879560838113
2010-02-04,-1994.6182332665847847111519
2010-02-05,-3297.0482329244912985946634
2010-02-06,5420.8817674176684272568274
2010-02-08,-4084.1182322401055943306463
2010-02-09,829.5917681021866494714327
2010-02-10,-1333.6782315554548285059350
2010-02-11,1529.7517687869699845707364
2010-02-15,95.2917691294611015374171
2010-02-16,712.1517694720185352325628
2010-02-17,1010.0117698146422984971153
2010-02-18,-798.6982298426675958254971
2010-02-19,-653.4282294999111348893596
2010-02-22,-575.8082291570883058460699
2010-02-23,-100.3682288141990958447375
2010-02-24,-45.4282284712434920319841
2010-02-25,-390.3082281282214815519423
2010-02-26,2323.4917722148669484537445
2010-03-02,2361.7717725580218108459226
2010-03-03,2734.6017729012431184879290
2010-03-04,336.2617732445308842455907
2010-03-05,739.9817735878851209872264
2010-03-08,740.3917739313058415836466
2010-03-09,-944.3782257252069410918465
2010-03-10,-300.6982253816532141634577
2010-03-11,155.8417749619670352471015
2010-03-12,102.2017753056538200206128
2010-03-15,-426.8782243505928469596477
2010-03-16,1449.2917759932270471920906
2010-03-17,25.4017763371135153640935
2010-03-18,394.9817766810665704471221
2010-03-19,928.1317770250862253344339
2010-03-22,-1281.4582226308275070782174
2010-03-23,-56.8882222866746138925808
2010-03-25,869.4117780575449177920918
2010-03-26,1143.7017784018311008790470
2010-03-29,-170.6682212538160517259707
2010-03-30,108.2917790906034728852827
2010-03-31,363.0817794350896876235503
2010-04-01,879.5717797796426054020750
2010-04-05,1726.8317801242622391366004
2010-04-06,160.5117804689486017453710
2010-04-07,743.6417808137017061491322
2010-04-08,-1465.9482188414784347288682
2010-04-09,879.5717815034081920371197
2010-04-12,-973.0282181516384006246514
2010-04-13,-291.7682178066181997834256
2010-04-15,-713.5682174615311925059430
2010-04-16,-499.0082171163773658564393
2010-04-19,-1535.8382167711567068966460
2010-04-20,398.6417835741307973142113
2010-04-21,465.6917839194851597194122
2010-04-22,942.5517842649063932647428
2010-04-23,1170.9317846103945108984960
2010-04-26,42.0617849559495255714714
2010-04-27,-95.6982146984285497630231
2010-04-28,-2412.1582143527397021491719
2010-04-29,1011.4317859930160813713495
2010-04-30,1309.2917863388388137593743
2010-05-03,-561.3882133152714920217540
2010-05-04,-2135.2182129693148230061823
2010-05-05,468.5317873767088337744531
2010-05-06,-1297.7082122772005087089727
2010-05-07,-2319.7082119310428374830736
2010-05-10,3760.6717884151818604280493
2010-05-11,-1403.5682112385264019971933
2010-05-12,-313.0982108921676117778773
2010-05-13,2707.3717894542582440694349
2010-05-14,-2083.8182101992488214693052
2010-05-16,0.0017901473112045943684
2010-05-17,102.2017904939383352514365
2010-05-18,-962.8682091593674165046041
2010-05-19,-2956.4782088126060376777416
2010-05-20,604.8717915342224847305533
2010-05-21,-2184.7882081188818362786740
2010-05-24,863.9217922280810122981395
2010-05-25,-3897.6082074248889565329249
2010-05-26,2292.8917929222082702367318
2010-05-27,1412.3117932693727056182280
2010-05-28,1751.8217936166043626252013
2010-05-31,1440.1417939639032542738089
2010-06-01,-2274.3982056887306064172714
2010-06-02,348.3136946587027935731590
2010-06-03,610.3001437058806087012442
2010-06-04,330.5001437337064511568701
2010-06-07,262.7001437615376815444657
2010-06-08,903.8001437893743009072989
2010-06-09,43.7001438172163102888400
2010-06-10,39.5001438450637107327606
2010-06-11,-956.0498561270834967170647
2010-06-14,213.7001439007746889834401
2010-06-15,479.5001439286382688785535
2010-06-16,406.2501439565072440127560
2010-06-17,307.9501439843816154307308
2010-06-18,-552.5998559877386158226374
2010-06-21,1375.0501440401465512977394
2010-06-22,-1043.1498559319628821628493
2010-06-23,1040.3501440959330848410888
2010-06-24,-119.4498558761655466447516
2010-06-25,1185.1501441517412244255267
2010-06-28,392.2501441796533990980233
2010-06-29,267.2001442075709784190405
2010-06-30,434.4001442354939634350832
2010-07-01,74.5001442634223551928587
2010-07-02,-1398.6998557086438452607228
2010-07-05,-343.0998556807046368785484
2010-07-06,669.2501443472399813866975
2010-07-07,-1258.2498556248099894174667
2010-07-08,1175.3501444031454517566801
2010-07-09,-196.7498555688936940429378
2010-07-12,53.3501444590725742318066
2010-07-13,918.1001444870442576292430
2010-07-14,-240.4498554849786428020953
2010-07-15,352.9001445430038739865275
2010-07-16,-290.9998554290081909559497
2010-07-19,-296.5998554010148365803844
2010-07-20,-257.2498553730160618374316
2010-07-21,1143.0001446549881343224573
2010-07-22,-255.8498553170022470509660
2010-07-23,399.2501447110127950922536
2010-07-26,-1563.3998552609667381977260
2010-07-27,326.3001447670591541294573
2010-07-28,-992.4498552049095268756319
2010-07-29,78.7001448231272198377751
2010-07-30,286.8001448511693953206500
2010-08-02,348.7001448792170006241683
2010-08-03,705.8276949072700367997087
2010-08-04,-163.4165580115397904538830
2010-08-05,-412.2265573450658213846310
2010-08-06,307.2434433215371973768502
2010-08-09,397.1434439882692908185180
2010-08-10,-339.3965553448695160668318
2010-08-11,-466.7465546778791982815643
2010-08-12,-11.4065540107597308232040
2010-08-13,678.5734466564889113155657
2010-08-16,-67.3065526761332468530964
2010-08-17,126.8934479913738196878115
2010-08-18,2071.7834486590101359601355
2010-08-19,1425.8334493267757269905665
2010-08-20,-1510.7565500053293821893584
2010-08-23,1987.5434506626948334567442
2010-08-24,-1073.4065486691516010298938
2010-08-25,-1601.1165480008686606031924
2010-08-26,362.2234526675436797877788
2010-08-27,-1740.7965466639145548011998
2010-08-30,-738.3765459952433393094962
2010-08-31,-678.3365453264426486716253
2010-09-01,2057.1534553424875421827509
2010-09-02,1075.7508560115472583288246
2010-09-03,770.4518064453814522715077
2010-09-06,1064.0018067951643865263247
2010-09-07,168.1518071450150494278818
2010-09-08,-819.8481925050665459094886
2010-09-09,1172.3018078449196136310849
2010-09-13,759.0518081949735411690136
2010-09-14,511.1018085450952498262493
2010-09-15,1208.4018088952847527272844
2010-09-16,-1399.3481907544579370008475
2010-09-17,666.9018095958671937714294
2010-09-20,1590.3018099462601581762329
2010-09-21,-1231.1981897032790306517765
2010-09-22,280.2518106472496404246052
2010-09-23,-286.8981890021538154548743
2010-09-24,598.5018113485106148520768
2010-09-27,777.1018116992429444902953
2010-09-28,-1361.3481879499568133928371
2010-09-29,86.4518124009113543526075
2010-09-30,-807.4981872481525391208972
2010-10-01,2081.4518131028515193416694
2010-10-04,1650.0592134539235428978752
2010-10-05,363.7630602820863715676182
2010-10-06,657.5330608746503421195184
2010-10-07,-427.3069385326709488668036
2010-10-08,-627.8869379398774791744815
2010-10-11,1669.5130626530307734176533
2010-10-12,-1952.9569367539461688649284
2010-10-13,2491.2330638391917162075480
2010-10-14,-987.1469355675555491308384
2010-10-15,-3299.9869349741879426417037
2010-10-18,919.4130656192945579176423
2010-10-19,-589.8669337871080252058033
2010-10-20,-313.7869331933956697607358
2010-10-21,2669.2330674004316465084579
2010-10-22,-319.6069320056260541382994
2010-10-25,687.2530685884312505632251
2010-10-26,-400.8469308173964171184250
2010-10-27,-962.3169302231090349103937
2010-10-28,-525.3069296287065805355128
2010-10-29,-283.1369290341890317123002
2010-11-01,2233.2330715604436338450405
2010-11-02,1194.7930721551914384266205
2010-11-03,564.0330727500544043268678
2010-11-04,1390.2530733450325538445265
2010-11-05,516.0030739401259092826592
2010-11-08,-20.6369254646655070513538
2010-11-09,290.9030751306583271541879
2010-11-10,226.0330757260974342153046
2010-11-11,-1969.4069236783481635476624
2010-11-12,-3074.2669230826784438100495
2010-11-15,-408.5269224868933842428710
2010-11-16,-2540.8869218909929625128170
2010-11-18,390.8430787050228437177463
2010-11-19,-3002.3369206988459432092216
2010-11-22,2369.3330798974006990525645
2010-11-23,-472.1569195062372071462830
2010-11-24,-2544.0669189097596394508241
2010-11-25,-3921.0469183131665755017901
2010-11-26,-1466.9869177164579929355830
2010-11-29,2469.2730828803661306157255
2010-11-30,536.9530834773058175243951
2010-12-01,3876.2030840743610901670170
2010-12-02,1007.4830846715319709245155
2010-12-03,-1438.8969147311815178178514
2010-12-06,-760.4169141337793536704917
2010-12-07,-1118.9769135362615142394776
2010-12-08,-2402.8469129386279771265452
2010-12-09,-3816.9169123408787199290941
2010-12-10,422.1930882569862797598146
2010-12-13,2194.8230888549670443514580
2010-12-14,1723.6730894530635962614529
2010-12-15,-1344.7769099487240420902435
2010-12-16,1220.9430906496041517206669
2010-12-20,-858.1069087519517998771755
2010-12-21,977.4530918466081255492125
2010-12-22,-154.7969075547160495628422
2010-12-23,24.5230930440756972283319
2010-12-24,-506.9169063570166116312484
2010-12-27,620.1330942420070463087799
2010-12-28,-70.2969051588533064968730
2010-12-29,1012.6030954404023524108510
2010-12-30,124.1530960397740454953588
2010-12-31,1470.8730966392617952244066
2011-01-03,123.5330972388656240701015
2011-01-04,434.4246978385855545089015
2011-01-05,-1101.4348789785034063946169
2011-01-06,-1151.3544519998030230103517
2011-01-07,-1397.4740249384265375873189
2011-01-10,-1181.3535977943579415100017
2011-01-11,-535.9931705675812230631267
2011-01-12,1897.9672567419196325689355
2011-01-13,-1017.0723158658393566972282
2011-01-14,-1241.8318883908421698434741
2011-01-17,-502.7514608330727827495003
2011-01-18,1190.6889668074848318077533
2011-01-19,-442.3906054691532958452936
2011-01-20,453.1698223370288677217388
2011-01-21,-1004.5897497739526409562083
2011-01-24,595.2506781979182177609683
2011-01-25,-1705.6288937473425133808640
2011-01-27,-257.2284656097187885294733
2011-01-28,-2150.9480373891945587256611
2011-01-31,953.5723909142462280973396
2011-02-01,-1231.5071806993803728855348
2011-02-02,467.2807677699416966094237
2011-02-03,-434.5896040874350002315089
2011-02-04,1058.2129615934374593348961
2011-02-07,-173.3444722288959941338961
2011-02-08,199.8580944456608338528212
2011-02-09,274.5006616172041564119435
2011-02-10,237.1832292858302052901601
2011-02-11,-173.3342025483647691324374
2011-02-14,13.2683661147155021612524
2011-02-15,461.1109352751673068289492
2011-02-16,274.5135049330869511726010
2011-02-17,162.5560750885707601419935
2011-02-18,274.5186457417150773383615
2011-02-21,125.2412168926162650179997
2011-02-22,199.8837885413707040958760
2011-02-23,87.9263606880747941492429
2011-02-24,983.6089333328249534212525
2011-02-25,-471.8684935242823811754305
2011-02-28,50.6140801168492459449877
2011-03-01,199.8966542563163090450442
2011-03-03,647.7392288942153010676364
2011-03-04,-509.1781959693572663603605
2011-03-07,983.6243796656951370755239
2011-03-08,-397.2130442005309396190269
2011-03-09,-24.0104675679389287434958
2011-03-10,87.9521095635677561010866
2011-03-11,-509.1653128059142799842368
2011-03-14,162.5972653237115868072716
2011-03-15,-359.8801560474580010083341
2011-03-16,-621.1175769193263822020602
2011-03-17,-285.2349972917968768283506
2011-03-18,946.3275828352272137785379
2011-03-21,535.8101634618426070081600
2011-03-22,162.6127445881460389775075
2011-03-23,-98.6246737857657354653643
2011-03-24,311.8979083402040572622898
2011-03-25,-509.1395090338477905184665
2011-03-28,-322.5369259078244677446242
2011-03-29,-546.4543422816291446075985
2011-03-30,274.5882418448350274504001
2011-03-31,311.9108264716649157399964
2011-04-01,199.9534115989574063282816
2011-04-04,82.5455972268094040424450
2011-04-05,-234.8550574722188938365620
2011-04-06,623.5049434848052640272116
2011-04-07,-214.0750555579852690365527
2011-04-08,315.7849453994095428536346
2011-04-11,-175.3950536430102644137892
2011-04-13,724.0049473147553450565625
2011-04-15,-92.6950517272935928329737
2011-04-18,-660.9750507691570421731088
2011-04-19,890.7649501891650329523986
2011-04-20,1717.9849511476726684667450
2011-04-21,360.2249521063659003000824
2011-04-25,1091.4449530652447643895200
2011-04-26,-1060.1350459756907033208742
2011-04-27,167.6049549835595331199271
2011-04-28,316.0449559429955096699132
2011-04-29,-688.0350430973827377059650
2011-05-02,1006.5449578624248269642084
2011-05-03,-659.7324411775817603406864
2011-05-04,-546.8481953587720148948896
2011-05-05,-845.4056874942786739554317
2011-05-06,572.7568208558137391735445
2011-05-09,-696.1206703084007487136356
2011-05-10,423.4818390131719073838094
2011-05-11,348.8443488206257706766415
2011-05-12,-1293.2331408859450774108695
2011-05-13,1132.5693698935534627625795
2011-05-16,-658.7881188407844909411469
2011-05-17,50.2943929111351975639053
2011-05-18,-173.6230948505933174086923
2011-05-19,-173.6205821258758633142204
2011-05-20,423.5019310853817506267178
2011-05-23,908.6644447832737334317273
2011-05-24,423.5069589678943123601533
2011-05-25,460.8294736393377329166123
2011-05-26,-322.8880112023017411454737
2011-05-27,162.2745044430701721796550
2011-05-30,124.9570205755477731536311
2011-05-31,348.8795371952253802974945
2011-06-01,-621.4379456978026696047718
2011-06-02,722.0845718965579784972943
2011-06-03,-621.4329100215983020758287
2011-06-06,423.5296085478228802698916
2011-06-07,124.9721276049159354055794
2011-06-08,-621.4253528502247085170093
2011-06-09,87.6571671824953949380515
2011-06-10,348.8996877031707104944000
2011-06-13,-733.3777912881042788330742
2011-06-14,-434.8152697912350717346869
2011-06-15,-285.5327478061271486024176
2011-06-16,647.4697746673140284736338
2011-06-17,50.3522976291830157087907
2011-06-20,908.7148210795743876273444
2011-06-21,162.3173450185827370660992
2011-06-22,50.3598694463026751779186
2011-06-23,-173.5576056371711685647288
2011-06-24,-807.9950802317441463662217
2011-06-27,-807.9925543373215921042379
2011-06-28,-61.5900279538088213262062
2011-06-29,125.0124989188888687542431
2011-06-30,-285.5049737191338007391716
2011-07-01,-1069.2224458677820903418332
2011-07-04,-136.2199175269612422446734
2011-07-05,162.3426113034235197093782
2011-07-06,983.3851406234669900289472
2011-07-07,610.1876704332639815777684
2011-07-08,-210.8497992670906744217609
2011-07-11,1020.7127315224978716149742
2011-07-12,423.5952628021244876383620
2011-07-13,871.4377945718840599681196
2011-07-14,983.4003268318714932968508
2011-07-15,-621.3571404178182893063971
2011-07-18,1319.2853928229096536074248
2011-07-19,13.0879265541502818709268
2011-07-20,-1031.8695392240014262961605
2011-07-21,386.2929954885495257165739
2011-07-22,-695.9844693081018470862163
2011-07-25,1505.8980663861394886979250
2011-07-26,-695.9793974286314151271795
2011-07-27,199.7031392476805116472218
2011-07-28,-136.1743235848296423616274
2011-07-29,13.1082140739332298755743
2011-08-01,162.3907522240642538037505
2011-08-02,610.2332908656585732870126
2011-08-03,2103.0358299988113506122266
2011-08-04,311.6783696236177664925809
2011-08-05,386.3209097401730200711526
2011-08-08,3483.8834503485723289244782
2011-08-09,3745.1259914489109290661209
2011-08-10,-919.8714669587159250497580
2011-08-11,2252.3310751257870394751706
2011-08-12,-1516.9863822974848860130242
2011-08-16,834.1761607715636082830379
2011-08-17,1282.0187043330278506156218
2011-08-18,684.9012483870031876954499
2011-08-19,4155.6637929335849846952771
2011-08-22,199.7463379728686252534643
2011-08-23,-136.1311164950504885224452
2011-08-24,-1367.6885704700769360521493
2011-08-25,-5510.2060239521152782790111
2011-08-26,2774.8365230589299423335196
2011-08-29,1282.0390705631542018054838
2011-08-30,-1069.1183814393470053560072
2011-09-02,2849.4841670515218338468076
2011-09-05,2215.0467160358562509059196
2011-09-06,-733.2307344862482041888691
2011-09-07,-2375.3081845146959629463630
2011-09-08,-285.3856340493914383703914
2011-09-09,2924.1369169097609750437747
2011-09-12,-248.0605316371430986869931
2011-09-13,-583.9379796900080170300966
2011-09-14,1319.3845727512618810663745
2011-09-15,-1106.4128743132377248227714
2011-09-16,-2039.4103208834111365962416
2011-09-19,2700.2322330408373623773285
2011-09-20,-621.2452125403964927370367
2011-09-21,834.2373423729830517629360
2011-09-22,-471.9601022189282318796430
2011-09-23,-1292.9975463160345528772344
2011-09-26,-6144.5949899182401018942814
2011-09-27,2476.3275669745509489563843
2011-09-28,-1330.3098756375655538828677
2011-09-29,-1628.8673177544937454108722
2011-09-30,1170.1352406238622579359248
2011-10-03,1580.6577994975983582870602
2011-10-04,461.0603588668104763416487
2011-10-05,-3270.9370812684054486280212
2011-10-07,1804.5854790920465412271086
2011-10-10,311.7880399482624223364634
2011-10-11,461.0706013003381897134329
2011-10-12,796.9531631483698569589701
2011-10-13,-434.6042745075465437348100
2011-10-14,87.8782883326850384189698
2011-10-17,125.2008516691606728055489
2011-10-18,-471.9165844980235525878692
2011-10-19,-359.9540201687715311685156
2011-10-20,-621.1914553429871377344532
2011-10-21,349.1311099794257715290270
2011-10-24,1767.2936757985633590530089
2011-10-25,-285.3037578854781941114426
2011-10-26,1580.6988089273973117103224
2011-10-28,349.1413762372860948201460
2011-10-31,-1069.0160559557156078493316
2011-11-01,647.7065123484884592689363
2011-11-02,1431.4290811499945703800101
2011-11-03,423.7916504488990183305737
2011-11-04,759.6742202452981146125434
2011-11-08,2327.1167905392881893666786
2011-11-09,423.7993613309655913861926
2011-11-11,-583.8380673795733118796354
2011-11-14,1207.5245044077678656781512
2011-11-15,-247.9529233069144711681991
2011-11-16,1058.2496494764761010204662
2011-11-17,-397.2277772419639756461801
2011-11-18,-1442.1852034621382403843315
2011-11-21,162.5773708160497862675696
2011-11-22,87.9399455926966024524473
2011-11-23,-434.5374791321012750017896
2011-11-24,386.5050966417526894213698
2011-11-25,-807.7323270856449500693430
2011-11-28,1356.8302496858023794306448
2011-11-29,-24.0071730438087304746347
2011-11-30,199.9154047256183305219326
2011-12-01,1132.9179829941801914341633
2011-12-02,-23.9994382380265000138013
2011-12-05,-173.2768589709050773838718
2011-12-07,-583.7942792043588555203878
2011-12-08,909.0083010617088694535071
2011-12-09,-658.4291181726051798605102
2011-12-12,-1068.9465369072042621323163
2011-12-13,125.2960448580083827002845
2011-12-14,-770.3813728768704665648114
2011-12-15,-3569.3787901117440123903810
2011-12-16,-695.7362068465154384962441
2011-12-19,535.8263769189120901443642
2011-12-20,573.1489611846354273084241
2011-12-21,1244.9115459507514455267623
2011-12-22,-994.2858687826429639123181
2011-12-23,-98.6032830154508909594042
2011-12-26,-98.6006967475754068003414
2011-12-27,-397.1581099789195638525995
2011-12-28,-135.9155227093863957616390
2011-12-29,-1815.3129349388789173972761
2011-12-30,983.6896533326998751499532
2012-01-02,349.2522421054470045724288
2012-01-03,983.6948313794595123490836
2012-01-04,797.0974211548344587490415
2012-01-05,-61.2599885683310771647449
2012-01-06,386.5826022100600024681456
2012-01-07,-173.2148065098951856907586
2012-01-09,-546.4122147280995061751797
2012-01-10,-695.6896224444558047104515
2012-01-11,423.9129703411330917901246
2012-01-12,274.6355636287643752289203
2012-01-13,-919.6018425814647436723745
2012-01-16,386.6007517105429646308906
2012-01-17,535.8833465048847485099725
2012-01-18,-621.0340581983421248336208
2012-01-19,50.7285376009596306355163
2012-01-20,-807.6288660971126802096663
2012-01-23,759.8137307075382663449733
2012-01-24,-509.0636719849901871415832
2012-01-25,-247.8210741746006792618651
2012-01-27,2177.9815241388041702437373
2012-01-30,722.5041229553217604906222
2012-01-31,647.8667222750495094536285
2012-02-01,200.0293220980848539706861
2012-02-02,-397.0880775754747502535300
2012-02-03,237.3545232544681713560519
2012-02-06,-1852.5628754119888877514445
2012-02-07,274.6797264252515847508100
2012-02-08,1356.9623287662871200710062
2012-02-09,-285.1150683887847316976482
2012-02-10,-285.1124650398664015732716
2012-02-13,-397.0698611868603016816503
2012-02-14,-285.1072568296688252525821
2012-02-15,685.2153480318056533837845
2012-02-16,-61.1820466023392211993920
2012-02-17,13.4605592679942144780160
2012-02-21,349.3431656429036428067644
2012-02-22,685.2257725224867650919004
2012-02-23,1245.0283799068413015564243
2012-02-24,50.7909877960649913449526
2012-02-27,-397.0464038097444074726182
2012-02-28,200.0762050895108821025532
2012-02-29,535.9588144939286560019178
2012-03-01,-3233.3585755963932709067976
2012-03-02,59.4250348186429351840761
2012-03-03,200.0813190114855465958756
2012-03-05,-1361.4586807331135913202777
2012-03-06,-626.1986804776632758381339
2012-03-07,-259.6786802221634973820066
2012-03-09,278.6213200333857536256452
2012-03-12,763.7813202889844867642165
2012-03-13,542.7613205446327116149574
2012-03-14,-1037.9386791996695622390266
2012-03-15,-1077.9386789439223252127749
2012-03-16,-106.8386786881255677194705
2012-03-19,-499.1986784322792801704403
2012-03-20,42.0013218236165470248453
2012-03-21,2003.7013220795619234587733
2012-03-22,-1854.9786776644431412744121
2012-03-23,1167.0613225916013624213909
2012-03-26,-202.1986771523045558558578
2012-03-27,841.5413231038391134936606
2012-03-28,-616.0586766399676199283769
2012-03-29,74.6413236162752534815664
2012-03-30,1197.7013238725677433288862
2012-04-02,-248.5386758710901407791613
2012-04-03,1270.0393243853016107665400
2012-04-04,-1754.8203621722090664366857
2012-04-09,-262.0203583697265238528107
2012-04-10,745.7396454334922953519097
2012-04-11,-311.0603507625524662569091
2012-04-12,328.6196530421393339139526
2012-04-13,234.8596568475678384853256
2012-04-16,158.8596606537331901056559
2012-04-17,762.5796644606355314510111
2012-04-18,-847.4203317317249947749151
2012-04-19,293.4596720766517541592026
2012-04-20,129.4996758857659210123273
2012-04-23,-153.7003203043823514289361
2012-04-24,598.6196835062070796496656
2012-04-25,-1579.9403126824656429099616
2012-04-26,1064.7796911295996237617475
2012-04-27,303.6996949424030225620212
2012-04-28,-421.5403012440553035842424
2012-04-30,1196.5397025702247882755292
2012-05-02,-462.5002936147565588784113
2012-05-03,219.9215102010007979618739
2012-05-04,-24.6721261116674630835888
2012-05-07,-696.4296770974397596133345
2012-05-08,-472.5072276090081906991988
2012-05-09,-1368.1847776462809360065106
2012-05-10,-248.5823272091661574213807
2012-05-11,-397.8598762975719990472598
2012-05-14,-547.1374249114065872014947
2012-05-15,-248.5749730505780304118842
2012-05-16,-509.8125207149944194132352
2012-05-17,982.9899320954361728560832
2012-05-18,2214.5523853808056912575854
2012-05-21,497.8348391412060984561158
2012-05-22,-61.9627066232706250767037
2012-05-23,12.6797480874675189409742
2012-05-24,311.2422032735125466046703
2012-05-25,-696.3953410650435081729709
2012-05-28,721.7671150718914063412680
2012-05-29,273.9295716844093597046279
2012-05-30,-621.7479712273975606981750
2012-05-31,684.4544863365627503485026
2012-06-01,-733.7030556236175841053168
2012-06-04,2699.7394028921535768282220
2012-06-05,385.9018618839683918782618
2012-06-06,684.4643213519190376186859
2012-06-07,-1368.1332187039022915284253
2012-06-08,-1554.7307582834033832893387
2012-06-11,1281.5917026135079924647880
2012-06-12,199.3141639869240837213635
2012-06-13,833.7566258369371563298214
2012-06-14,647.1590881636394940050782
2012-06-15,-24.5984490328766016690074
2012-06-18,50.0440142474811887638266
2012-06-19,945.7264780048052026357041
2012-06-20,-547.0710577608122048419254
2012-06-21,-435.1085930492786605748270
2012-06-22,-323.1461278605017735825162
2012-06-25,-397.7836621943891349947964
2012-06-26,1020.3788039491516819517055
2012-06-27,-696.3387294297868780829966
2012-06-28,-173.8562623311123525387822
2012-06-29,-1442.7337947547322609519587
2012-07-02,1057.7086732994458950482057
2012-07-03,-1195.1154581684853682570506
2012-07-04,327.0042141085471375406319
2012-07-05,1564.5642149245271101546105
2012-07-06,-1298.0957842593349186159839
2012-07-09,-497.9357834430389181777994
2012-07-10,530.8242173734151420684399
2012-07-11,-1686.9557818099727072720653
2012-07-12,-176.9357809932024355881883
2012-07-13,-165.7157801762740122628749
2012-07-16,282.9042206408125933268571
2012-07-17,-712.1957785419425881900802
2012-07-18,-164.9357777245395261788439
2012-07-19,957.0042230930218100013401
2012-07-20,53.7642239107414509971796
2012-07-23,-763.1357752713805725386837
2012-07-24,472.6842255466557700523268
2012-07-25,702.3042263648505094347247
2012-07-26,-684.4757728167963237210390
2012-07-27,-92.2757719982846987385747
2012-07-30,1501.9242288203854150644471
2012-07-31,608.7042296392140483762971
2012-08-01,-490.3757695417987681088119
2012-08-02,-626.6178687226530036907238
2012-08-03,-99.5529404807475447321244
2012-08-06,-99.5505380955281093310860
2012-08-07,124.3718647548663930232396
2012-08-08,-622.0257319294739655853017
2012-08-09,497.5766718515409043678390
2012-08-10,236.3390760980011098512911
2012-08-13,982.7414808099967752811420
2012-08-14,-62.2161140123819574756847
2012-08-16,-248.8137083690449290980501
2012-08-17,273.6686977400980371927801
2012-08-21,385.6311043151371356365149
2012-08-22,497.5935113561625779372203
2012-08-23,908.1159188632645932666997
2012-08-24,684.1983268365334282678774
2012-08-27,236.3607352760593470581800
2012-08-28,-99.5168558180673687670785
2012-08-29,161.7255535542435798686870
2012-08-30,-323.4320366069174904732829
2012-08-31,12.4503736985397542562942
2012-09-03,1542.5727844707056655981284
2012-09-04,-381.6088042903293874122559
2012-09-05,1272.6675600764519695906308
2012-09-06,603.9675615403134024974727
2012-09-07,-1452.0524369955417163649211
2012-09-08,2613.7875644688866678876735
2012-09-10,158.5275659335986101501085
2012-09-11,502.9875673985941653278650
2012-09-12,748.8075688638733883370553
2012-09-13,79.4475703294363341044255
2012-09-14,196.8675717952830575673568
2012-09-17,-601.5524267385863863261318
2012-09-18,637.2075747278280573826183
2012-09-20,138.6675761945264436629072
2012-09-21,393.4275776615088274946790
2012-09-24,-172.1924208712247361314765
2012-09-25,238.9875805963258077856780
2012-09-26,257.8275820641605142580303
2012-09-27,-852.5324164677205616918802
2012-09-28,1180.5675850006826349691401
2012-10-01,261.6075864693701592849408
2012-10-03,174.4431879383420663100297
2012-10-04,287.0509848347089654766181
2012-10-05,-324.3490130382919255234065
2012-10-08,-1116.6690109108809646085366
2012-10-09,692.5709912169419279683227
2012-10-10,-88.2290066548231680302922
2012-10-11,1278.8509954738238271735995
2012-10-12,-695.3890023971170066265741
2012-10-15,-858.3490002676455896219340
2012-10-16,-1230.0689981377618419881481
2012-10-17,633.0110039925343161145720
2012-10-18,818.8510061232429645414745
2012-10-19,307.9310082543641831632698
2012-10-22,-668.9089896141019481338664
2012-10-23,-429.1489874821553494482898
2012-10-25,-67.4689853497959408628847
2012-10-26,-785.8289832170236424450613
2012-10-29,918.6510189161616257532480
2012-10-30,-668.8289789502400563044090
2012-10-31,-101.1889768162286086390014
2012-11-01,747.0910253181960487439886
2012-11-02,332.7748674530339958545679
2012-11-05,-515.9479987620612473187691
2012-11-06,759.4527471028896631846587
2012-11-07,1299.6534931122627819463627
2012-11-08,-252.5457607339139264883161
2012-11-09,-967.3450144356124921592473
2012-11-11,3.8557320071950603095372
2012-11-12,913.6564785945367117108913
2012-11-13,226.4572253264404482556042
2012-11-15,-792.7420277970657384265506
2012-11-16,-313.7412807759538512857663
2012-11-19,-1912.3405336101958878511532
2012-11-20,-179.1397862997638402296888
2012-11-21,524.2609611553703048948316
2012-11-22,438.8617087552345662628457
2012-11-23,470.4624564998569680400738
2012-11-26,2358.8632043892655398185698
2012-11-27,2129.0639524234883166177716
2012-11-29,1577.0647006025533388855521
2012-11-30,824.8654489264886524992704
2012-12-03,1948.6661973953223087668230
2012-12-04,-312.3330539909176355723047
2012-12-05,580.4676947677968816540135
2012-12-06,881.4684436714939280515963
2012-12-07,856.8691927202015766610072
2012-12-10,-1158.1300580860520940413932
2012-12-11,-710.9293087472390001423949
2012-12-12,766.8714407366689477091147
2012-12-13,-1787.3278096343001556967966
2012-12-14,954.6729401398817898699471
2012-12-17,100.8736900592428900804842
2012-12-18,1904.6744401238112560480677
2012-12-19,1246.8751903336150043291202
2012-12-20,-8.5240593113177430757129
2012-12-21,-2246.7233088109588587205089
2012-12-24,-28.5225581652802097130135
2012-12-26,1750.6781926257463422864139
2012-12-27,-313.1210564378510589341454
2012-12-28,625.4796946439557358628861
2012-12-31,507.2804458711948813656369
2013-01-01,1986.6811972438945377138420
2013-01-02,1108.4819487620828704998986
2013-01-03,556.2827004257880507699218
2013-01-04,316.6834522350382550248006
2013-01-07,-98.1157958101383347787459
2013-01-08,-267.9150437097135312271119
2013-01-09,43.8857085363408585512515
2013-01-10,-365.7135390719469671131069
2013-01-11,-1738.1127865345488044295811
2013-01-14,2023.2879661485635558535490
2013-01-15,1076.2887189774183284501753
2013-01-16,-1356.9105280479562664625810
2013-01-17,-625.1097749275320032433114
2013-01-18,-259.5090216612806507852622
2013-01-21,763.8917317508260274847234
2013-01-22,-1263.9075146911837263927352
2013-01-23,-710.3067609872816649084981
2013-01-24,-1990.5060071374395350838464
2013-01-25,2043.0947468583709215305780
2013-01-28,475.0955010001779688558306
2013-01-29,-1283.7037447119901237142755
2013-01-30,-186.7029902781050813121100
2013-01-31,7.4977643018613764048337
2013-02-01,1688.2985190279375352550002
2013-02-04,-1499.1007260998483134661696
2013-02-05,-816.4999710814678729851759
2013-02-06,-40.8992159168928410494012
2013-02-07,-605.4984606060949099260479
2013-02-08,-1198.8977051490457664010781
2013-02-11,-413.8969495457170917781516
2013-02-12,682.3038062039194381224349
2013-02-13,1847.5045620998921529648104
2013-02-14,-3042.0946818577706121014093
2013-02-15,-528.0939256690405164400587
2013-02-18,950.1068306661107860726394
2013-02-19,447.3075871477116470491363
2013-02-20,1056.3083437757904235916204
2013-02-21,-2673.4908994496245217069194
2013-02-22,340.9098574714951792383683
2013-02-25,-406.0893854608220999947377
2013-02-26,-2702.0886282465479803344689
2013-02-27,2303.1121291143459227859974
2013-02-28,-3144.2871133781120005703978
2013-03-01,1086.9136442761066451564683
2013-03-04,-1879.4855979229697389750345
2013-03-05,1775.7151600246872535927749
2013-03-06,1380.9159181191060349179538
2013-03-07,345.9166763603150225600005
2013-03-08,1312.3174347483426395809198
2013-03-11,600.5181932832173145462885
2013-03-12,-1591.8810480350325184736790
2013-03-13,-2186.8802892063784199030652
2013-03-14,934.5204697692080553408171
2013-03-15,279.1212288917553578484912
2013-03-18,-1685.8780118387080562806181
2013-03-19,-3363.4772524221537254371163
2013-03-20,-1994.0764928585531825005735
2013-03-21,-614.0757331478779548384569
2013-03-22,-52.8749732900995643050631
2013-03-25,-719.0742132851895272404510
2013-03-26,677.7265468668806455306256
2013-03-28,1519.3273071661394486997870
2013-04-01,1535.1280676126153824760944
2013-04-02,548.5288282063369525871194
2013-04-03,-841.6704110526673297199882
2013-04-04,-2753.8696501643689476774312
2013-04-05,-651.2688891287393789956963
2013-04-08,337.3318720542499041375152
2013-04-09,-309.4673666153725649416433
2013-04-10,1117.7333948624217526279059
2013-04-11,555.7341564876614012332348
2013-04-12,-532.6650817396250692115206
2013-04-15,657.9356801805908967359100
2013-04-16,3213.5364422483378600470018
2013-04-17,32.1372044636443872235051
2013-04-18,691.7379668265390502985168
2013-04-22,2530.5387293370504268375506
2013-04-23,-138.2605080047929000603908
2013-04-25,1129.7402548010376582382547
2013-04-26,-966.8589822454293040973189
2013-04-29,1283.3417808558348126387858
2013-04-30,1023.3425441048586136902420
2013-05-02,2145.1433075016707098395700
2013-05-03,270.7440710462997174092114
2013-05-06,77.5448347387742582625999
2013-05-07,2071.9455985791229598052357
2013-05-08,170.9463625673744549857578
2013-05-09,-581.2528732964426177029824
2013-05-10,950.9478909877003857771524
2013-05-11,190.9486554198321150106590
2013-05-13,-2211.0505800000187748705322
2013-05-14,227.5501847281763768140172
2013-05-15,4521.7509496044462362943271
2013-05-16,897.3517146288194753510746
2013-05-17,942.1524798013247713166678
2013-05-20,-2152.4467548780091929236785
2013-05-21,-991.6459894091537289308681
2013-05-22,-564.6452237920801427108476
2013-05-23,-5300.8444580267597347135314
2013-05-24,2663.7563078868362001682750
2013-05-27,2547.1570739487363725999504
2013-05-28,296.9578401589694988061339
2013-05-29,-934.2413934824356994281976
2013-05-30,1453.9593730245495052433459
2013-05-31,-2312.0398603200461542703544
2013-06-03,-118.8390935161939394968500
2013-06-04,588.1616734361348936009528
2013-06-05,125.7624405369690946258699
2013-06-06,-657.6367922136625812524822
2013-06-07,-1348.8360248157313732966092
2013-06-10,-1189.8352572692085152000610
2013-06-11,-2409.2344895740652350863523
2013-06-12,-1888.4337217302727555078851
2013-06-13,-2157.0329537378022934448698
2013-06-14,2372.7678144033749396957540
2013-06-17,1576.1685826932877380813967
2013-06-18,413.5693511319649014548977
2013-06-19,-20.6298802805647648643946
2013-06-20,-2735.2291115442724499795432
2013-06-21,-1068.0283426591293374149430
2013-06-24,-2542.8275736251066051152395
2013-06-25,1190.1731955578245745557507
2013-06-26,-882.2260351103069651838794
2013-06-27,1369.7747343705276144669543
2013-06-28,2504.5755040003571578934070
2013-07-01,2968.3762737792105150657873
2013-07-02,-731.4229562928834584593622
2013-07-03,-2448.8221862158959015381827
2013-07-04,1782.3785840102020525615827
2013-07-05,926.1793543854392761616704
2013-07-08,-183.4198750901553528256204
2013-07-09,382.1808955834470491036537
2013-07-10,169.5816664062753710461645
2013-07-11,2072.5824373783585076923930
2013-07-12,874.3832084997253593277151
2013-07-15,682.5839797704048318334823
2013-07-16,-1909.8152488095741633118923
2013-07-17,-560.0144772401827090318523
2013-07-18,3033.9862944786081173493874
2013-07-19,-645.6129336531727558920758
2013-07-22,596.7878383645036051212520
2013-07-23,-880.2113894683338601306536
2013-07-24,-3375.8106171516562065642511
2013-07-25,-1109.8098446854344834913476
2013-07-26,-260.6090720696397346180142
2013-07-29,-1706.2082993042429980434993
2013-07-30,-2559.0075263892153062591449
2013-07-31,283.9932466754723138527013
2013-08-01,-2148.2059801101511589802293
2013-08-02,2263.8241932539432595809604
2013-08-05,35.6488160784978947202051
2013-08-06,35.6557187768128710066492
2013-08-07,35.6626228117008185429182
2013-08-08,35.6695281834205386304685
2013-08-12,35.6764348922308826825832
2013-08-13,35.6833429383907522340760
2013-08-14,35.6902523221590989509959
2013-08-16,35.6971630437949246403340
2013-08-19,35.7040751035572812597326
2013-08-20,35.7109885017052709271958
2013-08-21,35.7179032384980459308020
2013-08-22,35.7248193141948087384184
2013-08-23,35.7317367290548120074174
2013-08-26,35.7386554833373585943947
2013-08-27,35.7455755773018015648896
2013-08-28,35.7524970112075442031067
2013-08-29,35.7594197853140400216401
2013-08-30,35.7663438998807927711988
2013-09-02,35.7732693551673564503345
2013-09-03,1278.7621961514333353151713
2013-09-04,-575.6611004990142972703465
2013-09-05,-1637.8176347260373398302384
2013-09-06,-2012.6941682819810052950774
2013-09-10,-1075.4907011667153522251454
2013-09-11,-325.7272333801104140200975
2013-09-12,17.9162350779638010859102
2013-09-13,-1356.6402957923626899709075
2013-09-16,-388.1968259909598450790900
2013-09-17,861.4066444823024030529428
2013-09-18,-950.5098843724458530982333
2013-09-19,2235.9735874449255041338299
2013-09-20,-294.4629400654533823896704
2013-09-23,-763.0594669034523446079081
2013-09-24,-388.1759930689411892555501
2013-09-25,517.7874814382103021421248
2013-09-26,80.4309566181323732741072
2013-09-27,236.6344324709552930485389
2013-09-30,1298.7979089968093555975964
2013-10-01,-1044.1986138041751197176247
2013-10-03,-544.3551359318677883022254
2013-10-04,-13.2716573861382803226161
2013-10-07,267.8918218331437992983690
2013-10-08,2360.9753017261088708863612
2013-10-09,-1044.1812177071126199796552
2013-10-10,111.7022635336097975375485
2013-10-11,-1075.4142545515933804616655
2013-10-14,830.2292280374083673910914
2013-10-15,-606.8072886992544122628733
2013-10-17,1767.4361952385488524955595
2013-10-18,611.5596798509487588682165
2013-10-21,674.0431651380759293445262
2013-10-22,767.7666511000610117064162
2013-10-23,1330.0901377370346790332102
2013-10-24,-263.1463749508723702934737
2013-10-25,330.4171130364705874151766
2013-10-28,392.9006016991943011600673
2013-10-29,-2200.0159089625704547409002
2013-10-30,-231.8924189486928806479270
2013-10-31,-1294.0489282590421515944139
2013-11-01,486.6345631065125827179431
2013-11-03,-391.3483848518978020759425
2013-11-05,-274.2099311033091282688147
2013-11-06,-1981.7099233447483653529154
2013-11-07,-1099.2099155846853083864399
2013-11-08,-1309.9599078231196664794299
2013-11-11,-456.4599000600511486856023
2013-11-12,-1534.9598922954794640023379
2013-11-13,-1483.7098845294043213706704
2013-11-14,3112.0401232381745703247242
2013-11-18,3361.0401310072575022555388
2013-11-19,-403.7098612221552343501537
2013-11-20,-2007.9598534500633482078903
2013-11-21,-3033.4598456764665479768059
2013-11-22,574.7901620986354577403764
2013-11-25,2071.5401698752429603973579
2013-11-26,-501.9598223466437484957267
2013-11-27,-950.7098145670243773722972
2013-11-28,1309.7901932141013653906832
2013-11-29,2275.7902009967337714727180
2013-12-02,1498.0402087808731326097888
2013-12-03,99.2902165665197405943663
2013-12-04,-1554.7097756463261127245790
2013-12-05,2478.0402321423358645584345
2013-12-06,717.7902399325059644054097
2013-12-09,1435.7902477241844788348830
2013-12-10,-720.4597444826283000780661
2013-12-11,-908.2097366879320802018033
2013-12-12,-1942.4597288917265693481287
2013-12-13,-1489.7097210940114752722656
2013-12-16,608.7902867052134943271496
2013-12-17,-586.7097054940513681919202
2013-12-18,2409.5403023081942295850965
2013-12-19,-1028.7096898880494198706079
2013-12-20,3759.2903179172179759687902
2013-12-23,-76.4596742760032903122433
2013-12-24,591.5403335322870739274107
2013-12-26,626.5403413420893613855357
2013-12-27,234.0403491534038648165903
2013-12-30,-538.4596430337691229682806
2013-12-31,1070.5403647805706908987650
2014-01-01,165.0403725964235993422773
2014-01-02,-596.4596195862101046564746
2014-01-03,-2208.7096117673301280594911
2014-01-06,1012.7903960530638222279683
2014-01-07,-1309.4595961250279606426040
2014-01-08,242.0404116983948165370479
2014-01-09,-2.9595804766675529680465
2014-01-10,-65.2095726502147758360723
2014-01-13,2008.2904351777534413115813
2014-01-14,-1198.7095569927626080896679
2014-01-15,1470.0404508382373694524161
2014-01-16,-1047.2095413292463325131017
2014-01-17,-3627.2095334952134203803164
2014-01-20,1999.2904743403363995135282
2014-01-21,-390.2095178225965791119498
2014-01-22,1458.2904900159879375197410
2014-01-23,478.2904978560902432419755
2014-01-24,-1797.4594943022893680549753
2014-01-27,-4727.2094864591506024239354
2014-01-28,-438.2094786144931658608107
2014-01-29,205.5405292316832356954204
2014-01-30,-1919.7094629206211036372808
2014-01-31,848.2905449285941103159966
2014-02-03,-996.9594472206708282128746
2014-02-04,-919.9594393684156249350498
2014-02-05,672.0405684853600144952990
2014-02-06,657.5405763406563844809944
2014-02-07,1119.5405841974737794818638
2014-02-10,-1184.2094079441875059852483
2014-02-11,356.0405999156728226535296
2014-02-12,259.2906077770550600291074
2014-02-13,-2637.2093843600404991705551
2014-02-14,638.5406235043864397995623
2014-02-17,362.0406313703361717415514
2014-02-18,1873.5406392378089915145867
2014-02-19,1244.2906471068051940349364
2014-02-20,-1116.4593450226749257240264
2014-02-21,1785.5406628493689272681871
2014-02-24,-1109.4593292770629519008074
2014-02-25,1409.2906785980297319137441
2014-02-26,88.7906864746472739137441
2014-02-28,934.2906943527899693582555
2014-03-03,-57.9592977675418864364875
2014-03-04,2295.5407101136520019029310
2014-03-05,1645.7907179963719298071210
2014-03-06,1199.5407258806181927638961
2014-03-07,2197.0407337663910863182857
2014-03-10,104.7907416536909060725459
2014-03-11,-2132.9592504574820523138298
2014-03-12,1412.0407574328725068759007
2014-03-13,-1224.4592346752451205842605
2014-03-14,-864.9592267818346388630404
2014-03-18,985.0407811131042479281155
2014-03-19,1420.5407890095718357350556
2014-03-20,-1107.9592030924315794390686
2014-03-21,-139.2091951929057015337893
2014-03-22,811.2908127081497655686866
2014-03-24,2181.7908206107351180434907
2014-03-25,-591.7091714851493478768979
2014-03-26,944.7908364204966640973603
2014-03-27,615.5408443276734503134754
2014-03-28,1139.7908522363813071760390
2014-03-31,2083.5408601466205311470361
2014-04-01,694.7908680583914187458555
2014-04-02,2445.7908759716942665493014
2014-04-03,-1628.4591161134706288083958
2014-04-04,443.5408918028970293644317
2014-04-07,-697.4591002792024621830996
2014-04-09,3371.7909076402311933555865
2014-04-10,2664.0409155611982928445365
2014-04-11,-1001.9590765163008667947201
2014-04-15,-1969.9590685922659885831621
2014-04-16,-1321.4590606666967754842628
2014-04-17,832.5409472604070695960190
2014-04-21,1984.7909551890458438092510
2014-04-22,563.2909631192198443645392
2014-04-23,1176.2909710509293685285375
2014-04-25,-1051.2090210158252863745399
2014-04-28,-250.9590130810438229629076
2014-04-29,-1625.9590051447259437971984
2014-04-30,-2046.7089972068713513804514
2014-05-02,608.5410107325202518418984
2014-05-05,598.2910186734491634820320
2014-05-06,-406.7089733840843187902431
2014-05-07,-410.7089654400798972474810
2014-05-08,-819.9589574945372741045873
2014-05-09,5808.0410504525438484811932
2014-05-12,1912.0410584011637684102869
2014-05-13,3476.5410663513227836408027
2014-05-14,1762.2910743030211921885437
2014-05-15,1258.2910822562592921270176
2014-05-16,2816.5410902110373815874481
2014-05-19,6211.5410981673557587587866
2014-05-20,842.0411061252147218877229
2014-05-21,-429.2088859153854307213039
2014-05-22,2638.5411220455555992939064
2014-05-23,3223.7911300080381103533263
2014-05-26,-3167.9588620279375990652892
2014-05-27,-2437.7088540623712304263899
2014-05-28,478.5411539047375148633793
2014-05-29,-1497.7088381266110645448092
2014-05-30,-914.7088301564166699419552
2014-06-02,5231.0411778153209974387803
2014-06-03,1549.7911857886022364220874
2014-06-04,933.2911937634273458905173
2014-06-05,3815.2912017397966247844939
2014-06-06,1123.5412097177103721023254
2014-06-09,3326.2912176971688869002151
2014-06-10,8.5412256781724682922725
2014-06-11,-2001.4587663392785845494750
2014-06-12,-1417.2087583551839723950714
2014-06-13,-3154.4587503695433959566203
2014-06-16,-464.4587423823565558882747
2014-06-17,2361.0412656063768472137757
2014-06-18,-2007.9587264033428871886856
2014-06-19,-563.7087184115154595758903
2014-06-20,-737.7087104181405703700732
2014-06-23,-307.9587024232179199354627
2014-06-24,2238.7913055732527914217324
2014-06-25,-637.7086864287281365466677
2014-06-26,13.2913215708395959691991
2014-06-27,48.2913295719562888372465
2014-06-30,3465.5413375746222419834522
2014-07-01,2647.5413455788377553918688
2014-07-02,2506.2913535846031291046345
2014-07-03,91.2913615919186632219853
2014-07-04,1888.0413696007846579022656
2014-07-07,-1038.7086223887985866380606
2014-07-08,-4900.9586143768307701243979
2014-07-09,-3342.4586063633115922240088
2014-07-10,171.0414016517592474539979
2014-07-11,-5455.4585903316179506413220
2014-07-14,1511.0414176865571139972639
2014-07-15,3303.0414257062847419351747
2014-07-16,3189.7914337275652337960288
2014-07-17,1682.2914417503988902616539
2014-07-18,-929.9585502252139879279004
2014-07-21,916.7914578007269000256470
2014-07-22,1282.2914658282218549788218
2014-07-23,-212.7085261427288221535957
2014-07-24,521.2914818878751696014409
2014-07-25,-2880.9585100799658687247440
2014-07-28,42.2914979537483639574626
2014-07-30,985.5415059890181687959737
2014-07-31,-507.7084859741561530029857
2014-08-01,-2318.4584779357743001748688
2014-08-04,2306.5415301041640286032060
2014-08-05,897.5415381456591347124653
2014-08-06,-1629.4584538112886804075077
2014-08-07,-131.2084457666791152587619
2014-08-08,4.7915622794881317150329
2014-08-11,-582.7084296727866378714024
2014-08-12,1991.0415783764968776550550
2014-08-13,-648.2084135726610199740593
2014-08-14,1503.7915944797399710312147
2014-08-18,4811.5416025337001525192732
2014-08-19,-639.9583894107801736030409
2014-08-20,554.5416186462992946295738
2014-08-21,242.0416267049388592408881
2014-08-22,1150.7916347651388223131544
2014-08-25,-1286.7083571731005140128830
2014-08-26,979.5416508902211524620238
2014-08-27,-747.9583410448958760043620
2014-08-28,1785.0416670215487029042491
2014-09-01,2005.0416750895551915626838
2014-09-02,3704.0416831591238924043186
2014-09-03,-312.4583087697448920789105
2014-09-04,-1426.7083006970508593364953
2014-09-05,1238.0417073772062932406551
2014-09-08,3052.7917154530268683202262
2014-09-09,338.5417235304111686285091
2014-09-10,-1933.4582683906405030495881
2014-09-11,-65.7082603101278438705290
2014-09-12,515.2917477719494490678629
2014-09-15,-1845.4582441444083212735851
2014-09-16,-5523.2082360592008518753833
2014-09-17,1636.7917720275721603406321
2014-09-18,4036.0417801159110185113099
2014-09-19,1002.0417882058160258321955
2014-09-22,803.5417962972874855575420
2014-09-23,-3243.9581956096742989996779
2014-09-24,-3225.2081875150690244677609
2014-09-25,-3021.4581794188963874162621
2014-09-26,2383.5418286788439156440176
2014-09-29,1004.2918367781521882610410
2014-09-30,-150.7081551209712659584520
2014-10-01,216.0418529814738566510655
2014-10-07,-3938.4581389145121401860805
2014-10-08,37.5418691910710473132463
2014-10-09,2591.5418772982237229910038
2014-10-10,-3684.2081145930538092520172
2014-10-13,1995.5418935172387545438191
2014-10-14,-632.2080983708982816029962
2014-10-16,-3770.2080902574646136151045
2014-10-17,1064.7919178575400626437317
2014-10-20,2834.0419259741160513686393
2014-10-21,3074.5419340922636568136472
2014-10-22,1167.7919422119831832916971
2014-10-23,624.0419503332749351746548
2014-10-27,-717.7080415438607831066782
2014-10-28,951.2919665805763329374469
2014-10-29,1495.2919747065865878557370
2014-10-30,2080.0419828341702862558695
2014-10-31,6153.0419909633277328045025
2014-11-03,216.7919990940592322272873
2014-11-05,-668.7079927736349106911208
2014-11-07,14.5420153602456088929494
2014-11-10,497.7920234957010958821954
2014-11-11,1583.0420316327318552383541
2014-11-12,1611.2920397713381919822117
2014-11-13,790.7920479115204111936159
2014-11-14,410.5420560532788180114870
2014-11-17,1697.0420641966137176338298
2014-11-18,1442.7920723415254153177446
2014-11-19,-3641.2079195119857836205612
2014-11-20,760.2920886360804261942381
2014-11-21,1498.5420967857243501965986
2014-11-24,1122.5421049369462938801176
2014-11-25,-2949.4578869102534372024548
2014-11-26,1676.7921212441254625607961
2014-11-27,1711.5421294000832988409604
2014-11-28,781.0421375576203773683158
2014-12-01,-846.2078542832629960676614
2014-12-02,1909.5421538774334843817152
2014-12-03,1116.0421620397101246243537
2014-12-04,1327.0421702035672306273953
2014-12-05,-469.7078216309948915827742
2014-12-08,-4854.9578134639759359205131
2014-12-09,-3402.9578052953755962409120
2014-12-10,2781.0422028748064336602174
2014-12-11,-2092.9577889534295399536461
2014-12-12,-2585.7077807800832107597218
2014-12-15,-1064.7077726051542723759154
2014-12-16,-4482.2077644286424183608079
2014-12-17,-837.7077562505473422136439
2014-12-18,5150.7922519291312626256803
2014-12-19,858.2922601103937027766271
2014-12-22,3073.0422682932402849180306
2014-12-23,-2543.2077235223286842118935
2014-12-24,-37.7077153363128978155351
2014-12-26,-606.9577071487120490358789
2014-12-29,1438.5423010404741690435071
2014-12-30,290.2923092312460633984838
2014-12-31,1868.0423174236039410643513
2015-01-01,1801.5423256175481091358617
2015-01-02,2318.5423338130788747672297
2015-01-05,241.5423420101965451721446
2015-01-06,-6521.7076497910985723762188
2015-01-07,-2368.7076415908061705451875
2015-01-08,3346.5423666110740580574198
2015-01-09,-312.2076251854575791166946
2015-01-12,2058.7923830195992254437032
2015-01-13,238.2923912262447793093911
2015-01-14,-905.2076005655206098892983
2015-01-15,6427.7924076443033655375344
2015-01-16,368.0424158557170133393667
2015-01-19,-28.2075759312793586747342
2015-01-20,2638.2924322833145573639003
2015-01-21,775.0424404994990693835512
2015-01-22,473.0424487172744853721241
2015-01-23,3061.2924569366411133771603
2015-01-27,755.5424651575992615058487
2015-01-28,1875.5424733801492379250369
2015-01-29,228.5424816042913508612432
2015-01-30,-943.4575101699740913993322
2015-02-02,-635.2075019426467805107954
2015-02-03,-1028.4574937137264080675472
2015-02-04,-1346.7074854832126656042720
2015-02-05,-1101.7074772511052445959257
2015-02-06,-734.7074690174038364577241
2015-02-09,-4641.9574607821081325451322
2015-02-10,3655.0425474547821758461488
2015-02-11,1108.7925556932673974801915
2015-02-12,1461.2925639333478411808551
2015-02-13,2420.7925721750238158317965
2015-02-16,1042.5425804182956303764816
2015-02-18,-232.7074113368364061818023
2015-02-19,-962.7074030903719847799360
2015-02-20,38.7926051576892037050440
2015-02-23,-1547.7073865926525315440429
2015-02-24,-1160.4573783413968812845107
2015-02-25,788.0426299114564637862060
2015-02-26,-2089.9573618340921869694372
2015-02-27,4955.2926464219574758709171
2015-02-28,413.7926546796057617895405
2015-03-02,1326.2926629388529803286289
2015-03-03,2082.0426711996994410903161
2015-03-04,-2167.9573205378545462633168
2015-03-05,957.2926877261913279897722
2015-03-09,-3882.7073040081626263684035
2015-03-10,213.0427042590839005041523
2015-03-11,-1067.2072874720687814905687
2015-03-12,2599.5427207983796376094312
2015-03-13,-2495.7072709295705321738317
2015-03-16,-2154.4572626559189807583119
2015-03-17,3174.7927456193346019980776
2015-03-18,1914.7927538961905262974770
2015-03-19,-3012.4572378253508975979091
2015-03-20,-1064.7072295452893593658000
2015-03-23,-2727.2072212636245486238267
2015-03-24,-213.2072129803561549295213
2015-03-25,-1047.7072046954838677803043
2015-03-26,-1482.9571964090073766134735
2015-03-27,-2636.2071881209263708061925
2015-03-30,3121.5428201687594603245214
2015-03-31,-105.2071715399495724781917
2015-04-01,2927.7928367529468415889780
2015-04-06,3069.5428450474490133895211
2015-04-07,2840.5428533435572538471210
2015-04-08,-405.9571383587281260543348
2015-04-09,5482.7928699405931847292572
2015-04-10,-1789.9571217584785026977716
2015-04-13,2383.0428865440571228291492
2015-04-15,-1629.2071051517996274651591
2015-04-16,-2960.7070968460484422956121
2015-04-17,-4651.9570885386890103168517
2015-04-20,-3691.9570802297210201232335
2015-04-21,-1976.4570719191441602488156
2015-04-22,2223.7929363930418808326533
2015-04-23,292.2929447068374147077454
2015-04-24,-4595.4570469777572469766343
2015-04-27,-3772.7070386607417925132365
2015-04-28,2210.0429696578840898655438
2015-04-29,-1293.2070220218792880123202
2015-04-30,460.5429862999683857415241
2015-05-04,3372.2929946234274230758199
2015-05-05,370.0430029484981359997136
2015-05-06,-5363.7069887248191634172339
2015-05-07,-4772.9569803965241630450356
2015-05-08,2930.5430279333834493067331
2015-05-11,5259.2930362649039858889470
2015-05-12,-3449.4569554019622409870583
2015-05-13,4350.5430529327850810505260
2015-05-14,176.5430612691462644339933
2015-05-15,1458.2930696071216216561336
2015-05-18,2585.7930779467114652702448
2015-05-19,-193.9569137120838921098551
2015-05-20,1199.2930946307358621901834
2015-05-21,202.2931029751710409052529
2015-05-22,700.7931113212219568308012
2015-05-25,-1091.4568803311110771771571
2015-05-26,-1901.7068719818277482020291
2015-05-27,363.7931363690722567333684
2015-05-28,-1872.7068552784107493331795
2015-05-29,3124.5431530757235466967260
2015-06-01,319.0431614314754579821090
2015-06-02,-3795.9568302111547022573692
2015-06-03,-4776.2068218521666207413982
2015-06-04,919.5431865084400158709926
2015-06-05,-202.4568051293344790185537
2015-06-08,-3379.4567967654897919477094
2015-06-09,711.0432115999743906065483
2015-06-10,1751.7932199670583822279504
2015-06-11,-2868.4567716642375034390530
2015-06-12,-124.9567632939129526892807
2015-06-15,154.5432450780323482431918
2015-06-16,632.2932534515987131850431
2015-06-17,2141.0432618267864560237186
2015-06-18,2329.7932702035958907074417
2015-06-19,1811.2932785820273312452258
2015-06-22,2765.7932869620810917068862
2015-06-23,695.0432953437574862230512
2015-06-24,-62.9566962729431710148249
2015-06-25,1446.5433121119794342455486
2015-06-26,-921.9566795014743836826883
2015-06-29,-2221.7066711133043104255356
2015-06-30,1293.5433372764899684518801
2015-07-01,4749.0433456679087674453152
2015-07-02,1112.5433540609524011114231
2015-07-03,-1399.7066375443788159322358
2015-07-06,2508.5433708519154309928190
2015-07-07,233.0433792498354566259990
2015-07-08,-2805.7066123506184242323410
2015-07-09,-213.9566039494458967208912
2015-07-10,675.2934044533533540826249
2015-07-13,2170.5434128577796431614621
2015-07-14,199.0434212638332855598663
2015-07-15,775.5434296715145963830846
2015-07-16,2739.2934380808238907973788
2015-07-17,1962.0434464917614840300364
2015-07-20,116.5434549043276913693823
2015-07-21,-3286.2065366814771718352093
2015-07-22,1846.0434717343472098266978
2015-07-23,50.5434801518011518266119
2015-07-24,-1159.2065114291150303028730
2015-07-27,-4431.4565030084010209680665
2015-07-28,144.5435054139434954858302
2015-07-29,797.5435138379188347747367
2015-07-30,2272.5435222635253126757045
2015-07-31,3189.7935306907632450269294
2015-08-03,1224.2935391196329477277629
2015-08-04,1106.5435475501347367387245
2015-08-05,3373.5435559822689280815129
2015-08-06,362.0435644160358378390188
2015-08-07,-931.2064271485642178446643
2015-08-10,-211.4564187115309227642275
2015-08-11,-2946.7064102728639606531351
2015-08-12,-4106.2064018325630151836122
2015-08-13,347.2936066093722300333663
2015-08-14,3637.5436150529420914480886
2015-08-17,89.7936234981468855721169
2015-08-18,720.0436319449869289783000
2015-08-19,447.2936403934625383007845
2015-08-20,-2762.9563511564259697649724
2015-08-21,-2727.2063427046782784621923
2015-08-24,-18640.2063342512940709727623
2015-08-25,4059.7936742037269695827754
2015-08-26,-2289.9563173396148398547631
2015-08-27,5163.0436911186808177168071
2015-08-28,2021.7936995786142593610524
2015-08-31,-1164.4562919598141977970674
2015-09-01,-4565.7062834966042365711879
2015-09-02,861.3377249682444602864728
2015-09-03,-570.0686528467958011488577
2015-09-04,-1162.0644062689373321557114
2015-09-07,-4048.0601588688118413483400
2015-09-08,-570.0559106462601127467951
2015-09-09,2574.9483383988771004579424
2015-09-10,169.9525882667590759099322
2015-09-11,280.9568389575451220942445
2015-09-14,2463.9610904713945783429326
2015-09-15,-1051.0346571915331851589949
2015-09-16,169.9695959689212326324002
2015-09-18,1649.9738499529172636259613
2015-09-21,-940.0218952393856293985873
2015-09-22,-1939.0176396078279527846623
2015-09-23,761.9866168477498180071572
2015-09-24,391.9908741275072384051092
2015-09-28,-2346.0048677683961052677696
2015-09-29,95.9993911601994042123379
2015-09-30,2427.0036509134534149760126
2015-10-01,429.0079114915256060665841
2015-10-05,2945.0121728945756874461157
2015-10-06,1428.0164351227634000013919
2015-10-07,-88.9793018237514844500944
2015-10-08,-1827.9750379448091631541518
2015-10-09,-14.9707732402498024139013
2015-10-12,22.0334922900864624162164
2015-10-13,-421.9622413536404730635675
2015-10-14,-717.9579741712706822923556
2015-10-15,1021.0462938373557922574104
2015-10-16,1021.0505626723989390859462
2015-10-19,392.0548323340187776721214
2015-10-20,22.0591028223753584794587
2015-10-21,-569.9366258623712370378672
2015-10-23,-828.9323537200608964290281
2015-10-26,-51.9280807505334762405413
2015-10-27,-569.9238069536288020102658
2015-10-28,-976.9195323291866682613984
2015-10-29,-236.9152568770468384964684
2015-10-30,503.0890194029509548086692
2015-11-02,207.0932965109670102108412
2015-11-03,207.0975744471616573055653
2015-11-04,281.1018532116952567330598
2015-11-05,-791.8938671952717998157448
2015-11-06,-976.8895867735790895931939
2015-11-09,1021.1146944769338412111052
2015-11-10,-2197.8810234435725225237023
2015-11-11,3167.1232594650623351562973
2015-11-13,-4158.8724567970010387141969
2015-11-16,-384.8681722296020660136821
2015-11-17,-51.8638868325801375278325
2015-11-18,96.1403993942253870565211
2015-11-19,1465.1446864509751791574134
2015-11-20,1021.1489743378299413037668
2015-11-23,1502.1532630549504071414161
2015-11-24,-717.8424473975026585608668
2015-11-26,503.1618429806315400946536
2015-11-27,-14.8338658104861698592961
2015-11-30,-88.8295737706949302489693
2015-12-01,540.1747191001661482464301
2015-12-02,-399.1219871977420138992212
2015-12-03,50.6515806470958646120980
2015-12-04,50.6613883383138200974228
2015-12-07,50.6711979285999941433920
2015-12-08,50.6810094183221042911271
2015-12-09,50.6908228078479392830837
2015-12-10,50.7006380975453590768375
2015-12-11,50.7104552877822948588745
2015-12-14,50.7202743789267490583824
2015-12-15,50.7300953713467953610460
2015-12-16,50.7399182654105787228440
2015-12-17,50.7497430614863153838497
2015-12-18,50.7595697599422928820331
2015-12-21,50.7693983611468700670671
2015-12-22,50.7792288654684771141350
2015-12-23,50.7890612732756155377418
2015-12-24,50.7988955849368582055271
2015-12-28,50.8087318008208493520819
2015-12-29,50.8185699212963045927667
2015-12-30,50.8284099467320109375337
2015-12-31,50.8382518774968268047506
2016-01-01,50.8480957139596820350272
2016-01-04,-1807.3070585435104220949543
2016-01-05,476.9547213250442442710739
2016-01-06,-813.0403498643716490198577
2016-01-07,-2683.5354200994194522503850
2016-01-08,1315.4695106200856293561999
2016-01-11,-103.5255577056715736414889
2016-01-12,-1651.5206250765061948960026
2016-01-13,-942.0156914922333322641279
2016-01-14,-1425.7607569526680477999558
2016-01-15,-1587.0058214576253677479492
2016-01-18,-3973.5008850069202825360090
2016-01-19,541.5040523996322532314611
2016-01-20,-1103.2410092377826792195091
2016-01-21,-1780.4860699189799628255180
2016-01-22,2476.5188703562255553211465
2016-01-25,380.2738115880190639794482
2016-01-27,-587.2212462234142122334564
2016-01-28,154.5336969221109871647260
2016-01-29,1734.7886410247799585283696
2016-02-01,1057.5435860847780340908756
2016-02-02,331.0297721022905819716194
2016-02-03,231.0664316549092975406470
2016-02-04,1005.9711613572437019751773
2016-02-05,696.0158919753927652231553
2016-02-08,1832.5406235095338169408676
2016-02-09,2400.8053559598442211210319
2016-02-10,-1318.7099106734986239005544
2016-02-11,2865.7548236096827145616358
2016-02-12,1832.5595588095657035495104
2016-02-15,-2196.9157050736721555319895
2016-02-16,799.3690319601466730917640
2016-02-17,-853.7462300888002404282589
2016-02-18,-27.1814912203352915580900
2016-02-19,1470.9632485657191586258949
2016-02-22,-1215.3520107304592165563654
2016-02-23,1470.9727308913072906180430
2016-02-24,437.7774734311964222816705
2016-02-25,851.0622168893859549833664
2016-02-26,-182.1330387339463003050566
2016-02-29,696.0917065613775018178426
2016-03-01,179.4964527755352411898004
2016-03-02,-2093.5388000912951679084838
2016-03-03,851.0859479610642232533217
2016-03-04,2142.5906969327913978618515
2016-03-08,437.8154468240643735667146
2016-03-09,-1421.9398023649387975128321
2016-03-10,-853.6750506340400287812100
2016-03-11,1935.9697020169388008401576
2016-03-14,-388.7255444118241530804783
2016-03-15,-2403.4607899201507004785133
2016-03-16,-337.0560345078626167863111
2016-03-17,2090.9687218252183570734784
2016-03-18,-1370.2465209207294853053996
2016-03-21,-750.3217627455278158061209
2016-03-22,76.2429963510017282179024
2016-03-23,-1576.8722436309624560502923
2016-03-28,-2041.8074826912419368845307
2016-03-29,489.5372791703417519911869
2016-03-30,1367.7620419539671114093760
2016-03-31,-233.6931943401873232342416
2016-04-01,799.5115702880570180259551
2016-04-04,-1576.8436641611212602678200
2016-04-05,2194.3411023124564810099349
2016-04-06,76.2858697089689155747061
2016-04-07,1316.1306380285947517386619
2016-04-08,541.2354072715127324173515
2016-04-11,127.9601774379016351364055
2016-04-12,1419.4649485279402720382374
2016-04-13,-1008.5502794581925101112539
2016-04-18,747.8944934796821700840208
2016-04-20,386.2792673417432286570457
2016-04-21,1471.1440421281696162844072
2016-04-22,-698.5711821608596817069980
2016-04-25,-1318.4864055251656453332539
2016-04-26,127.9983720354307800532858
2016-04-27,851.2431505211086837707095
2016-04-28,1316.1879299320471898142608
2016-04-29,1574.4927102684254568630536
2016-05-02,1626.1574915304226782867872
2016-05-03,-695.1409762817819178475359
2016-05-04,-3407.6021471171548315820304
2016-05-05,-1068.8921417239870175591570
2016-05-06,1514.3778636702250782794228
2016-05-09,704.0278690654816581385263
2016-05-10,78.0678744617829242621229
2016-05-11,835.9278798591290789333436
2016-05-12,-131.8721147424796755255129
2016-05-13,-375.6021093430431367529723
2016-05-16,478.7078960574388976516236
2016-05-17,-451.1720985410333698718766
2016-05-18,-436.3320931384597368444256
2016-05-19,-1132.0920877348400007477696
2016-05-20,-792.1820823301739590244417
2016-05-23,-495.9620769244614090777534
2016-05-24,-1231.8420715177021482717871
2016-05-25,-701.2320661098959739313892
2016-05-26,2498.3879392989573166578386
2016-05-27,1586.9179447088579262495456
2016-05-30,-1950.4120498801939423633588
2016-05-31,-179.1320444681980863486991
2016-06-01,913.9679609448456971649752
2016-06-02,-262.1069836410623889116035
2016-06-03,-520.4674567425125175906960
2016-06-06,2123.8525437499397179825467
2016-06-07,12.0925442424873073316124
2016-06-08,334.5925447351302689199007
2016-06-09,-379.0174547721313787856133
2016-06-10,388.6525457207023826856213
2016-06-13,627.6325462136315718077315
2016-06-14,108.1525467066562070584218
2016-06-15,493.4425471997763069189743
2016-06-16,1959.2125476929918898742501
2016-06-17,-1668.5674518136970255873112
2016-06-20,905.7625486797095790263105
2016-06-21,-262.1674508267882777892843
2016-06-22,-1342.6774503331905775349136
2016-06-23,513.2425501605026982921863
2016-06-24,2636.5525506542915681983619
2016-06-27,1436.3425511481760506935434
2016-06-28,340.8625516421561642912446
2016-06-29,-3.8374478637680724914354
2016-06-30,1162.6225526304033588661873
2016-07-01,1662.3025531246704768883835
2016-07-04,1809.1792036190333001030104
2016-07-05,-1346.2519279707129055945260
2016-07-07,2182.3680774648883449858091
2016-07-08,0.5480829015420937896658
2016-07-11,1885.5480883392485446128081
2016-07-12,-462.3119062219920987095386
2016-07-13,-443.8319007821796323026806
2016-07-14,167.1081046586861477475527
2016-07-15,1742.1481101006054453948154
2016-07-18,-2516.9918844564215353677464
2016-07-19,434.3881209876054094925124
2016-07-20,550.3281264326864840477442
2016-07-21,-320.9918681211781075903844
2016-07-22,1844.9481373260118387293159
2016-07-25,1535.5081427742565271975639
2016-07-26,132.3681482235561620446160
2016-07-27,550.8481536739109475402740
2016-07-28,1904.0281591253210879938926
2016-07-29,-226.6518354222132122456133
2016-08-01,2551.9281700313082512102396
2016-08-02,1798.1081754858856827895105
2016-08-03,-2167.9918190584807130401580
2016-08-04,-392.1718136017907317715321
2016-08-05,4379.4081918559558311422209
2016-08-08,-2765.4118026852408197124599
2016-08-09,-96.3917972253804797095213
2016-08-10,327.4282082355370558167122
2016-08-11,-28.9917863024880084284551
2016-08-12,92.8082191605445322999190
2016-08-16,220.8482246246348827864210
2016-08-17,975.1882300897832478552905
2016-08-18,1386.3882355559898323704267
2016-08-19,756.4482410232548412353972
2016-08-22,-1718.9317535084215206065550
2016-08-23,-1232.3917480390390481725038
2016-08-24,1512.8682574314024635601682
2016-08-25,-1406.3717370970967803462234
2016-08-26,143.4282683754634252103440
2016-08-29,-1001.0317261509167146283939
2016-08-30,1607.2082793237630053190210
2016-08-31,-694.1917152004972097262241
2016-09-01,-1394.2717097236971545032049
2016-09-02,1085.2301957541633762887480
2016-09-06,4428.8316940074572027032045
2016-09-07,-238.1682998556160789467910
2016-09-08,907.8317062824989356323112
2016-09-09,-1437.9682875781975234690876
2016-09-12,-5880.9682814377052261160343
2016-09-14,954.6317247039760578709853
2016-09-15,-20.4682691531534412839443
2016-09-16,1108.3317369909065066878394
2016-09-19,-93.9682568638438679004139
2016-09-20,524.3317492825956653091410
2016-09-21,-1234.4682445697746632810460
2016-09-22,3044.6317615790453767760874
2016-09-23,448.9317677290560159722254
2016-09-26,-2035.4682261197425151563175
2016-09-27,-1046.0682199673499860285882
2016-09-28,1856.9317861862338339810142
2016-09-29,-6659.1682076589908244572536
2016-09-30,1388.5317984969762693715304
2016-10-03,6043.8318046541353462269610
2016-10-04,1188.4318108124866369133156
2016-10-05,-338.0681830279696277204378
2016-10-06,-660.0681768672332167806317
2016-10-07,-144.8681707053038993288910
2016-10-10,1528.7318354578185556178769
2016-10-13,-5729.8681583778656209125107
2016-10-14,1354.9318477876438021524978
2016-10-17,-2299.2681460456529440698034
2016-10-18,4517.7318601222443715826314
2016-10-19,1.1318662913359803166079
2016-10-20,382.4318724616221133837005
2016-10-21,448.2318786331030020802606
2016-10-24,-177.7681151942211222525738
2016-10-25,384.9318909796499717711297
2016-10-26,-2437.5681028452834844178931
2016-10-27,-909.1680966690212593440946
2016-10-28,2213.6319095084368785128943
2016-10-30,-569.6680843129088392817290
2016-11-01,1581.0319218669418188820721
2016-11-02,-4109.6680719520109153408198
2016-11-03,-1176.6680657697668102506665
2016-11-04,-3398.3680595863256341028653
2016-11-07,1604.5319465983128448920588
2016-11-08,2911.8319527841488585684627
2016-11-09,-6497.1680410288173611944065
2016-11-10,4813.7319651594144175275968
2016-11-11,-7928.5680286511555732964737
2016-11-15,-11784.1680224605271016526484
2016-11-16,2092.1319837313000645179676
2016-11-17,-278.7680100756738426807975
2016-11-18,-793.9680038814485911001727
2016-11-21,-1397.0679976860239485464363
2016-11-22,3070.2320085106003172190936
2016-11-23,760.7320147084244384800668
2016-11-24,-2281.6679790925513524348889
2016-11-25,4133.5320271076731768478394
2016-11-28,426.3320333090982587468597
2016-11-29,770.2320395117241257257835
2016-11-30,1894.6320457155510102932336
2016-12-01,-1156.5679480794208549971456
2016-12-02,-3221.6679418731912375466807
2016-12-05,1538.6320643342400952883400
2016-12-06,937.4320705428733761966751
2016-12-07,-1611.3679232472911620878611
2016-12-08,5104.2320829637467132136100
2016-12-09,-5.0679108240127650749596
2016-12-12,-2938.4679046105693640845368
2016-12-13,573.4321016040771490990029
2016-12-14,-2605.4678921800729925651172
2016-12-15,68.4321140369804439274340
2016-12-16,-1552.0678797447623083738950
2016-12-19,-521.3678735253010163745308
2016-12-20,-1212.1678673046354469347653
2016-12-21,-2290.7678610827653668697480
2016-12-22,-2010.9678548596905429494763
2016-12-23,-556.4678486354107418987870
2016-12-26,-3608.7678424099257303973483
2016-12-27,3838.6321638167647249203499
2016-12-28,574.8321700446608574650046
2016-12-29,2527.6321762737629006925079
2016-12-30,3206.7321825040710881039559
2017-01-02,1556.1321887355856532456582
2017-01-03,383.4461949683068297091458
2017-01-04,57.1318820901163046404797
2017-01-05,990.1369226566317096212804
2017-01-06,554.7419641991545622490752
2017-01-09,305.9470067178738473403426
2017-01-10,1145.6520502129785863047872
2017-01-11,1114.5570946846578371524246
2017-01-12,1456.6621401331006945006689
2017-01-13,741.3671865584962895814205
2017-01-16,523.6722339610337902481563
2017-01-17,-1124.6227176590975990169797
2017-01-18,772.4823316982913629039164
2017-01-19,1021.2873820333899537716017
2017-01-20,-1964.3075666536125120032177
2017-01-23,1052.3974856374733166472094
2017-01-24,1332.3025389068368274547774
2017-01-25,2483.0075931546674448226232
2017-01-27,1021.3126483811546298322267
2017-01-30,-4.9822954135121197494869
2017-01-31,-875.7772382291432694630437
2017-02-01,2265.3278199344507518506832
2017-02-02,1068.8462790774595520575808
2017-02-03,-128.0953801579495223933222
2017-02-06,2276.9846207365928339942973
2017-02-07,-191.4153783686915989284905
2017-02-08,790.4646225261972123771875
2017-02-09,465.7646234212593014566994
2017-02-10,-82.5553756835052981380919
2017-02-13,-268.4153747880965528488265
2017-02-14,-437.6153738925144291106467
2017-02-15,-3052.2553729967588933521958
2017-02-16,2206.2646278991700880043838
2017-02-17,1818.6246287952725485434509
2017-02-20,2763.1046296915485218558677
2017-02-21,1142.5646305879980415390001
2017-02-22,-133.2753685153788588032799
2017-02-23,-985.9353676185821455605941
2017-02-27,-514.6353667216117851160561
2017-02-28,780.4646341755322561537299
2017-03-01,1660.5446350728500118786699
2017-03-02,-2639.4353640296584843048181
2017-03-03,-434.6553631319931987538031
2017-03-06,1707.1846377658459021811602
2017-03-07,-534.9953613361411478439673
2017-03-08,-1997.4353604379543151667082
2017-03-09,761.9646404604064338819336
2017-03-10,235.1046413589411329774729
2017-03-14,4384.0246422576498158019455
2017-03-15,250.2846431565325160439091
2017-03-16,3283.6646440555892673984441
2017-03-17,-138.8353550451798964328442
2017-03-20,162.1646458542250582581749
2017-03-21,13.7046467538041651861591
2017-03-22,-3118.5353523464425419277058
2017-03-23,2679.0646485534849706442956
2017-03-24,-416.1353505464132633635907
2017-03-27,-937.4553496461372102105869
2017-03-28,1058.5246512543131638506187
2017-03-29,1063.7046521549378925738713
2017-03-30,1224.7646530557370097195529
2017-03-31,261.7646539567105490545817
2017-04-03,2062.2446548578585443524149
2017-04-05,1410.2446557591810293930488
2017-04-06,311.0046566606780379630207
2017-04-07,192.1446575623496038554098
2017-04-10,110.7046584641957608698392
2017-04-11,2332.1446593662165428124761
2017-04-12,-346.1753397315880165039661
2017-04-13,-555.7353388292178832602271
2017-04-17,-1039.9953379266730236304979
2017-04-18,-2065.1953370239534037824196
2017-04-19,928.5646638789410101229169
2017-04-20,1358.0446647820102519309739
2017-04-21,-410.5953343147456445062336
2017-04-24,2947.1246665886733546698649
2017-04-25,3532.4646674922672833243952
2017-04-26,308.4246683960361753290413
2017-04-27,-308.7753307000199354379552
2017-04-28,-546.4753297959010150917920
2017-05-02,1008.9046711083929702588940
2017-05-03,-140.3153279871379454879719
2017-05-04,1473.5646729175062715720996
2017-05-05,-3194.0553261776743446498373
2017-05-08,197.3446747273202397638376
2017-05-09,1707.5446756324900587373121
2017-05-10,3294.4046765378351462013430
2017-05-11,384.6846774433555360932566
2017-05-12,-1097.7553216509487376430490
2017-05-15,2101.4846792549223589428968
2017-05-16,1091.4846801609688598081380
2017-05-17,-36.2753189328092010837058
2017-05-18,-4955.6553180264117897624385
2017-05-19,-1058.1353171198388722512871
2017-05-22,-1263.6153162130904145668987
2017-05-23,-2793.4553153061663827193408
2017-05-24,-2835.6553143990667427120993
2017-05-25,3644.6646865082085394579227
2017-05-26,4851.6246874156594978004063
2017-05-29,-938.1753116767138336683824
2017-05-30,1191.8046892310885790744095
2017-05-31,993.7246901390667700582228
2017-06-01,-357.2753089527792266809127
2017-06-02,1523.5446919555506228996231
2017-06-05,2398.7846928640563528490423
2017-06-06,-2348.7953062272620027768501
2017-06-07,1468.7446946815955900843450
2017-06-08,654.5846955906291655016221
2017-06-09,489.4646964998387575505729
2017-06-12,-1174.0353025907755996866131
2017-06-13,867.1046983187861278788529
2017-06-14,-1117.3753007714760256576394
2017-06-15,-34.4352998615620261940987
2017-06-16,326.1847010485281603780697
2017-06-19,1526.1447019587945681740648
2017-06-20,138.1047028692372313156916
2017-06-21,-455.3952962201438160686383
2017-06-22,-1116.6352953093485398439044
2017-06-23,-2144.0552943983769058684773
2017-06-27,-3178.1352934872288799941161
2017-06-28,624.9647074240955719340316
2017-06-29,198.8247083355964840774323
2017-06-30,2012.6247092472738906041667
2017-07-03,2768.6647101591278256889316
2017-07-04,572.0247110711583235130413
2017-07-05,1171.4447119833654182644282
2017-07-06,1850.4647128957491441376449
2017-07-07,-85.8952861916904646661349
2017-07-10,2683.8847147210466260608847
2017-07-11,-371.3352843660395494668768
2017-07-12,817.8647165470510429716255
2017-07-13,3031.1647174603184376040623
2017-07-14,-179.9352816262373313352681
2017-07-17,947.8247192873837703945615
2017-07-18,-2027.4352797988182229588915
2017-07-19,3304.7647211151567228585614
2017-07-20,-1067.3952779706913578922584
2017-07-21,766.4047229436375690561042
2017-07-24,1330.2847238581435379777397
2017-07-25,1006.6847247728265831533751
2017-07-26,359.8847256876867388703752
2017-07-27,-271.3752733972759605772564
2017-07-28,88.4847275179385191111249
2017-07-31,2292.1647284333302122428046
2017-08-01,470.5847293488991531317117
2017-08-02,-561.2752697353546239015808
2017-08-03,-1295.4752688194310845298546
2017-08-04,3426.9447320966698055807559
2017-08-07,2201.8047330129480807707639
2017-08-08,-3352.5152660705962246126675
2017-08-09,-3716.8352651539630762157253
2017-08-10,-7505.4952642371524396779438
2017-08-11,-1646.0952633201642806322046
2017-08-14,5306.2847375970014352952657
2017-08-16,3425.1047385143447424848959
2017-08-17,-111.4352605681343246762281
2017-08-18,-1208.0952596504357317943617
2017-08-21,-3679.0752587325594444691006
2017-08-22,-736.3952578145054282933801
2017-08-23,3143.3447431037263511465274
2017-08-24,2401.7447440221359282710127
2017-08-28,1629.0647449407233375071316
2017-08-29,-3547.2752541405113867113942
2017-08-30,4028.5847467784317900558248
2017-08-31,704.9447476975529022558464
2017-09-01,2773.1047486168519843423986
2017-09-04,-1696.8152504636709292241191
2017-09-05,1431.7247504559841960233648
2017-09-06,-236.9552486241826054414037
2017-09-07,1220.6847522958287008619962
2017-09-08,-1288.0552467839818505793380
2017-09-11,3221.4647541363857747283687
2017-09-12,2197.3847550569316112855704
2017-09-13,-1238.0752440223443064005981
2017-09-14,755.6647568985580561836790
2017-09-15,171.4247578196387335589010
2017-09-18,1433.5847587408977602522511
2017-09-19,981.5047596623351707975982
2017-09-20,-574.2352394160490002645022
2017-09-21,-2518.7352384942547183868063
2017-09-22,-5964.1952375722819490153809
2017-09-25,-4042.2752366501306575896024
2017-09-26,42.2047642721991904578452
2017-09-27,-4511.7352348052923702990291
2017-09-28,747.5247661173946947204786
2017-09-29,1664.2247670402604201037675
2017-10-03,3666.4847679633048404449347
2017-10-04,881.1847688865279903447752
2017-10-05,-179.1952301900700955892160
2017-10-06,3485.0847707335106172571571
2017-10-09,-420.2152283427298364952069
2017-10-10,1115.1647725812085777812940
2017-10-11,-1632.0152264946741052790334
2017-10-12,3722.4047744296221489648246
2017-10-13,2369.1847753540973751605885
2017-10-16,1625.3647762787516079626881
2017-10-17,157.7247772035848820322634
2017-10-18,-461.3152218714027679628343
2017-10-19,-751.5952209462113073480413
2017-10-23,184.7647799791592985579211
2017-10-24,8.8847809047090844430459
2017-10-25,3227.7647818304380850020434
2017-10-26,2145.5447827563463349363417
2017-10-27,815.2647836824338689540882
2017-10-30,2942.3047846087007217701506
2017-10-31,-1119.2352144648530718938812
2017-11-01,4039.3247864617725226903058
2017-11-02,591.6447873885775402577487
2017-11-03,473.5447883155620155502108
2017-11-06,1181.8047892427259833161823
2017-11-07,-4370.6752098299305216891183
2017-11-08,-2918.5952089024074647037426
2017-11-09,1265.1047920252951890409883
2017-11-10,556.1047929531774743204863
2017-11-13,-2075.1952061187605740831039
2017-11-14,-1166.9952051905189213809022
2017-11-15,-3611.3152042620975327772923
2017-11-16,3112.9847966665036265300790
2017-11-17,3614.2847975952845913503047
2017-11-20,766.4047985242453964992168
2017-11-21,241.4047994533860767993897
2017-11-22,-360.2351996172933329198604
2017-11-23,835.2648013122072021775276
2017-11-24,903.7648022418877169343593
2017-11-27,496.1248031717482462001878
2017-11-28,-103.2951958982111751686869
2017-11-29,-402.0751949679905123092145
2017-11-30,-2403.2351940375897303515949
2017-12-01,-3425.8351931070087944192759
2017-12-04,-345.0551921762476696289520
2017-12-05,-27.3951912453063210905634
2017-12-06,-2566.1351903141847139072946
2017-12-07,5019.7248106171171868244274
2017-12-08,2484.3248115485994160149334
2017-12-11,1250.3048124802620085813145
2017-12-12,-2586.4951865878950005525777
2017-12-13,-3142.2151856558715764561289
2017-12-14,661.6248152763323158080386
2017-12-15,2778.6648162087167111840676
2017-12-18,2498.3848171412816446228671
2017-12-19,3871.6048180740271510821135
2017-12-20,102.9248190069532655262525
2017-12-21,951.1448199400600229264993
2017-12-22,1707.9248208733474582608413
2017-12-26,1449.1248218068156065140384
2017-12-27,-962.6151772595354973223756
2017-12-28,-845.9951763257058182500911
2017-12-29,1848.9848246083046787359782
2018-01-01,-209.9351744575039713523038
2018-01-02,-2008.1751735231317334962932
2018-01-03,1128.8648274114214273294342
2018-01-04,3509.5048283461555461570847
2018-01-05,2934.5248292810706580256477
2018-01-08,2266.2448302161667979808976
2018-01-09,22.2248311514440010753945
2018-01-10,-233.2351679130976976315144
2018-01-11,-626.4351669774582630736929
2018-01-12,675.3248339583623398217845
2018-01-15,1516.1448348943641461346349
2018-01-16,-4054.8551641694528090486319
2018-01-17,2105.5648367669115093652868
2018-01-18,-2490.5751622965428635235099
2018-01-19,2168.5048386401841073918724
2018-01-22,3628.7248395770924572251265
2018-01-23,2890.4848405141822210967444
2018-01-24,-948.9151585485465658659821
2018-01-25,-2680.1551576110938685289591
2018-01-29,-274.6951566734596517512894
2018-01-30,-2749.7751557356438803852721
2018-01-31,-1750.8551547976465192764002
2018-02-01,156.9848461405324667366402
2018-02-02,-7877.9751529211068871780285
2018-02-05,-2686.0951519825645458454749
2018-02-06,-4700.5751510438404740839558
2018-02-07,1148.1048498950653632950834
2018-02-08,4483.9848508341530014870117
2018-02-09,-3234.0551482265775243059878
2018-02-12,4833.4848527128738211250849
2018-02-14,-1195.1351463474929270039531
2018-02-15,-331.7151454076777334704656
2018-02-16,-3743.4951444676805630449965
2018-02-19,-3233.6751435275013804912678
2018-02-20,335.0648574128598494338209
2018-02-21,-173.2551416465968380198055
2018-02-22,-1656.8151407058714075953971
2018-02-23,4503.6048602350361759706235
2018-02-26,2128.5248611761259479486610
2018-02-27,-701.9751378826020563840498
2018-02-28,-1340.6351369411478017434439
2018-03-01,-1705.6951359995112528386238
2018-03-05,-3292.9151350576923743718589
2018-03-06,-3567.6351341156911310385836
2018-03-07,-3522.8351331735074875273967
2018-03-08,1071.1248677688585914799410
2018-03-09,48.5048687114071413085068
2018-03-12,4494.7448696541381972902182
2018-03-13,1946.3448705970517947638343
2018-03-14,594.6048715401479690749565
2018-03-15,-756.7751275165732444239698
2018-03-16,-4264.4351265731118103736534
2018-03-19,-4118.1751256294676934079572
2018-03-20,999.6448753143591418461045
2018-03-21,208.0848762583687307683663
2018-03-22,-749.7351227974388912544865
2018-03-23,-2454.6951218530636888289163
2018-03-26,3180.7448790914943734454671
2018-03-27,2843.4448800362353309759089
2018-03-28,-519.0751190188407808234896
2018-04-02,4072.6448819262660734682297
2018-04-03,2191.0848828715559292788838
2018-04-04,-3869.7551161829711779568504
2018-04-05,5945.7048847626847872025649
2018-04-06,1882.6648857085238602055305
2018-04-09,1645.7248866545460765073108
2018-04-10,379.5048876007514715700357
2018-04-11,488.7248885471400808627012
2018-04-12,368.4048894937119398611717
2018-04-13,308.0448904404670840481803
2018-04-16,1506.8848913874055489133312
2018-04-17,389.8648923345273699530999
2018-04-18,-908.9351067181674173291644
2018-04-19,1801.9648942293212225767615
2018-04-20,-1487.6151048230066748120227
2018-04-23,1600.1848961248489260284593
2018-04-24,999.2848970728880606290628
2018-04-25,-105.8951019788892354724774
2018-04-26,-52.5551010304829267315453
2018-04-27,1902.3048999181070224033581
2018-04-30,2791.9849008668806474906151
2018-05-02,-3126.2950981841620159045067
2018-05-03,-2603.5150972350209322098530
2018-05-04,-2049.2750962856960658463815
2018-05-07,1840.1049046638126187718386
2018-05-08,213.2649056135051572376295
2018-05-09,-558.6750934366184148492954
2018-05-10,-2891.9350924865580618823291
2018-05-11,1136.2849084636862517520294
2018-05-14,-624.9550905858854383258222
2018-05-15,-1229.5550896352730964885899
2018-05-16,-198.4550886844766871020806
2018-05-17,-678.6550877334961745252014
2018-05-18,-4596.1550867823315231099584
2018-05-21,-3555.7750858309826972014551
2018-05-22,2743.8449151205503388621090
2018-05-23,-3011.1750839277323792505605
2018-05-24,1265.8649170241691841361486
2018-05-25,4104.8649179762550647047564
2018-05-28,5925.3249189285252981446921
2018-05-29,-970.0350801190200798477043
2018-05-30,-697.1550791663810335691811
2018-05-31,726.8049217864424726904266
2018-06-01,-2789.3750772605495253518016
2018-06-04,16966.5300736926430080281301
2018-06-05,-564.8431742079619634904289
2018-06-06,1300.2074447950354820139266
2018-06-07,1876.7180639178907914659590
2018-06-08,1308.0186831606271730045776
2018-06-11,-401.0506974767321607375044
2018-06-12,377.7499220058360073671002
2018-06-13,181.8405416083548989413222
2018-06-14,468.1711613308477401045076
2018-06-15,578.2817811733377614732875
2018-06-18,-2171.4975988641518018375515
2018-06-19,-719.0569787815977102141947
2018-06-20,-264.4263585789767195429301
2018-06-21,-1878.4557382562655812092760
2018-06-22,1512.7348821865589579028907
2018-06-25,-226.5844972504798445877946
2018-06-26,-837.7438765673587265593121
2018-06-27,-967.2132557640544213853851
2018-06-28,-1426.9026348405436579346089
2018-06-29,841.9579862031968394304228
2018-07-02,-217.7813926328096491460106
2018-07-03,1030.1692286514601609881164
2018-07-04,1053.8198500560295589934486
2018-07-05,131.3604715809218385401223
2018-07-06,1052.0610932261602978086393
2018-07-09,1055.5817149917682394907399
2018-07-10,514.7123368777689707902760
2018-07-11,-199.0770411158141965759142
2018-07-12,-513.6764189889579463771334
2018-07-13,-473.7457967416389578679508
2018-07-16,-24.2851743738339057873274
2018-07-17,-114.3745518855194603577425
2018-07-18,-2581.3439292766722872843186
2018-07-19,205.5066934527309522460531
2018-07-20,1502.5173163027136015655876
2018-07-23,1906.7679392732990085264813
2018-07-24,-109.4214376354894744982132
2018-07-25,456.8591855763715093862886
2018-07-26,-171.9001910910946784026213
2018-07-27,902.6904323621353280759319
2018-07-30,1030.1810559360848992871825
2018-07-31,103.1016796307774102215990
2018-08-01,-44.0776965537637596042380
2018-08-02,-2717.8997126175152261467607
2018-08-03,2932.8296484015372179003371
2018-08-06,487.7699600785725654203168
2018-08-07,-758.3897281840419048272060
2018-08-08,1779.1505836137054927941243
2018-08-09,244.5308954718264461833590
2018-08-10,-1137.7287926096673544973165
2018-08-13,-3477.6884806307642168221453
2018-08-14,2659.7918314085475538986406
2018-08-16,-1973.6278564917203453807429
2018-08-17,4164.3724556684437845588079
2018-08-20,3192.6127678890516452017218
2018-08-21,1414.3930801701149402981927
2018-08-23,1354.1133925116453758646169
2018-08-24,-590.7262950863453398159670
2018-08-27,3419.2340173761545038065602
2018-08-28,-105.5656701008433804501625
2018-08-29,1567.5946424826727224994627
2018-08-30,-560.2050448732854699905683
2018-08-31,1931.6352678312937617025772
2018-09-03,-2929.7244194035778605289911
2018-09-04,-6761.6841065778886125234480
2018-09-05,-1973.3437936916267678488127
2018-09-06,2220.0565192552194021974907
2018-09-07,2766.4568322626616285890723
2018-09-10,-4570.7628546692883554289830
2018-09-11,-6196.5825415406188143396764
2018-09-12,1732.8177716486819896463450
2018-09-14,4635.0780848986257965912285
2018-09-17,-2276.2616017907756511696446
2018-09-18,-4191.6212884195106090272190
2018-09-19,-1441.6409749875673300983240
2018-09-21,-5088.1606614949340652252349
2018-09-24,-8050.9803479415990629752309
2018-09-25,2705.2999656724494303598444
2018-09-26,427.5402793472231707640237
2018-09-27,-3598.8794069172660835023428
2018-09-28,-3599.7590931210065719021473
2018-10-01,1185.5812207360134683789168
2018-10-03,1615.5629346538058024327961
2018-10-04,-5565.4010431634973799809439
2018-10-05,-3686.6809349324019917021939
2018-10-08,-808.0008266803497615995910
2018-10-09,-923.3807184073366317892370
2018-10-10,2951.5393898866414563984959
2018-10-11,-2127.2205017984114375808819
2018-10-12,5009.4196065375087465141743
2018-10-15,2921.1197148944060697113958
2018-10-16,-392.5601767277154061751471
2018-10-17,-1587.2800683288516185448932
2018-10-19,-1424.3799599089985040106378
2018-10-22,-1804.2998514681519983983802
2018-10-23,-575.7997430063080367471723
2018-10-24,360.8603654765374466910351
2018-10-25,-1267.4795260196114815484561
2018-10-26,-849.0394174947507541429389
2018-10-29,2300.3606910511236970178514
2018-10-30,-1161.6992003819840591681098
2018-10-31,3279.9209082059300469850152
2018-11-01,629.0010168148700859510797
2018-11-02,-27.4111745551598710078953
2018-11-05,1575.0146754958683997505008
2018-11-06,-738.3389783271135174090234
2018-11-07,-95.7326309212819639387689
2018-11-09,-1830.7462822863990040639694
2018-11-12,-1959.2599324222266559382341
2018-11-13,-31.4535813285268916346267
2018-11-14,97.0727709949383628632572
2018-11-15,-545.5208754515927723297858
2018-11-16,-609.7745206678821309916403
2018-11-19,161.3518353463084992160549
2018-11-20,32.8381925912173767568371
2018-11-21,-95.6754489329171937716495
2018-11-22,-31.4090892258568616287210
2018-11-26,-1316.6027282873632299217184
2018-11-27,-224.1763661171978555970720
2018-11-28,-1509.3700027151222494313627
2018-11-29,675.4763619191021239776177
2018-11-30,-738.2372722142861537801918
2018-12-03,1767.9090948849515450818219
2018-12-04,-103.2825967829461054441090
2018-12-05,-1437.0781971937179886735196
2018-12-06,-2437.6317218405008610558219
2018-12-07,1397.8547547665421900461336
2018-12-10,-3044.0187673723460564189707
2018-12-11,1094.6677117430772255069584
2018-12-12,2428.7541921130549088005273
2018-12-13,609.5606737378299134659600
2018-12-14,185.0871566176452065442037
2018-12-17,1534.3336407527438021220372
2018-12-18,442.8201261433687613411796
2018-12-19,988.5866127897631924074025
2018-12-20,18.3531006921702505996420
2018-12-21,-2892.3604101491668617208856
2018-12-24,-1118.6339197340048951015678
2018-12-26,852.1725719378994470107227
2018-12-27,958.2990648667895082787481
2018-12-28,912.8255590529086794840271
2018-12-31,200.3120544965003985359588
2019-01-01,503.5185511978081504809481
2019-01-02,-1654.4229508429245324884673
2019-01-03,-629.4153524224602138826022
2019-01-04,-52.1753321594967662429403
2019-01-07,-382.0953118926097907268278
2019-01-08,88.6647083782014723804255
2019-01-09,1720.3847286529377829406137
2019-01-10,1434.7447489315999009626633
2019-01-11,-1154.0552307858114133973381
2019-01-14,-299.8952104992953998361140
2019-01-15,2229.0248097911487020968306
2019-01-16,1352.9448300855216529992369
2019-01-17,640.8248503838242136161208
2019-01-18,-1446.4951293139428551601980
2019-01-21,543.0648909922212077099320
2019-01-22,294.1449113023171634135226
2019-01-23,-1136.8950683836542267150250
2019-01-24,-627.0550480656922011938922
2019-01-25,-345.3750277437959983938144
2019-01-28,164.1049925820351434619478
2019-01-29,1190.1850129118019862976369
2019-01-30,124.1850332455052921850274
2019-01-31,3506.4650535831458233434538
2019-02-01,1323.8250739247243421398400
2019-02-04,667.1450942702416110887267
2019-02-05,804.7851146196983928523015
2019-02-06,1976.5051349730954502404259
2019-02-07,-1757.2948446695664537893348
2019-02-08,-2080.0148243082865561316837
2019-02-11,-102.4148039430640935335634
2019-02-12,-1519.4947835738983025941272
2019-02-13,-760.2947632007884197647112
2019-02-14,-331.0147428237336813488048
2019-02-15,662.3852775572666764979777
2019-02-18,463.7052979422134177679251
2019-02-19,48.7853183311073066012586
2019-02-20,2340.7453387239491072861605
2019-02-21,-721.6146408792604157411978
2019-02-22,-962.5746204785204978966264
2019-02-25,1579.5453999261696255521114
2019-02-26,-228.4945796651892805146726
2019-02-27,-710.0145592525964510685620
2019-02-28,56.7454611639488790669925
2019-03-01,-2094.0145184155525247832989
2019-03-05,-5073.6624979910998971465350
2019-03-06,277.3592902775049929519451
2019-03-07,-1187.5942813271016698101724
2019-03-08,948.8121483130251237052291
2019-03-11,216.3385791981263918678008
2019-03-12,-821.3349886715568002842967
2019-03-13,1498.1914447042166589646424
2019-03-14,-1431.7221206743120719830925
2019-03-15,-27.7956848069017880295884
2019-03-18,-1431.7092476933112373722668
2019-03-19,1498.2171906667008785051594
2019-03-20,-1309.6163697266240951582688
2019-03-22,1620.3100711269552336082904
2019-03-25,33.2765132276803035165287
2019-03-26,-210.8770434242073999719625
2019-03-27,216.4094011715336553633607
2019-03-28,-760.2241529848549514889517
2019-03-29,-1004.3777058931315947632877
2019-04-01,94.3487424469453980920839
2019-04-02,2264.8873920356177464240731
2019-04-03,-1274.3325123650445897464473
2019-04-04,506.0874929574000903683965
2019-04-05,908.6674982808753581427037
2019-04-08,878.0675036053814131296851
2019-04-09,393.5675089309184549211905
2019-04-10,-943.3924857425133168522826
2019-04-11,-309.1724804149137025215828
2019-04-12,721.5475249137174976211041
2019-04-15,-259.6124697566195166777390
2019-04-16,1376.9875355740754543670487
2019-04-18,-1070.6924590941973894206884
2019-04-22,-1868.5524537614378481784133
2019-04-23,-425.5124484276457220048896
2019-04-24,1707.2275569071791890398259
2019-04-25,676.6875622430370849343910
2019-04-26,1200.1275675799281656961853
2019-04-30,-46.7524270821473686186819
2019-05-02,-2403.3124217431893179153644
2019-05-03,-481.0477764031974820602717
2019-05-06,-1621.3038874601790660669026
2019-05-07,-1293.3175255144649112447364
2019-05-08,-1920.7511623368839851848341
2019-05-09,-1492.9447979271977609002859
2019-05-10,89.9215677148323347819189
2019-05-13,-1792.3920654105550787701644
2019-05-14,945.5343026968786640155086
2019-05-15,-480.4593279626277250760823
2019-05-16,845.7270426111645119619267
2019-05-17,2257.4734144184941793672332
2019-05-20,6164.7197874596001276173204
2019-05-21,-1193.4338382652787465615897
2019-05-22,389.4325372440964998144190
2019-05-23,-993.7810860120351440040863
2019-05-24,2813.6452919665653575090712
2019-05-27,731.6916711801370861646383
2019-05-28,232.5980516289191700668941
2019-05-29,-565.9555666868492163773867
2019-05-30,1059.6908162330711475500325
2019-05-31,-295.0027996110804711121831
2019-06-03,2243.2835857809352410040298
2019-06-04,-2039.1000275906423563948971
2019-06-06,-5536.4457946819281709994518
2019-06-07,358.0742080686547628685696
2019-06-10,1566.0542108197702935033673
2019-06-11,353.9542135714185240319232
2019-06-12,-2440.1257836764004423988125
2019-06-13,309.0542190763134973780827
2019-06-14,-2015.8857781704395534504922
2019-06-17,-4588.2657754166594916776579
2019-06-18,247.1142273376537859234484
2019-06-19,-1094.4457699074996174003224
2019-06-20,4176.5342328478804016178725
2019-06-21,-1110.7057643962060537351286
2019-06-24,-209.2057616397588801524881
2019-06-25,1541.4342411172220256926352
2019-06-26,2086.9942438747367671470897
2019-06-27,989.9742466327854475777347
2019-06-28,-960.8657506086318296285551
2019-07-01,1337.1142521504850389351132
2019-07-02,1014.1423349101361566956559
2019-07-03,3178.0447829578658527071346
2019-07-04,-395.4752161160075929488144
2019-07-05,-297.5952151897017122509220
2019-07-08,-3568.4352142632164704761352
2019-07-09,-1716.4952133365518328946779
2019-07-10,130.5647875902922352299507
2019-07-11,3642.1047885173157686409776
2019-07-12,-1802.9152105554811979116427
2019-07-15,1367.7447903719013703287725
2019-07-16,1265.7047912994635081256363
2019-07-17,119.2447922272052502490929
2019-07-18,1628.0047931551266314760188
2019-07-19,-1387.8752059167723134099752
2019-07-22,-2967.0752049884915496185433
2019-07-23,-734.6352040600310423526035
2019-07-24,-517.6552031313907568083355
2019-07-25,-157.7152022025706581751803
2019-07-26,-428.2952012735707116358385
2019-07-29,-1425.1352003443908823662689
2019-07-30,-908.6951994150311355356872
2019-07-31,-259.7551984854914363065651
2019-08-01,-2977.3951975557717498346284
2019-08-02,3767.2588033741279587311439
2019-08-05,3964.5600251531870130295785
2019-08-06,1155.5662135890465861648907
2019-08-07,2728.6124032231761295048974
2019-08-08,-248.9214059441923353290940
2019-08-09,762.3247860871732582106878
2019-08-13,3290.4309793175050216071773
2019-08-14,-2945.5428262529648887128269
2019-08-16,706.1633693759957286300404
2019-08-19,256.7295662046191199764148
2019-08-20,1436.5157642331375766369088
2019-08-21,-1316.2980365382165650991811
2019-08-22,1436.5281638907890760448350
2019-08-23,-585.9456344796130736582487
2019-08-26,4919.7005683508094570691789
2019-08-27,-24.1332276177108154817397
2019-08-28,1492.7329776150586700023851
2019-08-29,88.2391840493505198659077
2019-08-30,-2327.4946083146026145071328
2019-09-03,3683.7716005234319633157075
2019-09-04,762.4178105636869948240010
2019-09-05,-361.1759781936047334268277
2019-09-06,-5529.7297657482103898067749
2019-09-09,987.1564479001029023974690
2019-09-11,-1990.3773372484319350087501
2019-09-12,-979.1311211935819351193191
2019-09-13,-136.4249039351140859186251
2019-09-16,762.4613145272046697271795
2019-09-17,650.1075341936074340789134
2019-09-18,-1316.1862449356726454668963
2019-09-19,-1765.6200228604023763692735
2019-09-20,144.5062004196514790659473
2019-09-23,1492.8324249047222036948647
2019-09-24,88.3386505950431255442549
2019-09-25,1436.6648774908476178203179
2019-09-26,-1934.1288944076309010825738
2019-09-27,200.7173348998410324268738
2019-09-30,-248.7164345865030728543715
2019-10-01,-1821.7502028664296629149155
2019-10-03,4020.9760300602948614798177
2019-10-04,1661.4222641939041447963421
2019-10-07,-192.5115004653681232581320
2019-10-09,706.3747360827117922730621
2019-10-10,650.2009738383776716048093
2019-10-11,-922.8327871981366597810243
2019-10-14,537.8534529734026688731742
2019-10-15,987.2996943532295736095305
2019-10-16,-1035.1740630584219842365474
2019-10-17,369.3321807386820019723999
2019-10-18,-136.2815742552244158153443
2019-10-22,-529.5353280399071403318991
2019-10-23,762.6109193848679710189885
2019-10-24,-473.3428319806648938292788
2019-10-25,3290.7234178637284984026300
2019-10-27,-810.4103310817175736512457
2019-10-29,-2327.2640788167687859933760
2019-10-30,-248.5978253411907692539564
2019-10-31,2335.6884293452508913178771
2019-11-01,650.2946852427906558628356
2019-11-04,-496.8530576483369700797340
2019-11-05,-943.4223640038523905140102
2019-11-06,-739.4023605889855230429441
2019-11-07,264.7576428265425668294509
2019-11-08,-2839.9223537572679928639965
2019-11-11,846.7976496595829259343332
2019-11-13,533.4176530770954513068553
2019-11-14,-141.2023435047302886392138
2019-11-15,-1027.3823400858941657718529
2019-11-18,-1039.0823366663960519342299
2019-11-19,2454.7776667537641810553021
2019-11-20,1365.5776701745866614032096
2019-11-21,-1145.3623264039284826592157
2019-11-22,-167.5223229817811228758528
2019-11-25,-86.9423195589711309657467
2019-11-26,-695.9223161354983786231029
2019-11-27,344.7176872886372624827170
2019-11-28,952.0776907134359207071997
2019-11-29,-777.9623058611022755693141
2019-12-02,157.9376975650228020583746
2019-12-03,-501.6022990081887179796723
2019-12-04,2244.2177044192632927714751
2019-12-05,-847.7622921526210372083801
2019-12-06,-1570.5622887238415794145576
2019-12-09,-2003.2222852943982053174945
2019-12-10,-866.0022818642907863627409
2019-12-11,889.8177215664808060290455
2019-12-12,1283.6177249979167004621040
2019-12-13,659.5577284300170255655749
2019-12-16,735.8977318627819099935058
2019-12-17,1771.5377352962114824248551
2019-12-18,1404.0577387303058715634978
2019-12-19,956.1577421650652061382295
2019-12-20,759.2177456004896149027721
2019-12-23,-526.3822509634207733642226
2019-12-24,-96.1822475266658298591663
2019-12-26,417.5177559107545742464686
2019-12-27,1961.3177593488405678061554
2019-12-30,1763.9177627875922796983173
2019-12-31,-604.8822337729901611736677
2020-01-01,-232.7822303329066258814623
2020-01-02,987.0177731078430145282358
2020-01-03,5306.7177765492588890336977
2020-01-06,1120.9177799913411266381690
2020-01-07,-3125.2822165659101436301259
2020-01-08,3107.6177868775052072820209
2020-01-09,-3530.0822096784126915471933
2020-01-10,-232.7822062336637110145784
2020-01-13,-70.7822027882477219919459
2020-01-14,789.6178006578354046738961
2020-01-15,1685.4178041045857981611476
2020-01-16,-412.4821924479964123269791
2020-01-17,113.9178110000889024377466
2020-01-20,-269.3421855511581282914228
2020-01-21,-1285.5821821017373752362068
2020-01-22,-22.3021786516487090932931
2020-01-23,537.5778247991079994656680
2020-01-24,2120.2378282505328797940676
2020-01-27,751.5178317026260612703440
2020-01-28,-1585.7221648446123267020128
2020-01-29,237.4378386088178453055431
2020-01-30,481.7778420629167067466195
2020-01-31,-1126.6621544823156129001100
2020-02-01,-1314.0621510268789841309005
2020-02-03,-2080.1821475707732774169314
2020-02-04,1238.6778558860016367956984
2020-02-05,-3.4421406565541119140237
2020-02-06,2898.6778628015596060579792
2020-02-07,-312.8221337396570796591197
2020-02-10,1009.7178697197959605889521
2020-02-11,-203.9221268200811435184274
2020-02-12,847.3378766407117377232295
2020-02-13,1199.0378801021747340435255
2020-02-14,-1746.1821164356920248028176
2020-02-17,-274.3421129728884090359528
2020-02-18,521.7978904905857111490954
2020-02-19,4847.2778939547304655824375
2020-02-20,288.9978974195459841193224
2020-02-24,6466.0979008850323966401436
2020-02-25,-6930.9020956488101669495574
2020-02-26,-1261.3420921819815767190846
2020-02-27,-1312.9020887144817027125841
2020-02-28,-5780.7620852463104149490380
2020-03-02,-3094.5020817774675834222607
2020-03-03,1520.1217216920469218991068
2020-03-04,5536.0247813731698732497046
2020-03-05,-306.6893352062216087448852
2020-03-06,5704.5765493535966218997451
2020-03-09,-3284.2175649471548490626864
2020-03-11,-1542.6316781082553931663300
2020-03-12,-1205.5457901294843392249347
2020-03-13,-7497.6999010106209733235759
2020-03-16,-5306.6740107514445388103817
2020-03-17,-4688.6881193517342362882579
2020-03-18,3457.4177731887307763933887
2020-03-19,-1261.6963331298286158530712
2020-03-20,5086.6495616928085146547906
2020-03-23,-6093.1645423431368616222587
2020-03-24,7727.1213547625562685631706
2020-03-25,3401.2672530101089612533750
2020-03-26,-1486.3868476002576847061557
2020-03-27,8176.5790529316774723415502
2020-03-30,8850.7449546061356168732351
2020-03-31,-8565.0491425766620238062962
2020-04-01,199.0367613835058204441162
2020-04-03,3120.4026664868604626102816
2020-04-07,4974.3485727336232585309549
2020-04-08,704.6744801240156069061344
2020-04-09,5648.5203886582589493053605
2020-04-13,9581.1262983365747701760170
2020-04-15,1041.7722091591845968516336
2020-04-16,3345.1581211263099995601896
2020-04-17,-4407.6759657618274085675802
2020-04-20,-5138.0100515050059714898782
2020-04-21,2839.5558638969960097544650
2020-04-22,3176.6417804444002770543007
2020-04-23,30.5676981374286152344746
2020-04-24,480.0136169763028520641403
2020-04-27,-699.7604630387551417349252
2020-04-28,704.7454580924765475199954
2020-04-29,-1710.9886196297801235191221
2020-04-30,1154.1973037946968447772774
2020-05-04,929.4832283661294950246495
2020-05-05,-6654.8108459152600871673259
2020-05-06,-980.6249190492497731864202
2020-05-07,-1654.7789910356173914095285
2020-05-08,2558.7269381258592728056575
2020-05-11,-1879.4871315645975228710199
2020-05-12,423.8987998932345222661468
2020-05-13,-1486.2152675004222480329368
2020-05-14,2952.0106662546545530341680
2020-05-15,1772.2366011586873553307690
2020-05-18,4187.9825372118986317893811
2020-05-19,-6542.3915255854891015799341
2020-05-20,2895.8544127667467143187727
2020-05-21,-2497.4196477311713183243188
2020-05-22,1266.6462929209794457835460
2020-05-26,-2497.4077652765783049539574
2020-05-27,-3059.2018223236218390138852
2020-05-28,3064.4241217800716182543240
2020-05-29,-1092.8899329652751153627998
2020-06-01,1266.6760134405608210655940
2020-06-02,-137.8180390021976683769688
2020-06-03,-1654.6720902933276364459320
2020-06-04,-362.5261404326060927273513
2020-06-05,2165.5798105801899963704641
2020-06-08,-3002.9742372547162923746873
2020-06-09,1997.0517160628981610094622
2020-06-10,1210.5376705332565196980137
2020-06-11,2952.1236261565819900772668
2020-06-12,424.0295829330978217530870
2020-06-15,-2160.2444591369726924407262
2020-06-16,2502.7014999465937835659313
2020-06-17,-1092.8125398159793709121599
2020-06-18,1098.2134215755312666928305
2020-06-19,-531.0006158786508377898421
2020-06-22,3120.7053478216978247388793
2020-06-23,-362.4486873231991933437681
2020-06-24,2727.4572786868817036260130
2020-06-25,-2160.1967541478358453930388
2020-06-26,143.1892141728718418611403
2020-06-29,929.7151836492284909623237
2020-06-30,705.0011542814578708043810
2020-07-01,2221.8671260697837936096660
2020-07-02,-4238.8269009855698850625935
2020-07-03,-193.8609268843792663079043
2020-07-06,424.1250483735795921318851
2020-07-07,873.5710247885306758769790
2020-07-08,3345.4970023606980139180308
2020-07-09,1828.6429810903056786245408
2020-07-10,-699.4510390224222142467441
2020-07-13,367.9749420227384944565704
2020-07-14,-755.6190757739879927090713
2020-07-15,592.7069075876225702252299
2020-07-16,-530.8871078922055273507664
2020-07-17,-1317.4011222132479526180323
2020-07-20,1098.3448646247196706801372
2020-07-21,1098.3508526219217622465357
2020-07-22,3514.0968417785827852384571
2020-07-23,3514.1028320949272462761106
2020-07-24,2390.5088235711796954510357
2020-07-27,8626.4948162075647263345199
2020-07-28,-2440.9591899956930240139823
2020-07-29,2896.1468049616311249615713
2020-07-30,199.5128010797618973222327
2020-07-31,3345.5987983589240606424876
2020-08-03,873.6847967993424260186812
2020-08-04,-111.4392035987581519225550
2020-08-05,6766.0211654408268551080572
2020-08-06,3473.5411695391018836407604
2020-08-07,2371.8811736381704632431956
2020-08-10,-2074.3388222619672524289420
2020-08-11,-6977.7788181613111096902041
2020-08-12,-10041.6388140598609548253848
2020-08-13,3480.1011900423833659104863
2020-08-14,770.9611941454220062921492
2020-08-17,-1012.0388017507448798758809
2020-08-18,8597.4012023538828612406926
2020-08-19,-2529.7187935406946164940467
2020-08-20,-7397.0787894344771591862221
2020-08-21,908.7412146725353870878410
2020-08-24,-1349.9387812196568237183779
2020-08-25,-2432.7387771110536376215895
2020-08-26,-701.8187730016549006086886
2020-08-27,2031.5212311085395413632518
2020-08-28,907.9212352195298423669859
2020-08-31,-4864.6587606686838434948990
2020-09-01,1301.1812434438986379100238
2020-09-02,2106.1462475572774407440253
2020-09-03,-3146.0687871021590586218537
2020-09-04,-659.3987849309999698533551
2020-09-07,371.5012172405795215492895
2020-09-08,-147.9287805874205030111448
2020-09-09,-2.3287784149999621161210
2020-09-10,3737.8512237578412256686630
2020-09-11,-10.2887740688968582067223
2020-09-14,-786.5087718952141322764356
2020-09-15,3992.3012302788894849411393
2020-09-16,71.1712324534140749433952
2020-09-17,-3600.1887653716402807564942
2020-09-18,1842.4812368037264993704282
2020-09-21,-5518.4987610204855031310943
2020-09-22,-5496.7787588442762067005288
2020-09-23,-1518.9087566676455297615493
2020-09-24,-7799.2187544905933907220348
2020-09-25,4315.5212476868802920259347
2020-09-28,802.0712498647756001060813
2020-09-29,4813.8412520430926151579312
2020-09-30,317.3812542218314188368193
2020-10-01,1823.6112564009920928138910
2020-10-05,1491.2612585805747187761058
2020-10-06,4648.2012607605793784262403
2020-10-07,-2544.2887370589938465171087
2020-10-08,1660.9712651218551256804789
2020-10-09,3708.4512673031263767692491
2020-10-12,2150.4412694848199885152778
2020-10-13,-312.0687283330639572995272
2020-10-14,-2661.0487261505253788774223
2020-10-15,-2688.6187239675641944048256
2020-10-16,2163.3612782158196779476866
2020-10-19,1778.6212803996263200253827
2020-10-20,-503.5487174161441863106216
2020-10-21,2250.4412847685082408166410
2020-10-22,-338.2387130464163167000090
2020-10-23,-272.3687108609177769518941
2020-10-26,-2320.6887086749960580144763
2020-10-27,1184.4712935113489220526451
2020-10-28,-1402.0987043018827547942631
2020-10-29,-2380.7087021146910065830646
2020-10-30,-371.4786999270757513257509
2020-11-02,1414.8113022609630929815618
2020-11-03,3230.1713044494256083586359
2020-11-04,1604.7913066383118768411152
2020-11-05,3277.2213088276219804805281
2020-11-06,5892.4013110173560013442907
2020-11-09,4104.3313132075140215157101
2020-11-10,-7700.8186846019038769060132
2020-11-11,2737.8013175891023881942185
2020-11-12,-434.1186802194671010525972
2020-11-13,1166.5413219723877375004404
2020-11-17,3119.8713241646669860161381
2020-11-18,-1163.8986736426292733267880
2020-11-19,-4198.7386714495009583337096
2020-11-20,902.4013307440520132059171
2020-11-23,1421.5513329380297235185543
2020-11-24,-3987.9286648675677451534143
2020-11-25,-3254.2586626727403105516802
2020-11-26,2610.7413395225121095979927
2020-11-27,-372.3686582818104024142287
2020-12-01,-1182.1586560857077642822437
2020-12-02,-15010.7250538891798936840143
2020-12-03,1328.6783114385208283902652
2020-12-04,2426.7391224233862335421187
2020-12-07,3272.1999335652830489819544
2020-12-08,849.6807448642416807812893
2020-12-09,2547.0215563202925408991840
2020-12-10,-738.3676320665339528166179
2020-12-11,815.3531797037926233714501
2020-12-14,2395.0539916313026990919185
2020-12-15,-1287.1151962839732901345777
2020-12-16,2736.9556159579950971058414
2020-12-17,386.4164283572383081214424
2020-12-18,1449.1372409137867961160195
2020-12-21,-11898.3019463723289798099638
2020-12-22,3740.0088664989214453417670
2020-12-23,5279.0196795275685424684395
2020-12-24,2195.5204927136427883673766
2020-12-28,3825.9613060571746657371389
2020-12-29,1331.2921195581946631786673
2020-12-30,1398.7429332167332751964260
2020-12-31,210.2337470328210021995453
2021-01-01,1869.1845610064883505029657
2021-01-04,4288.7953751377658323285804
2021-01-05,4751.6961894266839658063799
2021-01-06,75.4770038732732749755955
2021-01-07,868.5078184775642897858436
2021-01-08,3843.3186332395875460982705
2021-01-11,2881.7394481593735856866967
2021-01-12,1708.0102632369529562387615
2021-01-13,-1286.9289215276437886429313
2021-01-14,790.1718938656139105603318
2021-01-15,-4574.2472905832433807154810
2021-01-18,-5720.2764748741850911160003
2021-01-19,7089.8543409928193566326898
2021-01-20,2165.4651570178005457251987
2021-01-21,-2456.6940267992109347220252
2021-01-22,-4026.7132104581844896695472
2021-01-25,-4675.0423939590895181537996
2021-01-27,-6126.1315773018954132859346
2021-01-28,-2965.0107604865715622506770
2021-01-29,-7065.4599435130873463051770
2021-02-01,14298.6208736185878592221386
2021-02-02,9267.6216909084846849327129
2021-02-03,2820.5625083566337673590082
2021-02-04,4363.9733259630657489656545
2021-02-05,-79.3258562721887218494032
2021-02-08,4416.3649616509010092462460
2021-02-09,-102.7642202676343974793741
2021-02-10,934.4165979722357241785245
2021-02-11,2796.8274163705420463626417
2021-02-12,1118.6982349273152471547405
2021-02-15,4471.5390536425860105767962
2021-02-16,-299.4501274836149734078532
2021-02-17,-60.9793084512570088933565
2021-02-18,119.2415107396906059698013
2021-02-19,-5227.5276699107414210240501
2021-02-22,-7202.1268504025223761346154
2021-02-23,1066.5439692643784603255180
2021-02-24,5919.1547890899918139920314
2021-02-25,4130.9256090743484164500261
2021-02-26,-6534.0035707825209947648238
2021-03-01,-2299.4927504805856761651198
2021-03-02,6218.8880699801851216894137
2021-03-03,7777.1688905998221541930820
2021-03-04,-1434.5702886216438173046269
2021-03-05,-5446.7394676841820254978899
2021-03-08,-63.4786465877616971233939
2021-03-09,335.8221746676479470408159
2021-03-10,2027.2529960820776921764910
2021-03-12,-3706.1961823444416705736667
2021-03-15,-2356.9153606118793441048509
2021-03-16,-355.7545387202045253489964
2021-03-17,-5761.6437166693864052736239
2021-03-18,-4407.3528944593941688806859
2021-03-19,3764.7479279098030047945887
2021-03-22,1520.5987504382359426848504
2021-03-23,3810.7895731259354776917841
2021-03-24,-5869.9796040270675513127351
2021-03-25,-7729.7187810207422994854854
2021-03-26,4312.9920421449420839892573
2021-03-30,5628.7128654700164559008763
2021-03-31,-357.4663110454883209864291
2021-04-01,3469.2945125984586220675128
2021-04-05,-3607.4146635981118402199966
2021-04-06,1725.0061603648311728466314
2021-04-07,4297.4369844873185479424304
2021-04-08,1761.7778087693811777230363
2021-04-09,680.9986332110499608258456
2021-04-12,-16258.8405421876441981288265
2021-04-13,3658.7202825733296114634128
2021-04-15,1396.9411074940023061921921
2021-04-16,3749.8519325744048086335347
2021-04-19,-6874.6072421854319526489815
2021-04-20,-378.6664167854770431030657
2021-04-22,1614.9444087743004778134461
2021-04-23,-5.7447655060684433662492
2021-04-26,2383.3160603734471458832384
2021-04-27,4169.1468864128782040806515
2021-04-28,3640.6277126122556957392471
2021-04-29,-72.0414610283894086320441
2021-04-30,-2644.8706345090261325274557
2021-05-03,1275.9601921703765065567754
2021-05-04,-2647.4089809901505028764305
2021-05-05,4469.7918460094238336761673
2021-05-06,2879.9126731691305167192901
2021-05-07,1975.1235004890005527603031
2021-05-10,4260.2143279690649543103771
2021-05-11,-682.4048443906452601143490
2021-05-12,-851.3240165900990659916050
2021-05-14,-3505.9931886292654327918272
2021-05-17,4535.8876394918866760230059
2021-05-18,5651.8484677733883030005358
2021-05-19,1743.6392962152704966991884
2021-05-20,-1896.8898751824356883106621
2021-05-21,3481.2209535803008085544703
2021-05-24,3279.6017825035110538923487
2021-05-25,-745.5873884127738796838235
2021-05-26,1163.5334408314770864557637
2021-05-27,2160.0242702362950369586904
2021-05-28,1218.3650998017110624914736
2021-05-31,3671.6659295277562597407308
2021-06-01,509.8367594144617314143477
2021-06-02,4848.6875894618585862426422
2021-06-03,3998.9984196699779389795322
2021-06-04,899.5392500388509104037004
2021-06-07,1062.2700805685086273197622
2021-06-08,1346.8109112589822225594318
2021-06-09,-3927.6382578896971650173108
2021-06-10,4441.0625731225016094789479
2021-06-11,806.2834042956096969682219
2021-06-14,-179.7157643703417455977064
2021-06-15,1627.2550671246784447658820
2021-06-16,-2872.6641012192985629221895
2021-06-17,-4066.9932694022415936078248
2021-06-18,-1167.0324374241194662004860
2021-06-21,1857.7783947150990064279751
2021-06-22,2872.2292270154450174444860
2021-06-23,-3688.4199405230502339440772
2021-06-24,558.7908920996444575102804
2021-06-25,2457.8717248835603030978410
2021-06-28,-770.7974421712714798476549
2021-06-29,74.4933909351803320521612
2021-06-30,-1318.5957757970530317785433
2021-07-01,-409.8149423679403358686323
2021-07-02,807.7858912225496613011707
2021-07-05,1927.3967249744482072994535
2021-07-06,584.5775588877865557452864
2021-07-07,929.0183929625959663093932
2021-07-08,-1440.3907728010922952846753
2021-07-09,385.4200615967530427406286
2021-07-12,223.7008961561632582180231
2021-07-13,685.1717308771696350365690
2021-07-14,536.5825657598034631428424
2021-07-15,1784.7634008040960385421078
2021-07-16,1022.0442360100786632994903
2021-07-19,-3285.4749286222173544588493
2021-07-20,-3343.5540930927607005445425
2021-07-22,5208.9467425984799452941615
2021-07-23,455.5775784515359093735699
2021-07-26,930.4184144664385240757201
2021-07-27,-2311.6507493567808721504453
2021-07-28,429.4700869819090652120959
2021-07-29,606.8109234825396867496208
2021-07-30,1311.4617601451423491188363
2021-08-02,3646.1325969697484150480546
2021-08-03,4140.3134339563892533383687
2021-08-04,450.0642711050962388648290
2021-08-05,769.0751084159007525776183
2021-08-06,331.1459458888341815032287
2021-08-09,-321.2432164760720812543615
2021-08-10,-1505.4923786787866365125117
2021-08-11,-1746.3915407192780790087412
2021-08-12,3048.9592974024850026004467
2021-08-13,2479.6101356865340257407441
2021-08-16,1367.7509741329004139212143
2021-08-17,1377.0218127416155967354711
2021-08-18,1299.3626515127110098628563
2021-08-20,-5218.4965095537819049303820
2021-08-23,-48.3356704578316997899101
2021-08-24,3868.5451688005930792278689
2021-08-25,314.9860082215238921569959
2021-08-26,1768.0468478049922051231332
2021-08-27,3646.3876875510294903447458
2021-08-30,6969.8685274596672261342794
2021-08-31,6199.1993675309368968993422
2021-09-01,2316.5602077648699931438834
2021-09-02,2614.3810481614980114693751
2021-09-03,5517.4618887208524545759918
2021-09-06,715.5127294429648312637919
2021-09-07,-1611.6164296721333435661010
2021-09-08,687.9844113755894510896827
2021-09-09,2147.3352525861647423379404
2021-09-13,711.4960939596240633900793
2021-09-14,1421.7869354959989535632984
2021-09-15,2667.9677771953209582817704
2021-09-16,3764.6486190576216290778247
2021-09-17,-2090.5405389170674764068704
2021-09-20,-7902.8396967287147944201241
2021-09-21,4761.0011456227112449019595
2021-09-22,1412.9319881372422175361651
2021-09-23,5366.7728308149097055733496
2021-09-24,-686.9663263442547027803735
2021-09-27,-1066.6854833402194132024505
2021-09-28,-2948.7746401729528252527033
2021-09-29,-2059.3137968424233323721440
2021-09-30,-1681.3129533485993218817912
2021-10-01,-1657.8721096914491749814841
2021-10-04,6247.7587341290587332513019
2021-10-05,4007.6595781129560338626421
2021-10-06,-4955.9495777397256359766539
2021-10-07,4896.2112665710453670301458
2021-10-08,271.2721110453006923068805
2021-10-11,1734.3129556830719954056830
2021-10-12,2756.3738004843909380081673
2021-10-13,5670.0646454492891879266145
2021-10-14,4515.6154905777984191051602
2021-10-18,3225.8963358699503116209823
2021-10-19,-3680.4728186742234483145127
2021-10-20,-7644.1319730546911683545002
2021-10-21,-3169.0311272714211500155513
2021-10-22,-4634.6102813243816886764431
2021-10-25,-2486.7494352135410735769710
2021-10-26,5200.1414110611324121832399
2021-10-27,605.0422574996704916459244
2021-10-28,-7678.2468958978951060046343
2021-10-29,-3906.5760491315326454404148
2021-11-01,6731.6047977987896148115315
2021-11-02,-198.3343551068965776297287
2021-11-03,43.6164921514405310021784
2021-11-04,3766.4373395738327006221248
2021-11-08,5371.5381871603116972946704
2021-11-09,969.3790349109092932352551
2021-11-10,399.9998828256572668113879
2021-11-11,-3036.1192690954125974561597
2021-11-12,5971.9015791477314911078358
2021-11-15,1397.8424275551213293342429
2021-11-16,-1998.1267238732112797892335
2021-11-17,-1601.6958751372345271168602
2021-11-18,-5961.6850262369165973436824
2021-11-22,-10160.0141771722256690043322
2021-11-23,5223.5666720568700855281650
2021-11-24,-2938.1224785495974999564169
2021-11-25,3987.0883710084034144956893
2021-11-26,-13631.5107792690953249965633
2021-11-29,-3946.4199293820618661478413
2021-11-30,-1021.8590793304643505052369
2021-12-01,3486.4417708857290865529254
2021-12-02,5316.4826212665503158182850
2021-12-03,-2669.5065281879687857463624
2021-12-06,-9048.7856774777963350058675
2021-12-07,7247.6951733970995573484656
2021-12-08,7181.4660244367507868000767
2021-12-09,1039.7468756411892550083434
2021-12-10,1645.1877270104468698097784
2021-12-13,-2794.1514214554444547807753
2021-12-14,-92.1005697564527985689479
2021-12-15,-3747.1397178925462351796463
2021-12-16,40.7611341363071679441433
2021-12-17,-10493.5180136698606504574489
2021-12-20,-12724.3471613110177454599774
2021-12-21,5911.1436912128678340465145
2021-12-22,6590.1145439018280453586934
2021-12-23,3113.6753967558948519611335
2021-12-24,-2373.0237502248997764724855
2021-12-27,2247.8871029594761359218205
2021-12-28,4544.8479563090545711995379
2021-12-29,-814.8011901761324823911446
2021-12-30,-1806.9603364960530304081386
2021-12-31,6359.4005173493249277857455
2022-01-03,5819.5113713600333990239959
2022-01-04,3423.3122255361043963376006
2022-01-05,347.0230798775699389562473
2022-01-06,-2071.5960656155379476904774
2022-01-07,2636.9547890568127680281140
2022-01-10,3079.9556438946541239450094
2022-01-11,1040.1064988980181640966989
2022-01-12,3000.7073540669369387243752
2022-01-13,2974.7682094014425042751358
2022-01-14,1073.3590649015669234031841
2022-01-17,2018.9399205673422649710315
2022-01-18,-7468.5892236011993959493005
2022-01-19,-2541.2483676040259780750778
2022-01-20,-2918.2275114411053939116517
2022-01-21,-6665.9866551124055497512550
2022-01-24,-16207.8357986178943456718003
2022-01-25,3921.3350580424603244643243
2022-01-27,-7357.5040851313094269885413
2022-01-28,3004.8867718608285185418735
2022-01-31,5637.3476290189062858469754
2022-02-01,5844.4284863429560059385105
2022-02-02,7543.5993438330098160497687
2022-02-03,-4329.8097985109001403632110
2022-02-04,-681.4389406887417136204357
2022-02-07,-6194.1080827004827478167546
2022-02-08,-288.1572245460910808206515
2022-02-09,5991.6736337744654557269587
2022-02-10,2239.4244922612190364139372
2022-02-11,-6589.1546490857981579418733
2022-02-14,-16204.1337902665539402914418
2022-02-15,11684.2970687189838826466573
2022-02-16,-28.7420721291524896125493
2022-02-17,-533.4812128109308513192262
2022-02-18,-2362.5403533263189904875224
2022-02-21,-3564.1094936752846888943640
2022-02-22,-2205.0786338577957220782459
2022-02-23,2151.8322261261801406619757
2022-02-24,-22894.1569137233248637317087
2022-02-25,11822.7639465937215079247474
2022-02-28,3807.5348070773515050586538
2022-03-02,-2863.5443322724026166582060
2022-03-03,7562.3076785444914046916329
2022-03-04,1546.7932127428545717269739
2022-03-07,8123.7032898965001519702270
2022-03-08,-366.4666309986099028702963
2022-03-09,-1562.2565499420977723598259
2022-03-10,-5089.8564669335855629060297
2022-03-11,2922.0136180273046922551523
2022-03-14,-3774.4562950590489669263242
2022-03-15,-1801.3762061922684273004362
2022-03-16,-545.7761153719755025029201
2022-03-17,52.1339774022080670589050
2022-03-21,-485.9659278693393857796835
2022-03-22,1128.3741688137605450733704
2022-03-23,650.0642674518863389810861
2022-03-24,1008.8143680454165485916336
2022-03-25,1307.7744705947297998525238
2022-03-28,-1741.5054248997952079751980
2022-03-29,-1801.2853184377797023027571
2022-03-30,-366.3152100188448371994504
2022-03-31,112.0149003573883066215546
2022-04-01,2742.7850126912987218174239
2022-04-04,3943.9321269832654744298635
2022-04-05,-361.4554089944003814014200
2022-04-06,-1102.8053558252048746989975
2022-04-07,-1549.3153026457141897380710
2022-04-08,2228.8547505440736669419406
2022-04-11,1815.9748037441606891876132
2022-04-12,-1876.8051430454511287684074
2022-04-13,1931.8649101752402076926681
2022-04-18,-1903.2450365937633064241512
2022-04-19,-4840.6149833524596757275628
2022-04-20,-1478.6849301008469044398956
2022-04-21,3089.9251231610770036029653
2022-04-22,-2108.3048235666859550483472
2022-04-25,-5706.0747702841337834566070
2022-04-26,1609.2352830087355157020798
2022-04-27,-3125.2946636880760598616499
2022-04-28,1694.1553896254334879496586
2022-04-29,1372.7354429492661576203523
2022-05-02,-4202.3545037165760519782537
2022-05-04,41904.6920696279088584121976
2022-05-05,4024.4939406973280909649286
2022-05-06,-6526.0158591002109488576452
2022-05-09,-5723.2556588589846847531286
2022-05-10,-7645.7954585789856105760856
2022-05-11,-1608.1652582602062187276619
2022-05-12,-7162.5750579026390001553029
2022-05-13,-5219.2948575062764443524720
2022-05-16,2054.4053429288889606416299
2022-05-17,8621.1955434028647282423474
2022-05-18,564.8657439156583733198509
2022-05-19,-6513.0740555327225878005807
2022-05-20,5350.2061450577293626617214
2022-05-23,396.2963456870217439430974
2022-05-24,-3486.6834536448379232641589
2022-05-25,-4268.0832529378421168115179
2022-05-26,1379.4169478080166869060670
2022-05-27,3068.6971485927460129504421
2022-05-30,6251.7973494163533878405350
2022-05-31,427.9875502788463395526375
2022-06-01,-5188.1322488197676024793135
2022-06-02,10624.0479521205190926365477
2022-06-03,1073.3777071386346153050337
2022-06-06,-839.8912660479856069609164
2022-06-07,-780.0902370994783689334664
2022-06-08,176.5607939845697551990565
2022-06-09,475.5218272045722713001743
2022-06-10,-780.0571374390572346992410
2022-06-13,2329.0339000540949032145358
2022-06-14,-3649.9550603155575688464103
2022-06-15,296.1959814523991753438749
2022-06-16,714.7370253583790421407276
2022-06-17,2209.4980714027960180443810
2022-06-20,-1497.4708804139358302845160
2022-06-21,-182.0798300914023560093771
2022-06-22,-540.8087776291893321021542
2022-06-23,535.4222769731175486721899
2022-06-24,-540.7866662840673262287878
2022-06-27,1312.7143925996705108905231
2022-06-28,-361.3945463752543920206771
2022-06-29,-182.0134832084274067440589
2022-06-30,57.1575821005661752233793
2022-07-01,3644.5686495521411426848565
2022-07-04,1970.4597191467123647593579
2022-07-05,774.6707908846947908971862
2022-07-06,-3709.5681352334965491044835
2022-07-07,-3410.6070592074465450860463
2022-07-08,-62.3559810367400065099068
2022-07-11,-2.5549007209616624449157
2022-07-12,415.9861817403038384491975
2022-07-13,-1018.9627336525280720626068
2022-07-14,-779.7916468990418817751047
2022-07-15,-1078.7305579988219980272338
2022-07-18,2688.0505330485472523134859
2022-07-19,-899.3383737565183771334665
2022-07-20,57.3127215863969477539723
2022-07-21,-2095.1161809222908583839631
2022-07-22,4003.4749187178341996267247
2022-07-25,-480.7639794928118024906108
2022-07-26,-779.7028755538127084476630
2022-07-27,715.0582305352477186244276
2022-07-28,2747.9293387747857961906762
2022-07-29,296.5504491652179223278599
2022-08-01,1014.0415617069605757401260
2022-08-02,-16771.5432935995696842253956
2022-08-03,750.2303142883946302381737
2022-08-04,2897.2808894318548872085789
2022-08-05,473.9514646866804637240562
2022-08-08,1565.6920400528929235078405
2022-08-10,1848.4726155305138344585614
2022-08-11,2066.0331911195647686510517
2022-08-12,1270.6437668200673023371558
2022-08-16,-363.9856573679569840534610
2022-08-17,1752.4049185555134940874958
2022-08-18,-71.4945054094996744522407
2022-08-19,-3720.5939292629748967046890
2022-08-22,-6299.9733530048905755208109
2022-08-23,2699.3372233647748904302992
2022-08-24,1696.5177998460431066622233
2022-08-25,663.9183764389356828720299
2022-08-26,-1833.4610468565257670589158
2022-08-29,-6167.0104700403196250641416
2022-08-30,6587.3701068875757311087412
2022-09-01,-6231.7693160728180721011502
2022-09-02,-13678.6130089214794040671607
2022-09-05,2090.9369783350148697918432
2022-09-06,1284.9670803740968164769047
2022-09-07,642.8171824329366422865958
2022-09-08,2882.0772845115381729490596
2022-09-09,904.0373866099052349332167
2022-09-12,4180.4974887280416554489093
2022-09-13,3639.2675908659512624470437
2022-09-14,-151.2823069763621153802652
2022-09-15,1268.0977952011053514004483
2022-09-16,-12755.7021026016425070358540
2022-09-19,1776.5179996153981402274277
2022-09-20,4800.7281018522311248486757
2022-09-21,-4807.7117958911397207718016
2022-09-22,252.6883063852894365083739
2022-09-23,-9212.7315913184775694262069
2022-09-26,-11784.9914890024369039485955
2022-09-27,348.2686133334152683106569
2022-09-28,-3921.6512843109172165363560
2022-09-29,-1104.8411819354305216347524
2022-09-30,5679.2289204598791906132817
2022-10-03,-8786.0209771249842414513637
2022-10-04,8769.9787253099830212554214
2022-10-06,1981.0035102696612964631012
2022-10-07,-347.1365829139286157873819
2022-10-10,-2417.2166741792566483133711
2022-10-11,-2899.6667635259513670954111
2022-10-12,701.9631490463587338069105
2022-10-13,-2355.4769364619547677311101
2022-10-14,-863.2070200505202218853648
2022-10-17,1464.9528982810340931309984
2022-10-18,2721.6028185330799710815093
2022-10-19,-341.4472592940107222796876
2022-10-20,2530.8826648001339508061067
2022-10-21,-3168.8674091841139998839123
2022-10-24,1616.4725187536175074598926
2022-10-25,-812.6475513862993733064524
2022-10-27,2368.2323803965075837334190
2022-10-28,-419.9276858975893234298345
2022-10-31,1470.6522497317822752826944
2022-11-01,3024.6321872849948220521199
2022-11-02,-3120.4758732375791688242753
2022-11-03,19.4903297336628991845639
2022-11-04,992.2904866382196960610661
2022-11-07,3386.3606435731580017492218
2022-11-09,-863.4291994615163009640283
2022-11-10,-4481.1690424657973281526561
2022-11-11,6898.8611145603208052486735
2022-11-14,1191.9512716168439854448240
2022-11-15,1480.7214287037780997804081
2022-11-16,-2037.5284141788709632599925
2022-11-17,-2817.9482570310973140516058
2022-11-18,-1650.6780998528950618292485
2022-11-21,-3331.0279426442583146871053
2022-11-22,1346.0222145948188204214911
2022-11-23,1007.1523718643422376842822
2022-11-24,3905.7125291643178324303040
2022-11-25,1538.5826864947515011301079
2022-11-28,1460.1028438556491413959818
2022-11-29,1802.0130012470166519821716
2022-11-30,4121.6931586688599327851015
2022-12-01,2172.7233161211848848435962
2022-12-02,-501.0765263960025896608991
2022-12-05,-624.1363688826965874040962
2022-12-06,-453.8962113388912039186438
2022-12-07,-1146.7660537645805335939051
2022-12-08,2060.4341038402413303242628
2022-12-09,-2951.1857385244197042662694
2022-12-12,176.7244191414422716763185
2022-12-13,1155.7645768378331683380169
2022-12-14,1804.0747345647588970492094
2022-12-15,-6225.3151076777746297151075
2022-12-16,-5388.0749498897614983351009
2022-12-19,4677.3252079288042059541186
2022-12-20,-652.2746342220716009372802
2022-12-21,-6504.8544763423830019536280
2022-12-22,-3042.5243184321240788935329
2022-12-23,-13552.6041604912889124096590
2022-12-26,8094.3859974801284179914962
2022-12-27,3017.8961554821338339498233
2022-12-28,1137.7663135147332582518228
2022-12-29,1198.4064715779326148308276
2022-12-30,-1322.0133703282621712327753
2023-01-02,1103.5467877961548262886773
2023-01-03,921.3343259511895347703474
2023-01-04,-280.4147581035223242703607
2023-01-05,-2336.6247570885312540463810
2023-01-06,-3265.6547560733436505873362
2023-01-09,6615.2752449420405241616036
2023-01-10,-3618.5447540423786917373631
2023-01-11,320.8252469733987397853321
2023-01-12,-1055.4847520106271431933708
2023-01-13,2807.1652490055436974108407
2023-01-16,1792.5952500219112996896538
2023-01-17,777.7052510384757017421310
2023-01-18,1331.9252520552369416747125
2023-01-19,-74.3147469278049423987837
2023-01-20,106.4252540893500876428413
2023-01-23,1350.3752551067020699281669
2023-01-24,722.3852561242510425931562
2023-01-25,-3919.8447428580029562188441
2023-01-27,-3875.4547418400598883571011
2023-01-30,274.0352591780802843365051
2023-01-31,-285.7947398035823999725173
2023-02-01,3550.6852612149520968887303
2023-02-02,5379.6252622336838131005378
2023-02-03,-2719.2447367473872131494120
2023-02-06,-2870.2547357282609436660423
2023-02-07,-415.9847347089373402468801
2023-02-08,2660.1152663105836353179445
2023-02-09,-22.7247326696979787543000
2023-02-10,-2930.1447316497821442389449
2023-02-13,-1112.4247306296688229039203
2023-02-14,2449.4452703906420234902467
2023-02-15,-1927.6047285888495668095666
2023-02-16,460.6452724318564444509230
2023-02-17,-2605.3047265472399044665946
2023-02-20,1369.1152744738614247069797
2023-02-21,-1073.9347245048395297518454
2023-02-22,-4137.1947234833427295591493
2023-02-23,-2259.0947224616481364235987
2023-02-24,-1148.2547214397557120464460
2023-02-27,-2996.9747204176654181215275
2023-02-28,-1287.0047193953772163352626
2023-03-01,3994.7252816271089316333482
2023-03-02,1447.4637826497930641127245
2023-03-03,102.2334548146866995101298
2023-03-06,209.1828969071433066463515
2023-03-08,-3854.5276591721229410085516
2023-03-09,-218.5582134227580332248496
2023-03-10,1973.7212341555921087743673
2023-03-13,7481.1406835632816323264620
2023-03-14,1706.3901348006647533425255
2023-03-15,-1020.5704121319042436793448
2023-03-16,4166.0290427659289943592354
2023-03-17,316.1984994945188891702203
2023-03-20,6251.3779580542199310924196
2023-03-21,-2250.3425815546133208952130
2023-03-22,-2303.8031193316262391602891
2023-03-23,1759.9263447235358725963076
2023-03-24,2936.2758106112277793537178
2023-03-27,-2624.5947216681956852155956
2023-03-28,102.3847478856203812674545
2023-03-29,1546.0842192730309499018822
2023-03-31,1813.4436924943910605199357
2023-04-03,-1127.3968324499441782995946
2023-04-05,5716.7726444403804107819360
2023-04-06,-218.3878768342799261236600
2023-04-10,-2250.2383962735698741180855
2023-04-11,957.9710861228659504967604
2023-04-12,957.9805703553830002321040
2023-04-13,1225.3400564243367964256216
2023-04-17,-1020.3904556699170707452340
2023-04-18,-1127.3209659270229422499038
2023-04-19,-2089.7714743466250901913906
2023-04-20,2829.4780190716322822070760
2023-04-21,-1822.4024856718949593846239
2023-04-24,-111.3529885768508803901601
2023-04-25,369.8865103571205226865901
2023-04-26,904.5960111303753222748863
2023-04-27,-4.3844862567303402495267
2023-04-28,-1127.2449818038402545510694
2023-05-02,369.9245244894018586790256
2023-05-03,810.9398926233523477360687
2023-05-04,4634.3460203630891365955135
2023-05-05,-2079.0339726622697125532899
2023-05-08,602.9460343137219415969094
2023-05-09,1056.7760412910643605447490
2023-05-10,700.6560482697578058395009
2023-05-11,122.3160552498025390810812
2023-05-12,-2573.5239377688011780799408
2023-05-15,3345.7060692139469160576685
2023-05-16,-2280.5539238019529167541847
2023-05-17,-3248.6739168165004147129107
2023-05-18,-1059.2339098296953159652269
2023-05-19,172.8060971584626413928523
2023-05-22,4052.1361041479737193160247
2023-05-23,-2586.3338888611618201902891
2023-05-24,723.5961181310562849300634
2023-05-25,-1021.7038748753717032160228
2023-05-26,2080.2961321195544775290985
2023-05-29,831.1261391158350893738362
2023-05-30,64.6761461134703945773698
2023-05-31,-939.6338468875393445503393
2023-06-01,-1596.7638398871938656485386
2023-06-02,3966.8424671145070936943254
2023-06-05,-2578.0955312779268538702407
2023-06-06,3044.8744850777945882841451
2023-06-07,1838.0845014366829970662691
2023-06-08,-3105.3654822012610143025163
2023-06-09,1240.0245341639631675178796
2023-06-12,729.7945505323561559863087
2023-06-13,2080.8645669039185646804075
2023-06-14,-920.5454167213489927033801
2023-06-15,-2231.1954003434459023497803
2023-06-16,5971.0846160376284496753347
2023-06-19,-1599.6253675781253225750317
2023-06-20,1523.1246488092933950710242
2023-06-21,-2736.9553348001147830956722
2023-06-22,-5375.4153184063492426653498
2023-06-23,-2222.3953020094093691092690
2023-06-26,2492.8347143907054522203013
2023-06-27,-1082.3052692060041639098933
2023-06-28,121.3247472004623973859305
2023-06-30,1560.5847636101057511126165
2023-07-03,1778.9947800229265123940922
2023-07-04,-100.1101535610747035266078
2023-07-05,1734.5348184391470953367500
2023-07-06,2562.8748251810591044630404
2023-07-07,-3956.1651680757234465732663
2023-07-10,-2077.8851613312003049991934
2023-07-11,2820.7148454146287820071808
2023-07-12,1246.1148521617640673167318
2023-07-13,-11.0051410897941961507012
2023-07-14,2673.5948656599542445736937
2023-07-17,2490.2748724110096425077113
2023-07-18,217.4348791633722507181379
2023-07-19,1898.5548859170423223207616
2023-07-20,720.3148926720201104803814
2023-07-21,-2739.3651005716941315891835
2023-07-24,-2098.5250938141001506250838
2023-07-25,2060.3549129448023066845692
2023-07-26,1983.3749197050134937007131
2023-07-27,-28.1450735334663361666560
2023-07-28,1865.8149332293630705415255
2023-07-31,2186.4349399935019673333993
2023-08-01,180.3349467589506077661933
2023-08-02,-6658.3650464742907545537677
2023-08-03,-3536.3850397062218659710532
2023-08-04,4351.5549670631575272188828
2023-08-07,1807.4549738338476787697112
2023-08-08,382.5149806058488424842374
2023-08-09,1091.8549873791612722144109
2023-08-10,-2798.2850058462147781386659
2023-08-11,-435.2649990702790546247267
2023-08-14,-4686.1649922930313032443335
2023-08-16,236.8950144855287300511343
2023-08-17,-1652.5849787345987006405115
2023-08-18,-2864.8649719534133411722577
2023-08-21,2234.7750348290850626521190
2023-08-22,550.2750416128967650780629
2023-08-23,3005.7950483980220204002470
2023-08-24,-1361.6849448155389170374157
2023-08-25,-1937.9049380277857928417641
2023-08-28,265.2550687612816474296219
2023-08-29,3636.4350755516636582684293
2023-08-30,485.1950823433604942156235
2023-08-31,-1377.7649108636275901385443
2023-09-01,3192.2750959306996598454746
2023-09-04,4029.2551027263424988565341
2023-09-05,946.8351095233011816328039
2023-09-06,1767.4751163215759629617789
2023-09-07,2943.7351231211670976802884
2023-09-08,3589.7151299220748406745062
2023-09-11,4843.6351367242994468799594
2023-09-12,-6340.0048564721588287184611
2023-09-13,2502.0751503327002689135079
2023-09-14,1968.2551571388769948595126
2023-09-15,1172.4151639463716042525907
2023-09-18,174.0351707551843522751817
2023-09-20,-4042.0448224346845058408640
2023-09-21,-6496.6448156232347148142749
2023-09-22,-1366.8448088104660193143499
2023-09-25,-1035.4648019963781639609476
2023-09-26,216.7752048190291066755227
2023-09-27,1809.5952116357560480741105
2023-09-28,-5405.7247815461970842366660
2023-09-29,3490.6952252731699653211895
2023-10-03,-1843.5847679061425476248392
2023-10-04,-4333.8847610841343673977708
2023-10-05,1342.1752457391947617288830
2023-10-06,2916.5952525638450955311264
2023-10-09,-4967.0447406101831101655097
2023-10-10,5884.7752662171104005140406
2023-10-11,2952.5552730457258834943890
2023-10-12,604.4152798756635947497016
2023-10-13,-873.1447132930762096962910
2023-10-16,424.3552935395067262297161
2023-10-17,1993.5353003734126586506109
2023-10-18,-3702.3646927913581562611251
2023-10-19,-1520.5046859548054622834075
2023-10-20,-3854.4046791169290031445397
2023-10-23,-7782.3246722777285225232031
2023-10-25,-4160.0046654372037640484472
2023-10-26,-4102.1246585953544712996805
2023-10-27,5721.4353482478196121933394
2023-10-30,1632.6753550923187429505153
2023-10-31,518.9553619381431775414203
2023-11-01,-3173.6046312147068274146930
2023-11-02,7134.0847156337689847511172
2023-11-03,2241.5169651426343272760531
2023-11-06,2293.5369664912984237126105
2023-11-07,24.7169678402236626613186
2023-11-08,1603.1269691894100946873346
2023-11-09,-3737.3330294611422296343940
2023-11-10,3786.1769718885667402808739
2023-11-12,55.5469732385370550276736
2023-11-13,-1112.6130254112312347896630
2023-11-15,5430.1569759392619214429951
2023-11-16,578.7369772900165743495787
2023-11-17,4331.7569786410327745638216
2023-11-20,-1744.2930200076894272707390
2023-11-21,1204.9069813438500194992411
2023-11-22,296.7169826956511655369136
2023-11-23,250.9369840477140615152401
2023-11-24,132.4169854000387581169944
2023-11-28,3193.9569867526253060347638
2023-11-29,6531.0169881054737559709512
2023-11-30,3950.0069894585841586377772
2023-12-01,3524.3469908119565647572815
2023-12-04,8069.3569921655910250613255
2023-12-05,-499.6730064805124097084061
2023-12-06,2692.1569948736463111995959
2023-12-07,3374.2669962280672385466685
2023-12-08,-2517.4830024172495768960228
2023-12-11,-1261.1730010623040843474816
2023-12-12,-2822.1629997070962330168784
2023-12-13,1926.6070016483740278964503
2023-12-14,9562.3970030041067492030050
2023-12-15,866.0770043601019817231249
2023-12-18,23.9870057163597762869889
2023-12-19,869.2670070728801837346187
2023-12-20,-7518.9729915703367450841201
2023-12-21,3638.6170097867090406904844
2023-12-22,4292.7570111440175919279920
2023-12-26,4702.9370125015889595078122
2023-12-27,2169.0370138594231943192067
2023-12-28,2662.3970152175203472612906
2023-12-29,1600.4670165758804692430348
2024-01-01,853.7870179345036111832676
2024-01-02,-3287.1550807066101759893233
2024-01-03,1235.9815784030600805716960
2024-01-04,5363.1315845176022609482190
2024-01-05,-418.7084093666715967755864
2024-01-08,-5105.0284032497612633485781
2024-01-09,1495.1516028683334905247764
2024-01-10,1588.2516089876128941844081
2024-01-11,3413.9216151080771770146551
2024-01-12,3639.1116212297265684442716
2024-01-15,3446.6916273525612979464358
2024-01-16,-1330.9383665234184049612409
2024-01-17,-8791.4883603982123107167052
2024-01-18,-2815.6383542718201897134542
2024-01-19,6847.0716518557581876994744
2024-01-20,-546.8683420154769487824900
2024-01-23,-12804.4683358855253694194418
2024-01-24,8115.4116702456131555730090
2024-01-25,1466.6916763779388560237462
2024-01-29,7035.3316825114519618061548
2024-01-30,-3570.2083113538472971618691
2024-01-31,5109.5416947820413090820893
2024-02-01,992.7817009191180105449728
2024-02-02,4334.0217070573830372782604
2024-02-05,-2725.3282868031633806220237
2024-02-06,6682.7617193374789869846978
2024-02-07,6051.0117254793103702835653
2024-02-08,-1694.6382683776690004957110
2024-02-09,-182.8682622334588950788403
2024-02-12,-7653.8482560880590831469446
2024-02-13,3657.7617500585306656634513
2024-02-14,5998.7717562063105817604282
2024-02-15,4734.7417623552808955966803
2024-02-16,4253.1017685054418376695251
2024-02-19,2031.9817746567936385209110
2024-02-20,802.9617808093365287374267
2024-02-21,-3849.8482130369292610496908
2024-02-22,6073.0117931179964998354528
2024-02-23,822.6917992741140421134178
2024-02-26,-591.2881945685764034505611
2024-02-27,230.8218115899253939534344
2024-02-28,-7375.3181822503803348199864
2024-02-29,3932.7918239105066411284872
2024-03-01,6815.6118300725865527428745
2024-03-02,2592.2918362358596310119127
2024-03-04,1146.1518424003261069690658
2024-03-05,327.2418485659862116925324
2024-03-06,403.4318547328401763052552
2024-03-07,3617.3618609008882319749294
2024-03-11,-1612.5281329298693900859890
2024-03-12,-7039.4381267594324586202737
2024-03-13,-16229.0781205878007423259204
2024-03-14,9759.4318855850259901438624
2024-03-15,-4819.1781082409520298193378
2024-03-18,2429.9918979342654292208708
2024-03-19,-9329.9080958893214012543068
2024-03-20,1393.3919102882877102811562
2024-03-21,10213.7419164670929953981172
2024-03-22,2436.5019226470946857122726
2024-03-26,2376.3219288282930128841668
2024-03-27,2890.9219350106882086192007
2024-03-28,6123.5119411942805046676405
2024-04-01,8317.2019473790701328246262
2024-04-02,4534.3719535650573249301804
2024-04-03,1116.7119597522423128692174
2024-04-04,-1069.8680340593746714284492
2024-04-05,2350.1319721302066040119035
2024-04-08,4395.2119783209863712099155
2024-04-09,-1080.6380154870351377698472
2024-04-10,4400.1819907061423091821164
2024-04-12,-4487.5180030994810557797492
2024-04-15,-8913.6379969039050004560477
2024-04-16,-1303.7179907071292926024214
2024-04-18,-2495.8079845091536999295434
2024-04-19,1640.2420216900220098968917
2024-04-22,6624.7720278903980692561762
2024-04-23,1498.9220340919747105725984
2024-04-24,2957.1120402947521663154504
2024-04-25,3650.8420464987306689990382
2024-04-26,2154.4020527039104511826893
2024-04-29,3554.3420589102917454707615
2024-04-30,2570.6420651178747845126526
2024-05-02,6805.6120713266598010028076
2024-05-03,-2515.0179224633529723192709
2024-05-06,-5662.9279162521633026690156
2024-05-07,-7622.9679100397709572167845
2024-05-08,4586.8820961738242969121470
2024-05-09,-11737.2578976113773073624046
2024-05-10,5208.5921086046244629244775
2024-05-13,2545.4021148218298407828191
2024-05-14,7307.3021210402390592677640
2024-05-15,1939.9421272598523514795825
2024-05-16,4954.7321334806699505636803
2024-05-17,6509.4221397026920897106070
2024-05-18,3779.8521459259190021560653
2024-05-21,4414.4021521503509211809191
2024-05-22,1716.4721583759880801112029
2024-05-23,6745.7621646028307123181300
2024-05-24,2934.7221708308790512181015
2024-05-27,-104.8478229398666697272847
2024-05-28,-4140.1278167094062170112257
2024-05-29,-4953.3378104777393570817045
2024-05-30,-5498.8278042448658563414810
2024-05-31,1129.2722019892145188519158
2024-06-03,25449.5022082245020021861979
2024-06-04,-14454.7077855390031726056740
2024-06-05,-15199.6077793013007717454814
2024-06-06,10187.1522269376094385902611
2024-06-07,11901.7322331777276922703138
2024-06-10,3118.7922394190542232087216
2024-06-11,584.8122456615892653648220
2024-06-12,3728.4822519053330527432543
2024-06-13,4681.8822581502858193939681
2024-06-14,6513.2222643964477994122323
2024-06-18,3629.9222706438192269386439
2024-06-19,-4129.2477231075996638408637
2024-06-20,831.6722831421913613049890
2024-06-21,-4024.0377106068074633471648
2024-06-24,3418.3422956454040965246717
2024-06-25,934.4023018988262752878670
2024-06-26,1233.0923081534593073551701
2024-06-27,2200.0323144093034271847197
2024-06-28,1729.7423206663588692800529
2024-07-01,4880.1123269246258681901132
2024-07-02,783.8023331841046585092606
2024-07-03,4294.8923394447954748772795
2024-07-04,2687.8123457066985519793875
2024-07-05,3612.5323519698141245462448
2024-07-08,-123.5976417658575726460377
2024-07-09,3344.3123644996836952241109
2024-07-10,-413.1676292335618369762701
2024-07-11,933.8423770344060656653366
2024-07-12,-502.3176166964123618930665
2024-07-15,4943.2023895739831153520194
2024-07-16,-1817.8476041544072675504043
2024-07-18,-2828.9475978815832755058226
2024-07-19,-12974.3475916075446733741993
2024-07-22,4114.0124146677087740300316
2024-07-23,-3095.8775790558226980620239
2024-07-24,66.3024272218611456262873
2024-07-25,1473.3624335007605404171754
2024-07-26,12793.4324397808757216784163
2024-07-29,5103.5524460622069248233599
2024-07-30,-42.6275476552456146890605
2024-07-31,3790.9224586285183386456807
2024-08-01,-1080.2875350865009796222905
2024-08-02,-7989.7875288003033338972383
2024-08-05,-15950.3775225128884885378080
2024-08-06,-12339.4175162242562078570180
2024-08-07,15597.5224900655937438777495
2024-08-08,-3711.7775036433383975552421
2024-08-09,7216.7725026489476036679236
2024-08-12,-1667.5374910575480165831734
2024-08-13,-6968.8474847628250223932825
2024-08-14,373.3725215331168221985282
2024-08-16,11608.0425278302777531988793
2024-08-19,3566.0725341286580066600895
2024-08-20,5915.2725404282578186801847
2024-08-21,1763.2025467290774254029063
2024-08-22,3565.2325530311170630177206
2024-08-23,-1198.7074406656230322401731
2024-08-26,4685.5125656388573759101676
2024-08-27,222.3325719445585237954356
2024-08-28,1272.8525782514806477880842
2024-08-29,405.7125845596239843063357
2024-08-30,2715.3525908689887698141896
2024-09-02,819.5425971795752408214331
2024-09-03,937.0426034913836338836477
2024-09-04,626.8526098044141856022202
2024-09-05,-2313.1573838813328673756498
2024-09-06,-7250.5173775658572883569404
2024-09-09,2.6926287508411593972012
2024-09-10,2901.6126350687627126714675
2024-09-11,-4367.0073586120923917035999
2024-09-12,11513.8226477082760831483980
2024-09-13,967.7326540298683741497267
2024-09-16,90.9926603526847182685273
2024-09-17,40.2726666767253525188246
2024-09-18,-2330.7973269980094860394628
2024-09-19,-2449.7673206715195603005146
2024-09-20,9262.7526856561953668874005
2024-09-23,9367.3126919851355327219334
2024-09-24,474.7526983153011744466642
2024-09-25,-506.2772953533074706488901
2024-09-26,4602.0727109793098347707346
2024-09-27,3899.3327173131533280869576
2024-09-30,-5376.8172763517767532728377
2024-10-01,-1159.3572700154801718352946
2024-10-03,-14552.0272636779566900810741
2024-10-04,-5448.4872573392060704448467
2024-10-07,-12970.0872509992280753152824
2024-10-08,7973.1427553419775329649572
2024-10-09,4238.1327616844109920992281
2024-10-10,-149.7072319719274601630866
2024-10-11,-168.1272256270375860265687
2024-10-14,3972.5927807190808523502447
2024-10-15,352.9427870664280928548696
2024-10-16,-2460.0972065849956265791152
2024-10-17,-12404.1372002351900679720604
2024-10-18,2735.3528061158450067017639
2024-10-21,-7563.1871875318901644858235
2024-10-22,-16278.9571811783953434169058
2024-10-23,-1829.0771748236702919274593
2024-10-24,-3206.7771684677147718073446
2024-10-25,-7170.6871621105285448002973
2024-10-28,3566.8828442478886273960803
2024-10-29,4755.0928506075369831303289
2024-10-30,-3278.9571430315832392028595
2024-10-31,-3647.1671366694718011626321
2024-11-01,7440.7028696938715357380327
2024-11-04,-12322.6159539415529899676644
2024-11-05,1912.0658092333775597082186
2024-11-06,8237.3858103582223612378810
2024-11-07,-10537.2341885167150329637531
2024-11-08,-2054.0741873914345807231326
2024-11-11,-955.0541862659362398585405
2024-11-12,-17224.3741851402199681800924
2024-11-13,-6011.2341840142857234897343
2024-11-14,-4904.5341828881334635812413
2024-11-18,4760.9258182382368537597834
2024-11-19,6028.4658193648252707559110
2024-11-21,-2022.6541795083681703621116
2024-11-22,11085.1258216186565726446392
2024-11-25,3980.6858227458995420232662
2024-11-26,-3620.5741761266392199709478
2024-11-27,6568.2858250010403289254621
2024-11-28,862.3458261289382309841441
2024-11-29,3945.4658272570545284849318
2024-12-02,414.5258283853892637158453
2024-12-03,6009.6258295139424789730927
2024-12-04,1756.4258306427142165610723
2024-12-05,1439.9258317717045187923739
2024-12-06,2582.6858329009134279877797
2024-12-09,235.4058340303409864762672
2024-12-10,4143.8058351599872365950096
2024-12-11,2606.1858362898522206893781
2024-12-12,977.3458374199359811129433
2024-12-13,-4763.4741614497614397725235
2024-12-16,680.2258396807600004029518
2024-12-17,-7652.2541591884996559824529
2024-12-18,-4596.9541580575403665423536
2024-12-19,-6661.1741569263620888821593
2024-12-20,-13676.1341557949647805990700
2024-12-23,3916.3858453366516007179247
2024-12-24,-1090.6941535315129025119525
2024-12-26,2645.9458476005417521387344
2024-12-27,-2020.0541512671843928943630
2024-12-30,-4176.0941501346912951673767
2024-12-31,-1432.7637890019789122282197
