date,pnl
2002-01-08,0
2002-01-09,19.3630506544079874259124
2002-01-10,19.3667999317144391218134
2002-01-11,19.3705499349953548401798
2002-01-14,19.3743006643913053842181
2002-01-15,19.3780521200428887759310
2002-01-16,19.3818043020907302613872
2002-01-17,19.3855572106754823159932
2002-01-18,19.3893108459378246497655
2002-01-21,19.3930652080184642126040
2002-01-22,19.3968202970581351995667
2002-01-23,19.4005761131975990561451
2002-01-24,19.4043326565776444835405
2002-01-25,19.4080899273390874439420
2002-01-28,19.4118479256227711658046
2002-01-29,19.4156066515695661491291
2002-01-30,19.4193661053203701707424
2002-01-31,19.4231262870161082895795
2002-02-01,19.4268871967977328519657
2002-02-04,19.4306488348062234969007
2002-02-05,19.4344112011825871613432
2002-02-06,19.4381742960678580854963
2002-02-07,19.4419381196030978180945
2002-02-08,19.4457026719293952216917
2002-02-11,19.4494679531878664779494
2002-02-12,19.4532339635196550929269
2002-02-13,19.4570007030659319023723
2002-02-14,19.4607681719678950770139
2002-02-15,19.4645363703667701278534
2002-02-18,19.4683052984038099114598
2002-02-19,19.4720749562202946352641
2002-02-20,19.4758453439575318628555
2002-02-21,19.4796164617568565192784
2002-02-22,19.4833883097596308963304
2002-02-25,19.4871608881072446578609
2002-02-26,19.4909341969411148450720
2002-02-27,19.4947082364026858818187
2002-02-28,19.4984830066334295799117
2002-03-01,19.5022585077748451444203
2002-03-04,19.5060347399684591789763
2002-03-05,19.5098117033558256910798
2002-03-06,19.5135893980785260974048
2002-03-07,19.5173678242781692291068
2002-03-08,19.5211469820963913371311
2002-03-11,19.5249268716748560975219
2002-03-12,19.5287074931552546167328
2002-03-13,19.5324888466793054369381
2002-03-14,19.5362709323887545413453
2002-03-15,19.5400537504253753595082
2002-03-18,19.5438373009309687726419
2002-03-19,19.5476215840473631189376
2002-03-20,19.5514065999164141988798
2002-03-21,19.5551923486800052805633
2002-03-22,19.5589788304800471050121
2002-03-26,19.5627660454584778914986
2002-03-27,19.5665539937572633428649
2002-03-28,19.5703426755183966508438
2002-04-01,19.5741320908838985013817
2002-04-02,19.5779222399958170799625
2002-04-03,19.5817131229962280769322
2002-04-04,19.5855047400272346928246
2002-04-05,19.5892970912309676436882
2002-04-08,19.5930901767495851664141
2002-04-09,19.5968839967252730240649
2002-04-10,19.6006785513002445112043
2002-04-11,19.6044738406167404592285
2002-04-12,19.6082698648170292416979
2002-04-15,19.6120666240434067796698
2002-04-16,19.6158641184381965470333
2002-04-17,19.6196623481437495758435
2002-04-18,19.6234613133024444616580
2002-04-19,19.6272610140566873688740
2002-04-22,19.6310614505489120360665
2002-04-23,19.6348626229215797813274
2002-04-24,19.6386645313171795076057
2002-04-25,19.6424671758782277080491
2002-04-26,19.6462705567472684713458
2002-04-29,19.6500746740668734870682
2002-04-30,19.6538795279796420510172
2002-05-02,19.6576851186282010705675
2002-05-03,19.6614914461552050700142
2002-05-06,19.6652985107033361959202
2002-05-07,19.6691063124153042224647
2002-05-08,19.6729148514338465567927
2002-05-09,19.6767241279017282443657
2002-05-10,19.6805341419617419743133
2002-05-13,19.6843448937567080847857
2002-05-14,19.6881563834294745683077
2002-05-15,19.6919686111229170771332
2002-05-16,19.6957815769799389286009
2002-05-17,19.6995952811434711104913
2002-05-20,19.7034097237564722863846
2002-05-21,19.7072249049619288010191
2002-05-22,19.7110408249028546856519
2002-05-23,19.7148574837222916634191
2002-05-24,19.7186748815633091546981
2002-05-27,19.7224930185690042824709
2002-05-28,19.7263118948825018776876
2002-05-29,19.7301315106469544846321
2002-05-30,19.7339518660055423662878
2002-05-31,19.7377729611014735097048
2002-06-03,19.7415947960779836313687
2002-06-04,19.7454173710783361825690
2002-06-05,19.7492406862458223547701
2002-06-06,19.7530647417237610849824
2002-06-07,19.7568895376554990611344
2002-06-10,19.7607150741844107274467
2002-06-11,19.7645413514538982898060
2002-06-12,19.7683683696073917211408
2002-06-13,19.7721961287883487667979
2002-06-14,19.7760246291402549499201
2002-06-17,19.7798538708066235768246
2002-06-18,19.7836838539309957423829
2002-06-19,19.7875145786569403354012
2002-06-20,19.7913460451280540440026
2002-06-21,19.7951782534879613610096
2002-06-24,19.7990112038803145893279
2002-06-25,19.8028448964487938473315
2002-06-26,19.8066793313371070742485
2002-06-27,19.8105145086889900355480
2002-06-28,19.8143504286482063283281
2002-07-01,19.8181870913585473867052
2002-07-02,19.8220244969638324872038
2002-07-03,19.8258626456079087541479
2002-07-04,19.8297015374346511650528
2002-07-05,19.8335411725879625560189
2002-07-08,19.8373815512117736271255
2002-07-09,19.8412226734500429478260
2002-07-10,19.8450645394467569623451
2002-07-11,19.8489071493459299950750
2002-07-12,19.8527505032916042559750
2002-07-15,19.8565946014278498459702
2002-07-16,19.8604394438987647623523
2002-07-17,19.8642850308484749041814
2002-07-18,19.8681313624211340776882
2002-07-19,19.8719784387609240016782
2002-07-22,19.8758262600120543129359
2002-07-23,19.8796748263187625716310
2002-07-24,19.8835241378253142667249
2002-07-25,19.8873741946760028213787
2002-07-26,19.8912249970151495983622
2002-07-29,19.8950765449871039054638
2002-07-30,19.8989288387362430009015
2002-07-31,19.9027818784069720987348
2002-08-01,19.9066356641437243742780
2002-08-02,19.9104901960909609695144
2002-08-05,19.9143454743931709985113
2002-08-06,19.9182014991948715528363
2002-08-07,19.9220582706406077069748
2002-08-08,19.9259157888749525237482
2002-08-09,19.9297740540425070597330
2002-08-12,19.9336330662879003706818
2002-08-13,19.9374928257557895169445
2002-08-14,19.9413533325908595688908
2002-08-16,19.9452145869378236123338
2002-08-19,19.9490765889414227539549
2002-08-20,19.9529393387464261267292
2002-08-21,19.9568028364976308953524
2002-08-22,19.9606670823398622616683
2002-08-23,19.9645320764179734700983
2002-08-26,19.9683978188768458130706
2002-08-27,19.9722643098613886364515
2002-08-28,19.9761315495165393449774
2002-08-29,19.9799995379872634076878
2002-08-30,19.9838682754185543633593
2002-09-02,19.9877377619554338259410
2002-09-03,19.9916079977429514899904
2002-09-04,19.9954789829261851361110
2002-09-05,19.9993507176502406363903
2002-09-06,20.0032232020602519598395
2002-09-09,20.0070964363013811778335
2002-09-11,20.0109704205188184695529
2002-09-12,20.0148451548577821274258
2002-09-13,20.0187206394635185625724
2002-09-16,20.0225968744813023102485
2002-09-17,20.0264738600564360352922
2002-09-18,20.0303515963342505375699
2002-09-19,20.0342300834601047574245
2002-09-20,20.0381093215793857811242
2002-09-23,20.0419893108375088463123
2002-09-24,20.0458700513799173474581
2002-09-25,20.0497515433520828413093
2002-09-26,20.0536337868995050523446
2002-09-27,20.0575167821677118782283
2002-09-30,20.0614005293022593952649
2002-10-01,20.0652850284487318638560
2002-10-03,20.0691702797527417339571
2002-10-04,20.0730562833599296505363
2002-10-07,20.0769430394159644590333
2002-10-08,20.0808305480665432108203
2002-10-09,20.0847188094573911686635
2002-10-10,20.0886078237342618121853
2002-10-11,20.0924975910429368433283
2002-10-14,20.0963881115292261918199
2002-10-16,20.1002793853389680206380
2002-10-17,20.1041714126180287314779
2002-10-18,20.1080641935123029702202
2002-10-21,20.1119577281677136323995
2002-10-22,20.1158520167302118686749
2002-10-23,20.1197470593457770903004
2002-10-24,20.1236428561604169745975
2002-10-25,20.1275394073201674704283
2002-10-28,20.1314367129710928036695
2002-10-29,20.1353347732592854826879
2002-10-30,20.1392335883308663038167
2002-10-31,20.1431331583319843568329
2002-11-01,20.1470334834088170304359
2002-11-04,20.1509345637075700177267
2002-11-05,20.1548363993744773216889
2002-11-07,20.1587389905558012606701
2002-11-08,20.1626423373978324738646
2002-11-11,20.1665464400468899267975
2002-11-12,20.1704512986493209168091
2002-11-13,20.1743569133515010785411
2002-11-14,20.1782632842998343894235
2002-11-15,20.1821704116407531751625
2002-11-18,20.1860782955207181152299
2002-11-20,20.1899869360862182483528
2002-11-21,20.1938963334837709780053
2002-11-22,20.1978064878599220779005
2002-11-25,20.2017173993612456974838
2002-11-26,20.2056290681343443674275
2002-11-27,20.2095414943258490051260
2002-11-28,20.2134546780824189201928
2002-11-29,20.2173686195507418199576
2002-12-02,20.2212833188775338149653
2002-12-03,20.2251987762095394244754
2002-12-04,20.2291149916935315819632
2002-12-05,20.2330319654763116406214
2002-12-06,20.2369496977047093788631
2002-12-09,20.2408681885255830058256
2002-12-10,20.2447874380858191668759
2002-12-11,20.2487074465323329491163
2002-12-12,20.2526282140120678868920
2002-12-13,20.2565497406719959672992
2002-12-16,20.2604720266591176356942
2002-12-17,20.2643950721204618012042
2002-12-18,20.2683188772030858422385
2002-12-19,20.2722434420540756120010
2002-12-20,20.2761687668205454440040
2002-12-23,20.2800948516496381575827
2002-12-24,20.2840216966885250634107
2002-12-26,20.2879493020844059690173
2002-12-27,20.2918776679845091843050
2002-12-30,20.2958067945360915270686
2002-12-31,20.2997366818864383285150
2003-01-01,20.3036673301828634387845
2003-01-02,20.3075987395727092324727
2003-01-03,20.3115309102033466141539
2003-01-06,20.3154638422221750239053
2003-01-07,20.3193975357766224428324
2003-01-08,20.3233319910141453985953
2003-01-09,20.3272672080822289709362
2003-01-10,20.3312031871283867972080
2003-01-13,20.3351399283001610779041
2003-01-14,20.3390774317451225821887
2003-01-15,20.3430156976108706534290
2003-01-16,20.3469547260450332147275
2003-01-17,20.3508945171952667744566
2003-01-20,20.3548350712092564317929
2003-01-21,20.3587763882347158822538
2003-01-22,20.3627184684193874232342
2003-01-23,20.3666613119110419595450
2003-01-24,20.3706049188574790089523
2003-01-27,20.3745492894065267077175
2003-01-28,20.3784944237060418161391
2003-01-29,20.3824403219039097240949
2003-01-30,20.3863869841480444565856
2003-01-31,20.3903344105863886792795
2003-02-03,20.3942826013669137040584
2003-02-04,20.3982315566376194945640
2003-02-05,20.4021812765465346717458
2003-02-06,20.4061317612417165194104
2003-02-07,20.4100830108712509897711
2003-02-10,20.4140350255832527089993
2003-02-11,20.4179878055258649827763
2003-02-12,20.4219413508472598018468
2003-02-14,20.4258956616956378475733
2003-02-17,20.4298507382192284974909
2003-02-18,20.4338065805662898308646
2003-02-19,20.4377631888851086342461
2003-02-20,20.4417205633240004070328
2003-02-21,20.4456787040313093670273
2003-02-24,20.4496376111554084559983
2003-02-25,20.4535972848446993452424
2003-02-26,20.4575577252476124411469
2003-02-27,20.4615189325126068907540
2003-02-28,20.4654809067881705873256
2003-03-03,20.4694436482228201759096
2003-03-04,20.4734071569651010589073
2003-03-05,20.4773714331635874016413
2003-03-06,20.4813364769668821379252
2003-03-07,20.4853022885236169756338
2003-03-10,20.4892688679824524022751
2003-03-11,20.4932362154920776905622
2003-03-12,20.4972043312012109039877
2003-03-13,20.5011732152585989023980
2003-03-17,20.5051428678130173475695
2003-03-19,20.5091132890132707087850
2003-03-20,20.5130844790081922684126
2003-03-21,20.5170564379466441274836
2003-03-22,20.5210291659775172112740
2003-03-24,20.5250026632497312748845
2003-03-25,20.5289769299122349088238
2003-03-26,20.5329519661140055445915
2003-03-27,20.5369277720040494602627
2003-03-28,20.5409043477314017860736
2003-03-31,20.5448816934451265100082
2003-04-01,20.5488598092943164833860
2003-04-02,20.5528386954280934264508
2003-04-03,20.5568183519956079339607
2003-04-04,20.5607987791460394807788
2003-04-07,20.5647799770285964274658
2003-04-08,20.5687619457925160258726
2003-04-09,20.5727446855870644247348
2003-04-10,20.5767281965615366752681
2003-04-11,20.5807124788652567367646
2003-04-15,20.5846975326475774821900
2003-04-16,20.5886833580578807037828
2003-04-17,20.5926699552455771186533
2003-04-21,20.5966573243601063743850
2003-04-22,20.6006454655509370546357
2003-04-23,20.6046343789675666847409
2003-04-24,20.6086240647595217373177
2003-04-25,20.6126145230763576378698
2003-04-28,20.6166057540676587703937
2003-04-29,20.6205977578830384829860
2003-04-30,20.6245905346721390934516
2003-05-02,20.6285840845846318949131
2003-05-05,20.6325784077702171614216
2003-05-06,20.6365735043786241535680
2003-05-07,20.6405693745596111240959
2003-05-08,20.6445660184629653235149
2003-05-09,20.6485634362385030057163
2003-05-12,20.6525616280360694335880
2003-05-13,20.6565605940055388846323
2003-05-14,20.6605603342968146565840
2003-05-15,20.6645608490598290730289
2003-05-16,20.6685621384445434890250
2003-05-19,20.6725642026009482967231
2003-05-20,20.6765670416790629309899
2003-05-21,20.6805706558289358750309
2003-05-22,20.6845750452006446660159
2003-05-23,20.6885802099442959007038
2003-05-26,20.6925861502100252410701
2003-05-27,20.6965928661479974199345
2003-05-28,20.7006003579084062465900
2003-05-29,20.7046086256414746124330
2003-05-30,20.7086176694974544965944
2003-06-02,20.7126274896266269715720
2003-06-03,20.7166380861793022088637
2003-06-04,20.7206494593058194846021
2003-06-05,20.7246616091565471851901
2003-06-06,20.7286745358818828129371
2003-06-09,20.7326882396322529916975
2003-06-10,20.7367027205581134725087
2003-06-11,20.7407179788099491392315
2003-06-12,20.7447340145382740141911
2003-06-13,20.7487508278936312638190
2003-06-16,20.7527684190265932042963
2003-06-17,20.7567867880877613071978
2003-06-18,20.7608059352277662051378
2003-06-19,20.7648258605972676974161
2003-06-20,20.7688465643469547556659
2003-06-23,20.7728680466275455295020
2003-06-24,20.7768903075897873521712
2003-06-25,20.7809133473844567462027
2003-06-26,20.7849371661623594290600
2003-06-27,20.7889617640743303187943
2003-06-30,20.7929871412712335396981
2003-07-01,20.7970132979039624279609
2003-07-02,20.8010402341234395373254
2003-07-03,20.8050679500806166447445
2003-07-04,20.8090964459264747560404
2003-07-07,20.8131257218120241115640
2003-07-08,20.8171557778883041918552
2003-07-09,20.8211866143063837233055
2003-07-10,20.8252182312173606838199
2003-07-11,20.8292506287723623084817
2003-07-14,20.8332838071225450952173
2003-07-15,20.8373177664190948104623
2003-07-16,20.8413525068132264948288
2003-07-17,20.8453880284561844687738
2003-07-18,20.8494243314992423382687
2003-07-21,20.8534614160937030004699
2003-07-22,20.8574992823908986493905
2003-07-23,20.8615379305421907815727
2003-07-24,20.8655773606989702017621
2003-07-25,20.8696175730126570285827
2003-07-28,20.8736585676347007002125
2003-07-29,20.8777003447165799800611
2003-07-30,20.8817429044098029624476
2003-07-31,20.8857862468659070782803
2003-08-01,20.8898303722364591007370
2003-08-04,20.8938752806730551509466
2003-08-05,20.8979209723273207036715
2003-08-06,20.9019674473509105929919
2003-08-07,20.9060147058955090179901
2003-08-08,20.9100627481128295484368
2003-08-11,20.9141115741546151304781
2003-08-12,20.9181611841726380923236
2003-08-13,20.9222115783187001499356
2003-08-14,20.9262627567446324127196
2003-08-18,20.9303147196022953892159
2003-08-19,20.9343674670435789927917
2003-08-20,20.9384209992204025473353
2003-08-21,20.9424753162847147929505
2003-08-22,20.9465304183884938916527
2003-08-25,20.9505863056837474330657
2003-08-26,20.9546429783225124401200
2003-08-27,20.9587004364568553747518
2003-08-28,20.9627586802388721436032
2003-08-29,20.9668177098206881037241
2003-09-01,20.9708775253544580682741
2003-09-02,20.9749381269923663122263
2003-09-03,20.9789995148866265780722
2003-09-04,20.9830616891894820815273
2003-09-05,20.9871246500532055172381
2003-09-08,20.9911883976300990644899
2003-09-09,20.9952529320724943929166
2003-09-10,20.9993182535327526682099
2003-09-11,21.0033843621632645578315
2003-09-12,21.0074512581164502367252
2003-09-15,21.0115189415447593930305
2003-09-16,21.0155874126006712337971
2003-09-17,21.0196566714366944907010
2003-09-18,21.0237267182053674257610
2003-09-19,21.0277975530592578370568
2003-09-22,21.0318691761509630644484
2003-09-23,21.0359415876331099952958
2003-09-24,21.0400147876583550701804
2003-09-25,21.0440887763793842886279
2003-09-26,21.0481635539489132148310
2003-09-29,21.0522391205196869833748
2003-09-30,21.0563154762444803049619
2003-10-01,21.0603926212760974721397
2003-10-03,21.0644705557673723650282
2003-10-06,21.0685492798711684570488
2003-10-07,21.0726287937403788206550
2003-10-08,21.0767090975279261330631
2003-10-09,21.0807901913867626819849
2003-10-10,21.0848720754698703713614
2003-10-13,21.0889547499302607270967
2003-10-14,21.0930382149209749027946
2003-10-15,21.0971224705950836854948
2003-10-16,21.1012075171056875014109
2003-10-17,21.1052933546059164216699
2003-10-20,21.1093799832489301680518
2003-10-21,21.1134674031879181187312
2003-10-22,21.1175556145760993140195
2003-10-23,21.1216446175667224621086
2003-10-24,21.1257344123130659448154
2003-10-25,21.1298249989684378233274
2003-10-27,21.1339163776861758439497
2003-10-28,21.1380085486196474438530
2003-10-29,21.1421015119222497568223
2003-10-30,21.1461952677474096190075
2003-10-31,21.1502898162485835746746
2003-11-03,21.1543851575792578819577
2003-11-04,21.1584812918929485186130
2003-11-05,21.1625782193432011877733
2003-11-06,21.1666759400835913237036
2003-11-07,21.1707744542677240975578
2003-11-10,21.1748737620492344231374
2003-11-11,21.1789738635817869626495
2003-11-12,21.1830747590190761324681
2003-11-13,21.1871764485148261088946
2003-11-14,21.1912789322227908339206
2003-11-15,21.1953822102967540209913
2003-11-17,21.1994862828905291607704
2003-11-18,21.2035911501579595269056
2003-11-19,21.2076968122529181817955
2003-11-20,21.2118032693293079823580
2003-11-21,21.2159105215410615857988
2003-11-24,21.2200185690421414553823
2003-11-25,21.2241274119865398662025
2003-11-27,21.2282370505282789109555
2003-11-28,21.2323474848214105057136
2003-12-01,21.2364587150200163956992
2003-12-02,21.2405707412782081610614
2003-12-03,21.2446835637501272226525
2003-12-04,21.2487971825899448478062
2003-12-05,21.2529115979518621561169
2003-12-08,21.2570268099901101252197
2003-12-09,21.2611428188589495965721
2003-12-10,21.2652596247126712812366
2003-12-11,21.2693772277055957656641
2003-12-12,21.2734956279920735174789
2003-12-15,21.2776148257264848912644
2003-12-16,21.2817348210632401343504
2003-12-17,21.2858556141567793926011
2003-12-18,21.2899772051615727162042
2003-12-19,21.2940995942321200654618
2003-12-22,21.2982227815229513165812
2003-12-23,21.3023467671886262674682
2003-12-24,21.3064715513837346435203
2003-12-26,21.3105971342628961034221
2003-12-29,21.3147235159807602449408
2003-12-30,21.3188506966920066107237
2003-12-31,21.3229786765513446940963
2004-01-01,21.3271074557135139448616
2004-01-02,21.3312370343332837751006
2004-01-05,21.3353674125654535649740
2004-01-06,21.3394985905648526685250
2004-01-07,21.3436305684863404194830
2004-01-08,21.3477633464848061370684
2004-01-09,21.3518969247151691317993
2004-01-12,21.3560313033323787112982
2004-01-13,21.3601664824914141861004
2004-01-14,21.3643024623472848754639
2004-01-15,21.3684392430550301131794
2004-01-16,21.3725768247697192533825
2004-01-19,21.3767152076464516763665
2004-01-20,21.3808543918403567943959
2004-01-21,21.3849943775065940575223
2004-01-22,21.3891351648003529593999
2004-01-23,21.3932767538768530431034
2004-01-27,21.3974191448913439069461
2004-01-28,21.4015623379991052102996
2004-01-29,21.4057063333554466794148
2004-01-30,21.4098511311157081132435
2004-02-03,21.4139967314352593892614
2004-02-04,21.4181431344695004692922
2004-02-05,21.4222903403738614053331
2004-02-06,21.4264383493038023453809
2004-02-09,21.4305871614148135392597
2004-02-10,21.4347367768624153444492
2004-02-11,21.4388871958021582319151
2004-02-12,21.4430384183896227919392
2004-02-13,21.4471904447804197399519
2004-02-16,21.4513432751301899223655
2004-02-17,21.4554969095946043224079
2004-02-18,21.4596513483293640659584
2004-02-19,21.4638065914902004273844
2004-02-20,21.4679626392328748353786
2004-02-23,21.4721194917131788787982
2004-02-24,21.4762771490869343125045
2004-02-25,21.4804356115099930632042
2004-02-26,21.4845948791382372352917
2004-02-27,21.4887549521275791166918
2004-03-01,21.4929158306339611847051
2004-03-03,21.4970775148133561118527
2004-03-04,21.5012400048217667717234
2004-03-05,21.5054033008152262448214
2004-03-08,21.5095674029497978244155
2004-03-09,21.5137323113815750223888
2004-03-10,21.5178980262666815750903
2004-03-11,21.5220645477612714491871
2004-03-12,21.5262318760215288475179
2004-03-15,21.5304000112036682149479
2004-03-16,21.5345689534639342442243
2004-03-17,21.5387387029586018818332
2004-03-18,21.5429092598439763338578
2004-03-19,21.5470806242763930718377
2004-03-22,21.5512527964122178386287
2004-03-23,21.5554257764078466542650
2004-03-24,21.5595995644197058218211
2004-03-25,21.5637741606042519332758
2004-03-26,21.5679495651179718753773
2004-03-29,21.5721257781173828355086
2004-03-30,21.5763027997590323075553
2004-03-31,21.5804806301994980977733
2004-04-01,21.5846592695953883306587
2004-04-02,21.5888387181033414548178
2004-04-05,21.5930189758800262488391
2004-04-06,21.5972000430821418271662
2004-04-07,21.6013819198664176459716
2004-04-08,21.6055646063896135090315
2004-04-12,21.6097481028085195736028
2004-04-13,21.6139324092799563562995
2004-04-15,21.6181175259607747389719
2004-04-16,21.6223034530078559745860
2004-04-17,21.6264901905781116931042
2004-04-19,21.6306777388284839073674
2004-04-20,21.6348660979159450189779
2004-04-21,21.6390552679974978241836
2004-04-22,21.6432452492301755197633
2004-04-23,21.6474360417710417089134
2004-04-27,21.6516276457771904071353
2004-04-28,21.6558200614057460481241
2004-04-29,21.6600132888138634896587
2004-04-30,21.6642073281587280194927
2004-05-03,21.6684021795975553612464
2004-05-04,21.6725978432875916803007
2004-05-05,21.6767943193861135896907
2004-05-06,21.6809916080504281560021
2004-05-07,21.6851897094378729052673
2004-05-10,21.6893886237058158288640
2004-05-11,21.6935883510116553894132
2004-05-12,21.6977888915128205266804
2004-05-13,21.7019902453667706634762
2004-05-14,21.7061924127309957115593
2004-05-17,21.7103953937630160775393
2004-05-18,21.7145991886203826687825
2004-05-19,21.7188037974606768993167
2004-05-20,21.7230092204415106957390
2004-05-21,21.7272154577205265031236
2004-05-24,21.7314225094553972909312
2004-05-25,21.7356303758038265589195
2004-05-26,21.7398390569235483430547
2004-05-27,21.7440485529723272214241
2004-05-28,21.7482588641079583201506
2004-05-31,21.7524699904882673193069
2004-06-01,21.7566819322711104588323
2004-06-02,21.7608946896143745444496
2004-06-03,21.7651082626759769535840
2004-06-04,21.7693226516138656412824
2004-06-07,21.7735378565860191461341
2004-06-08,21.7777538777504465961931
2004-06-09,21.7819707152651877149007
2004-06-10,21.7861883692883128270100
2004-06-11,21.7904068399779228645111
2004-06-14,21.7946261274921493725577
2004-06-15,21.7988462319891545153947
2004-06-16,21.8030671536271310822870
2004-06-17,21.8072888925643024934492
2004-06-18,21.8115114489589228059771
2004-06-21,21.8157348229692767197798
2004-06-22,21.8199590147536795835128
2004-06-23,21.8241840244704774005130
2004-06-24,21.8284098522780468347340
2004-06-25,21.8326364983347952166830
2004-06-28,21.8368639627991605493590
2004-06-29,21.8410922458296115141916
2004-06-30,21.8453213475846474769817
2004-07-01,21.8495512682227984938424
2004-07-02,21.8537820079026253171422
2004-07-05,21.8580135667827194014480
2004-07-06,21.8622459450217029094707
2004-07-07,21.8664791427782287180109
2004-07-08,21.8707131602109804239058
2004-07-09,21.8749479974786723499782
2004-07-12,21.8791836547400495509854
2004-07-13,21.8834201321538878195702
2004-07-14,21.8876574298789936922125
2004-07-15,21.8918955480742044551821
2004-07-16,21.8961344868983881504934
2004-07-19,21.9003742465104435818600
2004-07-20,21.9046148270693003206513
2004-07-21,21.9088562287339187118502
2004-07-22,21.9130984516632898800119
2004-07-23,21.9173414960164357352232
2004-07-26,21.9215853619524089790642
2004-07-27,21.9258300496302931105700
2004-07-28,21.9300755592092024321943
2004-07-29,21.9343218908482820557739
2004-07-30,21.9385690447067079084939
2004-08-02,21.9428170209436867388551
2004-08-03,21.9470658197184561226415
2004-08-04,21.9513154411902844688896
2004-08-05,21.9555658855184710258587
2004-08-06,21.9598171528623458870020
2004-08-09,21.9640692433812699969398
2004-08-10,21.9683221572346351574323
2004-08-11,21.9725758945818640333556
2004-08-12,21.9768304555824101586767
2004-08-13,21.9810858403957579424313
2004-08-16,21.9853420491814226747021
2004-08-17,21.9895990820989505325980
2004-08-18,21.9938569393079185862353
2004-08-19,21.9981156209679348047190
2004-08-20,22.0023751272386380621260
2004-08-23,22.0066354582796981434893
2004-08-24,22.0108966142508157507834
2004-08-25,22.0151585953117225089103
2004-08-26,22.0194214016221809716878
2004-08-27,22.0236850333419846278376
2004-08-30,22.0279494906309579069758
2004-08-31,22.0322147736489561856037
2004-09-01,22.0364808825558657931000
2004-09-02,22.0407478175116040177144
2004-09-03,22.0450155786761191125624
2004-09-06,22.0492841662093903016204
2004-09-07,22.0535535802714277857231
2004-09-08,22.0578238210222727485615
2004-09-09,22.0620948886219973626820
2004-09-10,22.0663667832307047954870
2004-09-13,22.0706395050085292152360
2004-09-14,22.0749130541156357970490
2004-09-15,22.0791874307122207289097
2004-09-16,22.0834626349585112176708
2004-09-17,22.0877386670147654950606
2004-09-20,22.0920155270412728236895
2004-09-21,22.0962932151983535030593
2004-09-22,22.1005717316463588755726
2004-09-23,22.1048510765456713325435
2004-09-24,22.1091312500567043202100
2004-09-27,22.1134122523399023457467
2004-09-28,22.1176940835557409832796
2004-09-29,22.1219767438647268799013
2004-09-30,22.1262602334273977616877
2004-10-01,22.1305445524043224397162
2004-10-04,22.1348297009561008160842
2004-10-05,22.1391156792433638899294
2004-10-06,22.1434024874267737634515
2004-10-07,22.1476901256670236479343
2004-10-08,22.1519785941248378697695
2004-10-09,22.1562678929609718764815
2004-10-11,22.1605580223362122427534
2004-10-12,22.1648489824113766764544
2004-10-14,22.1691407733473140246678
2004-10-15,22.1734333953049042797205
2004-10-18,22.1777268484450585852141
2004-10-19,22.1820211329287192420562
2004-10-20,22.1863162489168597144938
2004-10-21,22.1906121965704846361472
2004-10-25,22.1949089760506298160456
2004-10-26,22.1992065875183622446634
2004-10-27,22.2035050311347800999579
2004-10-28,22.2078043070610127534083
2004-10-29,22.2121044154582207760556
2004-11-01,22.2164053564875959445437
2004-11-02,22.2207071303103612471620
2004-11-03,22.2250097370877708898888
2004-11-04,22.2293131769811103024357
2004-11-05,22.2336174501516961442942
2004-11-08,22.2379225567608763107820
2004-11-09,22.2422284969700299390915
2004-11-10,22.2465352709405674143394
2004-11-11,22.2508428788339303756166
2004-11-12,22.2551513208115917220409
2004-11-16,22.2594605970350556188090
2004-11-17,22.2637707076658575032509
2004-11-18,22.2680816528655640908853
2004-11-19,22.2723934327957733814759
2004-11-22,22.2767060476181146650888
2004-11-23,22.2810194974942485281514
2004-11-24,22.2853337825858668595126
2004-11-25,22.2896489030546928565033
2004-11-29,22.2939648590624810309992
2004-11-30,22.2982816507710172154841
2004-12-01,22.3025992783421185691145
2004-12-02,22.3069177419376335837851
2004-12-03,22.3112370417194420901965
2004-12-06,22.3155571778494552639227
2004-12-07,22.3198781504896156314806
2004-12-08,22.3241999598018970764007
2004-12-09,22.3285226059483048452984
2004-12-10,22.3328460890908755539473
2004-12-13,22.3371704093916771933528
2004-12-14,22.3414955670128091358276
2004-12-15,22.3458215621164021410679
2004-12-16,22.3501483948646183622311
2004-12-17,22.3544760654196513520144
2004-12-20,22.3588045739437260687349
2004-12-21,22.3631339205990988824103
2004-12-22,22.3674641055480575808416
2004-12-24,22.3717951289529213756963
2004-12-27,22.3761269909760409085932
2004-12-28,22.3804596917797982571878
2004-12-29,22.3847932315266069412599
2004-12-30,22.3891276103789119288011
2004-12-31,22.3934628284991896421047
2005-01-03,22.3977988860499479638556
2005-01-04,22.4021357831937262432227
2005-01-05,22.4064735200930953019513
2005-01-06,22.4108120969106574404571
2005-01-07,22.4151515138090464439218
2005-01-10,22.4194917709509275883893
2005-01-11,22.4238328684989976468631
2005-01-12,22.4281748066159848954054
2005-01-13,22.4325175854646491192371
2005-01-14,22.4368612052077816188384
2005-01-17,22.4412056660082052160517
2005-01-18,22.4455509680287742601848
2005-01-19,22.4498971114323746341157
2005-01-20,22.4542440963819237603984
2005-01-24,22.4585919230403706073699
2005-01-25,22.4629405915706956952586
2005-01-27,22.4672901021359111022934
2005-01-28,22.4716404548990604708146
2005-01-31,22.4759916500232190133856
2005-02-01,22.4803436876714935189057
2005-02-02,22.4846965680070223587244
2005-02-03,22.4890502911929754927568
2005-02-04,22.4934048573925544755997
2005-02-07,22.4977602667689924626499
2005-02-08,22.5021165194855542162226
2005-02-09,22.5064736157055361116717
2005-02-10,22.5108315555922661435109
2005-02-11,22.5151903393091039315361
2005-02-14,22.5195499670194407269495
2005-02-15,22.5239104388866994184838
2005-02-16,22.5282717550743345385283
2005-02-17,22.5326339157458322692563
2005-02-18,22.5369969210647104487536
2005-02-21,22.5413607711945185771476
2005-02-22,22.5457254662988378227381
2005-02-23,22.5500910065412810281297
2005-02-24,22.5544573920854927163644
2005-02-25,22.5588246230951490970562
2005-02-28,22.5631926997339580725264
2005-03-01,22.5675616221656592439403
2005-03-02,22.5719313905540239174453
2005-03-03,22.5763020050628551103095
2005-03-04,22.5806734658559875570625
2005-03-07,22.5850457730972877156363
2005-03-08,22.5894189269506537735083
2005-03-09,22.5937929275800156538448
2005-03-10,22.5981677751493350216464
2005-03-11,22.6025434698226052898938
2005-03-14,22.6069200117638516256953
2005-03-15,22.6112974011371309564355
2005-03-16,22.6156756381065319759248
2005-03-17,22.6200547228361751505507
2005-03-18,22.6244346554902127254296
2005-03-21,22.6288154362328287305602
2005-03-22,22.6331970652282389869783
2005-03-23,22.6375795426406911129121
2005-03-24,22.6419628686344645299396
2005-03-28,22.6463470433738704691461
2005-03-29,22.6507320670232519772840
2005-03-30,22.6551179397469839229331
2005-03-31,22.6595046617094730026620
2005-04-01,22.6638922330751577471916
2005-04-04,22.6682806540085085275586
2005-04-05,22.6726699246740275612810
2005-04-06,22.6770600452362489185245
2005-04-07,22.6814510158597385282701
2005-04-08,22.6858428367090941844831
2005-04-11,22.6902355079489455522829
2005-04-12,22.6946290297439541741145
2005-04-13,22.6990234022588134759205
2005-04-15,22.7034186256582487733153
2005-04-18,22.7078147001070172777594
2005-04-19,22.7122116257699081027358
2005-04-20,22.7166094028117422699268
2005-04-21,22.7210080313973727153928
2005-04-22,22.7254075116916842957515
2005-04-25,22.7298078438595937943591
2005-04-26,22.7342090280660499274921
2005-04-27,22.7386110644760333505303
2005-04-28,22.7430139532545566641417
2005-04-29,22.7474176945666644204673
2005-05-02,22.7518222885774331293088
2005-05-03,22.7562277354519712643157
2005-05-04,22.7606340353554192691752
2005-05-05,22.7650411884529495638022
2005-05-06,22.7694491949097665505307
2005-05-09,22.7738580548911066203072
2005-05-10,22.7782677685622381588838
2005-05-11,22.7826783360884615530144
2005-05-12,22.7870897576351091966501
2005-05-13,22.7915020333675454971372
2005-05-16,22.7959151634511668814163
2005-05-17,22.8003291480514018022216
2005-05-18,22.8047439873337107442825
2005-05-19,22.8091596814635862305259
2005-05-20,22.8135762306065528282798
2005-05-23,22.8179936349281671554778
2005-05-24,22.8224118945940178868655
2005-05-25,22.8268310097697257602074
2005-05-26,22.8312509806209435824953
2005-05-27,22.8356718073133562361581
2005-05-30,22.8400934900126806852722
2005-05-31,22.8445160288846659817739
2005-06-01,22.8489394240950932716721
2005-06-02,22.8533636758097758012632
2005-06-03,22.8577887841945589233465
2005-06-04,22.8622147494153201034408
2005-06-06,22.8666415716379689260027
2005-06-07,22.8710692510284471006457
2005-06-08,22.8754977877527284683605
2005-06-09,22.8799271819768190077366
2005-06-10,22.8843574338667568411856
2005-06-13,22.8887885435886122411645
2005-06-14,22.8932205113084876364013
2005-06-15,22.8976533371925176181216
2005-06-16,22.9020870214068689462760
2005-06-17,22.9065215641177405557688
2005-06-20,22.9109569654913635626885
2005-06-21,22.9153932256940012705387
2005-06-22,22.9198303448919491764707
2005-06-23,22.9242683232515349775172
2005-06-24,22.9287071609391185768269
2005-06-27,22.9331468581210920899012
2005-06-28,22.9375874149638798508308
2005-06-29,22.9420288316339384185346
2005-06-30,22.9464711082977565829993
2005-07-01,22.9509142451218553715204
2005-07-04,22.9553582422727880549443
2005-07-05,22.9598030999171401539114
2005-07-06,22.9642488182215294451011
2005-07-07,22.9686953973526059674771
2005-07-08,22.9731428374770520285347
2005-07-11,22.9775911387615822105487
2005-07-12,22.9820403013729433768231
2005-07-13,22.9864903254779146779412
2005-07-14,22.9909412112433075580181
2005-07-15,22.9953929588359657609530
2005-07-18,22.9998455684227653366839
2005-07-19,23.0042990401706146474428
2005-07-20,23.0087533742464543740125
2005-07-21,23.0132085708172575219843
2005-07-22,23.0176646300500294280174
2005-07-25,23.0221215521118077660985
2005-07-26,23.0265793371696625538041
2005-07-27,23.0310379853906961585626
2005-07-29,23.0354974969420433039186
2005-08-01,23.0399578719908710757978
2005-08-02,23.0444191107043789287736
2005-08-03,23.0488812132497986923341
2005-08-04,23.0533441797943945771516
2005-08-05,23.0578080105054631813521
2005-08-08,23.0622727055503334967867
2005-08-09,23.0667382650963669153040
2005-08-10,23.0712046893109572350234
2005-08-11,23.0756719783615306666105
2005-08-12,23.0801401324155458395528
2005-08-16,23.0846091516404938084372
2005-08-17,23.0890790362038980592279
2005-08-18,23.0935497862733145155471
2005-08-19,23.0980214020163315449549
2005-08-22,23.1024938836005699652323
2005-08-23,23.1069672311936830506638
2005-08-24,23.1114414449633565383226
2005-08-25,23.1159165250773086343559
2005-08-26,23.1203924717032900202722
2005-08-29,23.1248692850090838592295
2005-08-30,23.1293469651625058023246
2005-08-31,23.1338255123314039948839
2005-09-01,23.1383049266836590827550
2005-09-02,23.1427852083871842186002
2005-09-05,23.1472663576099250681905
2005-09-06,23.1517483745198598167014
2005-09-08,23.1562312592849991750092
2005-09-09,23.1607150120733863859896
2005-09-12,23.1651996330530972308161
2005-09-13,23.1696851223922400352613
2005-09-14,23.1741714802589556759979
2005-09-15,23.1786587068214175869015
2005-09-16,23.1831468022478317653552
2005-09-19,23.1876357667064367785544
2005-09-20,23.1921256003655037698136
2005-09-21,23.1966163033933364648739
2005-09-22,23.2011078759582711782122
2005-09-23,23.2056003182286768193512
2005-09-26,23.2100936303729548991707
2005-09-27,23.2145878125595395362205
2005-09-28,23.2190828649568974630340
2005-09-29,23.2235787877335280324436
2005-09-30,23.2280755810579632238963
2005-10-03,23.2325732450987676497721
2005-10-04,23.2370717800245385617020
2005-10-05,23.2415711860039058568884
2005-10-06,23.2460714632055320844259
2005-10-07,23.2505726117981124516241
2005-10-10,23.2550746319503748303311
2005-10-11,23.2595775238310797632580
2005-10-13,23.2640812876090204703056
2005-10-14,23.2685859234530228548911
2005-10-17,23.2730914315319455102771
2005-10-18,23.2775978120146797259011
2005-10-19,23.2821050650701494937065
2005-10-20,23.2866131908673115144748
2005-10-21,23.2911221895751552041590
2005-10-24,23.2956320613627027002185
2005-10-25,23.3001428063990088679546
2005-10-26,23.3046544248531613068479
2005-10-27,23.3091669168942803568966
2005-10-28,23.3136802826915191049558
2005-10-31,23.3181945224140633910787
2005-11-01,23.3227096362311318148584
2005-11-02,23.3272256243119757417709
2005-11-07,23.3317424868258793095201
2005-11-08,23.3362602239421594343832
2005-11-09,23.3407788358301658175575
2005-11-10,23.3452983226592809515089
2005-11-11,23.3498186845989201263211
2005-11-14,23.3543399218185314360461
2005-11-16,23.3588620344875957850563
2005-11-17,23.3633850227756268943975
2005-11-18,23.3679088868521713081430
2005-11-21,23.3724336268868083997494
2005-11-22,23.3769592430491503784134
2005-11-23,23.3814857355088422954296
2005-11-24,23.3860131044355620505497
2005-11-25,23.3905413499990203983432
2005-11-26,23.3950704723689609545590
2005-11-28,23.3996004717151602024882
2005-11-29,23.4041313482074274993285
2005-11-30,23.4086631020156050825492
2005-12-01,23.4131957333095680762584
2005-12-02,23.4177292422592244975702
2005-12-05,23.4222636290345152629744
2005-12-06,23.4267988938054141947064
2005-12-07,23.4313350367419280271189
2005-12-08,23.4358720580140964130547
2005-12-09,23.4404099577919919302207
2005-12-12,23.4449487362457200875634
2005-12-13,23.4494883935454193316447
2005-12-14,23.4540289298612610530204
2005-12-15,23.4585703453634495926190
2005-12-16,23.4631126402222222481213
2005-12-19,23.4676558146078492803427
2005-12-20,23.4721998686906339196152
2005-12-21,23.4767448026409123721716
2005-12-22,23.4812906166290538265308
2005-12-23,23.4858373108254604598836
2005-12-26,23.4903848854005674444811
2005-12-27,23.4949333405248429540228
2005-12-28,23.4994826763687881700472
2005-12-29,23.5040328931029372883229
2005-12-30,23.5085839908978575252412
2006-01-02,23.5131359699241491242099
2006-01-03,23.5176888303524453620484
2006-01-04,23.5222425723534125553839
2006-01-05,23.5267971960977500670489
2006-01-06,23.5313527017561903124800
2006-01-09,23.5359090894994987661179
2006-01-10,23.5404663594984739678088
2006-01-12,23.5450245119239475292062
2006-01-13,23.5495835469467841401757
2006-01-16,23.5541434647378815751989
2006-01-17,23.5587042654681706997803
2006-01-18,23.5632659493086154768542
2006-01-19,23.5678285164302129731940
2006-01-20,23.5723919670039933658215
2006-01-23,23.5769563012010199484183
2006-01-24,23.5815215191923891377384
2006-01-25,23.5860876211492304800215
2006-01-27,23.5906546072427066574080
2006-01-30,23.5952224776440134943553
2006-01-31,23.5997912325243799640549
2006-02-01,23.6043608720550681948510
2006-02-02,23.6089313964073734766606
2006-02-03,23.6135028057526242673946
2006-02-06,23.6180751002621821993797
2006-02-07,23.6226482801074420857824
2006-02-08,23.6272223454598319270338
2006-02-10,23.6317972964908129172553
2006-02-13,23.6363731333718794506864
2006-02-14,23.6409498562745591281130
2006-02-15,23.6455274653704127632970
2006-02-16,23.6501059608310343894080
2006-02-17,23.6546853428280512654547
2006-02-20,23.6592656115331238827192
2006-02-21,23.6638467671179459711913
2006-02-22,23.6684288097542445060049
2006-02-23,23.6730117396137797138750
2006-02-24,23.6775955568683450795362
2006-02-27,23.6821802616897673521827
2006-02-28,23.6867658542499065519091
2006-03-01,23.6913523347206559761527
2006-03-02,23.6959397032739422061374
2006-03-03,23.7005279600817251133176
2006-03-06,23.7051171053159978658250
2006-03-07,23.7097071391487869349156
2006-03-08,23.7142980617521521014181
2006-03-09,23.7188898732981864621837
2006-03-10,23.7234825739590164365370
2006-03-13,23.7280761639068017727287
2006-03-14,23.7326706433137355543885
2006-03-16,23.7372660123520442069801
2006-03-17,23.7418622711939875042573
2006-03-20,23.7464594200118585747211
2006-03-21,23.7510574589779839080783
2006-03-22,23.7556563882647233617010
2006-03-23,23.7602562080444701670882
2006-03-24,23.7648569184896509363272
2006-03-27,23.7694585197727256685577
2006-03-28,23.7740610120661877564366
2006-03-29,23.7786643955425639926034
2006-03-30,23.7832686703744145761482
2006-03-31,23.7878738367343331190797
2006-04-03,23.7924798947949466527951
2006-04-04,23.7970868447289156345512
2006-04-05,23.8016946867089339539366
2006-04-07,23.8063034209077289393451
2006-04-10,23.8109130474980613644508
2006-04-12,23.8155235666527254546836
2006-04-13,23.8201349785445488937073
2006-04-17,23.8247472833463928298971
2006-04-18,23.8293604812311518828202
2006-04-19,23.8339745723717541497165
2006-04-20,23.8385895569411612119811
2006-04-21,23.8432054351123681416474
2006-04-24,23.8478222070584035078726
2006-04-25,23.8524398729523293834232
2006-04-26,23.8570584329672413511624
2006-04-27,23.8616778872762685105391
2006-04-28,23.8662982360525734840771
2006-04-29,23.8709194794693524238667
2006-05-02,23.8755416176998350180569
2006-05-03,23.8801646509172844973487
2006-05-04,23.8847885792949976414907
2006-05-05,23.8894134030063047857742
2006-05-08,23.8940391222245698275315
2006-05-09,23.8986657371231902326340
2006-05-10,23.9032932478755970419923
2006-05-11,23.9079216546552548780573
2006-05-12,23.9125509576356619513225
2006-05-15,23.9171811569903500668280
2006-05-16,23.9218122528928846306651
2006-05-17,23.9264442455168646564826
2006-05-18,23.9310771350359227719941
2006-05-19,23.9357109216237252254871
2006-05-22,23.9403456054539718923327
2006-05-23,23.9449811867003962814966
2006-05-24,23.9496176655367655420522
2006-05-25,23.9542550421368804696938
2006-05-26,23.9588933166745755132517
2006-05-29,23.9635324893237187812088
2006-05-30,23.9681725602582120482178
2006-05-31,23.9728135296519907616201
2006-06-01,23.9774553976790240479660
2006-06-02,23.9820981645133147195359
2006-06-05,23.9867418303288992808626
2006-06-06,23.9913863952998479352557
2006-06-07,23.9960318596002645913264
2006-06-08,24.0006782234042868695138
2006-06-09,24.0053254868860861086128
2006-06-12,24.0099736502198673723029
2006-06-13,24.0146227135798694556780
2006-06-14,24.0192726771403648917785
2006-06-15,24.0239235410756599581235
2006-06-16,24.0285753055600946832449
2006-06-19,24.0332279707680428532227
2006-06-20,24.0378815368739120182214
2006-06-21,24.0425360040521434990277
2006-06-22,24.0471913724772123935898
2006-06-23,24.0518476423236275835572
2006-06-25,24.0565048137659317408229
2006-06-26,24.0611628869787013340656
2006-06-27,24.0658218621365466352942
2006-06-28,24.0704817394141117263930
2006-06-29,24.0751425189860745056683
2006-06-30,24.0798042010271466943963
2006-07-03,24.0844667857120738433723
2006-07-04,24.0891302732156353394613
2006-07-05,24.0937946637126444121492
2006-07-06,24.0984599573779481400964
2006-07-07,24.1031261543864274576915
2006-07-10,24.1077932549129971616070
2006-07-11,24.1124612591326059173562
2006-07-12,24.1171301672202362658510
2006-07-13,24.1217999793509046299614
2006-07-14,24.1264706956996613210762
2006-07-17,24.1311423164415905456642
2006-07-18,24.1358148417518104118383
2006-07-19,24.1404882718054729359190
2006-07-20,24.1451626067777640490006
2006-07-21,24.1498378468439036035180
2006-07-24,24.1545139921791453798149
2006-07-25,24.1591910429587770927131
2006-07-26,24.1638689993581203980836
2006-07-27,24.1685478615525308994182
2006-07-28,24.1732276297173981544034
2006-07-31,24.1779083040281456814943
2006-08-01,24.1825898846602309664907
2006-08-02,24.1872723717891454691145
2006-08-03,24.1919557655904146295877
2006-08-04,24.1966400662395978752122
2006-08-07,24.2013252739122886269508
2006-08-08,24.2060113887841143060092
2006-08-09,24.2106984110307363404197
2006-08-10,24.2153863408278501716261
2006-08-11,24.2200751783511852610692
2006-08-14,24.2247649237765050967745
2006-08-16,24.2294555772796071999410
2006-08-17,24.2341471390363231315305
2006-08-18,24.2388396092225184988590
2006-08-21,24.2435329880140929621893
2006-08-22,24.2482272755869802413244
2006-08-23,24.2529224721171481222027
2006-08-24,24.2576185777805984634939
2006-08-25,24.2623155927533672031970
2006-08-28,24.2670135172115243652387
2006-08-29,24.2717123513311740660737
2006-08-30,24.2764120952884545212858
2006-08-31,24.2811127492595380521910
2006-09-01,24.2858143134206310924409
2006-09-04,24.2905167879479741946280
2006-09-05,24.2952201730178420368927
2006-09-06,24.2999244688065434295302
2006-09-07,24.3046296754904213216000
2006-09-08,24.3093357932458528075364
2006-09-11,24.3140428222492491337597
2006-09-12,24.3187507626770557052890
2006-09-13,24.3234596147057520923569
2006-09-14,24.3281693785118520370244
2006-09-15,24.3328800542719034597977
2006-09-18,24.3375916421624884662465
2006-09-19,24.3423041423602233536229
2006-09-20,24.3470175550417586174821
2006-09-21,24.3517318803837789583043
2006-09-22,24.3564471185630032881176
2006-09-25,24.3611632697561847371229
2006-09-26,24.3658803341401106603187
2006-09-27,24.3705983118916026441292
2006-09-28,24.3753172031875165130315
2006-09-29,24.3800370082047423361857
2006-10-03,24.3847577271202044340657
2006-10-04,24.3894793601108613850912
2006-10-05,24.3942019073537060322607
2006-10-06,24.3989253690257654897871
2006-10-09,24.4036497453041011497328
2006-10-10,24.4083750363658086886472
2006-10-11,24.4131012423880180742053
2006-10-12,24.4178283635478935718476
2006-10-13,24.4225564000226337514209
2006-10-16,24.4272853519894714938208
2006-10-17,24.4320152196256739976357
2006-10-18,24.4367460031085427857910
2006-10-19,24.4414777026154137121962
2006-10-20,24.4462103183236569683918
2006-10-21,24.4509438504106770901985
2006-10-23,24.4556782990539129643669
2006-10-26,24.4604136644308378352294
2006-10-27,24.4651499467189593113523
2006-10-30,24.4698871460958193721903
2006-10-31,24.4746252627389943747414
2006-11-01,24.4793642968260950602036
2006-11-02,24.4841042485347665606327
2006-11-03,24.4888451180426884056013
2006-11-06,24.4935869055275745288594
2006-11-07,24.4983296111671732749961
2006-11-08,24.5030732351392674061023
2006-11-09,24.5078177776216741084354
2006-11-10,24.5125632387922449990844
2006-11-13,24.5173096188288661326372
2006-11-14,24.5220569179094580078484
2006-11-15,24.5268051362119755743091
2006-11-16,24.5315542739144082391173
2006-11-17,24.5363043311947798735501
2006-11-20,24.5410553082311488197369
2006-11-21,24.5458072052016078973341
2006-11-22,24.5505600222842844102011
2006-11-23,24.5553137596573401530772
2006-11-24,24.5600684174989714182604
2006-11-27,24.5648239959874090022870
2006-11-28,24.5695804953009182126126
2006-11-29,24.5743379156177988742949
2006-11-30,24.5790962571163853366767
2006-12-01,24.5838555199750464800713
2006-12-04,24.5886157043721857224487
2006-12-05,24.5933768104862410261231
2006-12-06,24.5981388384956849044417
2006-12-07,24.6029017885790244284748
2006-12-08,24.6076656609148012337074
2006-12-11,24.6124304556815915267318
2006-12-12,24.6171961730580060919415
2006-12-13,24.6219628132226902982269
2006-12-14,24.6267303763543241056715
2006-12-15,24.6314988626316220722499
2006-12-18,24.6362682722333333605274
2006-12-19,24.6410386053382417443598
2006-12-20,24.6458098621251656155959
2006-12-21,24.6505820427729579907802
2006-12-22,24.6553551474605065178573
2006-12-26,24.6601291763667334828778
2006-12-27,24.6649041296705958167052
2006-12-28,24.6696800075510851017240
2006-12-29,24.6744568101872275785496
2007-01-02,24.6792345377580841527391
2007-01-03,24.6840131904427504015033
2007-01-04,24.6887927684203565804204
2007-01-05,24.6935732718700676301508
2007-01-08,24.6983547009710831831531
2007-01-09,24.7031370559026375704013
2007-01-10,24.7079203368439998281040
2007-01-11,24.7127045439744737044238
2007-01-12,24.7174896774733976661992
2007-01-15,24.7222757375201449056666
2007-01-16,24.7270627242941233471845
2007-01-17,24.7318506379747756539589
2007-01-18,24.7366394787415792347693
2007-01-19,24.7414292467740462506969
2007-01-22,24.7462199422517236218537
2007-01-23,24.7510115653541930341126
2007-01-24,24.7558041162610709458392
2007-01-25,24.7605975951520085946253
2007-01-29,24.7653920022066920040226
2007-01-31,24.7701873376048419902784
2007-02-01,24.7749836015262141690731
2007-02-02,24.7797807941505989622576
2007-02-05,24.7845789156578216045935
2007-02-06,24.7893779662277421504937
2007-02-07,24.7941779460402554807643
2007-02-08,24.7989788552752913093487
2007-02-09,24.8037806941128141900715
2007-02-12,24.8085834627328235233855
2007-02-13,24.8133871613153535631181
2007-02-14,24.8181917900404734232207
2007-02-15,24.8229973490882870845186
2007-02-19,24.8278038386389334014619
2007-02-20,24.8326112588725861088784
2007-02-21,24.8374196099694538287274
2007-02-22,24.8422288921097800768551
2007-02-23,24.8470391054738432697509
2007-02-26,24.8518502502419567313052
2007-02-27,24.8566623265944686995688
2007-02-28,24.8614753347117623335130
2007-03-01,24.8662892747742557197918
2007-03-02,24.8711041469624018795045
2007-03-05,24.8759199514566887749604
2007-03-06,24.8807366884376393164442
2007-03-07,24.8855543580858113689834
2007-03-08,24.8903729605817977591163
2007-03-09,24.8951924961062262816614
2007-03-12,24.9000129648397597064890
2007-03-13,24.9048343669630957852928
2007-03-14,24.9096567026569672583639
2007-03-15,24.9144799721021418613652
2007-03-16,24.9193041754794223321079
2007-03-19,24.9241293129696464173291
2007-03-20,24.9289553847536868794702
2007-03-21,24.9337823910124515034571
2007-03-22,24.9386103319268831034822
2007-03-23,24.9434392076779595297861
2007-03-26,24.9482690184466936754426
2007-03-28,24.9530997644141334831435
2007-03-29,24.9579314457613619519856
2007-03-30,24.9627640626694971442584
2007-04-02,24.9675976153196921922336
2007-04-03,24.9724321038931353049556
2007-04-04,24.9772675285710497750337
2007-04-05,24.9821038895346939854349
2007-04-09,24.9869411869653614162788
2007-04-10,24.9917794210443806516334
2007-04-11,24.9966185919531153863123
2007-04-12,25.0014586998729644326733
2007-04-13,25.0062997449853617274178
2007-04-16,25.0111417274717763383926
2007-04-17,25.0159846475137124713919
2007-04-18,25.0208285052927094769612
2007-04-19,25.0256733009903418572023
2007-04-20,25.0305190347882192725801
2007-04-23,25.0353657068679865487298
2007-04-24,25.0402133174113236832662
2007-04-25,25.0450618665999458525943
2007-04-26,25.0499113546156034187205
2007-04-27,25.0547617816400819360660
2007-04-30,25.0596131478552021582809
2007-05-03,25.0644654534428200450600
2007-05-04,25.0693186985848267689597
2007-05-07,25.0741728834631487222162
2007-05-08,25.0790280082597475235652
2007-05-09,25.0838840731566200250629
2007-05-10,25.0887410783357983189081
2007-05-11,25.0935990239793497442657
2007-05-14,25.0984579102693768940919
2007-05-15,25.1033177373880176219601
2007-05-16,25.1081785055174450488886
2007-05-17,25.1130402148398675701694
2007-05-18,25.1179028655375288621984
2007-05-21,25.1227664577927078893067
2007-05-22,25.1276309917877189105938
2007-05-23,25.1324964677049114867615
2007-05-24,25.1373628857266704869493
2007-05-25,25.1422302460354160955715
2007-05-28,25.1470985488136038191548
2007-05-29,25.1519677942437244931784
2007-05-30,25.1568379825083042889142
2007-05-31,25.1617091137899047202692
2007-06-01,25.1665811882711226506286
2007-06-04,25.1714542061345902997011
2007-06-05,25.1763281675629752503643
2007-06-06,25.1812030727389804555127
2007-06-07,25.1860789218453442449057
2007-06-08,25.1909557150648403320185
2007-06-11,25.1958334525802778208927
2007-06-12,25.2007121345745012129895
2007-06-13,25.2055917612303904140435
2007-06-14,25.2104723327308607409180
2007-06-15,25.2153538492588629284619
2007-06-18,25.2202363109973831363674
2007-06-19,25.2251197181294429560297
2007-06-20,25.2300040708380994174071
2007-06-21,25.2348893693064449958838
2007-06-22,25.2397756137176076191324
2007-06-25,25.2446628042547506739791
2007-06-26,25.2495509411010730132692
2007-06-27,25.2544400244398089627351
2007-06-28,25.2593300544542283278641
2007-06-29,25.2642210313276364007689
2007-07-02,25.2691129552433739670590
2007-07-03,25.2740058263848173127127
2007-07-04,25.2788996449353782309517
2007-07-05,25.2837944110785040291161
2007-07-06,25.2886901249976775355409
2007-07-09,25.2935867868764171064344
2007-07-10,25.2984843968982766327567
2007-07-11,25.3033829552468455471012
2007-07-12,25.3082824621057488305761
2007-07-13,25.3131829176586470196873
2007-07-16,25.3180843220892362132240
2007-07-17,25.3229866755812480791435
2007-07-18,25.3278899783184498614595
2007-07-19,25.3327942304846443871300
2007-07-20,25.3376994322636700729474
2007-07-23,25.3426055838394009324302
2007-07-24,25.3475126853957465827149
2007-07-25,25.3524207371166522514507
2007-07-26,25.3573297391860987836939
2007-07-27,25.3622396917881026488056
2007-07-30,25.3671505951067159473488
2007-07-31,25.3720624493260264179877
2007-08-01,25.3769752546301574443891
2007-08-02,25.3818890112032680621236
2007-08-03,25.3868037192295529655690
2007-08-06,25.3917193788932425148152
2007-08-07,25.3966359903786027425703
2007-08-08,25.4015535538699353610671
2007-08-09,25.4064720695515777689729
2007-08-10,25.4113915376079030582983
2007-08-13,25.4163119582233200213096
2007-08-14,25.4212333315822731574407
2007-08-16,25.4261556578692426802074
2007-08-17,25.4310789372687445241226
2007-08-20,25.4360031699653303516133
2007-08-21,25.4409283561435875599381
2007-08-22,25.4458544959881392881070
2007-08-23,25.4507815896836444238020
2007-08-24,25.4557096374147976102988
2007-08-27,25.4606386393663292533907
2007-08-28,25.4655685957230055283128
2007-08-29,25.4704995066696283866686
2007-08-30,25.4754313723910355633568
2007-08-31,25.4803641930721005835006
2007-09-03,25.4852979688977327693773
2007-09-04,25.4902327000528772473501
2007-09-05,25.4951683867225149548005
2007-09-06,25.5001050290916626470629
2007-09-07,25.5050426273453729043595
2007-09-10,25.5099811816687341387373
2007-09-11,25.5149206922468706010067
2007-09-12,25.5198611592649423876800
2007-09-13,25.5248025829081454479133
2007-09-14,25.5297449633617115904477
2007-09-17,25.5346883008109084905535
2007-09-18,25.5396325954410396969748
2007-09-19,25.5445778474374446388756
2007-09-20,25.5495240569854986327876
2007-09-21,25.5544712242706128895589
2007-09-24,25.5594193494782345213041
2007-09-25,25.5643684327938465483562
2007-09-26,25.5693184744029679062195
2007-09-27,25.5742694744911534525235
2007-09-28,25.5792214332439939739790
2007-10-01,25.5841743508471161933347
2007-10-03,25.5891282274861827763357
2007-10-04,25.5940830633468923386831
2007-10-05,25.5990388586149794529950
2007-10-08,25.6039956134762146557690
2007-10-09,25.6089533281164044543457
2007-10-10,25.6139120027213913338738
2007-10-11,25.6188716374770537642765
2007-10-12,25.6238322325693062072194
2007-10-15,25.6287937881840991230796
2007-10-16,25.6337563045074189779156
2007-10-17,25.6387197817252882504400
2007-10-18,25.6436842200237654389919
2007-10-19,25.6486496195889450685119
2007-10-22,25.6536159806069576975174
2007-10-23,25.6585833032639699250805
2007-10-24,25.6635515877461843978060
2007-10-25,25.6685208342398398168114
2007-10-26,25.6734910429312109447084
2007-10-29,25.6784622140066086125853
2007-10-30,25.6834343476523797269908
2007-10-31,25.6884074440549072769199
2007-11-01,25.6933815034006103407998
2007-11-02,25.6983565258759440934785
2007-11-05,25.7033325116673998132138
2007-11-06,25.7083094609615048886643
2007-11-07,25.7132873739448228258813
2007-11-08,25.7182662508039532553024
2007-11-09,25.7232460917255319387459
2007-11-12,25.7282268968962307764075
2007-11-13,25.7332086665027578138572
2007-11-14,25.7381914007318572490386
2007-11-15,25.7431750997703094392690
2007-11-16,25.7481597638049309082408
2007-11-19,25.7531453930225743530246
2007-11-20,25.7581319876101286510732
2007-11-21,25.7631195477545188672276
2007-11-22,25.7681080736427062607237
2007-11-23,25.7730975654616882922008
2007-11-26,25.7780880233984986307111
2007-11-27,25.7830794476402071607310
2007-11-28,25.7880718383739199891734
2007-11-29,25.7930651957867794524013
2007-11-30,25.7980595200659641232433
2007-12-03,25.8030548113986888180096
2007-12-04,25.8080510699722046035105
2007-12-05,25.8130482959737988040748
2007-12-06,25.8180464895907950085711
2007-12-07,25.8230456510105530774293
2007-12-10,25.8280457804204691496638
2007-12-11,25.8330468780079756498985
2007-12-12,25.8380489439605412953928
2007-12-13,25.8430519784656711030684
2007-12-14,25.8480559817109063965386
2007-12-17,25.8530609538838248131383
2007-12-18,25.8580668951720403109550
2007-12-19,25.8630738057632031758624
2007-12-20,25.8680816858450000285537
2007-12-24,25.8730905356051538315778
2007-12-26,25.8781003552314238963757
2007-12-27,25.8831111449116058903192
2007-12-28,25.8881229048335318437502
2007-12-31,25.8931356351850701570217
2008-01-01,25.8981493361541256075404
2008-01-02,25.9031640079286393568102
2008-01-03,25.9081796506965889574771
2008-01-04,25.9131962646459883603760
2008-01-07,25.9182138499648879215784
2008-01-08,25.9232324068413744094414
2008-01-09,25.9282519354635710116584
2008-01-10,25.9332724360196373423107
2008-01-11,25.9382939086977694489214
2008-01-14,25.9433163536861998195092
2008-01-15,25.9483397711731973896450
2008-01-16,25.9533641613470675495092
2008-01-17,25.9583895243961521509499
2008-01-18,25.9634158605088295145437
2008-01-21,25.9684431698735144366568
2008-01-22,25.9734714526786581965078
2008-01-23,25.9785007091127485632318
2008-01-24,25.9835309393643098029464
2008-01-25,25.9885621436219026858182
2008-01-28,25.9935943220741244931312
2008-01-29,25.9986274749096090243566
2008-01-30,26.0036616023170266042237
2008-01-31,26.0086967044850840897924
2008-02-01,26.0137327816025248775268
2008-02-04,26.0187698338581289103705
2008-02-05,26.0238078614407126848232
2008-02-06,26.0288468645391292580184
2008-02-07,26.0338868433422682548026
2008-02-08,26.0389277980390558748161
2008-02-11,26.0439697288184548995751
2008-02-12,26.0490126358694646995547
2008-02-13,26.0540565193811212412740
2008-02-14,26.0591013795424970943818
2008-02-15,26.0641472165427014387445
2008-02-18,26.0691940305708800715350
2008-02-19,26.0742418218162154143223
2008-02-20,26.0792905904679265201638
2008-02-21,26.0843403367152690806979
2008-02-22,26.0893910607475354332384
2008-02-25,26.0944427627540545678704
2008-02-26,26.0994954429241921345472
2008-02-27,26.1045491014473504501887
2008-02-28,26.1096037385129685057814
2008-02-29,26.1146593543105219734797
2008-03-03,26.1197159490295232137084
2008-03-04,26.1247735228595212822664
2008-03-05,26.1298320759901019374326
2008-03-07,26.1348916086108876470721
2008-03-10,26.1399521209115375957445
2008-03-11,26.1450136130817476918135
2008-03-12,26.1500760853112505745575
2008-03-13,26.1551395377898156212821
2008-03-14,26.1602039707072489544334
2008-03-17,26.1652693842533934487133
2008-03-18,26.1703357786181287381956
2008-03-19,26.1754031539913712234437
2008-03-24,26.1804715105630740786300
2008-03-25,26.1855408485232272586563
2008-03-26,26.1906111680618575062754
2008-03-27,26.1956824693690283592147
2008-03-28,26.2007547526348401573007
2008-03-31,26.2058280180494300495849
2008-04-01,26.2109022658029720014713
2008-04-02,442.0079774960856768018453
2008-04-03,659.0323830453134586781463
2008-04-04,365.4349220026845227277973
2008-04-07,130.5574614516751886304055
2008-04-08,1187.5200013923806489385050
2008-04-09,-1396.1574581751038853631886
2008-04-10,1716.0050827493168151457919
2008-04-11,-456.6323758342620016747651
2008-04-15,365.4501660742549304778194
2008-04-16,776.4927084749628963526875
2008-04-17,1422.4152513679571991490152
2008-04-21,-2511.8222052466668394804145
2008-04-22,-104.2996613688138794256391
2008-04-23,13.1428830016114378840580
2008-04-24,-1513.5745721352955105162782
2008-04-25,-456.6120267794393291236992
2008-04-28,600.3505190692753960362228
2008-04-29,-45.5669345890559025870276
2008-04-30,-985.0843877543377740653330
2008-05-02,-691.4818404264747489883637
2008-05-05,-502.1444926053713394600004
2008-05-06,751.0694643456237689545756
2008-05-07,638.3494855412604606011913
2008-05-08,-867.5704932589987258830651
2008-05-09,-208.8904720551529958149974
2008-05-12,-33.0904508472015543575340
2008-05-13,-474.6104296351436065196990
2008-05-14,472.2295915810216428434183
2008-05-15,1355.2696128012949890306927
2008-05-16,1889.0696340256772274949930
2008-05-20,1202.8696552541691538432125
2008-05-21,2175.2296764867715638362977
2008-05-22,-698.9703022765147466107212
2008-05-23,-1018.2102810356889814287003
2008-05-26,-1559.3302597907503443943526
2008-05-27,543.9497614583019608697819
2008-05-28,-1871.6102172885312691046337
2008-05-29,-349.2501960312492376317034
2008-05-30,-1593.1301747698511478712686
2008-06-02,-1250.2501535043362028288783
2008-06-03,192.3198677652963946442415
2008-06-04,-1338.7472051326474933188830
2008-06-05,-164.3449178151936265461879
2008-06-06,599.0173699451546774458455
2008-06-09,2125.7396581484831765314414
2008-06-10,-1514.8980532051223548098351
2008-06-11,-868.9757641155761254898632
2008-06-12,-340.4934745827923278087501
2008-06-13,-340.4911846066851374516147
2008-06-16,422.8711058128312865146297
2008-06-17,833.9133966758428016444931
2008-06-18,-46.8843120175647178828725
2008-06-19,599.0379797326946187395453
2008-06-20,540.3202719267067189498398
2008-06-23,951.3625645645575068204047
2008-06-24,-1162.5551423536670769388444
2008-06-25,-575.3528488278810749772487
2008-06-26,305.4494451420014866998156
2008-06-27,2712.9717395560665987341610
2008-06-30,1832.1740344144002684180110
2008-07-01,-399.1836702829114803027751
2008-07-02,-281.7413745357826068254776
2008-07-03,951.3809216558729461127082
2008-07-04,-692.7767817078587475621012
2008-07-07,-575.3344846268915972572514
2008-07-08,599.0678128988605042896767
2008-07-09,-868.9298891305163189859045
2008-07-10,599.0724092850640735276383
2008-07-11,1068.8347081456878391213889
2008-07-14,775.2370074514411517691107
2008-07-15,2536.8393072024102021304778
2008-07-16,-634.0383926013188024456952
2008-07-17,-1573.5560919596596379182206
2008-07-18,-340.4337908725260635503061
2008-07-21,364.2085106601681780936779
2008-07-22,422.9308126385093611514324
2008-07-23,-4215.9468849374162235340370
2008-07-24,422.9354179324777315888154
2008-07-25,-46.8222787517224492166904
2008-07-28,11.9000250100695750277770
2008-07-29,129.3423292179401620187959
2008-07-30,-1514.8153661280243138255703
2008-07-31,422.9469389722625386374634
2008-08-01,-457.8507554811128727213564
2008-08-04,11.9115505119358766999157
2008-08-05,-2219.4461430485047717623346
2008-08-06,364.2361638376516399659579
2008-08-07,-692.7215288295084133002215
2008-08-08,-46.7992210498984400017241
2008-08-11,-868.8769128234319318319981
2008-08-12,-340.3946041500223637338435
2008-08-13,-457.8322950295831938961700
2008-08-14,834.0100145379721362492472
2008-08-18,-1103.7476754472697979689871
2008-08-19,305.5346350147775955413559
2008-08-20,188.0969459242009256393761
2008-08-21,1186.3392572810868179542909
2008-08-22,-516.5384309144780851113185
2008-08-25,-399.0961186624071243782580
2008-08-26,-986.2938059626136238874730
2008-08-27,1186.3485071849891091032009
2008-08-28,-105.4891792195122158777122
2008-08-29,246.8331348239691274879218
2008-09-01,188.1154493155198823110976
2008-09-02,-1397.3222357447731915010770
2008-09-04,188.1200796431766827578697
2008-09-05,-575.2376045205437014029721
2008-09-08,129.4047117641524663313585
2008-09-09,-46.7529715026479869150524
2008-09-10,-868.8306543208582172057386
2008-09-11,-986.2683366903913637885984
2008-09-12,246.8539813888394509073614
2008-09-15,1186.3762999169211212752818
2008-09-16,775.3386188939405585337093
2008-09-17,129.4209383199846907298537
2008-09-18,5120.6232581951404627428467
2008-09-19,-1749.6144214805051637129994
2008-09-22,1538.7078992931347899150691
2008-09-23,775.3502205161473190215065
2008-09-24,-222.8874578113805641542699
2008-09-25,246.8748643106381694753803
2008-09-26,-222.8828131177094341504154
2008-09-29,1362.5595099036636877622194
2008-09-30,188.1618333748446148651743
2008-10-01,-1103.6758427040795563283846
2008-10-03,-1103.6735183330217124407485
2008-10-06,1362.5688064881052767735982
2008-10-07,2067.2111317593885584312453
2008-10-08,1656.1734574809152965231222
2008-10-10,1949.7757836527726719177668
2008-10-13,-4391.9818897249521176354079
2008-10-14,-1044.9395626521718575028441
2008-10-15,1362.5827648712006838364294
2008-10-16,-399.0149071547472452059324
2008-10-17,-2101.8925787299283793243206
2008-10-20,-222.8502498542554363159006
2008-10-21,-1103.6479205276411170773410
2008-10-22,-1749.5655907499981056015408
2008-10-23,-1984.4432605212390689743559
2008-10-24,-2160.6009298412766573713262
2008-10-27,716.6814012899764959455991
2008-10-28,3006.7637328726077746313369
2008-10-29,-164.1139350932954207390548
2008-10-31,-2043.1516026076456726671002
2008-11-03,305.6507303296444532723709
2008-11-04,-173.9808562813375915654995
2008-11-05,25.2199263800272580972314
2008-11-06,25.2248097271472271778842
2008-11-07,25.2296940198321727287238
2008-11-10,25.2345792582651849751142
2008-11-11,25.2394654426293895942729
2008-11-12,25.2443525731079477221349
2008-11-14,25.2492406498840559602187
2008-11-17,25.2541296731409463824936
2008-11-18,25.2590196430618865422480
2008-11-19,25.2639105598301794789598
2008-11-20,25.2688024236291637251671
2008-11-21,25.2736952346422133133409
2008-11-24,25.2785889930527377827590
2008-11-25,25.2834836990441821863814
2008-11-26,25.2883793528000270977263
2008-11-28,25.2932759545037886177485
2008-12-01,25.2981735043390183817184
2008-12-02,-2390.2249279975106964338976
2008-12-03,1188.4153316091562886600480
2008-12-04,-958.6222179325737471023151
2008-12-05,-396.2997669998203067863731
2008-12-08,217.1426844075084840836935
2008-12-10,217.1451362895045177734062
2008-12-11,1290.6675886462597043414318
2008-12-12,-140.6899585221340283569713
2008-12-15,472.7524947844152653334922
2008-12-16,268.2749485659995488716018
2008-12-17,728.3574028227108035230675
2008-12-18,574.9998575546410283639791
2008-12-19,-1367.5576872381177597157465
2008-12-22,523.8847684445264739910850
2008-12-23,421.6472246026657820123946
2008-12-24,114.9296812363922347002810
2008-12-26,-191.7878616542020797655280
2008-12-29,2313.0945959309749446257760
2008-12-30,-498.5029460079845682804649
2008-12-31,114.9395125290115231990783
2009-01-01,881.7419715420553785891750
2009-01-02,12.7044310312391752594907
2009-01-05,-907.4531090033448915719588
2009-01-06,-856.3306485616046088353506
2009-01-07,983.9918123565522543944011
2009-01-09,-396.2457262487820530988965
2009-01-12,166.0767356224847353307421
2009-01-13,-1316.4008020295550958050600
2009-01-14,421.6816607951907558744168
2009-01-15,-805.1958759031853893775510
2009-01-16,728.4065878754088065683308
2009-01-19,728.4090521310656997208344
2009-01-20,-191.7484831361223360283264
2009-01-21,1853.0539820739370910989648
2009-01-22,-447.3435522386636092293078
2009-01-23,728.4189139261679905481698
2009-01-27,1035.1413805685243358895078
2009-01-28,-907.4161523115021098469230
2009-01-29,-345.0936847138188653990248
2009-01-30,3028.8287833616665684024938
2009-02-02,-89.4887480849532913624148
2009-02-03,-549.5662790535859096996690
2009-02-04,-498.4438095441387336975898
2009-02-05,626.1986604434808074765694
2009-02-06,217.2411309093653025800921
2009-02-09,-293.9563981463926417017298
2009-02-10,-242.8339267237004007521256
2009-02-11,1546.3685451775346679806273
2009-02-12,1597.4910175574052249866756
2009-02-13,-191.7065095839960513019364
2009-02-16,472.8559637534235354922074
2009-02-17,2671.0184375697566996953696
2009-02-18,2722.1409118650961735861346
2009-02-19,-907.3766133604652926011147
2009-02-20,472.8658618931650693272789
2009-02-24,-140.5716623739199544722745
2009-02-25,-2389.8491861616275598771350
2009-02-26,-293.9267094698649247949526
2009-02-27,677.3557677014607908398106
2009-03-02,2006.4782453524424450693622
2009-03-03,-1827.5192765168270860839411
2009-03-04,-805.1167979062549086141109
2009-03-05,12.8056811842518894719545
2009-03-06,1802.0081607547862381579529
2009-03-09,-38.3093591945589145783377
2009-03-12,-1469.6668786636906027615758
2009-03-13,370.6556023474841575846296
2009-03-16,63.9380838390583684412034
2009-03-17,-447.2594341888749502029083
2009-03-18,-498.3769517362227603472524
2009-03-19,370.6655311971079940236198
2009-03-20,1853.1480146112103869436403
2009-03-23,115.0704985061775104687133
2009-03-24,-1214.0470171178975253197949
2009-03-25,-907.3245322609215923115659
2009-03-26,932.9979530771984556361621
2009-03-27,12.8404388965557827020852
2009-03-30,12.8429251972435711043274
2009-03-31,-702.8345880206449788960680
2009-04-01,-89.3921007570166489916434
2009-04-02,-856.1896130117782028250335
2009-04-06,-3514.4271247848363859854696
2009-04-08,1597.5753639239020739947158
2009-04-09,-753.9421468854695323564149
2009-04-13,12.8603427871421035530931
2009-04-15,319.5828329418303083825846
2009-04-16,-242.7346764213115731377075
2009-04-17,-1316.2521853021901782031629
2009-04-20,319.5903062992878740687262
2009-04-21,1239.7527983832159826418548
2009-04-22,-89.3647090503124354349933
2009-04-23,166.2377839987960549753563
2009-04-24,1546.4802775306349071019708
2009-04-27,370.7227715452975922693135
2009-04-28,-498.3147339571224000992523
2009-04-29,-856.1522389765315624779591
2009-05-04,-651.6697435128363692351296
2009-05-05,1249.0003524340567233703290
2009-05-06,-756.9330517720094676886832
2009-05-07,1057.0469495733794377018424
2009-05-08,-1281.3330490809711485723823
2009-05-11,-928.4330477350611760689967
2009-05-12,2346.6669536111094056641275
2009-05-13,550.7669549575406470888876
2009-05-14,-968.0130436957674013230487
2009-05-15,1889.8669576511853109097600
2009-05-18,9904.4469589983988342785292
2009-05-19,-1726.4930396541267807157487
2009-05-20,-987.7930383063914835623027
2009-05-21,-382.6130369583952237405816
2009-05-22,1451.1869643898620492797484
2009-05-25,95.6469657383803860388049
2009-05-26,-1777.7130329128401629135078
2009-05-27,3369.0869684362004529825020
2009-05-28,651.3869697855022842963163
2009-05-29,2765.5069711350653816072088
2009-06-01,2275.7269724848897955042468
2009-06-02,-2728.9502561650244234137068
2009-06-03,1312.9223595704032677249074
2009-06-04,2902.6823600272880801360559
2009-06-05,1339.6923604842613593848636
2009-06-08,-7254.6276390586768773987903
2009-06-09,3492.8723613984733869182890
2009-06-10,4663.3123618557121694726149
2009-06-11,166.9523623130394874040185
2009-06-12,-1527.6176372295446421443506
2009-06-15,-1781.2376367720402020260227
2009-06-16,2626.5523636855528249087914
2009-06-17,-6039.9876358567655441867980
2009-06-18,-3453.2376353989952921563595
2009-06-19,2638.3623650588635981598604
2009-06-22,-2458.3776344831888560750619
2009-06-23,165.7323659748473623052727
2009-06-24,2510.3023664329722704705880
2009-06-25,-1354.8476331088141144060682
2009-06-26,4348.6023673494882248516772
2009-06-29,2103.5023678078793054235235
2009-06-30,-4476.6276317336408555075039
2009-07-01,715.9223687249277592449481
2009-07-02,663.6023691835851668705597
2009-07-03,2478.6223696423313845623400
2009-07-06,-8830.1676298988335704833728
2009-07-07,1283.3423705600903189330891
2009-07-08,-6413.8876289808969299852762
2009-07-09,-142.8176285217953000321393
2009-07-10,-2520.7176280626047739978394
2009-07-13,-2366.4276276033253346693832
2009-07-14,5369.8923728560430351695554
2009-07-15,4746.4323733155003527386363
2009-07-16,172.2323737750466352608535
2009-07-17,3510.3323742346818999625358
2009-07-20,4685.8523746944061640733480
2009-07-21,-979.8976248457805551737096
2009-07-22,-1288.1076243858782405422992
2009-07-23,3210.0423760741131252072540
2009-07-24,1848.6623765341935593179632
2009-07-27,412.4523769943630790361804
2009-07-28,1012.2923774546217016115966
2009-07-29,-2118.1176220850305557027565
2009-07-30,512.8623783754063243494930
2009-07-31,3851.4123788359323590280586
2009-08-03,2926.1323792965475655959956
2009-08-04,-1972.4576202427480386802975
2009-08-05,1722.0223802180455634689204
2009-08-06,-3808.4576193210716106832654
2009-08-07,-3910.5976188600995438604248
2009-08-10,-1803.7476183990382187827825
2009-08-11,30.6623820621123818327824
2009-08-12,274.9123825233522752727376
2009-08-13,5464.4523829846814788268980
2009-08-14,381.4523834461000097884260
2009-08-17,-6541.9176160923921145461670
2009-08-18,2483.5623843692051231229791
2009-08-19,-2961.6976151691082599009254
2009-08-20,2323.9923852926677536886796
2009-08-21,1865.4123857545331812017061
2009-08-24,3209.3323862164880399514169
2009-08-25,115.0023866785323472544280
2009-08-26,1655.1123871406661204307080
2009-08-27,-202.3476123971106231964207
2009-08-28,1198.6323880652021336997184
2009-08-31,-753.2476114723955915508427
2009-09-01,-2968.3976110099037816147172
2009-09-02,249.5623894526775808448389
2009-09-03,-1560.0076100846514868320741
2009-09-04,3277.6623903781090326980018
2009-09-07,3312.3523908409591567818829
2009-09-08,1030.4323913038989027697443
2009-09-09,68.1623917669282880151208
2009-09-10,258.5323922300473298749071
2009-09-11,-332.4776073067439542906410
2009-09-14,-214.1576068434455471179065
2009-09-15,3329.9523936199425687600900
2009-09-16,1677.3123940834204107136903
2009-09-17,1809.0323945469879961166001
2009-09-18,-771.1876049893546576541110
2009-09-22,2267.8123954743924667819910
2009-09-23,-2177.6476040617706131912940
2009-09-24,1890.3923964021561198131997
2009-09-25,-538.3776031338273168139958
2009-09-29,1199.6823973302790943210196
2009-09-30,1833.3623977944753706155133
2009-10-01,-105.6576017412384705298781
2009-10-05,-1242.3176012768624117111492
2009-10-06,-210.6076008123964355209242
2009-10-07,134.8723996521594754515429
2009-10-08,849.7424001168053386203698
2009-10-09,-190.2275994184588285969544
2009-10-12,2152.8424010463669912204323
2009-10-14,3094.1324015112828154967651
2009-10-15,2400.7524019762886616596527
2009-10-16,1574.8024024413845471400789
2009-10-17,11.2724029065704893724022
2009-10-20,-661.8375966281534942056428
2009-10-21,-2726.2175961627873861529453
2009-10-22,-2136.0875956973311690250170
2009-10-23,889.3724047682151746260077
2009-10-26,-1432.1475947661483377486265
2009-10-27,-6782.4475943004216886942965
2009-10-28,121.5024061653951392470009
2009-10-29,-1256.2275933686978364633505
2009-10-30,-895.0175929027005983605864
2009-11-03,-5077.8875924366131289765603
2009-11-04,4976.8024080295645891602566
2009-11-05,3219.5224084958325735247757
2009-11-06,1529.8924089621908415952928
2009-11-09,4270.2224094286394108534872
2009-11-10,-74.3175901048217012155760
2009-11-11,2931.2424103618075228765533
2009-11-12,-1272.4075891714728993782882
2009-11-13,1405.2124112953370495151232
2009-11-16,1950.6324117622373870553987
2009-11-17,-784.2175877707718692554624
2009-11-18,478.3124126963092980879284
2009-11-19,-2302.3275868365190934056507
2009-11-20,2128.3424136307429737759681
2009-11-23,417.2224140980955171483442
2009-11-24,-1064.2375854344614457695718
2009-11-25,861.8924150330721025445629
2009-11-26,-1827.1975844993038203835161
2009-11-27,-2002.4075840315891970246794
2009-11-30,1890.7624164362159901535964
2009-12-01,3552.5724169041117586872295
2009-12-02,-596.1475826279018738844665
2009-12-03,2581.9824178401751099812184
2009-12-04,-1676.0575816916572721696092
2009-12-07,-352.0675812233990027874450
2009-12-08,1652.6724192449499356806130
2009-12-09,-297.6475802866104392091340
2009-12-10,240.7624201819198901030144
2009-12-11,-442.2275793494590588198412
2009-12-14,-1684.8575788807472684111995
2009-12-15,-1092.7975784119447211011579
2009-12-16,-396.0675779430513993164114
2009-12-17,15.6724225259327145197475
2009-12-18,-1355.8975770049923620125706
2009-12-21,56.6924234641733886701496
2009-12-22,2215.8624239334299841548277
2009-12-23,3545.0224244027774420317885
2009-12-24,1153.0124248722157798947633
2009-12-29,253.9624253417450153408896
2009-12-30,-86.8375741886348340292873
2009-12-31,71.1724262810762493881856
2010-01-04,2461.8724267508782832006698
2010-01-05,1667.8024272207712850189368
2010-01-06,1818.7124276907552724571672
2010-01-07,-1078.5175718391697368670471
2010-01-08,-1302.5275713690037253327031
2010-01-11,1361.3524291012533246846141
2010-01-12,-1488.8675704283985691872679
2010-01-13,1332.4824300420406106828916
2010-01-14,921.5924305125708819297477
2010-01-15,75.0324309831922621913697
2010-01-18,559.3324314539047691092420
2010-01-19,-1753.5575680752915796717344
2010-01-20,-337.7875676043967665032425
2010-01-21,-3969.4175671334107737335477
2010-01-22,-2134.4975666623335837074979
2010-01-25,-2999.7375661911651787665219
2010-01-27,-5415.4775657199055412486297
2010-01-28,748.4824347514453465115890
2010-01-29,1229.9724352228875021829646
2010-02-01,1358.8824356944209434377491
2010-02-02,-1887.9475638339543120483837
2010-02-03,3423.2924366377617534036624
2010-02-04,-2698.2275628904308425235930
2010-02-05,-4460.0775624185320821442066
2010-02-06,7333.1524380534580522311896
2010-02-08,-5524.8275614744604217046113
2010-02-09,1122.2124389977125137446098
2010-02-10,-1804.1175605300231237215018
2010-02-11,2069.3524399423326836001268
2010-02-15,128.9124404147799534159962
2010-02-16,963.3524408873187034360354
2010-02-17,1366.2924413599489513736026
2010-02-18,-1080.4475581673292850545140
2010-02-19,-883.9175576945159881280956
2010-02-22,-778.9375572216111401234928
2010-02-23,-135.7775567486147233136235
2010-02-24,-61.4575562755267199679739
2010-02-25,-527.9875558023471123525964
2010-02-26,3143.1024446709241172698897
2010-03-02,3194.8824451442869866403006
2010-03-03,3699.2524456177415135028868
2010-03-04,454.8924460912877156053350
2010-03-05,1001.0224465649256106987682
2010-03-08,1001.5624470386552165377469
2010-03-09,-1277.5175524875234491197308
2010-03-10,-406.7975520136103685122285
2010-03-11,210.8124484603944761251298
2010-03-12,138.2524489344911025606595
2010-03-15,-577.4675505913204714338832
2010-03-16,1960.5124498829597719166988
2010-03-17,34.3524503573318503910448
2010-03-18,534.3224508317957817712360
2010-03-19,1255.5224513063515838427972
2010-03-22,-1733.4875482190007256053028
2010-03-23,-76.9575477442611287806515
2010-03-25,1176.0924527305703921126095
2010-03-26,1547.1524532054938548737843
2010-03-29,-230.8775463194907226943769
2010-03-30,146.5124541556166772143237
2010-03-31,491.1724546308160724095314
2010-04-01,1189.8324551061074807043402
2010-04-05,2335.9724555814909199152932
2010-04-06,217.1424560569664078623833
2010-04-07,1005.9624565325339623690539
2010-04-08,-1983.0475429918063987378006
2010-04-09,1189.8324574839453423721666
2010-04-12,-1316.2675420402107964672461
2010-04-13,-394.6775415642747974187862
2010-04-15,-965.2775410882466426417480
2010-04-16,-675.0375406121263142919712
2010-04-19,-2077.6075401359137945218400
2010-04-20,539.2624603403909345197169
2010-04-21,629.9624608167878906872274
2010-04-22,1275.0524612932770918386768
2010-04-23,1583.9724617698585558355079
2010-04-26,56.8924622465323005426221
2010-04-27,-129.4475372767016561716197
2010-04-28,-3263.0375367998432964353970
2010-04-29,1368.2224636771073976265711
2010-04-30,1771.1624641541504438930270
2010-05-03,-759.4075353687141397538251
2010-05-04,-2888.4275348914863354283188
2010-05-05,633.8224655858338747586761
2010-05-06,-1755.4875339367534913002469
2010-05-07,-3137.9875334592484157090291
2010-05-10,5087.2324670183491194318525
2010-05-11,-1898.6775325039608679746121
2010-05-12,-423.5475320261783600219674
2010-05-13,3662.4324684516966611997103
2010-05-14,-2818.8775310703357863961883
2010-05-16,0.0024694077243151071969
2010-05-17,138.2524698858769836301946
2010-05-18,-1302.5275296358777629033961
2010-05-19,-3999.3675291575399065663058
2010-05-20,818.2324713208905705722062
2010-05-21,-2955.5075282005863135536474
2010-05-24,1168.6824722780294589938190
2010-05-25,-5272.4875272432620938442365
2010-05-26,3101.7124732355390458768190
2010-05-27,1910.4924737144328961050926
2010-05-28,2369.7824741934194747921667
2010-05-31,1948.1624746724987998930998
2010-06-01,-3076.6975248483291106335730
2010-06-02,496.1080756309357611741607
2010-06-03,825.5022235386606971840033
2010-06-04,447.0022239692056143751440
2010-06-07,355.6022243998338981966904
2010-06-08,1222.9022248305455647909654
2010-06-09,59.0022252613406303034174
2010-06-10,53.3022256922191108826214
2010-06-11,-1293.3477738768189773197213
2010-06-14,289.1022265542263818512188
2010-06-15,648.6022269853552045533985
2010-06-16,549.6522274165675069479038
2010-06-17,416.5522278478633051989498
2010-06-18,-747.4977717207573845261185
2010-06-21,1860.1522287107054539431744
2010-06-22,-1411.2477708577481632195650
2010-06-23,1407.4522295738817801624016
2010-06-24,-161.6477699944046997310550
2010-06-25,1603.3522304373924132830684
2010-06-28,530.6522308692731353909091
2010-06-29,361.4022313012374827817381
2010-06-30,587.7022317332854716479614
2010-07-01,100.8022321654171181851202
2010-07-02,-1892.3977674023675614081083
2010-07-05,-464.0977669700685509299103
2010-07-06,905.3522334623141658246652
2010-07-07,-1702.2477661052193949362934
2010-07-08,1590.0522343273307829984413
2010-07-09,-266.2477652400352841567649
2010-07-12,72.2522351926824198155940
2010-07-13,1242.0022356254839111361635
2010-07-14,-325.2477639416307939712695
2010-07-15,477.4022364913383207202231
2010-07-16,-393.6977630756087285592888
2010-07-19,-401.2977626424719255765922
2010-07-20,-348.0477622092512540953312
2010-07-21,1546.3022382240533021239941
2010-07-22,-346.1477613425582406759720
2010-07-23,540.1522390909141337505599
2010-07-26,-2114.9977604755295583474752
2010-07-27,441.3022399581106992820043
2010-07-28,-1342.7477596081650771057736
2010-07-29,106.5022408256431287475670
2010-07-30,388.0022412595353331035500
2010-08-02,471.7022416935115522268478
2010-08-03,979.8174921275718023852828
2010-08-04,-221.0903384370180370937714
2010-08-05,-557.5403365662447028887630
2010-08-06,415.5096653048908701045766
2010-08-09,537.3096671763887520267276
2010-08-10,-459.1403309517509869682486
2010-08-11,-631.4903290795282767127067
2010-08-12,-15.4403272069430470254147
2010-08-13,918.0096746660047722884486
2010-08-16,-91.1903234606847485627036
2010-08-17,171.7596784129884606431359
2010-08-18,2802.7596802870244701415721
2010-08-19,1929.0096821614233501818094
2010-08-20,-2043.7403159638148289733456
2010-08-23,2688.9096859113100029525193
2010-08-24,-1452.2903122132020837505768
2010-08-25,-2166.1403103373510187790039
2010-08-26,490.0596915388632681844808
2010-08-27,-2355.1403065845591525292646
2010-08-30,-998.8403047076182105757635
2010-08-31,-917.6903028303138355969186
2010-09-01,2783.1096990473540427789908
2010-09-02,1480.0650009253854949373117
2010-09-03,1042.3535173353381926086605
2010-09-06,1439.0035180164016158282877
2010-09-07,227.7535186975969137035418
2010-09-08,-1108.6464806210758882306212
2010-09-09,1585.4035200603832355656995
2010-09-13,1026.0535207419743106373500
2010-09-14,692.0035214236973625341226
2010-09-15,1635.5035221055524168107567
2010-09-16,-1893.2464772124605009730600
2010-09-17,902.2035234696586347473094
2010-09-20,2151.0035241519098495414518
2010-09-21,-1665.4964751657068310160951
2010-09-22,379.1535255168086186541591
2010-09-23,-387.8964738005437758633431
2010-09-24,809.6035268822360110207956
2010-09-27,1051.1035275651480049009265
2010-09-28,-1841.9464717518077686236424
2010-09-29,117.6535289313687160513532
2010-09-30,-1092.3964703853225154648648
2010-10-01,2815.4535302981185624418849
2010-10-04,2257.0864309816919753907427
2010-10-05,492.1715407846768811272408
2010-10-06,889.4915430193248640278887
2010-10-07,-578.3984547455944570505868
2010-10-08,-849.7284525100809983250357
2010-10-11,2259.0715497258653240039145
2010-10-12,-2642.3984480377554062481373
2010-10-13,3371.2915541990568947506367
2010-10-14,-1335.9884435636976891517027
2010-10-15,-4465.1784413260190740908598
2010-10-18,1244.1215609120928238137002
2010-10-19,-798.7084368493619115412461
2010-10-20,-424.7284346103831962426775
2010-10-21,3611.9915676290290536386759
2010-10-22,-432.7984301311250779516652
2010-10-25,930.3615721091544929480745
2010-10-26,-542.3884256501321496840720
2010-10-27,-1302.4084234089849218538115
2010-10-28,-710.5484211674037395505862
2010-10-29,-383.0784189253885187475718
2010-11-01,3022.0415833170608245983260
2010-11-02,1616.4515855599443745464755
2010-11-03,763.2415878032622151725208
2010-11-04,1881.3615900470144305683859
2010-11-05,698.5115922912011048422774
2010-11-08,-27.9284054641776778813118
2010-11-09,393.8615967808781665383997
2010-11-10,305.4415990263687222584859
2010-11-11,-2664.6983987277059265476837
2010-11-12,-4160.0083964813456956904416
2010-11-15,-552.0183942345505009638181
2010-11-16,-3438.4283919873202581455389
2010-11-18,528.7016102603451170029784
2010-11-19,-4062.4783874915542912633726
2010-11-22,3206.3416147569816013266156
2010-11-23,-639.3983829940471209395312
2010-11-24,-3442.1583807446403737579675
2010-11-25,-5304.9383784947980728085233
2010-11-26,-1985.0283762445201337547019
2010-11-29,3341.1816260061935277563234
2010-11-30,726.7116282573429960937128
2010-12-01,5243.9616305089283556429627
2010-12-02,1363.6916327609496908059095
2010-12-03,-1946.5883649865929139992681
2010-12-06,-1028.9083627336993743380452
2010-12-07,-1513.5183604803696057595478
2010-12-08,-3251.4383582266035237965496
2010-12-09,-5164.4583559724010439654691
2010-12-10,572.0016462822379182336340
2010-12-13,2969.6316485373134473170617
2010-12-14,2332.1316507928256278174811
2010-12-15,-1819.8183469512254557160730
2010-12-16,1652.2016553051602812818059
2010-12-20,-1160.7983424380170766071014
2010-12-21,1322.5616598192425552153634
2010-12-22,-209.5383379230607386362605
2010-12-23,33.3316643350731264689499
2010-12-24,-685.5583334063557648216949
2010-12-27,838.9916688526526721555054
2010-12-28,-95.0883288879014779193549
2010-12-29,1370.1116733719818696502146
2010-12-30,167.9116756323027995771045
2010-12-31,1990.4316778930613965906085
2011-01-03,167.3916801542577454364259
2011-01-04,612.0174824158919308766660
2011-01-05,-1490.7942367521899023218096
2011-01-06,-1558.4636586173398081555118
2011-01-07,-1891.6030803705451701146950
2011-01-10,-1599.2425020117843123206237
2011-01-11,-725.5919235410355546974514
2011-01-12,2569.1886550417227870285925
2011-01-13,-1376.8107662634875986699840
2011-01-14,-1680.9601874566450191211237
2011-01-17,-680.4896085377277774524059
2011-01-18,1611.7209704932858274097665
2011-01-19,-598.8084503635824992590196
2011-01-20,613.3921288916889520196261
2011-01-21,-1359.6872917408781050722885
2011-01-24,805.7432877387380473516753
2011-01-25,-2308.5961326694408686167980
2011-01-27,-348.3555529653931266799646
2011-01-28,-2911.4449731490969963332064
2011-01-31,1290.4956067794692571357828
2011-02-01,-1666.9838131796726273521866
2011-02-02,649.3069369734990933330134
2011-02-03,-588.1792067677068904151220
2011-02-04,1432.2242671171744810997531
2011-02-07,-234.6022583252940581295844
2011-02-08,270.5012169050177374743748
2011-02-09,371.5246928082401387086574
2011-02-10,321.0181693845034415946905
2011-02-11,-234.5883533660620326168141
2011-02-14,17.9651245566740625590250
2011-02-15,624.0886031528420988461452
2011-02-16,371.5420824225724732124269
2011-02-17,220.0155623659956078745813
2011-02-18,371.5490429832419503030397
2011-02-21,169.5125242744419732268429
2011-02-22,270.5360062397261746385326
2011-02-23,119.0094888792250777990426
2011-02-24,1331.2529721930692312425922
2011-02-25,-638.6335438186107912184210
2011-02-28,68.5099408443156095114746
2011-03-01,270.5534261819790578157193
2011-03-03,876.6769121945102033706188
2011-03-04,-689.1296011179602788497577
2011-03-07,1331.2738862446983114313197
2011-03-08,-537.5926257173833002018575
2011-03-09,-32.4891370040743628525373
2011-03-10,119.0443523847558996933947
2011-03-11,-689.1121575507617110276821
2011-03-14,220.0713331895036318477792
2011-03-15,-487.0651753943172194846029
2011-03-16,-840.6316833020933874922324
2011-03-17,-386.0381905336939693006309
2011-03-18,1280.7953029110119633114701
2011-03-21,725.1887970321553639170369
2011-03-22,220.0922918298672114456425
2011-03-23,-133.4742126957214898116235
2011-03-24,422.1392834555202898027554
2011-03-25,-689.0772197162763946823652
2011-03-28,-436.5237222109804628618779
2011-03-29,-739.5802240284608089495101
2011-03-30,371.6432748314136982270902
2011-03-31,422.1567743687742152312711
2011-04-01,270.6302745837519240222916
2011-04-04,120.3929754764780319602406
2011-04-05,-318.0894234248521404246656
2011-04-06,843.6405766867903975161118
2011-04-07,-289.8994232015454471419376
2011-04-08,427.1105769101403297869747
2011-04-11,-237.9694229781522675105524
2011-04-13,981.0405771335767651528905
2011-04-15,-126.3694227546725680344764
2011-04-18,-895.7594226429002628836217
2011-04-19,1205.6605774688936847952971
2011-04-20,2326.9405775807092791929333
2011-04-21,487.9405776925465245007524
2011-04-25,1477.2405778044054249110310
2011-04-26,-1435.1794220837140153831427
2011-04-27,226.9405780281882078121321
2011-04-28,426.6605781401120986915674
2011-04-29,-931.9494217479423385493118
2011-05-02,1361.9005783640249002858314
2011-05-03,-876.3292215239861806058534
2011-05-04,-740.1088888171116584961585
2011-05-05,-1144.1854923228679698024849
2011-05-06,775.1979048290406197706820
2011-05-09,-942.1386973612585457887643
2011-05-10,573.1647011063619021647505
2011-05-11,472.1481002320293569392564
2011-05-12,-1750.2884999841287634899861
2011-05-13,1532.8649004580149835242906
2011-05-16,-891.6116984414119346938614
2011-05-17,68.0817033177179738611723
2011-05-18,-234.9748942644677741186520
2011-05-19,-234.9714911878416372502567
2011-05-20,573.1919125477239505453389
2011-05-23,1229.8253169423565800477995
2011-05-24,573.1987219961838667422574
2011-05-25,623.7121277093334508240958
2011-05-26,-436.9944659180670027962664
2011-05-27,219.6389411141101955114111
2011-05-30,169.1323488059927601019762
2011-05-31,472.1957571577084300596722
2011-06-01,-841.0608338306150307970744
2011-06-02,977.3025758411501660891364
2011-06-03,-841.0540138268681659805327
2011-06-06,573.2293971654578110436353
2011-06-07,169.1528088182559599647035
2011-06-08,-841.0437788683458316561250
2011-06-09,118.6496341057803485052854
2011-06-10,472.2230477407624375407988
2011-06-13,-992.5635379632716026851968
2011-06-14,-588.4801230061937855309928
2011-06-15,-386.4367073878760995727625
2011-06-16,876.3167088918094914002379
2011-06-17,68.1601258329910483904682
2011-06-20,1229.8935434357966571969054
2011-06-21,219.6969617003544284198443
2011-06-22,68.1703806267924974657004
2011-06-23,-234.8861997847609754481876
2011-06-24,-1093.5527795341778052887527
2011-06-27,-1093.5493586213297822023951
2011-06-28,-83.3459370460886715101764
2011-06-29,169.2074851916737862969878
2011-06-30,-386.3990919079141244368643
2011-07-01,-1447.1056683447240945279320
2011-07-04,-184.3522441186277899478425
2011-07-05,219.7311807705031481811601
2011-07-06,1330.9546063227971035910261
2011-07-07,825.8580325383824848727130
2011-07-08,-285.3585405826122745190015
2011-07-11,1381.4748869599412837392957
2011-07-12,573.3183151661716428444672
2011-07-13,1179.4417440362073108716431
2011-07-14,1330.9751735701768207790362
2011-07-15,-840.9513962317912695872384
2011-07-18,1785.5720346304316225116553
2011-07-19,17.7254661569741047120940
2011-07-20,-1396.5511016520351904471838
2011-07-21,522.8323312035323944797439
2011-07-22,-941.9542352761944581491939
2011-07-25,2038.1391989089129589407610
2011-07-26,-941.9473662410166220539775
2011-07-27,270.2960692741455559894843
2011-07-28,-184.2904945454717248746524
2011-07-29,17.7529423002603423439472
2011-08-01,219.7963798114705895765815
2011-08-02,825.9198179882878737003405
2011-08-03,2846.3232568308410765429366
2011-08-04,421.8466963392591048875362
2011-08-05,522.8701365136708904775909
2011-08-08,4715.2035773542053900216715
2011-08-09,5068.7770188609915851983014
2011-08-10,-1244.9695389658415173392084
2011-08-11,3048.3839038738351140420771
2011-08-12,-2053.1226526198494640404468
2011-08-16,1129.0107915532338300199132
2011-08-17,1735.1342363932141028239876
2011-08-18,926.9776819002204859715830
2011-08-19,5624.4111280743821360663237
2011-08-22,270.3545749158282347204919
2011-08-23,-184.2319775753120114401286
2011-08-24,-1851.0585293989093707714100
2011-08-25,-7457.6650805548345866060357
2011-08-26,3755.5583689570416227513453
2011-08-29,1735.1618191368485640289632
2011-08-30,-1446.9647300152844310072233
2011-09-02,3856.5887215007719944513186
2011-09-05,2997.9221736851472222605473
2011-09-06,-992.3643734620293406713055
2011-09-07,-3214.8009199406282623788825
2011-09-08,-386.2374657505200858348492
2011-09-09,3957.6259891084246710549583
2011-09-12,-335.7205553636644845436122
2011-09-13,-790.3070991666580203881753
2011-09-14,1785.7063576995736208450485
2011-09-15,-1497.4401847648399784339111
2011-09-16,-2760.1867265597692107239168
2011-09-19,3654.5867323149155565721347
2011-09-20,-840.7998081406560188478276
2011-09-21,1129.0936520736457458198107
2011-09-22,-638.7528870420494415107887
2011-09-23,-1749.9694254876118478100551
2011-09-26,-8316.2659632629117149281459
2011-09-27,3351.5474996321807404099185
2011-09-28,-1800.4690368022046733908818
2011-09-29,-2204.5455725659381227906990
2011-09-30,1583.7078923411102508900486
2011-10-03,2139.3213579190703314755447
2011-10-04,624.0248241680720279394435
2011-10-05,-4426.9717089117547255902601
2011-10-07,2442.3917586797200301736395
2011-10-10,421.9952269426262796824305
2011-10-11,624.0386958770940325563566
2011-10-12,1078.6321654832533235894898
2011-10-13,-588.1943642387657872453948
2011-10-14,118.9491067111667852080563
2011-10-17,169.4625783331811512946516
2011-10-18,-638.6939493725925534474689
2011-10-19,-487.1604764060241682819548
2011-10-20,-840.7270027669835072693661
2011-10-21,472.5364715446596407377061
2011-10-24,2391.9199465290355120995212
2011-10-25,-386.1265778137256316059284
2011-10-26,2139.3768985165064964219641
2011-10-28,472.5503755198622082113056
2011-10-31,-1446.8261468035281589774137
2011-11-01,876.6373315464657573535666
2011-11-02,1937.3508105699743449441632
2011-11-03,573.5842902671280167813370
2011-11-04,1028.1777706380572111039816
2011-11-08,3149.6012516828923914078128
2011-11-09,573.5947334017640464502593
2011-11-11,-790.1717842051973097446461
2011-11-14,1634.3116988621388621186260
2011-11-15,-335.5748173960968733880051
2011-11-16,1432.2786670202260735886642
2011-11-17,-537.6078478887616818119833
2011-11-18,-1951.8843621229294991594889
2011-11-21,220.0491243178532872725787
2011-11-22,119.0326114337173685115214
2011-11-23,-588.1039007752065391095888
2011-11-24,523.1195876912123060529898
2011-11-25,-1093.1969231668953290414305
2011-11-28,1836.3865666506013478869352
2011-11-29,-32.4799428561668455567525
2011-11-30,270.5835483129309335629456
2011-12-01,1533.3370401580255535166530
2011-12-02,-32.4694673207520920849174
2011-12-05,-234.5059741232710842860568
2011-12-07,-790.1124802494004787811520
2011-12-08,1230.2910143009906940902215
2011-12-09,-891.1254904719665706517894
2011-12-12,-1446.7319945681412526224060
2011-12-13,169.5915020125976939326941
2011-12-14,-1042.6450007296186598577115
2011-12-15,-4830.8915027946592174854751
2011-12-16,-941.6180041823928570581670
2011-12-19,725.2154951073115687058422
2011-12-20,775.7289950745852324822955
2011-12-21,1684.9124957195593323459681
2011-12-22,-1345.6840029576349082244154
2011-12-23,-133.4405009568662403412614
2011-12-26,-133.4369982780033897031883
2011-12-27,-537.5134949209150565901043
2011-12-28,-183.9399908854699158582869
2011-12-29,-2456.8864861715366169354592
2011-12-30,1331.3670192210162161841335
2012-01-02,472.7005252923199849446484
2012-01-03,1331.3740320425061162335709
2012-01-04,1078.8275394717060623866414
2012-01-05,-82.8989524199486988072178
2012-01-06,523.2245563676733358990269
2012-01-07,-234.4219341652963047845507
2012-01-09,-739.5184240187260666799061
2012-01-10,-941.5549131924843701360928
2012-01-11,573.7485983135603899756706
2012-01-12,371.7121104995398442669328
2012-01-13,-1244.6043766344143511630552
2012-01-16,523.2491369118294852775945
2012-01-17,725.2926511384030606783434
2012-01-18,-840.5138339545618923688366
2012-01-19,68.6696816330663842354747
2012-01-20,-1093.0568020985803258969147
2012-01-23,1028.3667148506297863631306
2012-01-24,-688.9697675191714443329856
2012-01-25,-335.3962492078521578066491
2012-01-27,2947.7572697847195316529074
2012-01-30,977.8707894586755352935483
2012-01-31,876.8543098141477899051796
2012-02-01,270.7378308512682578246949
2012-02-02,-537.4186474298310730590782
2012-02-03,321.2548749709818106995699
2012-02-06,-2507.3016019461610518918213
2012-02-07,371.7719218188724037410684
2012-02-08,1836.5654462662142677442886
2012-02-09,-385.8710286040033441594283
2012-02-10,-385.8675027916482906657160
2012-02-13,-537.3939762965884048836206
2012-02-14,-385.8604491186914943306459
2012-02-15,927.4030787421746590722015
2012-02-16,-82.7933927138577009946313
2012-02-17,18.2301365133436947557136
2012-02-21,472.8236664239111412214629
2012-02-22,927.4171970179769589171718
2012-02-23,1685.0707282956734939786837
2012-02-24,68.7542602571331181680911
2012-02-27,-537.3622070975117711213020
2012-02-28,270.8013262318712491399827
2012-02-29,725.3948602454146276225619
2012-03-01,-4376.1116050567491613568449
2012-03-02,88.5379303255123821695514
2012-03-03,270.8434929025596149875193
2012-03-05,-1843.4265064211078930851175
2012-03-06,-848.2465057446444425547502
2012-03-07,-351.3865050680500080637982
2012-03-09,377.3134956086754357502293
2012-03-12,1033.9434962855319142547336
2012-03-13,735.4834969625194528220286
2012-03-14,-1404.4665023603619231706597
2012-03-15,-1459.8165016831121883411911
2012-03-16,-145.4665010057313173025105
2012-03-19,-676.2465003282192846626475
2012-03-20,57.0535003494239349752853
2012-03-21,2713.0035010271983670130927
2012-03-22,-2512.2864982948959631425017
2012-03-23,1579.9835023831409699201449
2012-03-26,-274.3464969386908083824039
2012-03-27,1139.3235037396087273713366
2012-03-28,-834.0764955819603973922262
2012-03-29,101.0235050966018427582380
2012-03-30,1622.2535057752954732589844
2012-04-02,-336.3664935458794804488072
2012-04-03,1746.7765071330770070809696
2012-04-04,-2377.0533557133795686897425
2012-04-09,-356.6533524905379193107765
2012-04-10,1010.8266507329277705292700
2012-04-11,-423.3733460429823783363323
2012-04-12,445.8666571817317549490841
2012-04-13,316.1866604070702912655886
2012-04-16,216.3866636330333515166561
2012-04-17,1033.8966668596210566291725
2012-04-18,-1148.6033299131664724465612
2012-04-19,397.2366733146708852631754
2012-04-20,174.0066765431332507555274
2012-04-23,-209.4933202277792549489319
2012-04-24,810.6666830019334891938043
2012-04-25,-2140.7133137677283957488191
2012-04-26,1442.3466894632352113140847
2012-04-27,410.9566926948244314968495
2012-04-28,-572.4133040729606140627393
2012-04-30,1621.9266991598801957965595
2012-05-02,-627.2932976066530177405522
2012-05-03,314.1735556274398665340923
2012-05-04,-33.3714328818041143668118
2012-05-07,-942.5481143323715783862268
2012-05-08,-639.4847951403666347921312
2012-05-09,-1851.7214753056648619637474
2012-05-10,-336.4181548281418141884763
2012-05-11,-538.4548337076730216572331
2012-05-14,-740.4915119441339904597798
2012-05-15,-336.4081895374002025800605
2012-05-16,-689.9748664873471158915320
2012-05-17,1330.4284572061498358475035
2012-05-18,2997.2617815432152429985684
2012-05-21,673.8051065239737200476800
2012-05-22,-83.8415678514500943899786
2012-05-23,17.1817584170684624346144
2012-05-24,421.2650853296540774089912
2012-05-25,-942.5015871135685384361297
2012-05-28,976.8817410875253500778291
2012-05-29,370.7650699330605022819818
2012-05-30,-841.4716005768382983353458
2012-05-31,926.3817295579537558760631
2012-06-01,-992.9949396624385032670072
2012-06-04,3653.9283917621097802234765
2012-06-05,522.3117238317234865114748
2012-06-06,926.3950565465275199415582
2012-06-07,-1851.6516100933531909564113
2012-06-08,-2104.1982760877936934625976
2012-06-11,1734.5650585633309893374943
2012-06-12,269.7783938601458585577024
2012-06-13,1128.4517298027759395158939
2012-06-14,875.9050663913462817386514
2012-06-15,-33.2715963740180410340393
2012-06-18,67.7517415068080691558994
2012-06-19,1279.9950800339497344893259
2012-06-20,-740.4015807924678986254299
2012-06-21,-588.8682409723196595478758
2012-06-22,-437.3349005054803534006653
2012-06-25,-538.3515593918247610649041
2012-06-26,1381.0317823687723608245436
2012-06-27,-942.4248752235637201162504
2012-06-28,-235.2815321687077120155823
2012-06-29,-1952.6181884665342987414197
2012-07-02,1431.5551558830818601032960
2012-07-03,-1609.8124991197338708146521
2012-07-04,443.4562525885646418499861
2012-07-05,2118.7362537992565328333089
2012-07-06,-1758.1437449898171492992485
2012-07-09,-674.9637437786563591554897
2012-07-10,719.9162574327389486655711
2012-07-11,-2284.2737413556311804262896
2012-07-12,-239.9637401437667010125026
2012-07-13,-224.5037389316675676657037
2012-07-16,383.0562622806662650502666
2012-07-17,-965.4437365067651574196337
2012-07-18,-223.0637352939617896216474
2012-07-19,1296.5562659190764139067839
2012-07-20,72.9862671323494986370219
2012-07-23,-1034.7937316541424899507676
2012-07-24,640.4262695596004936323879
2012-07-25,949.8062707735784948842690
2012-07-26,-928.4537280122084406885341
2012-07-27,-125.1737267977602675706198
2012-07-30,2034.6162744169230597622269
2012-07-31,824.8162756318415868430357
2012-08-01,-663.6337231530046407863471
2012-08-02,-832.0172219376155775752567
2012-08-03,-134.7129067068272185019904
2012-08-06,-134.7096504045342624079592
2012-08-07,168.3536065282781561318093
2012-08-08,-841.8431359082678750797857
2012-08-09,673.4601222859497554000784
2012-08-10,319.8933811110531826587241
2012-08-13,1330.0966405671645654325535
2012-08-14,-84.1800993455939138883738
2012-08-16,-336.7268386271000492557600
2012-08-17,370.4164227227683890415120
2012-08-21,521.9496847041336543819595
2012-08-22,673.4829473171180238160843
2012-08-23,1229.0962105618437980709547
2012-08-24,926.0394744384333015547912
2012-08-27,319.9227389470088823615510
2012-08-28,-134.6639959123070877244849
2012-08-29,218.9092698606077867758749
2012-08-30,-437.7174637341240749586796
2012-08-31,16.8758033036197699546294
2012-09-03,2087.7890709739617881072568
2012-09-04,-510.4848607229755301960742
2012-09-05,1724.1405029251371841834948
2012-09-06,816.4905049588238986910179
2012-09-07,-1965.7194930070956030127769
2012-09-08,3538.8505090273787553206646
2012-09-10,214.0205110622470499546614
2012-09-11,682.7005130975093571672985
2012-09-12,1013.8605151331657532514313
2012-09-13,108.3305171692163145146876
2012-09-14,265.0405192056611172794706
2012-09-17,-812.8194787574997621170379
2012-09-18,864.9605232797337526771248
2012-09-20,186.9405253173617380287056
2012-09-21,534.8205273553842703192385
2012-09-24,-230.6394706061985740549529
2012-09-25,322.8505314326132813172475
2012-09-26,349.4205334718199128617519
2012-09-27,-1153.9094644885786029807297
2012-09-28,1599.6905375514178102453140
2012-10-01,356.2105395918092290101988
2012-10-03,262.5769416325957297990474
2012-10-04,390.3263741119016715134116
2012-10-05,-440.8236246538758121972850
2012-10-08,-1513.7836234194143127769644
2012-10-09,937.9863778152862160487981
2012-10-10,-121.2136209497741794366126
2012-10-11,1735.1763802854045470591501
2012-10-12,-943.3436184791775581626031
2012-10-15,-1161.7236172435204487915970
2012-10-16,-1667.0336160076240785085885
2012-10-17,856.9563852285115990146338
2012-10-18,1110.5763864648866301152523
2012-10-19,415.2663877015010611394211
2012-10-22,-903.8036110616450615577311
2012-10-23,-581.8236098245516916121001
2012-10-25,-90.4836085872187826506043
2012-10-26,-1065.2136073496462882911826
2012-10-29,1243.6263938881658378572070
2012-10-30,-907.6636048737823578054109
2012-10-31,-136.6936036354908288700272
2012-11-01,1012.9963976030404710813535
2012-11-02,477.8980188418115884757146
2012-11-05,-699.1119388172927675296580
2012-11-06,1029.2890657496220217498909
2012-11-07,1761.3400705110516115975118
2012-11-08,-342.8589245329663339874315
2012-11-09,-1311.4579193823941437126750
2012-11-11,5.1930859628058610083560
2012-11-12,1238.0940915026713660579604
2012-11-13,305.9450972372400646155737
2012-11-15,-1074.9038968334503428408198
2012-11-16,-426.1028907093621485332724
2012-11-19,-2590.5018843904576373824608
2012-11-20,-243.0508778766990870062715
2012-11-21,711.0001288319512322816128
2012-11-22,595.1511357355310574731279
2012-11-23,636.9521428340781328672421
2012-11-26,3195.7031501276302100713718
2012-11-27,2886.2541576162250480027959
2012-11-29,2138.6551652999004128900721
2012-11-30,1118.4061731786940782744515
2012-12-03,2639.8571812526438250112953
2012-12-04,-422.5918104782125587285087
2012-12-05,786.4091979861627225428693
2012-12-06,1194.8102066458074716316188
2012-12-07,1161.2112155007594986637062
2012-12-10,-1569.8877754489433789137088
2012-12-11,-963.3867662032633363308550
2012-12-12,1038.5142432378374585060688
2012-12-13,-2422.1347471256031549836899
2012-12-14,1294.1162627064526699459837
2012-12-17,136.1172727340427873694877
2012-12-18,2581.0182829572050586909249
2012-12-19,1689.8192933759773526455201
2012-12-20,-11.8296960096024546989588
2012-12-21,-3045.1786851994964799407823
2012-12-24,-38.5776741936668323428384
2012-12-26,2372.7233370079243861687877
2012-12-27,-424.5756515946849189937662
2012-12-28,847.7753599985431649212819
2012-12-31,687.1263717876465580067795
2013-01-01,2693.0273837726631876980605
2013-01-02,1501.9283959536309887743678
2013-01-03,753.8294083305879033602744
2013-01-04,429.1804209035718809271066
2013-01-07,-133.5185663273791217056346
2013-01-08,-362.7175533622271403688495
2013-01-09,58.7334597990657964575827
2013-01-10,-495.6155268434623323537726
2013-01-11,-2354.9145132897735405764813
2013-01-14,2742.6865004601701653711825
2013-01-15,1458.6375144064067864276612
2013-01-16,-1839.0114714510256691104612
2013-01-17,-846.5104571120891855870358
2013-01-18,-351.0094425767457399849226
2013-01-21,1035.6915721550426980754348
2013-01-22,-1713.4574129166858336625664
2013-01-23,-961.8563977918932900902603
2013-01-24,-2697.6053824705416187322884
2013-01-25,2768.9456330474072402548283
2013-01-28,643.8466487619913540841157
2013-01-29,-1739.7023353267512026604266
2013-01-30,-252.7013192187823480223982
2013-01-31,9.5996970859360073284297
2013-02-01,2286.5007135874419600975428
2013-02-04,-2031.7482697142263856328895
2013-02-05,-1106.4472528190309184025845
2013-02-06,-55.5962357269335193717188
2013-02-07,-820.7452184378960623194980
2013-02-08,-1625.3442009518804136427288
2013-02-11,-560.2931832688484323543887
2013-02-12,924.7078346112380299178033
2013-02-13,2503.1588526884171289328169
2013-02-14,-4122.2401290372729721622593
2013-02-15,-715.5891105657941028307872
2013-02-18,1287.3119081028919148548518
2013-02-19,606.9129269688232662146874
2013-02-20,1431.9139460320381439625925
2013-02-21,-3623.8850347074252517922855
2013-02-22,461.8159847504712864559072
2013-02-25,-550.0829955942340263888371
2013-02-26,-3662.8319757415029680229543
2013-02-27,3121.3690443087026912581231
2013-02-28,-4261.4799354435788114386001
2013-03-01,1471.2210850016907683977513
2013-03-04,-2545.6278943554503173166433
2013-03-05,2407.3731264850361907411330
2013-03-06,1871.4241475231885593021694
2013-03-07,469.6751687590450625071617
2013-03-08,1778.9761901926439819078469
2013-03-11,813.2272118240236064684382
2013-03-12,-2156.7717663467777674329398
2013-03-13,-2965.3707443197218360028150
2013-03-14,1266.9302779052297119690672
2013-03-15,377.0813003281151951111808
2013-03-18,-2284.8176770510270605283451
2013-03-19,-4558.3666542321587214802890
2013-03-20,-2701.9156312152414468529006
2013-03-21,-832.9146080002368883304629
2013-03-22,-71.6135845871066901718555
2013-03-25,-974.5125609758124892091164
2013-03-26,917.8884628336840851539964
2013-03-28,2059.3394868414214109434425
2013-04-01,2080.2405110474378736163382
2013-04-02,743.6915354517718660623957
2013-04-03,-1141.5074399455382113946390
2013-04-04,-3731.8564151444539509955446
2013-04-05,-884.0553901449369375441871
2013-04-08,457.4956350530512515939224
2013-04-09,-420.1533395504509535069338
2013-04-10,1515.6976860445948846687619
2013-04-11,752.3987118382272110792023
2013-04-12,-722.4002621695155218733028
2013-04-15,891.6507640214051456591145
2013-04-16,4355.8017904110276809713217
2013-04-17,43.2528169993905588066283
2013-04-18,938.9538437865322613582279
2013-04-22,3429.5048707724912782706406
2013-04-23,-187.4441020426938933588445
2013-04-25,1531.7569253410152510212748
2013-04-26,-1310.3420470763427765818440
2013-04-29,1739.0589807052705432960562
2013-04-30,1386.6600086858937375777762
2013-05-02,2907.7610368655653406461037
2013-05-03,365.4120652443238943452590
2013-05-06,105.6130938222079479823393
2013-05-07,2808.4641225992560583287629
2013-05-08,232.1651515755067896217164
2013-05-09,-788.0838192490012864344019
2013-05-10,1289.3672101257704093334657
2013-05-11,258.9182396998604635684814
2013-05-13,-2997.9307305266925296146412
2013-05-14,308.5702994461500313718092
2013-05-15,6129.0213296184267555899893
2013-05-16,1215.8223599901762595779479
2013-05-17,1276.6733905614371673510733
2013-05-20,-2916.5255786677518895964579
2013-05-21,-1344.4245476973522722902340
2013-05-22,-765.1735165273253342741587
2013-05-23,-7183.7724851576324216090027
2013-05-24,3609.0785464117651271290447
2013-05-27,3452.4295781809059808498255
2013-05-28,403.0306101498288159506625
2013-05-29,-1266.0183576814276836821916
2013-05-30,1970.2826746871751733278969
2013-05-31,-3134.1662927443239141506078
2013-06-03,-162.1652599758862397559596
2013-06-04,796.2357729925269103683195
2013-06-05,170.3368061609542575748916
2013-06-06,-890.7121604705654692859463
2013-06-07,-1828.2111269019935338648103
2013-06-10,-1612.0600931332911923117774
2013-06-11,-3265.5590591644196932749335
2013-06-12,-2558.7580249953402778989204
2013-06-13,-2923.3569906260141798234834
2013-06-14,3216.3940439435973748179826
2013-06-17,2136.2950787135331673998858
2013-06-18,559.6961136838319868058916
2013-06-19,-28.2528511454673705696234
2013-06-20,-3708.5518157743261008201168
2013-06-21,-1447.0507802027053925254267
2013-06-24,-3446.0997444305664267503155
2013-06-25,1613.0512915421296229569836
2013-06-26,-1196.4476722845784094337762
2013-06-27,1857.4533640893483175665988
2013-06-28,3397.1044006639486529682001
2013-07-01,4021.8554374392614533034723
2013-07-02,-991.4935255846744173713297
2013-07-03,-3318.0424884078200874746842
2013-07-04,2414.6585489698633221016546
2013-07-05,1255.3095865484146979941136
2013-07-08,-249.2393756721270656312405
2013-07-09,518.4116623082769329227552
2013-07-10,228.7127004896656028858197
2013-07-11,2810.0137388720778610216854
2013-07-12,1186.2647774555526316295575
2013-07-15,925.3158162401288465455730
2013-07-16,-2588.9831447741545548557400
2013-07-17,-758.2821055872586256600025
2013-07-18,4111.4689338008555885884753
2013-07-19,-874.6300266097729501118461
2013-07-22,808.4710131808947277817255
2013-07-23,-1191.4279468271024006424253
2013-07-24,-4575.3269066337253507487606
2013-07-25,-1505.0258662389351303531281
2013-07-26,-353.8748256426927397212985
2013-07-29,-2312.4737848449591715675049
2013-07-30,-3467.9727438456954110529793
2013-07-31,384.5282973551375642155090
2013-08-01,-2910.6206612424212158128837
2013-08-02,3104.9098803616672863683882
2013-08-05,48.2945274911899264999264
2013-08-06,48.3038787850113525963815
2013-08-07,48.3132318895285381780960
2013-08-08,48.3225868050920891821764
2013-08-12,48.3319435320526794337341
2013-08-13,48.3413020707610506590311
2013-08-14,48.3506624215680124986275
2013-08-16,48.3600245848244425205317
2013-08-19,48.3693885608812862333534
2013-08-20,48.3787543500895570994589
2013-08-21,48.3881219528003365481290
2013-08-22,48.3974913693647739887195
2013-08-23,48.4068626001340868238242
2013-08-26,48.4162356454595604624405
2013-08-27,48.4256105056925483331375
2013-08-28,48.4349871811844718972265
2013-08-29,48.4443656722868206619346
2013-08-30,48.4537459793511521935800
2013-09-02,48.4631281027290921307508
2013-09-03,1741.0890120427723341974853
2013-09-04,-780.0249088978941627399890
2013-09-05,-2219.2402143086228546229366
2013-09-06,-2727.1955188103358478860906
2013-09-10,-1457.2908224028571293592708
2013-09-11,-441.3661250860106517907777
2013-09-12,24.2685731403796661592069
2013-09-13,-1838.2467277235100600747799
2013-09-16,-526.0120276775036809568802
2013-09-17,1167.1926732785749871566877
2013-09-18,-1287.9426248550978379757661
2013-09-19,3029.7220779216540955252021
2013-09-20,-399.0032183909929263332233
2013-09-23,-1033.9485137928625834095089
2013-09-24,-525.9838082837785214211631
2013-09-25,701.5908981364356480618749
2013-09-26,108.9756054679563476238468
2013-09-27,320.6303137109600340097886
2013-09-30,1759.8550228656231981321455
2013-10-01,-1414.8902670678776349226127
2013-10-03,-737.6055560893659058873744
2013-10-04,-17.9908441986650213077675
2013-10-07,362.9838686044016464644602
2013-10-08,3199.0985823200107592780616
2013-10-09,-1414.8667030516609868110869
2013-10-10,151.3480124895631384666378
2013-10-11,-1457.1872710561401003987694
2013-10-14,1124.9474463114060953096839
2013-10-15,-822.2278354076214414573847
2013-10-17,2394.8568837869541564908963
2013-10-18,828.6516038953097905922821
2013-10-21,913.3163249176223965380428
2013-10-22,1040.3110468540689442795962
2013-10-23,1802.2557697048264380351414
2013-10-24,-356.5695065299280837037062
2013-10-25,447.7052181499824518347217
2013-10-28,532.3699437447351517087838
2013-10-29,-2981.0153297454928427298315
2013-10-30,-314.2206023205243558294665
2013-10-31,-1753.4358739801821776318521
2013-11-01,659.3788552757109361345346
2013-11-03,-496.6924445526677359388853
2013-11-05,-371.4360284328771288328115
2013-11-06,-2685.8360199186403132942585
2013-11-07,-1489.7360114027548817682765
2013-11-08,-1775.3560028852205150325168
2013-11-11,-618.4359943660368938028195
2013-11-12,-2080.2859858452036987332014
2013-11-13,-2010.8259773227206104158443
2013-11-14,4217.7940312014126906189169
2013-11-18,4554.9640397271965239026068
2013-11-19,-547.2959517453687909713793
2013-11-20,-2721.2659432162829343477628
2013-11-21,-4111.0259346855455865093704
2013-11-22,779.1040738468435723228784
2013-11-25,2807.2140823808848619899833
2013-11-26,-680.1159090834213976051256
2013-11-27,-1288.5759005460748864975748
2013-11-28,1775.1641079929247153394641
2013-11-29,3084.2141165335777279947864
2013-12-02,2030.2241250758844716191665
2013-12-03,134.6541336198452664253694
2013-12-04,-2107.0958578345395673118367
2013-12-05,3358.3041507127302907443316
2013-12-06,972.7641592616551609926841
2013-12-09,1945.7641678122353638940702
2013-12-10,-976.4258236355287800286101
2013-12-11,-1230.9258150816369501903939
2013-12-12,-2632.4958065260888259442427
2013-12-13,-2018.8857979688840865810314
2013-12-16,825.2242105899775886704640
2013-12-17,-795.1357808495034793564208
2013-12-18,3265.5042277126730302337724
2013-12-19,-1394.0257637234925616013624
2013-12-20,5094.8042448420000661579152
2013-12-23,-103.7257465908487654064946
2013-12-24,801.8842619779612648494797
2013-12-26,849.1242705484304781320922
2013-12-27,317.0642791205591957097932
2013-12-30,-729.7057123056522610867603
2013-12-31,1450.9242962697964291353087
2014-01-01,223.7043048469055878311080
2014-01-02,-808.0656865743244634820104
2014-01-03,-2993.6756779938934032244396
2014-01-06,1372.8443305881990902456955
2014-01-07,-1774.7956608280466613674507
2014-01-08,328.0343477573696637025683
2014-01-09,-3.9856436555516127154977
2014-01-10,-88.4456350668101687305826
2014-01-13,2721.6343735235943176107074
2014-01-14,-1624.6256178843378316758937
2014-01-15,1992.1643907093937054876998
2014-01-16,-1419.4356006952107487580618
2014-01-17,-4916.0555920981508722103523
2014-01-20,2709.5444165005736573960429
2014-01-21,-528.8255748990368376112612
2014-01-22,1976.3244337030179651577629
2014-01-23,648.2444423067383881555670
2014-01-24,-2435.9255490878752461029601
2014-01-27,-6406.6755404808226150404813
2014-01-28,-593.9755318721033960171982
2014-01-29,278.4444767382827336691601
2014-01-30,-2601.6555146496639032166502
2014-01-31,1149.7444939640570161526237
2014-02-03,-1351.0954974205541853332554
2014-02-04,-1246.7654888034971847220040
2014-02-05,910.8045198152283410011948
2014-02-06,891.2145284356227149137040
2014-02-07,1517.1945370576862601554434
2014-02-10,-1605.0354543185807000710967
2014-02-11,482.5145543068221574991554
2014-02-12,351.3745629338951561938657
2014-02-13,-3574.0954284373613805966941
2014-02-14,865.2445801930528705803663
2014-02-17,490.5745888251382332405674
2014-02-18,2539.2245974588950309620720
2014-02-19,1686.3946060943235873856980
2014-02-20,-1513.0753852685757737850706
2014-02-21,2419.8946233701972712159295
2014-02-24,-1503.8953679893569537824475
2014-02-25,1910.0546406527618751113557
2014-02-26,120.2146492965540818516118
2014-02-28,1266.1646579420199904553207
2014-03-03,-78.3153334108400749977778
2014-03-04,3111.0246752379742096348075
2014-03-05,2230.5446838884631685583319
2014-03-06,1625.5546925406271260408267
2014-03-07,2977.2547011944664064131111
2014-03-10,142.1547098499813340688052
2014-03-11,-2890.7452814928277665356590
2014-03-12,1913.8047271660394291189756
2014-03-13,-1659.4952641734167543851972
2014-03-14,-1172.4352555111959924032348
2014-03-18,1335.0647531527020397726668
2014-03-19,1925.3347618182776669131849
2014-03-20,-1501.5452295144687861481177
2014-03-21,-188.7452208455369945147806
2014-03-22,1099.5947878250733667725665
2014-03-24,2956.8247964973626227362160
2014-03-25,-802.0751948286689015386055
2014-03-26,1280.6048138469791190962752
2014-03-27,834.1248225243070098519894
2014-03-28,1544.5648312033150960026398
2014-03-31,2824.0048398840037028853117
2014-04-01,941.6448485663731559000857
2014-04-02,3314.8148572504237805100498
2014-04-03,-2207.1151340638440977586884
2014-04-04,601.2848746235698466830103
2014-04-07,-945.3051166873340605126705
2014-04-09,4569.6848920034445063695085
2014-04-10,3610.8449006959058731078553
2014-04-11,-1358.0350906099496344562414
2014-04-15,-2669.9950819141216904183005
2014-04-16,-1790.9150732166099688107352
2014-04-17,1128.0849354825858563971580
2014-04-21,2689.9549441834661112992124
2014-04-22,763.5449528860311220524027
2014-04-23,1594.1549615902812148768581
2014-04-25,-1424.5850297037832839441267
2014-04-28,-340.0350209961620480640779
2014-04-29,-2203.6450122868547510733319
2014-04-30,-2774.0450035758610664990214
2014-05-02,824.9450051368193321949355
2014-05-05,810.7850138511867716078482
2014-05-06,-551.3249774327584215977344
2014-05-07,-556.4749687150159206960114
2014-05-08,-1111.3149599955853988979180
2014-05-09,7871.1350487255334706488872
2014-05-12,2591.0550574483410148600338
2014-05-13,4711.7950661728375607144525
2014-05-14,2388.4950748990234352543871
2014-05-15,1705.4250836268989655854066
2014-05-16,3817.1550923564644788764179
2014-05-19,8418.8651010877203023596774
2014-05-20,1141.4051098206667633308039
2014-05-21,-581.8848814446958108512094
2014-05-22,3576.2551272916329072360172
2014-05-23,4369.0851360296532450782628
2014-05-26,-4293.8248552306344697752828
2014-05-27,-3303.7548464892299097120060
2014-05-28,648.5251622538672529441426
2014-05-29,-2029.8548290013426540673396
2014-05-30,-1239.5448202548593029434948
2014-06-02,7089.5551884933176341821075
2014-06-03,2100.2451972431884852393827
2014-06-04,1265.0452059947535782217434
2014-06-05,5170.9252147480132411861116
2014-06-06,1522.3452235029678022529317
2014-06-09,4508.0052322596175896061814
2014-06-10,11.5752410179629314933855
2014-06-11,-2712.6447502219958437743729
2014-06-12,-1920.9347414602584078224392
2014-06-13,-4275.3547326968244322125760
2014-06-16,-629.4047239316935884429500
2014-06-17,3199.7952848351344520518805
2014-06-18,-2721.2647063963399820990233
2014-06-19,-764.0146976261165622029669
2014-06-20,-999.7646888541949595036115
2014-06-23,-417.2746800805748451809602
2014-06-24,3034.0653286947441096486526
2014-06-25,-864.3146625282377660674251
2014-06-26,18.2353462504798566818488
2014-06-27,65.4753550308973069712233
2014-06-30,4696.7953638130149139391656
2014-07-01,3588.3453725968330067878749
2014-07-02,3396.6453813823519147832935
2014-07-03,123.6853901695719672551199
2014-07-04,2558.8153989584934935968207
2014-07-07,-1407.9045922508831767343569
2014-07-08,-6642.1445834585577142173724
2014-07-09,-4530.1345746645297892673803
2014-07-10,231.7654341312009277642826
2014-07-11,-7393.8345570713652334098904
2014-07-14,2048.1354517277720569864365
2014-07-15,4476.6054605286131287934538
2014-07-16,4322.9654693311583119152191
2014-07-17,2280.1354781354079363196692
2014-07-18,-1260.6445130586376679613665
2014-07-21,1242.5454957490218291678447
2014-07-22,1737.6655045583867578669530
2014-07-23,-288.4844866305425516404631
2014-07-24,706.4555221822342309331165
2014-07-25,-3904.7144690032825640608342
2014-07-28,57.4155398129073937931248
2014-07-30,1335.6255486308044349744116
2014-07-31,-687.8944425495911099735638
2014-08-01,-3142.0544337282789104433892
2014-08-04,3126.0255750947413642363638
2014-08-05,1216.2955839194700448011519
2014-08-06,-2208.2344072540925379495282
2014-08-07,-177.7743984259460531521268
2014-08-08,6.7056104039098301209714
2014-08-11,-789.9843807645245571385411
2014-08-12,2698.2956280687511161251186
2014-08-13,-878.7543630962628189681641
2014-08-14,2038.0056457404339687656109
2014-08-18,6521.2256545788418105745714
2014-08-19,-867.5043365810389622290156
2014-08-20,751.7356722607919817312695
2014-08-21,328.0356811043349738960107
2014-08-22,1559.5656899495903457699693
2014-08-25,-1743.9543012034415710779046
2014-08-26,1327.5657076452395549855417
2014-08-27,-1013.9242835043659443423254
2014-08-28,2419.3357253477422627000877
2014-09-01,2717.3257342015645079386133
2014-09-02,5020.1957430571011232633357
2014-09-03,-423.6542480856475593713969
2014-09-04,-1933.5842392266812079469598
2014-09-05,1678.0557696340005096195605
2014-09-08,4137.3657784963979254753792
2014-09-09,458.8957873605113718320248
2014-09-10,-2620.4042037736588190346472
2014-09-11,-89.0041949061123147844432
2014-09-12,698.3958139631512169871820
2014-09-15,-2501.0741771658678912508630
2014-09-16,-7485.7941682931693069652932
2014-09-17,2218.4558405812473024415648
2014-09-18,5469.7558494573822696317853
2014-09-19,1358.1258583352359273318565
2014-09-22,1088.9058672148086083326925
2014-09-23,-4396.3641239038993545103544
2014-09-24,-4371.3441150208876282774808
2014-09-25,-4094.9041061361558799844196
2014-09-26,3230.3559027502962234175718
2014-09-29,1361.3159116384690150417247
2014-09-30,-204.3040794716371719342290
2014-10-01,292.8859294199779957319562
2014-10-07,-5337.6840616866851486529482
2014-10-08,50.7559472083737282823671
2014-10-09,3512.2259561051549599737629
2014-10-10,-4993.2940349963411200783371
2014-10-13,2704.6759739038858216910670
2014-10-14,-856.8140171941638810884369
2014-10-16,-5109.7140082904898947226598
2014-10-17,1443.1460006149081145472007
2014-10-20,3840.7760095220304805445728
2014-10-21,4167.0860184308775371575230
2014-10-22,1582.6260273414496183387689
2014-10-23,845.6560362537470581056916
2014-10-27,-972.6739548322298094596523
2014-10-28,1289.2260540835193497894828
2014-10-29,2026.4760630009948700645433
2014-10-30,2818.7460719201970856416891
2014-10-31,8339.2760808411263308618062
2014-11-03,293.7260897637829401305191
2014-11-05,-906.4039013118327520817963
2014-11-07,19.6361076142795887599991
2014-11-10,674.7761165421202972558212
2014-11-11,2145.5261254716897080703742
2014-11-12,2183.8661344029881559331636
2014-11-13,1071.9461433360159756385092
2014-11-14,556.2861522707735020455566
2014-11-17,2300.0061612072610700782907
2014-11-18,1955.6161701454790147255480
2014-11-19,-4935.0838209145723289589714
2014-11-20,1030.4161880271073741433096
2014-11-21,2030.7861969705184592158574
2014-11-24,1521.2262059156612615070395
2014-11-25,-3997.5137851374638836698615
2014-11-26,2272.6362238111433590633635
2014-11-27,2319.5962327614833251498627
2014-11-28,1058.3462417135563500977371
2014-12-01,-1146.7437493326372305199482
2014-12-02,2588.2562596229029189348491
2014-12-03,1512.6062685801771341651610
2014-12-04,1798.5062775391857509390224
2014-12-05,-636.6237135000708949105175
2014-12-08,-6579.9037045375924674853820
2014-12-09,-4611.9636955733786308224535
2014-12-10,3769.3563133925709511064373
2014-12-11,-2836.5636776397433856054742
2014-12-12,-3504.3536686703213047998752
2014-12-15,-1443.0536596991624702533622
2014-12-16,-6074.6536507262665456774285
2014-12-17,-1135.2136417516331947184518
2014-12-18,6980.9163672247379190423183
2014-12-19,1162.9563762028471320887737
2014-12-22,4164.7363851826947809699594
2014-12-23,-3446.7036058357187976999136
2014-12-24,-50.9435968523932672414548
2014-12-26,-822.5035878673282909100830
2014-12-29,1949.5164211194764681039872
2014-12-30,393.4664301080213466757581
2014-12-31,2531.7264390983066817454611
2015-01-01,2441.8364480903328103185695
2015-01-02,3142.1464570841000694658109
2015-01-05,327.4764660796087963231807
2015-01-06,-8838.6135249231406719080464
2015-01-07,-3210.3935159241479979613031
2015-01-08,4535.3764930765871554952828
2015-01-09,-423.3734979209348741410982
2015-01-12,2790.2565110832862505920741
2015-01-13,323.1665200892508672226634
2015-01-14,-1226.8934709030406866561110
2015-01-15,8711.3165381064119266143384
2015-01-16,498.6365471176090447579803
2015-01-19,-38.2934438694489944358232
2015-01-20,3575.3065651452381468876967
2015-01-21,1050.2865741616708066487274
2015-01-22,641.0265831798493228328883
2015-01-23,4148.8965921997740334912428
2015-01-27,1023.7566012214452767403116
2015-01-28,2542.1366102448633907620848
2015-01-29,309.5666192700287138040351
2015-01-30,-1278.4433717030584158208700
2015-02-02,-860.8433626743976597341549
2015-02-03,-1393.7433536439886794918242
2015-02-04,-1825.2233446118311365843490
2015-02-05,-1493.2033355779246924366546
2015-02-06,-995.7333265422690084081082
2015-02-09,-6291.0933175048637457925053
2015-02-10,4953.9266915342914341819419
2015-02-11,1502.4767005751968703526181
2015-02-12,1980.3567096178529016225172
2015-02-13,3280.7867186622598669602550
2015-02-16,1412.8667277084181054000818
2015-02-18,-315.5732632436720439581042
2015-02-19,-1304.6932541940102419487454
2015-02-20,52.8267548574038506593891
2015-02-23,-2097.2432360894294268367844
2015-02-24,-1573.0732270345097350746516
2015-02-25,1068.1967820221632653741132
2015-02-26,-2832.5332089194100859964410
2015-02-27,6715.7268001407705503734712
2015-02-28,560.5968092027055141093846
2015-03-02,1797.6668182663951449025958
2015-03-03,2821.6568273318397825101756
2015-03-04,-2937.9831636009602332450171
2015-03-05,1297.2868454679954375256758
2015-03-09,-5261.8431454612928652232740
2015-03-10,288.8568636111751985284301
2015-03-11,-1446.5231273146000311330764
2015-03-12,3523.1968817613817859441923
2015-03-13,-3382.1131091608790100219132
2015-03-16,-2920.1831000813820787476667
2015-03-17,4302.8169089998729201165479
2015-03-18,2595.4769180828863269862485
2015-03-19,-4082.8130728323415176571320
2015-03-20,-1443.0530637458102732662333
2015-03-23,-3696.3330546575195992277546
2015-03-24,-289.0430455674691548624419
2015-03-25,-1419.9930364756585994250756
2015-03-26,-2009.3130273820875921044571
2015-03-27,-3572.9730182867557920233966
2015-03-30,4230.4469908103371417613002
2015-03-31,-142.6230000908084497411558
2015-04-01,3967.8870090098077745444764
2015-04-06,4160.1470181121861557594803
2015-04-07,3850.0670272163270351111948
2015-04-08,-550.4829636777692461269732
2015-04-09,7431.1470454298976533844643
2015-04-10,-2426.1829454606719249489111
2015-04-13,3229.7970636505223603445889
2015-04-15,-2207.9529272365191491972282
2015-04-16,-4012.7929181217961119704227
2015-04-17,-6304.9729090053081863049100
2015-04-20,-5003.3128998870550304644477
2015-04-21,-2678.6128907670363026466229
2015-04-22,3013.9171183547483390171609
2015-04-23,396.3771274782992364616959
2015-04-24,-6228.2928633963832683120161
2015-04-27,-5113.1828542692988332367519
2015-04-28,2995.1671548595528838209465
2015-04-29,-1752.5728360098277749392155
2015-04-30,624.3471731225595327487281
2015-05-04,4570.2471822567151492170159
2015-05-05,501.5471913926394168641729
2015-05-06,-7268.9627994696673218449771
2015-05-07,-6469.3027903302047243792990
2015-05-08,3971.6372188110275518586670
2015-05-11,7127.8972279540298495327181
2015-05-12,-4674.7627629011974886269984
2015-05-13,5896.3672462453458801760275
2015-05-14,239.2672553936602988046823
2015-05-15,1976.3272645437461101882406
2015-05-18,3504.4472736956036573223789
2015-05-19,-262.7927171507667167308120
2015-05-20,1625.2772920046353311571862
2015-05-21,274.1373011618101441813315
2015-05-22,949.7073103207580656030354
2015-05-25,-1479.0426805185205612498249
2015-05-26,-2577.4726713560253929828935
2015-05-27,493.2073378082439138646770
2015-05-28,-2538.2926530257122971797612
2015-05-29,4234.4773561421063174776612
2015-06-01,432.3673653117001014973441
2015-06-02,-5144.5826255169306013937699
2015-06-03,-6472.9426163437854474021818
2015-06-04,1246.2973928311359073321759
2015-06-05,-274.3225979921661932640470
2015-06-08,-4580.2825888136914051976063
2015-06-09,963.8674203665606155913497
2015-06-10,2374.0574295485902132292934
2015-06-11,-3887.3625612676022680906695
2015-06-12,-169.4325520820164841087871
2015-06-15,209.2674571053479095013518
2015-06-16,856.9074662944912571328306
2015-06-17,2901.8074754854139032454172
2015-06-18,3157.4274846781161923655783
2015-06-19,2454.7674938725984690864905
2015-06-22,3748.2575030688610780680547
2015-06-23,941.9275122669043640369085
2015-06-24,-85.2524785332713282135612
2015-06-25,1960.4875306683343461767952
2015-06-26,-1249.6724601282782678650974
2015-06-29,-3010.9124509231088253455256
2015-06-30,1752.9475582838430187960256
2015-07-01,6436.4875674925776096868847
2015-07-02,1508.0175767030952925212080
2015-07-03,-1897.3124140846035874400082
2015-07-06,3399.8375951294813151310851
2015-07-07,315.9476043453503456292037
2015-07-08,-3802.3423864369961504840587
2015-07-09,-289.8823772175578276802156
2015-07-10,915.1176320036656596361239
2015-07-13,2941.5476412266746571272687
2015-07-14,269.8276504514695105224582
2015-07-15,1050.8476596780505656178758
2015-07-16,3712.5476689064181682766617
2015-07-17,2659.1176781365726644289253
2015-07-20,157.9976873685144000717590
2015-07-21,-4453.7323033977562787307493
2015-07-22,2501.7277058377609741524967
2015-07-23,68.6677150750665049196151
2015-07-24,-1571.0022756858393401642417
2015-07-27,-6005.7522664449562147668735
2015-07-28,196.0577427977162275109800
2015-07-29,1080.8477520421783331356527
2015-07-30,3079.9077612884304486405652
2015-07-31,4322.9677705364729206262370
2015-08-03,1659.3077797863060957603006
2015-08-04,1499.9577890379303207775137
2015-08-05,4572.3177982913459424797724
2015-08-06,490.5778075465533077361241
2015-08-07,-1262.0421831964472365172191
2015-08-10,-286.4121739376553432768677
2015-08-11,-3993.7621646770706654722420
2015-08-12,-5565.0921554146928559655587
2015-08-13,470.7078538494784324481820
2015-08-14,4929.6378631154435470412095
2015-08-17,122.0078723832028351529954
2015-08-18,975.9578816527566441902669
2015-08-19,606.1578909241053216270199
2015-08-20,-3744.4120998027507849954682
2015-08-21,-3696.3320905278113280686254
2015-08-24,-25262.8520812510759599165723
2015-08-25,5502.3879280274556672038915
2015-08-26,-3103.4320626922160988967001
2015-08-27,6997.3179465899090896595336
2015-08-28,2740.1079558738315808178329
2015-08-31,-1578.2220348404482774091886
2015-09-01,-6187.6020255529301369415323
2015-09-02,1184.1248637363863503682002
2015-09-03,-772.6891229162968489261626
2015-09-04,-1575.0833699841172625903986
2015-09-07,-5486.7776159379945042075949
2015-09-08,-772.6718607777128803970867
2015-09-09,3490.0838954969433439866094
2015-09-10,230.3396528861899458618820
2015-09-11,380.7954113902427439281142
2015-09-14,3339.6511710093175986737728
2015-09-15,-1424.5930682563695876154995
2015-09-16,230.3626935933971291512090
2015-09-18,2236.3684565588337348781734
2015-09-21,-1274.1257793598437427088709
2015-09-22,-2628.1700141624192340546305
2015-09-23,1032.7857521513233722338453
2015-09-24,531.2915195816002293952658
2015-09-28,-3179.8027118713724674777987
2015-09-29,130.1030577926215185691874
2015-09-30,3289.5588285737984663608308
2015-10-01,581.4646004723746965999165
2015-10-05,3991.6703734885665718755168
2015-10-06,1935.5261476225904966711018
2015-10-07,-120.6180771253370826273489
2015-10-08,-2477.6623007549996777232320
2015-10-09,-20.3065232661807584012060
2015-10-12,29.8492553413362474809261
2015-10-13,-571.9449649322320459996652
2015-10-14,-973.1391840866689828227159
2015-10-15,1383.9165978782421349832531
2015-10-16,1383.9223809627180473490585
2015-10-19,531.3781651669755361729801
2015-10-20,29.8839504912314253288860
2015-10-21,-772.5102630642974193256388
2015-10-23,-1123.5544754993940899411637
2015-10-26,-70.3986868138416366682812
2015-10-27,-772.4928970074230676494747
2015-10-28,-1324.1371060799213490109840
2015-10-29,-321.1313140311194048546705
2015-10-30,681.8744791391998827501210
2015-11-02,280.6802734312536737747004
2015-11-03,280.6860688452591702391728
2015-11-04,380.9918653814336162205805
2015-11-05,-1073.3523369600057021389535
2015-11-06,-1324.0965381788414566240804
2015-11-09,1384.0092617251437230619210
2015-11-10,-2979.0349372478327506947075
2015-11-11,4292.7208649024465765899465
2015-11-13,-5636.9733318238007984943829
2015-11-16,-521.6675274263573372439865
2015-11-17,-70.3117219050054588330261
2015-11-18,130.2940847404724596946225
2015-11-19,1985.8498925102940834335263
2015-11-20,1384.0557014046771196248552
2015-11-23,2036.0115114238393176645421
2015-11-24,-972.9826774320015308885540
2015-11-26,681.9731348373724076955156
2015-11-27,-20.1210517678209906740447
2015-11-30,-120.4152372473638079006080
2015-12-01,732.1405783989619163080440
2015-12-02,-524.2210548286258155521086
2015-12-03,68.6415110471812844533151
2015-12-04,68.6548021377353012199970
2015-12-07,68.6680958018499144841807
2015-12-08,68.6813920400234440877878
2015-12-09,68.6946908527543063626635
2015-12-10,68.7079922405410141492596
2015-12-11,68.7212962038821768153219
2015-12-14,68.7346027432765002745806
2015-12-15,68.7479118592227870054444
2015-12-16,68.7612235522199360696990
2015-12-17,68.7745378227669431312076
2015-12-18,68.7878546713629004746171
2015-12-21,68.8011740985069970240657
2015-12-22,68.8144961046985183618964
2015-12-23,68.8278206904368467473721
2015-12-24,68.8411478562214611353957
2015-12-28,68.8544776025519371952328
2015-12-29,68.8678099299279473292394
2015-12-30,68.8811448388492606915915
2015-12-31,68.8944823298157432070197
2016-01-01,68.9078224033273575895468
2016-01-04,-2440.5808349401158366387709
2016-01-05,646.3004417750160578317324
2016-01-06,-1101.6928778869670512748087
2016-01-07,-3636.2861962554329262850921
2016-01-08,1782.5204866698688971981438
2016-01-11,-140.2728291108110679302913
2016-01-12,-2237.8661435972222602686492
2016-01-13,-1276.4594567891140698988501
2016-01-14,-1931.9527686862358383770894
2016-01-15,-2150.4460792883368587244405
2016-01-18,-5384.2393885951663754174578
2016-01-19,733.7673033935264156212234
2016-01-20,-1494.9260033220076329677116
2016-01-21,-2412.6193087415176199708538
2016-01-22,3355.7873871352474044073350
2016-01-25,515.2940843085384385539291
2016-01-27,-795.6992172213934705430526
2016-01-28,209.4074825457027727147645
2016-01-29,2350.7141836100783125455228
2016-02-01,1433.0208859719843417965468
2016-02-02,473.8052296316721019537593
2016-02-03,313.1478641869315318015126
2016-02-04,1363.3042748794446399551865
2016-02-05,943.2506868132633867203326
2016-02-08,2483.4770999886281267365312
2016-02-09,3253.5935144057792611833535
2016-02-10,-1787.1200699350427622106276
2016-02-11,3883.6963469664025508411766
2016-02-12,2483.5027651103557411923853
2016-02-15,-2977.2708155029426037273351
2016-02-16,1083.3156051267481500967480
2016-02-17,-1156.9979730003313167265472
2016-02-18,-36.8315498839402769852937
2016-02-19,1993.4648744761620431445671
2016-02-22,-1647.0486999197835358917485
2016-02-23,1993.4777269284638529811605
2016-02-24,593.2841550211451234779089
2016-02-25,1153.3705843585012359613561
2016-02-26,-246.8229850592268025483612
2016-02-29,943.3534467682020616352048
2016-03-01,243.2598798410289288738496
2016-03-02,-2837.1736858405050537862464
2016-03-03,1153.4027497238413073945221
2016-03-04,2903.6591865343092528582264
2016-03-08,593.3356245911400697584467
2016-03-09,-1927.0179361054249080306832
2016-03-10,-1156.9014955551442999054288
2016-03-11,2623.6449462422233214765926
2016-03-14,-526.7986107130805697945374
2016-03-15,-3257.1821664208144528719871
2016-03-16,-456.7757208807367601431207
2016-03-17,2833.7007259073941227795568
2016-03-18,-1856.9628260561801429325436
2016-03-21,-1016.8363767712178493150355
2016-03-22,103.3300737625227583985028
2016-03-23,-2136.9834744547165182144089
2016-03-28,-2767.0670214226938307560892
2016-03-29,663.4294328588327160003715
2016-03-30,1853.6058883901050641201777
2016-03-31,-316.6976548286347974841012
2016-04-01,1083.5088032028551669565398
2016-04-04,-2136.9447375151829599233856
2016-04-05,2973.7917230174929513852192
2016-04-06,103.3881848011250772751105
2016-04-07,1783.6346478359556410317822
2016-04-08,733.4911121222269128425455
2016-04-11,173.4175776601812098056108
2016-04-12,1923.6740444500608959391711
2016-04-13,-1366.7894875078916178095132
2016-04-18,1013.5569817865661264449728
2016-04-20,523.4934523336766335352873
2016-04-21,1993.7099241336824552504222
2016-04-22,-946.7036028131738096552052
2016-04-25,-1786.8171285066495154526576
2016-04-26,173.4693470534980305706176
2016-04-27,1153.6158238675115681198859
2016-04-28,1783.7123019356338839022249
2016-04-29,2133.7687812581078116356252
2016-05-02,2203.7852618351762320580932
2016-05-03,-934.3062563329179270632441
2016-05-04,-4619.8586740429378337811477
2016-05-05,-1449.2486699135819652966053
2016-05-06,2052.9713342165734724564526
2016-05-09,955.4713383475286342990285
2016-05-10,105.6613424792836750821026
2016-05-11,1133.6213466118387496866398
2016-05-12,-178.1286492548059869764061
2016-05-13,-510.2086451206503799660854
2016-05-16,648.5513590143057256885528
2016-05-17,-611.6286368499375150115337
2016-05-18,-591.9386327133799470353737
2016-05-19,-1535.1986285760214153219779
2016-05-20,-1074.0386244378617647803318
2016-05-23,-672.4186202989008402893911
2016-05-24,-1669.7486161591384866980750
2016-05-25,-949.4886120185745488252611
2016-05-26,3387.3813921227911285402215
2016-05-27,2152.3613962649587006395964
2016-05-30,-2643.1685995920716772558524
2016-05-31,-243.1385954482998498447765
2016-06-01,1239.2614086962743382042442
2016-06-02,-330.2225271583489577472938
2016-06-03,-705.3883098354174872235695
2016-06-06,2878.2416924281550024720414
2016-06-07,16.5416946921657888554313
2016-06-08,453.5016969566149567942100
2016-06-09,-513.7783007784974088275801
2016-06-10,526.6617014868287768905398
2016-06-13,850.4717037525935988654881
2016-06-14,146.5917060187971420306249
2016-06-15,668.8317082854394913357569
2016-06-16,2655.0917105525207317471392
2016-06-17,-2261.2482871799590517525213
2016-06-20,1227.6517150880002258359383
2016-06-21,-355.3382826436013504718614
2016-06-22,-1819.6182803747636956438377
2016-06-23,695.7017218945132753685565
2016-06-24,3572.7817241642296476303368
2016-06-27,1946.5417264343855062229894
2016-06-28,461.9517287049809362444754
2016-06-29,-5.0282690239839771907669
2016-06-30,1575.8117332474908510481817
2016-07-01,2252.8217355194055061087244
2016-07-04,2478.8260377917600731547513
2016-07-05,-1826.0685514848990660544235
2016-07-07,2958.7014507318827121169640
2016-07-08,0.9814529490937268669567
2016-07-11,2557.8814551667340613088505
2016-07-12,-625.2285426151962014279652
2016-07-13,-601.2985403966969781980045
2016-07-14,227.3414618222318141603179
2016-07-15,2364.1814640415902588246898
2016-07-18,-3414.3085337386215610110949
2016-07-19,588.8714684815964378628660
2016-07-20,747.1614707022443386725872
2016-07-21,-435.4085270766777753398017
2016-07-22,2503.2314751448301790839469
2016-07-25,2084.1414773667682852182024
2016-07-26,178.3514795891366263534583
2016-07-27,748.1314818119352857963355
2016-07-28,2581.8114840351643468695864
2016-07-29,-306.8685137411761070879037
2016-08-01,3458.3114884829140072788880
2016-08-02,2436.9414907074347733411243
2016-08-03,-2942.5085070676137255138890
2016-08-04,-531.2885048422314058826997
2016-08-05,5939.5414973835818156542942
2016-08-08,-3745.9285003901739774671532
2016-08-09,-132.4084981634987017951320
2016-08-10,442.0615040636077261384268
2016-08-11,-38.3084937088546101822460
2016-08-12,125.6415085191143727432455
2016-08-16,301.2315107475147584314652
2016-08-17,1323.5715129763466304151488
2016-08-18,1879.7715152056100722432062
2016-08-19,1026.2315174353051674807250
2016-08-22,-2331.4984803345680002910265
2016-08-23,-1671.6584781040093474745962
2016-08-24,2052.4515241269812095436553
2016-08-25,-1906.5884736415962456064427
2016-08-26,193.7115285902583707211325
2016-08-29,-1356.0484691774548578114002
2016-08-30,2180.9915330552641524743782
2016-08-31,-941.8084647115845147269113
2016-09-01,-1889.2884624780007757044414
2016-09-02,1496.6415097560154532688241
2016-09-06,6007.2816261664152184094502
2016-09-07,-323.0683735187093548868387
2016-09-08,1231.1716267962270413052433
2016-09-09,-1950.0983728887755812087507
2016-09-12,-7977.6083725737172106209822
2016-09-14,1295.1316277414021648786743
2016-09-15,-27.6683719434174428973694
2016-09-16,1503.2816283718239778655859
2016-09-19,-127.9883713128735610154727
2016-09-20,711.5616290024899522787298
2016-09-21,-1674.9283706820854704302431
2016-09-22,4129.9716296334001826814613
2016-09-23,609.6416299489469234399852
2016-09-26,-2760.6583697354452363262396
2016-09-27,-1418.8783694197762847864906
2016-09-28,2519.0016308959537898922452
2016-09-29,-9033.9983687882550004547276
2016-09-30,1884.4016315275973560101868
2016-10-03,8198.7616318435108711268766
2016-10-04,1612.3616321594855567375227
2016-10-05,-458.4283675244785753134015
2016-10-06,-895.0283672083815131791284
2016-10-07,-196.4683668922232450105974
2016-10-10,2073.7116334239962410435474
2016-10-13,-7772.4483662597230431630441
2016-10-14,1837.9616340566189142255735
2016-10-17,-3118.6283656269778749323584
2016-10-18,6128.0416346894866012236970
2016-10-19,1.4616350060123545565739
2016-10-20,518.1516353225993969314028
2016-10-21,608.2516356392477402156120
2016-10-24,-241.5183640440426037210723
2016-10-25,522.3916362727283769933743
2016-10-26,-3306.3383634104393057667248
2016-10-27,-1233.9483630935456401247472
2016-10-28,3003.5016372234093857982291
2016-10-30,-772.7383624595742161165733
2016-11-01,2144.9716378575035660143683
2016-11-02,-5574.9883618253572559231222
2016-11-03,-1596.3683615081566700409195
2016-11-04,-4610.1583611908946644485964
2016-11-07,2175.7016391264287727465767
2016-11-08,3949.5616394438136534396324
2016-11-09,-8812.9883602387400104720941
2016-11-10,6529.6716400787677929110369
2016-11-11,-10754.3283596036629245090314
2016-11-15,-15986.9883592860321508280508
2016-11-16,2839.0116410316601258605314
2016-11-17,-378.3383586505860825344258
2016-11-18,-1076.8983583327707641017583
2016-11-21,-1893.5083580148939069279953
2016-11-22,4164.8716423030445009026410
2016-11-23,1031.7816426210444713082353
2016-11-24,-3095.2683570608939837908197
2016-11-25,5607.0416432572291475281766
2016-11-28,577.8016435754138771902336
2016-11-29,1044.8516438936602171226697
2016-11-30,2569.9616442119681792551127
2016-12-01,-1568.7683554696622244804996
2016-12-02,-4370.0983551512309821499190
2016-12-05,2086.8516451672619181834136
2016-12-06,1271.8416454858164884583683
2016-12-07,-2185.7783541955672593838726
2016-12-08,6924.0016461231106866001849
2016-12-09,-7.2283535581496616436522
2016-12-12,-3985.9183532393482921672641
2016-12-13,777.1916470795148069797826
2016-12-14,-3534.7183526015603522497646
2016-12-15,93.0916477174262420991561
2016-12-16,-2105.6883519635253980160787
2016-12-19,-707.2483516444152606357769
2016-12-20,-1644.4083513252433337979308
2016-12-21,-3108.2683510060096055382165
2016-12-22,-2727.2183506867140638899933
2016-12-23,-755.2183503673566968843034
2016-12-26,-4895.4083500479374925498718
2016-12-27,5206.8716502715435610868952
2016-12-28,779.9716505910864760019090
2016-12-29,3428.5616509106912641734005
2016-12-30,4349.7316512303579375819193
2017-01-02,2111.4616515500865082103357
2017-01-03,537.2328518698769880438394
2017-01-04,77.4578873084117986647434
2017-01-05,1343.4647143109910005262686
2017-01-06,752.6715426354861699763901
2017-01-09,415.0783722821532702735207
2017-01-10,1554.4852032512483142383686
2017-01-11,1512.2920355430273642635344
2017-01-12,1976.4988691577465323231092
2017-01-13,1005.9057040956619799822755
2017-01-16,710.5125403570299184069094
2017-01-17,-1526.0806220578933916268151
2017-01-18,1048.1262168511483602771798
2017-01-19,1385.7330570844115341444838
2017-01-20,-2665.4601013578474603601919
2017-01-23,1427.9467415246278360765973
2017-01-24,1807.7535857320939324266426
2017-01-25,3369.1604312648073873296977
2017-01-27,1385.7672781230248091030952
2017-01-30,-6.8258736929971442486336
2017-01-31,-1188.4190241830017650241379
2017-02-01,3073.7878266532677041843753
2017-02-02,1458.6774788160680705007658
2017-02-03,-174.1921719529302275914247
2017-02-06,3087.1678295628184917795069
2017-02-07,-258.6321689211392936572361
2017-02-08,1072.3278325951964729279690
2017-02-09,631.9278341118258483757489
2017-02-10,-112.5121643712511104622637
2017-02-13,-364.6321628540343467234277
2017-02-14,-594.0321613365238035340917
2017-02-15,-4138.9121598187194240095920
2017-02-16,2991.9278416993788487457498
2017-02-17,2466.0478432177710716386290
2017-02-20,3747.2078447364573015867594
2017-02-21,1549.5278462554375955188764
2017-02-22,-181.7521522252879896252623
2017-02-23,-1338.4721507057193968948729
2017-02-27,-696.8721491858565693281445
2017-02-28,1059.3278523343005500477629
2017-03-01,2249.6878538547520182167219
2017-03-02,-3579.4721446245021078263620
2017-03-03,-589.7121431034617710755468
2017-03-06,2314.5678584178730854861475
2017-03-07,-724.9921400604974811132591
2017-03-08,-2709.4721385385734138347038
2017-03-09,1032.3278629836453443719201
2017-03-10,319.2078645061588505677666
2017-03-14,5943.8478660289671618250379
2017-03-15,339.7678675520703352269875
2017-03-16,4452.7278690754684278679219
2017-03-17,-188.2721294008385031467975
2017-03-20,220.7278721231495992992486
2017-03-21,18.4078736474327923335383
2017-03-22,-4227.6721248279888669053880
2017-03-23,3632.5278766968846787320733
2017-03-24,-565.8721217779465135934079
2017-03-27,-1269.3121202524823867100938
2017-03-28,1434.8478812732771165648234
2017-03-29,1442.4078827993320534252243
2017-03-30,1659.9278843256824810760634
2017-03-31,354.9278858523284567333725
2017-04-03,2796.0878873792700376242615
2017-04-05,1913.0878889065072809869217
2017-04-06,422.0078904340402440706271
2017-04-07,262.8878919618689841357372
2017-04-10,150.4078934899935584536988
2017-04-11,3162.8878950184140243070479
2017-04-12,-468.5521034528695610105874
2017-04-13,-752.0721019238571401944854
2017-04-17,-1410.9921003945486559288288
2017-04-18,-2800.3920988649440508867016
2017-04-19,1259.5279026649567322699122
2017-04-20,1841.6879041951537508901306
2017-04-21,-556.1920942743529376658232
2017-04-24,3995.0479072564367239733801
2017-04-25,4790.3279087875227931901792
2017-04-26,416.6479103189053273781233
2017-04-27,-418.7520881494156160581251
2017-04-28,-740.1520866174399797027880
2017-05-02,1368.8079149148322938710296
2017-05-03,-190.4320835525987378986571
2017-05-04,1997.5279179802669824372884
2017-05-05,-4331.5120804865704876608736
2017-05-08,267.2879210468889092782439
2017-05-09,2316.6879225806452307371555
2017-05-10,4466.8079241146985342095062
2017-05-11,521.5679256490488772000740
2017-05-12,-1488.9120728163036827752289
2017-05-15,2850.1679287186409118106468
2017-05-16,1478.1679302538827184958893
2017-05-17,-49.7520682105782051701722
2017-05-18,-6720.7120666747418016270649
2017-05-19,-1435.8720651386080133031707
2017-05-22,-1715.0320636021767826157238
2017-05-23,-3788.3120620654480519708089
2017-05-24,-3846.7120605284217637633582
2017-05-25,4939.7279410089021396228495
2017-05-26,6580.0479425465237158151924
2017-05-29,-1273.5520559155569775477937
2017-05-30,1616.6079456226601171835884
2017-05-31,1348.2479471611750576701981
2017-06-01,-484.7520513000120984159403
2017-06-02,2065.6879502390987066083651
2017-06-05,3253.7679517785075304374747
2017-06-06,-3185.5920466817855692230793
2017-06-07,1992.0879548582194653434089
2017-06-08,888.3679563985226918648207
2017-06-09,663.3279579391241680802153
2017-06-12,-1590.6720405199760482601680
2017-06-13,1176.2079610212221006050924
2017-06-14,-1515.9520374372813275513976
2017-06-15,-45.4720358954862749458457
2017-06-16,442.5679656466073162167295
2017-06-19,2067.8879671889995037424999
2017-06-20,187.2079687316903454488305
2017-06-21,-616.7920297253201008357184
2017-06-22,-1514.8720281820317772713892
2017-06-23,-2907.5120266384446260072246
2017-06-27,-4309.8720250945585891810658
2017-06-28,848.3279764496263910804500
2017-06-29,269.4479779941103726618915
2017-06-30,2730.0479795388934134590360
2017-07-03,3753.7279810839755713788706
2017-07-04,775.8479826293569043395955
2017-07-05,1588.4879841750374702706254
2017-07-06,2509.3279857210173271125917
2017-07-07,-115.7920127327034671826545
2017-07-10,3637.9679888138751453479582
2017-07-11,-505.2720096392467773212743
2017-07-12,1109.1279919079308227951686
2017-07-13,4109.7279934554080036940356
2017-07-14,-243.4720049968151766166944
2017-07-17,1284.4479965512613398821892
2017-07-18,-2748.4720019003623887788686
2017-07-19,4481.9279996483136954418138
2017-07-20,-1447.7919988027103494028434
2017-07-21,1038.8080027465655347513207
2017-07-24,1802.7680042961414059797100
2017-07-25,1365.5680058460173223689740
2017-07-26,486.9680073961933420170087
2017-07-27,-368.9519910533304769670396
2017-07-28,121.1680104974459235372267
2017-07-31,3107.7280120485226016614594
2017-08-01,637.3680135998996155485658
2017-08-02,-761.7519848484229766472879
2017-08-03,-1755.1519832964451167606754
2017-08-04,4647.4880182558332533850920
2017-08-07,2988.6080198084121919779682
2017-08-08,-4546.8319786387082427828261
2017-08-09,-5040.2719770855279926868013
2017-08-10,-10178.9919755320469995121962
2017-08-11,-2230.1919739782652050259759
2017-08-14,7195.7680275758174490161696
2017-08-16,4643.2080291302010208698286
2017-08-17,-151.4719693151144311981305
2017-08-18,-1637.1919677601288489095572
2017-08-21,-4988.3519662048421739750167
2017-08-22,-999.7919646492543480937874
2017-08-23,4262.2880369066346870461411
2017-08-24,3258.0880384628249897680702
2017-08-28,2208.5280400193166184065942
2017-08-29,-4808.7519584238903686923967
2017-08-30,5463.3680431332040868282845
2017-08-31,955.4880446906000433371252
2017-09-01,3760.2080462482975592139145
2017-09-04,-2299.4319521937033071502546
2017-09-05,1941.2480493645975026470175
2017-09-06,-320.3119490767999529805614
2017-09-07,1655.5680524821043843920275
2017-09-08,-1747.5119459586894267988844
2017-09-11,4368.3280556008186718943494
2017-09-12,2978.9680571606287389306929
2017-09-13,-1679.3519412792591672195708
2017-09-14,1024.7280602811550119251630
2017-09-15,232.6480618418713348578233
2017-09-18,1942.3680634028898600826646
2017-09-19,1332.0080649642106461152699
2017-09-20,-779.0719334741662485174474
2017-09-21,-3416.0719319122407652772417
2017-09-22,-8087.3919303500128456145320
2017-09-25,-5481.7519287874824309684006
2017-09-26,58.4080727753505372334091
2017-09-27,-6119.0719256615138824255044
2017-09-28,1012.8480759019243686498006
2017-09-29,2258.2480774656653490656117
2017-10-03,4973.1680790297091174395644
2017-10-04,1193.5680805940557324006446
2017-10-05,-242.3919178412947474108100
2017-10-06,4724.3680837236577366568937
2017-10-09,-570.2319147110867567331953
2017-10-10,1512.7280868544718310933316
2017-10-11,-2212.8319115796664411777564
2017-10-12,5046.8080899864984851506739
2017-10-13,3210.5680915529666687871207
2017-10-16,2203.1280931197381684514502
2017-10-17,214.2480946868130428748985
2017-10-18,-625.4319037458086491999260
2017-10-19,-1017.1919021781268490190408
2017-10-23,248.9280993898585021829134
2017-10-24,12.9681009581474631826744
2017-10-25,4375.9281025267400927683614
2017-10-26,2909.6881040956364497394764
2017-10-27,1106.9281056648365929069068
2017-10-30,3989.6081072343405810929278
2017-10-31,-1517.0718911958515268687958
2017-11-01,5477.4481103742603278667928
2017-11-02,802.8881119446762041561449
2017-11-03,641.6881135153961608671076
2017-11-06,1603.6081150864202568789271
2017-11-07,-5927.5518833422514489177495
2017-11-08,-3958.1918817706188976208725
2017-11-09,1717.2081198013179696830131
2017-11-10,754.2081213735592119187703
2017-11-13,-2813.3918770538951119773290
2017-11-14,-1581.9918754810449430576007
2017-11-15,-4897.4318739078902223629463
2017-11-16,4221.1681276655691090771482
2017-11-17,4901.7681292393331102446160
2017-11-20,1038.8081308134018401328108
2017-11-21,326.8081323877753577465090
2017-11-22,-489.0718660375462778980877
2017-11-23,1132.9281355374369922266497
2017-11-24,1224.9281371127252271597799
2017-11-27,673.0481386883184859517930
2017-11-28,-139.5918597357831723353864
2017-11-29,-545.3518581595796886283981
2017-11-30,-3257.0718565830710038424430
2017-12-01,-4644.2718550062570588812817
2017-12-04,-468.5118534291377946372318
2017-12-05,-36.7918518517131519911659
2017-12-06,-3478.8718502739830718125092
2017-12-07,6806.2481513040525050407621
2017-12-08,3367.4481528823936377221243
2017-12-11,1695.6081544610403853965067
2017-12-12,-3506.9918439600071927597043
2017-12-13,-4262.2318423807490375586648
2017-12-14,897.0481591988149101989302
2017-12-15,3766.7281607786847097238481
2017-12-18,3387.9681623588604202383220
2017-12-19,5250.2081639393421009760512
2017-12-20,140.6481655201298111822054
2017-12-21,1290.8881671012236101134254
2017-12-22,2315.6481686826235570378263
2017-12-26,1965.0481702643297112349989
2017-12-27,-1306.0318281536578680039875
2017-12-28,-1146.9918265713391213765829
2017-12-29,2507.1681750112860104312455
2018-01-01,-282.4718234057824132549850
2018-01-02,-2723.5518218225443330982690
2018-01-03,1531.1281797610003102498875
2018-01-04,4760.0081813448515761494706
2018-01-05,3979.8481829290095239719605
2018-01-08,3073.0881845134742131003329
2018-01-09,29.2481860982457029290626
2018-01-10,-318.0718123166759471358757
2018-01-11,-850.4718107312906776770038
2018-01-12,915.4481908544015707346607
2018-01-15,2054.8881924404008575396083
2018-01-16,-5500.1118059732927578101615
2018-01-17,2854.5281956133207841488626
2018-01-18,-3381.3518027997584571082941
2018-01-19,2940.0081987874695779049100
2018-01-22,4921.2482003750049486865345
2018-01-23,3917.1682019628477147461602
2018-01-24,-1287.6317964490020643951097
2018-01-25,-3635.7117948605443292046465
2018-01-29,-375.3917932717790201382946
2018-01-30,-3727.7517916827060776403685
2018-01-31,-2375.1117900933254421436510
2018-02-01,213.1682114963629459306090
2018-02-02,-10681.1517869136408538273009
2018-02-05,-3641.1917853233367818155547
2018-02-06,-6372.3517837327247784207859
2018-02-07,1559.2082178581952159819154
2018-02-08,6080.1682194494232610290041
2018-02-09,-4383.5117789590405836315177
2018-02-12,6555.1682226328037416599021
2018-02-14,-1619.8717757750437034256326
2018-02-15,-452.2317741825828592054637
2018-02-16,-5075.9917725898136659853769
2018-02-19,-4384.5517709967360640595990
2018-02-20,455.5282305966500062892037
2018-02-21,-236.9117678096553952100716
2018-02-22,-2247.4317662156522088169627
2018-02-23,6107.2082353786596252205604
2018-02-26,2884.8482369732801666660974
2018-02-27,-951.1517614317905247051798
2018-02-28,-1817.8717598365523891065254
2018-03-01,-2312.3917582410053667396165
2018-03-05,-4464.6317566451493977945518
2018-03-06,-4836.8717550489844224498489
2018-03-07,-4776.2717534525103808724420
2018-03-08,1450.0482481442727867823198
2018-03-09,66.0082497413651403706759
2018-03-12,6091.0882513387667397604549
2018-03-13,2641.2882529364776448310780
2018-03-14,807.2082545344979154735609
2018-03-15,-1024.7517438671723884094838
2018-03-16,-5780.4717422685332069038451
2018-03-19,-5584.5517406695844800837102
2018-03-20,1356.8882609296738519883369
2018-03-21,281.3682625292418492613180
2018-03-22,-1016.0717358708804283041374
2018-03-23,-3327.3917342706929207357890
2018-03-26,4312.0882673298044319502153
2018-03-27,3856.4882689306116897493425
2018-03-28,-703.3517294682710873313230
2018-04-02,5522.8882721331561607269217
2018-04-03,2971.3682737348934939544015
2018-04-04,-5245.9117246630590276069354
2018-04-05,8060.4082769392986560964854
2018-04-06,2554.7282785419666051298667
2018-04-09,2231.2482801449448795700411
2018-04-10,514.0082817482335395054746
2018-04-11,662.2482833518326450362677
2018-04-12,497.8082849557422562741585
2018-04-13,417.6882865599624333425241
2018-04-16,2042.9682881644932363763837
2018-04-17,529.1282897693347255224003
2018-04-18,-1232.4717086255130390611167
2018-04-19,2443.3282929799500027957902
2018-04-20,-2018.0317054142760887252702
2018-04-23,2169.5682961918087465689634
2018-04-24,1354.7682977982045688834077
2018-04-25,-141.7917005950885615653628
2018-04-26,-73.5116989880705845491144
2018-04-27,2578.6083026192585601720491
2018-04-30,3786.1683042268989328496882
2018-05-02,-4240.5916941651494062529706
2018-05-03,-3531.8316925568863968610313
2018-05-04,-2778.7516909483119786879275
2018-05-07,2494.2083106605739085645812
2018-05-08,288.9283122697713252064100
2018-05-09,-759.5516861207196684408472
2018-05-10,-3922.4716845108990120439172
2018-05-11,1538.7683170992333547421561
2018-05-14,-848.3116812903225077259868
2018-05-15,-1668.5116796795665390800185
2018-05-16,-267.3116780684986789399223
2018-05-17,-918.7116764571188669139903
2018-05-18,-6232.7116748454270425988208
2018-05-21,-4822.7516732334231455793163
2018-05-22,3722.2883283788928845713192
2018-05-23,-4080.5516700084788917084182
2018-05-24,1715.1283316044615860316708
2018-05-25,5565.1283332177143782534900
2018-05-28,8035.4483348312795454306507
2018-05-29,-1313.6716635548428519515262
2018-05-30,-945.7116619406527533960079
2018-05-31,982.6083396738499016059519
2018-06-01,-3783.9516587113348264251833
2018-06-04,23051.2282929037931230427678
2018-06-05,-765.9999917735247330243918
2018-06-06,1761.1708563296868266184743
2018-06-07,2542.9217045971170407172949
2018-06-08,1773.4825530287977070133165
2018-06-11,-544.6665983752393705952020
2018-06-12,511.3742503850376179482034
2018-06-13,246.7450993096604888593938
2018-06-14,635.6759483986610645148210
2018-06-15,783.4867976520711734527187
2018-06-18,-2944.1123529300773496257027
2018-06-19,-972.8315033477526638550637
2018-06-20,-359.6206536009229222046221
2018-06-21,-2545.9898036895562714770788
2018-06-22,2049.0210463863791476926163
2018-06-25,-305.7181033730847991615424
2018-06-26,-1136.5372529679162403354204
2018-06-27,-1308.3264023980832979535493
2018-06-28,-1933.0755516635540879679314
2018-06-29,1139.0852992357032798431553
2018-07-02,-294.8138497002792981236473
2018-07-03,1395.9370015285300807044180
2018-07-04,1427.8678529221633250774198
2018-07-05,178.0687044806523499239340
2018-07-06,1425.6895562040290763522407
2018-07-09,1430.0504080923254316515197
2018-07-10,695.9612601455733492930486
2018-07-11,-269.8878876361952310686010
2018-07-12,-698.2270352529483635943663
2018-07-13,-642.6161827046540962594949
2018-07-16,-31.4153299912804708523484
2018-07-17,-156.1844771127955229732029
2018-07-18,-3499.2136240691672820330523
2018-07-19,278.6972291396362287475915
2018-07-20,2035.4880825136469923398959
2018-07-23,2584.5389360528969979079078
2018-07-24,-149.1702102425817591902482
2018-07-25,619.0306436272427225988302
2018-07-26,-233.5885023375975489749780
2018-07-27,1221.3423518629294400358830
2018-07-30,1395.9532062288557097778462
2018-07-31,138.6740607602132865974216
2018-08-01,-59.4450845429657969576032
2018-08-02,-3657.7548696806495021369622
2018-08-03,3973.2970622474795035466687
2018-08-06,660.9774992835857845223089
2018-08-07,-1027.7420635956844118648134
2018-08-08,2410.7383736096853000808560
2018-08-09,331.2988108997113092276409
2018-08-10,-1541.4207517255899923827491
2018-08-13,-4712.1403142662022095346056
2018-08-14,3603.6201232778910561623937
2018-08-16,-2674.2194390932937937261998
2018-08-17,5642.5809986202596455410082
2018-08-20,4326.2614364185677818818707
2018-08-21,1916.4218743016470263913141
2018-08-23,1835.0623122695137933419532
2018-08-24,-800.2172496778154998152928
2018-08-27,4632.5031884596755675494140
2018-08-28,-143.4963733179965807545530
2018-08-29,2124.8240649891844822623298
2018-08-30,-758.7754966187648132296478
2018-08-31,2617.7049418581719661211865
2018-09-03,-3969.0146195799887431514971
2018-09-04,-9163.3341809332305013314137
2018-09-05,-2673.6537422015368655190482
2018-09-06,3008.3466966151086103689617
2018-09-07,3748.3471355167223756004417
2018-09-10,-6192.6924254966791173717023
2018-09-11,-8395.7319864250794129088681
2018-09-12,2347.4684527315379478138609
2018-09-14,6280.1888919731894268083312
2018-09-17,-3083.4906687001085107260625
2018-09-18,-5679.4102292883393964017610
2018-09-19,-1953.2497897914867586424227
2018-09-21,-6894.2893502095341226823061
2018-09-24,-10908.9289105424650105656528
2018-09-25,3665.2315292097370588539305
2018-09-26,579.7119690470885699140901
2018-09-27,-4876.1275910303939898556571
2018-09-28,-4877.8871510226941297333057
2018-10-01,1605.7932890702046441962565
2018-10-03,2219.0804292483188290418673
2018-10-04,-7540.1138989018316512794139
2018-10-05,-4992.2037428160676872029938
2018-10-08,-1095.9335867000807575858900
2018-10-09,-1251.5134305538650103399753
2018-10-10,3998.3467256225854077560197
2018-10-11,-2878.2031181707236489432730
2018-10-12,6786.8370380662136750503601
2018-10-15,3960.6071943334032363589339
2018-10-16,-534.0626493691491072615165
2018-10-17,-2149.0924930414374969207153
2018-10-19,-1926.6123366834560725939269
2018-10-22,-2446.1421802951989731217364
2018-10-23,-778.3220238766603362098291
2018-10-24,487.1881325721657015712279
2018-10-25,-1716.4117109487149952137927
2018-10-26,-1148.4015544392965608645603
2018-10-29,3113.9586021004268714550344
2018-10-30,-1574.6412413295388302829007
2018-10-31,4443.9189152708122030299608
2018-11-01,852.6690719014858416383833
2018-11-02,-23.0123714375120430762101
2018-11-05,2136.0429488170228218365437
2018-11-06,-1001.3484456722854254190465
2018-11-07,-129.8398384953042783600576
2018-11-09,-2482.8812296517110925270194
2018-11-12,-2657.1726191411831609866516
2018-11-13,-42.6640069633977143197671
2018-11-14,131.6446068819680793908276
2018-11-15,-739.8467776047628854275666
2018-11-16,-826.9881604232676518254370
2018-11-19,218.8204584267767996810465
2018-11-20,44.5290789456935511221406
2018-11-21,-129.7622988661942529133610
2018-11-22,-42.6036750085634052660142
2018-11-26,-1785.5950494810906361936089
2018-11-27,-304.0364222834526133590510
2018-11-28,-2047.0277934153259418182422
2018-11-29,916.0808371236128359920427
2018-11-30,-1001.2105306663127597337195
2018-12-03,2397.6481032152208538423273
2018-12-04,-114.8478712314626777864519
2018-12-05,-1948.9671385794866482877728
2018-12-06,-3305.9183568819565708295620
2018-12-07,1895.7704265159780476944421
2018-12-10,-4128.3007883853535425231441
2018-12-11,1484.5879984143779724631776
2018-12-12,3293.8767869155019703641310
2018-12-13,826.6855771183478926680134
2018-12-14,251.0143690232452446530440
2018-12-17,2080.8631626305235953997159
2018-12-18,600.5519579405125778031506
2018-12-19,1340.7207549535418885854536
2018-12-20,24.8895536699412883080740
2018-12-21,-3922.6216459099593986158348
2018-12-24,-1517.0928437858302839090509
2018-12-26,1155.7159600426585845820816
2018-12-27,1299.6447655758372229000213
2018-12-28,1237.9735728140357109884003
2018-12-31,271.6623817575841927043973
2019-01-01,682.8711924068128758311134
2019-01-02,-2235.3617452379479679100500
2019-01-03,-853.4815085027814663217228
2019-01-04,-70.8914816866027078490178
2019-01-07,-518.2614548652315190997330
2019-01-08,120.1985719613331053390361
2019-01-09,2333.3185987930921710748728
2019-01-10,1945.9786256300466839100765
2019-01-11,-1565.1713475278023501582990
2019-01-14,-406.6613206804539249384085
2019-01-15,3023.0087061720929659564228
2019-01-16,1834.9287330298393291077366
2019-01-17,869.1587598927861712919798
2019-01-18,-1961.8612132390655005194580
2019-01-21,736.4488136342853208397926
2019-01-22,399.0288405128396427311200
2019-01-23,-1541.8611326034015272890324
2019-01-24,-850.5211057144371814691269
2019-01-25,-468.3410788202663118624946
2019-01-28,222.7889480791120896727028
2019-01-29,1614.2689749836990314735102
2019-01-30,168.4690018934955220722179
2019-01-31,4755.5490288085025701963981
2019-02-01,1795.4590557287211847689442
2019-02-04,904.7790826541523749081073
2019-02-05,1091.4691095847971499275349
2019-02-06,2680.6391365206565193363081
2019-02-07,-2383.5108365382685071610200
2019-02-08,-2820.9808095919769196643866
2019-02-11,-138.8307826404677080781819
2019-02-12,-2060.8107556837398621112102
2019-02-13,-1031.1607287217923712766532
2019-02-14,-448.8807017546242248920308
2019-02-15,898.5193252177655879208353
2019-02-18,629.0393521953780782358607
2019-02-19,66.2193791782142573227358
2019-02-20,3174.6294061662751366469634
2019-02-21,-978.8305668404382721301030
2019-02-22,-1305.5905398419249571512214
2019-02-25,2142.2294871618160936367766
2019-02-26,-309.9104858292141075169761
2019-02-27,-962.8804588150145481673444
2019-02-28,76.8795682044157843268469
2019-03-01,-2840.2304047709220971971483
2019-03-05,-6864.5383777410271797059606
2019-03-06,376.1846901168756019455921
2019-03-07,-1610.7665917295700772047268
2019-03-08,1286.8921281120847324971708
2019-03-11,293.4208496421668988040387
2019-03-12,-1114.0004271389966472398008
2019-03-13,2032.0282977689210887137982
2019-03-14,-1941.8829756337528356709369
2019-03-15,-37.7042473466912994014376
2019-03-18,-1941.8655173695671181445320
2019-03-19,2032.0632142979469557858201
2019-03-20,-1776.2680523438217665592061
2019-03-22,2197.6606827054540892489696
2019-03-25,45.1294194461019610286035
2019-03-26,-286.0218421215506500000973
2019-03-27,293.5168980028238207973014
2019-03-28,-1031.1143601804469985182602
2019-03-29,-1362.2656166710354164470544
2019-04-01,127.9631285313863219617177
2019-04-02,3080.1016754271460351222118
2019-04-03,-1728.3626527983830490618955
2019-04-04,686.4573544331745180321936
2019-04-05,1232.3673616661323352811017
2019-04-08,1191.0073689004906738159759
2019-04-09,533.7473761362498048204617
2019-04-10,-1279.4526166265900004692849
2019-04-11,-419.3426093880284707645893
2019-04-12,978.5673978519346652757537
2019-04-15,-352.1725949067003209545115
2019-04-16,1867.5374123360668419909102
2019-04-18,-1452.1725804197635743891261
2019-04-22,-2534.1725731741912985431950
2019-04-23,-577.1125659272160588672901
2019-04-24,2315.4074413211624162951858
2019-04-25,917.8674485709443986534305
2019-04-26,1627.6474558221301599692534
2019-04-30,-63.4125369252800279429149
2019-05-02,-3259.6425296712858932160122
2019-05-03,-635.6098824158871639303345
2019-05-06,-2198.8731521535517468898850
2019-05-07,-1754.0445226522281661793600
2019-05-08,-2604.9958914799698729610944
2019-05-09,-2024.7872586364533233003031
2019-05-10,121.9613758786450893857749
2019-05-13,-2430.9099879343509656599931
2019-05-14,1282.3786499248822434774999
2019-05-15,-651.6127105433314886022644
2019-05-16,1147.0159306613316953967080
2019-05-17,3061.6845735391957154790631
2019-05-20,8360.8532180905845543702419
2019-05-21,-1618.5781356841777424713756
2019-05-22,528.1705122152329331576769
2019-05-23,-1347.8008382108592477818988
2019-05-24,3815.9878130378699484399866
2019-05-27,992.3564659617448183349638
2019-05-28,315.4651205610897212083612
2019-05-29,-767.5662231637709208286362
2019-05-30,1437.2024347874873771531744
2019-05-31,-400.0889055848108370868231
2019-06-03,3042.4397557196590470531024
2019-06-04,-2757.8215812987782969708029
2019-06-06,-7509.9267016844821999540342
2019-06-07,485.6533008904773699405866
2019-06-10,2124.1233034659355305610565
2019-06-11,480.2233060418923784497506
2019-06-12,-3310.0966913816519898322631
2019-06-13,419.0733111953025222947811
2019-06-14,-2734.3366862272439885706503
2019-06-17,-6223.8566836492914258113870
2019-06-18,335.2133189291603072084502
2019-06-19,-1484.7266784918886928565486
2019-06-20,5665.2433240875616706669223
2019-06-21,-1506.3666733324885055291124
2019-06-24,-283.6666707520391247339055
2019-06-25,2090.7933318289099097820159
2019-06-26,2830.9833344103586947668553
2019-06-27,1342.9533369923073269875488
2019-06-28,-1303.2566604252440967702300
2019-07-01,1813.6133421577045202979330
2019-07-02,1400.8442647411532750151963
2019-07-03,4311.5635962709327703815519
2019-07-04,-536.9164030327194672363685
2019-07-05,-402.7964023362368706843280
2019-07-08,-4839.5564016396194138543180
2019-07-09,-2328.6964009428670706332746
2019-07-10,177.4435997540201850969225
2019-07-11,4940.7036004510423794594507
2019-07-12,-2445.8763988518004614174541
2019-07-15,1855.4636018454916885995029
2019-07-16,1716.7036025429188556486767
2019-07-17,161.5636032404810658734841
2019-07-18,2209.2036039381783454224032
2019-07-19,-1881.7163953639892795510241
2019-07-22,-4024.9163946660217828881923
2019-07-23,-996.5563939679191384254303
2019-07-24,-701.9363932696813199940013
2019-07-25,-213.8763925713083014201010
2019-07-26,-581.2963918728000565248577
2019-07-29,-1932.8563911741565591243300
2019-07-30,-1232.0963904753777830295069
2019-07-31,-352.6363897764637020463064
2019-08-01,-4038.5963890774142899755743
2019-08-02,5128.2596116217704793869164
2019-08-05,5378.7458563861751833651145
2019-08-06,1567.7542494663038254053664
2019-08-07,3701.9226441715888242196276
2019-08-08,-337.7289594976551403435264
2019-08-09,1034.2394384588866724960984
2019-08-13,4464.1478380415290644621126
2019-08-14,-3996.2637607494131017666559
2019-08-16,958.0446420863750974556408
2019-08-19,348.2930465492086467536755
2019-08-20,1948.9214526394025917427537
2019-08-21,-1785.8501396427279609593772
2019-08-22,1948.9382697031321562792842
2019-08-23,-794.9733193227018278831925
2019-08-26,6674.5950932800853762491472
2019-08-27,-32.7564924881908805780387
2019-08-28,2025.1919233727848134424323
2019-08-29,119.7003408633279311910907
2019-08-30,-3157.7512400162459933663592
2019-09-03,4997.7971807343786348327885
2019-09-04,1034.3656031155174719600713
2019-09-05,-490.0259728725137646923085
2019-09-06,-7502.2575472293992966996498
2019-09-09,1339.2708800451767155070850
2019-09-11,-2700.3806910484698273468905
2019-09-12,-1328.4122605100229633683458
2019-09-13,-185.1038283391666694841884
2019-09-16,1034.4246054644151385703815
2019-09-17,881.9930409010386062637201
2019-09-18,-1785.6985220289800597204090
2019-09-19,-2395.4500833253245914709820
2019-09-20,196.0383570123213401621405
2019-09-23,2025.3267989842741255800719
2019-09-24,119.8352425908502164467589
2019-09-25,1949.1236878323661257008443
2019-09-26,-2624.0678652908615724324685
2019-09-27,272.3005832214837575704517
2019-09-30,-337.4509666302811874564674
2019-10-01,-2471.6025148458396493571296
2019-10-03,5455.2859385751251913586037
2019-10-04,2254.0543936329302155267892
2019-10-07,-261.1971496721076346587196
2019-10-09,958.3313086603286443656087
2019-10-10,882.1197686305561175448656
2019-10-11,-1252.0317697611080887824111
2019-10-14,729.6966934856532131276497
2019-10-15,1339.4651583711572724361429
2019-10-16,-1404.4463751042786002667212
2019-10-17,501.0620930596629670502783
2019-10-18,-184.9094371367005921287305
2019-10-22,-718.4409656930517828548135
2019-10-23,1034.6275073909269512976716
2019-10-24,-642.2040178844467717570217
2019-10-25,4464.5444584811447273958779
2019-10-27,-1099.5070635119808103164323
2019-10-29,-3157.4385838635055824424183
2019-10-30,-337.2901025731117249942966
2019-10-31,3168.8383803595186875638816
2019-11-01,882.2468649347036423281473
2019-11-04,-665.4871488472388120334658
2019-11-05,-1279.8286738639698865546876
2019-11-06,-1003.3386697345793644158685
2019-11-07,358.9813343956107337014706
2019-11-08,-3852.5586614733994373803684
2019-11-11,1148.6713426583902771908943
2019-11-13,724.0313467909800322975232
2019-11-14,-191.5086490756300171482278
2019-11-15,-1394.0786449414397162041087
2019-11-18,-1409.5986408064489098978683
2019-11-19,3330.1313633293425567727524
2019-11-20,1852.5013674659348388400252
2019-11-21,-1553.8286283966719086337590
2019-11-22,-227.2086242584775305562845
2019-11-25,-118.5186201194818718052050
2019-11-26,-944.0686159796847772281377
2019-11-27,467.5113881609139083573421
2019-11-28,1291.4713923023143401637077
2019-11-29,-1055.0886035554833265665141
2019-12-02,214.2214005875210634392630
2019-12-03,-680.2385952686723345163086
2019-12-04,3044.5314088759366348994943
2019-12-05,-1150.0585869786518729505276
2019-12-06,-2130.3785828324377026734909
2019-12-09,-2717.8385786854206988464232
2019-12-10,-1174.6885745376007060162576
2019-12-11,1207.0414296110224313001735
2019-12-12,1741.1114337604488686161435
2019-12-13,894.4814379106787614750384
2019-12-16,998.5614420617122654503621
2019-12-17,2402.9914462135495361457419
2019-12-18,1904.6214503661907291949350
2019-12-19,1296.8214545196360002618341
2019-12-20,1029.9714586738855050404729
2019-12-23,-713.9785371710606007449674
2019-12-24,-130.2785330152021613401531
2019-12-26,566.7714711414609790394087
2019-12-27,2660.5714752989289762083754
2019-12-30,2392.8214794572019860115745
2019-12-31,-820.1785163837198356759894
2020-01-01,-315.9285122238363329491304
2020-01-02,1338.7714919368526501275261
2020-01-03,7199.8714960983472695195480
2020-01-06,1521.7715002606476812227033
2020-01-07,-4240.2784955762459587370348
2020-01-08,4216.2215085876665056965188
2020-01-09,-4790.0784872476147693902344
2020-01-10,-315.9284830820896278806688
2020-01-13,-96.3784789157579136279307
2020-01-14,1071.0215252513805295450688
2020-01-15,2286.6215294193258578456592
2020-01-16,-559.5784664119217724885834
2020-01-17,154.4215377576377948101690
2020-01-20,-364.8184580719952839599967
2020-01-21,-1743.9284539008208524707299
2020-01-22,-29.9584497288387543634103
2020-01-23,729.0115544439511667508587
2020-01-24,2876.2015586175490672912551
2020-01-27,1020.1715627919551037072445
2020-01-28,-2151.0884330328305675214143
2020-01-29,321.8515711431922101153371
2020-01-30,654.0615753200235931578619
2020-01-31,-1528.2984205023362618231656
2020-02-01,-1781.7484163238871982267543
2020-02-03,-2822.0784121446290594215900
2020-02-04,1679.5115920354383112539695
2020-02-05,-5.1684037836849295080986
2020-02-06,3932.2116003980013750145227
2020-02-07,-424.0883954195026184255026
2020-02-10,1370.0216087638032469548407
2020-02-11,-276.8383870520808720310735
2020-02-12,1149.2016171328451814604923
2020-02-13,1626.7016213185815643036450
2020-02-14,-2368.6783744948715665971324
2020-02-17,-371.9683703075140543069754
2020-02-18,708.1416338806542581393674
2020-02-19,6575.8116380696335277375410
2020-02-20,392.1916422594239115135896
2020-02-24,8773.7416464500255665239623
2020-02-25,-9403.0583493585613501444809
2020-02-26,-1710.7183451663366813744632
2020-02-27,-1781.0583409733002700182850
2020-02-28,-7840.9483367794519588978179
2020-03-02,-4197.9583325847915908044998
2020-03-03,2078.8534216106809915006728
2020-03-04,7510.7740201719112703375708
2020-03-05,-416.0979995364861245572538
2020-03-06,7739.4499823003443859298151
2020-03-09,-4455.7420343172979949391774
2020-03-11,-2092.9140493891140059673069
2020-03-12,-1635.5860629148043280115520
2020-03-13,-10172.2180748940695839715738
2020-03-16,-7199.6300853266103387784941
2020-03-17,-6361.2020942121270993836705
2020-03-18,4690.7058984496796852525303
2020-03-19,-1711.7661073408903758280392
2020-03-20,6901.1018884164623844299244
2020-03-23,-8266.6701142779623088935922
2020-03-24,10483.4578845761353273173171
2020-03-25,4614.5258849790551342257149
2020-03-26,-2016.6061130689029889469401
2020-03-27,11093.2418904325609150904494
2020-03-30,12007.8898954837468617098623
2020-03-31,-11620.3020979150450756245935
2020-04-01,270.0259102364852346545665
2020-04-03,4233.4739199386379822294543
2020-04-07,6748.7419311917134149080620
2020-04-08,956.0299439960118386355171
2020-04-09,7663.3979583518336175053390
2020-04-13,12998.8059742594791737706990
2020-04-15,1413.3739917192489878556814
2020-04-16,4538.4020107314435983665470
2020-04-17,-5979.9499687036363978970005
2020-04-20,-6970.8019465856903459305470
2020-04-21,3852.4460770855824674863024
2020-04-22,4309.7741023104828138011957
2020-04-23,41.4621290893115227003090
2020-04-24,651.2301574223694821196225
2020-04-27,-949.3818126900423617437999
2020-04-28,956.1262187523769955794703
2020-04-29,-2321.3257482500713831574906
2020-04-30,1565.9022863029136230933271
2020-05-04,1261.0303224116331936861541
2020-05-05,-9028.6616399236114337072679
2020-05-06,-1330.4336007025189630863942
2020-05-07,-2245.0655599247880401105830
2020-05-08,3471.4424824098827479122012
2020-05-11,-2549.9294736982051279633139
2020-05-12,575.0985717512498616915924
2020-05-13,-2016.3733812414506953090630
2020-05-14,4005.0146673239948472453378
2020-05-15,2404.4027174478881939733213
2020-05-18,5681.8707691305311079126322
2020-05-19,-8876.1411776277745894684551
2020-05-20,3928.8268771732729817401778
2020-05-21,-3388.2850664660242400981910
2020-05-22,1718.4629914546357418441950
2020-05-26,-3388.2689490644450171291091
2020-05-27,-4150.4608880229644032274267
2020-05-28,4157.5271745793797558383652
2020-05-29,-1482.7447612571103091328373
2020-06-01,1718.5033044678676911789650
2020-06-02,-186.9886282453838953737949
2020-06-03,-2244.9205593965626623949159
2020-06-04,-491.8524889853661449330935
2020-06-05,2938.0555829885081805294189
2020-06-08,-4074.1763434746371039118505
2020-06-09,2709.4117316255006424277511
2020-06-10,1642.3398082892241188333457
2020-06-11,4005.1678865168360832018709
2020-06-12,575.2759663086393520534295
2020-06-15,-2930.8359523350631994573596
2020-06-16,3395.4321305860313624699921
2020-06-17,-1482.6397849277739697068017
2020-06-18,1489.9483011238238551385559
2020-06-19,-720.4236112588720531876953
2020-06-22,4233.8844779244414738119900
2020-06-23,-491.7474313259323366621733
2020-06-24,3700.3606609903098013040662
2020-06-25,-2930.7712451265287676496350
2020-06-26,194.2568503238553598531560
2020-06-29,1261.3449473417656459370213
2020-06-30,956.4730459275056114860681
2020-07-01,3014.4211460813788361553061
2020-07-02,-5750.8707521963110416179727
2020-07-03,-263.0226489052603246028117
2020-07-06,575.4054559548347432367942
2020-07-07,1185.1735623842779767532852
2020-07-08,4538.8616703833732496269254
2020-07-09,2480.9297799524244943771935
2020-07-10,-948.9621089082642976258242
2020-07-13,499.2260038016109238499617
2020-07-14,-1025.1658819176457320899590
2020-07-15,804.1222339342699025447036
2020-07-16,-720.2696486423379453595585
2020-07-17,-1787.3415296471649900086471
2020-07-20,1490.1265909200931133105482
2020-07-21,1490.1347130597407682415590
2020-07-22,4767.6028367720824373697486
2020-07-23,4767.6109620574226422337247
2020-07-24,3243.2190889160659633367551
2020-07-27,11703.6472173483170401581843
2020-07-28,-3311.6846526455194288351461
2020-07-29,3929.2234789348613138225238
2020-07-30,270.6716120897640846072964
2020-07-31,4538.9997468194937590170428
2020-08-03,1185.3278831243552715828310
2020-08-04,-142.8339789953463841196429
2020-08-05,9179.6884792370837601944647
2020-08-06,4711.8684866878379281526940
2020-08-07,3217.4784941400347894146004
2020-08-10,-2815.5514984063253766703807
2020-08-11,-9466.3614909512422906987238
2020-08-12,-13623.0514834947156732128020
2020-08-13,4720.5085239632547552991231
2020-08-14,1046.5985314226692744029116
2020-08-17,-1373.0014611164718362814435
2020-08-18,11663.0085463458317029201935
2020-08-19,-3432.0214461904198282638883
2020-08-20,-10035.3114387252261500512355
2020-08-21,1232.5185687414130173947791
2020-08-24,-1831.4014237905020460350318
2020-08-25,-3300.9514163209710603956603
2020-08-26,-952.1714088499937456878929
2020-08-27,2755.8385986224301781417008
2020-08-28,1231.4386060963009912007776
2020-08-31,-6596.3813864283810263487678
2020-09-01,1764.9786210483844057092067
2020-09-02,2877.1146285265975676451018
2020-09-03,-4268.3177963480695550210742
2020-09-04,-895.2377959213753154821734
2020-09-07,504.0622045054015450784687
2020-09-08,-200.8577950677389573411976
2020-09-09,-3.3577946407968067401242
2020-09-10,5071.7622057862280128858351
2020-09-11,-13.8977937866644824560745
2020-09-14,-1067.0777933594742767555085
2020-09-15,5416.6622070677986460009780
2020-09-16,96.8422074951543018299306
2020-09-17,-4884.7977920774072932490044
2020-09-18,2499.6822083501138767869219
2020-09-21,-7488.0377912222821720364393
2020-09-22,-7457.9177907945954236901340
2020-09-23,-2060.7177903668258621421042
2020-09-24,-10582.4777899389734713571877
2020-09-25,5855.6822104889617647028825
2020-09-28,1088.8622109169798620794791
2020-09-29,6531.0022113450808368170809
2020-09-30,430.6222117732647049632730
2020-10-01,2474.7222122015314825687483
2020-10-05,2023.4822126298811856873073
2020-10-06,6306.8622130583138303758592
2020-10-07,-3451.5577865131705673055778
2020-10-08,2253.8222139154280087061242
2020-10-09,5031.6822143441095744772033
2020-10-12,2917.5022147728741460770089
2020-10-13,-423.3777847982782604219986
2020-10-14,-3610.1377843693476289442462
2020-10-15,-3648.6577839403339434110486
2020-10-16,2935.3422164887628122593932
2020-10-19,2413.5022169179426541519920
2020-10-20,-683.1977826527944016452252
2020-10-21,3053.2622177765516609588843
2020-10-22,-458.9977817940191419414216
2020-10-23,-369.3977813645067942487681
2020-10-26,-3148.9977809349112798626640
2020-10-27,1607.3422194947674173204998
2020-10-28,-1902.7777800754706865925498
2020-10-29,-3230.1977796456255754919666
2020-10-30,-504.0577792156972332647855
2020-11-02,1919.4022212143143562050787
2020-11-03,4383.0022216444092090368318
2020-11-04,2177.6022220745873413528006
2020-11-05,4447.0022225048487692784340
2020-11-06,7994.8222229351935089423030
2020-11-09,5569.1622233656215764761018
2020-11-10,-10447.0577762038670119853522
2020-11-11,3714.8022242267277596958831
2020-11-12,-589.1977753425940923391257
2020-11-13,1582.8422250881674480538133
2020-11-17,4233.3422255190123970220184
2020-11-18,-1578.8977740500592292840658
2020-11-19,-5697.0977736190474147108675
2020-11-20,1224.5622268120478568983131
2020-11-23,1928.9022272432266017033042
2020-11-24,-5409.8777723255111641329371
2020-11-25,-4415.8377718941654244443240
2020-11-26,3542.3222285372638369383606
2020-11-27,-505.1577710312233638125351
2020-12-01,-1603.3377705996270105215322
2020-12-02,-20349.0133701679470870100188
2020-12-03,1803.0199673578236921228475
2020-12-04,3293.0610633001702104817405
2020-12-07,4440.3821594547246005400907
2020-12-08,1152.9832558215279522155880
2020-12-09,3456.2643524006213633821840
2020-12-10,-1001.9745508079540601283680
2020-12-11,1106.4265461958427954750286
2020-12-14,3250.1076434120530519443546
2020-12-15,-1746.6912591592821610059836
2020-12-16,3714.0298384818782943023878
2020-12-17,524.3109363355755635133524
2020-12-18,1966.4720344018508002378450
2020-12-21,-16146.0868673192548339446042
2020-12-22,5075.1942311722998305156717
2020-12-23,7163.6753298765559711400209
2020-12-24,2979.2764287935547734230158
2020-12-28,5191.8375279233374308339965
2020-12-29,1806.5186272659451448186163
2020-12-30,1898.0797268214191248003846
2020-12-31,285.2808265898005881822127
2021-01-01,2536.4819265711307603479581
2021-01-04,5819.9230267654508746639708
2021-01-05,6448.1241271728021724806381
2021-01-06,102.4052277932259031339308
2021-01-07,1178.5663286267633239469499
2021-01-08,5215.3674296734557002314722
2021-01-11,3910.4885309333443052894982
2021-01-12,2317.7296324064704204147986
2021-01-13,-1746.4292659071246651055382
2021-01-14,1072.2518359926003460104420
2021-01-15,-6207.3070618943132409588930
2021-01-18,-7762.5059595678241127372137
2021-01-19,9620.9351429721090519513203
2021-01-20,2938.4962457255275823836091
2021-01-21,-3333.7826513075271841608390
2021-01-22,-5464.2615481270139023983566
2021-01-25,-6344.1004447328912190395685
2021-01-27,-8313.1793411251177727878410
2021-01-28,-4023.5382373036521943377317
2021-01-29,-9587.9371332684531063734384
2021-02-01,19403.2239709805208764327514
2021-02-02,12576.1850754433111474220125
2021-02-03,3827.4661801199591079505332
2021-02-04,5921.9472850105061673910670
2021-02-05,-107.6916098850062568655140
2021-02-08,5992.9894954334632605913320
2021-02-09,-139.4893990340438468066298
2021-02-10,1267.9917067125138623951423
2021-02-11,3795.3128126731778376755199
2021-02-12,1518.0739188479895365392578
2021-02-15,6067.8750252369904245185490
2021-02-16,-406.3638681597780248254220
2021-02-17,-82.7227613422743299009238
2021-02-18,161.8383456895429989158768
2021-02-19,-7093.8405470642845407175307
2021-02-22,-9773.3194396037154431084437
2021-02-23,1447.2816680712918054726083
2021-02-24,8032.2827759607787267934203
2021-02-25,5605.6438840647868506616686
2021-02-26,-8866.5950076166422850735334
2021-03-01,-3120.5138990834671345200771
2021-03-02,8439.0872096643538562586981
2021-03-03,10553.6083186268622492455625
2021-03-04,-1946.6705721959003855290456
2021-03-05,-7391.3094628038924699854619
2021-03-08,-86.1883531970724179932377
2021-03-09,455.6127566246013646304195
2021-03-10,2750.9738666611704801222046
2021-03-12,-5029.3450230873234612257250
2021-03-15,-3198.3839126208388410641903
2021-03-16,-482.7828019393340329854301
2021-03-17,-7818.6216910427674025215405
2021-03-18,-5980.8205799310973071429152
2021-03-19,5108.7405313957179037433168
2021-03-22,2063.5016429377198887948520
2021-03-23,5171.2627546949503147357731
2021-03-24,-7965.6161333325491436418874
2021-03-25,-10489.3350211447368034765865
2021-03-26,5852.7460912584290261642928
2021-03-30,7638.1072038769900442860034
2021-03-31,-485.0516832890120420320018
2021-04-01,4707.8294297604644823654927
2021-04-05,-4895.2894569745386592889706
2021-04-06,2340.8316565060202643160408
2021-04-07,5831.6327702021829925724153
2021-04-08,2390.7538841139912729540598
2021-04-09,924.1149982414868610184668
2021-04-12,-22063.4438874152884795917223
2021-04-13,4964.8772271437070228528498
2021-04-15,1895.6383419185151481698209
2021-04-16,5088.5994569091776842666766
2021-04-19,-9328.9194278842635728576839
2021-04-20,-513.8383124617668191113814
2021-04-22,2191.4428031767097576920115
2021-04-23,-7.7960809687920221649638
2021-04-26,3234.1250351017696696979174
2021-04-27,5657.5261513884366697601298
2021-04-28,4940.2872678912508226019667
2021-04-29,-97.7916153897460190938908
2021-04-30,-3589.0704984545119945408061
2021-05-03,1731.4906186969947651533834
2021-05-04,-3592.5482639351838630120656
2021-05-05,6065.5328536489940060707687
2021-05-06,3908.0539714495702656200427
2021-05-07,2680.2150894665868169657175
2021-05-10,5781.1362077000855695511303
2021-05-11,-926.0226738498915590654351
2021-05-12,-1155.2215551833026432091767
2021-05-14,-4757.7404363001057490872032
2021-05-17,6155.1806827997410652130387
2021-05-18,7669.5818021162797497253356
2021-05-19,2366.1829216495522626062810
2021-05-20,-2574.0959586003994298631532
2021-05-21,4723.9451613664666467239577
2021-05-24,4450.4662815501924749020638
2021-05-25,-1011.8125980491799546652853
2021-05-26,1578.8685225683913568161335
2021-05-27,2931.1496434029484162727911
2021-05-28,1653.2707644545332387649804
2021-05-31,4982.4318857231878474883927
2021-06-01,691.8330072089542737756909
2021-06-02,6579.7541289118745570980868
2021-06-03,5426.6752508319907450669160
2021-06-04,1220.6763729693448934352146
2021-06-07,1441.4774953239790660992953
2021-06-08,1827.6386178959353351003244
2021-06-09,-5329.8802593147442193741011
2021-06-10,6026.5608636919824910116236
2021-06-11,1094.0819869161575627426895
2021-06-14,-243.9168896421768995445491
2021-06-15,2208.1642340170212169390044
2021-06-16,-3898.2746421062059668632329
2021-06-17,-5518.9935180118163218519439
2021-06-18,-1583.7123936997677107703331
2021-06-21,2521.0087308299820117974535
2021-06-22,3897.6498555774749994279083
2021-06-23,-5005.2690194572465861402580
2021-06-24,758.2121057258594249954639
2021-06-25,3335.3332311268352109029631
2021-06-28,-1045.9856432542770421829106
2021-06-29,101.0954825825648601412344
2021-06-30,-1789.3833913625968795510863
2021-07-01,-556.1422650897200505146517
2021-07-02,1096.1388614012375661690472
2021-07-05,2615.4599881103181975933903
2021-07-06,793.2611150375640790282105
2021-07-07,1260.6622421830174539213779
2021-07-08,-1954.6166304532794260996177
2021-07-09,523.0244971287156987739180
2021-07-12,303.5456249290450965334672
2021-07-13,929.7067529477510433548846
2021-07-14,728.1078811848758235999826
2021-07-15,2421.9090096404617298181158
2021-07-16,1386.9101383145510627477662
2021-07-19,-4458.4087327928138686818699
2021-07-20,-4537.2476036815907473492978
2021-07-22,7068.5535256482627520608636
2021-07-23,618.1946551967889630594674
2021-07-26,1262.5957849640302273544255
2021-07-27,-3136.9630850499711051477031
2021-07-28,582.7980451548273236598739
2021-07-29,823.3991755784678800857705
2021-07-30,1779.6803062209929386420107
2021-08-02,4947.8014370824448820456168
2021-08-03,5618.3625681628661012201977
2021-08-04,610.6436994622989952975386
2021-08-05,1043.6048309807859716191901
2021-08-06,449.3659627183694457380574
2021-08-09,-435.9929053249081585800086
2021-08-10,-2043.0317731490044093546224
2021-08-11,-2369.9106407538768663892722
2021-08-12,4137.4504918605169187302702
2021-08-13,3364.7716246942194026375414
2021-08-16,1856.0127577472730501869769
2021-08-17,1868.6138910197203344555041
2021-08-18,1763.2550245116037367441330
2021-08-20,-7081.5838417770342534204496
2021-08-23,-65.6627078461511382842891
2021-08-24,5249.6184263042955881354309
2021-08-25,427.4195606743484400519822
2021-08-26,2399.2606952640499399106846
2021-08-27,4948.1818300734426183905012
2021-08-30,9458.1429651025690144056314
2021-08-31,8412.3441003514716751071064
2021-09-01,3143.6252358201931558843840
2021-09-02,3547.6663715087760203669431
2021-09-03,7487.2675074172628404258804
2021-09-06,970.9086435456961961755048
2021-09-07,-2187.0102201058813240250651
2021-09-08,933.5909164625728764296947
2021-09-09,2913.9520532511014023933105
2021-09-13,965.5131902597468669689077
2021-09-14,1929.3543274885518915108087
2021-09-15,3620.3954649375591056261307
2021-09-16,5108.6366026068111471763823
2021-09-17,-2836.9222595036493377209361
2021-09-20,-10724.2811213937796946907353
2021-09-21,6460.6800169364627389012620
2021-09-22,1917.3611554871206339501211
2021-09-23,7282.6822942582366696132937
2021-09-24,-932.2765667501464666877808
2021-09-27,-1447.5554275379860792660770
2021-09-28,-4001.5142881052394641673810
2021-09-29,-2794.5531484518639091686912
2021-09-30,-2281.5520085778166937766167
2021-10-01,-2249.7508684830550892257752
2021-10-04,8478.2502718324636415228074
2021-10-05,5438.4114123687822437832999
2021-10-06,-6725.2674468740565288533316
2021-10-07,6644.1736941039900854822777
2021-10-08,368.0548353029648569394956
2021-10-11,2353.4559767229105639492955
2021-10-12,3740.4171183638699932258597
2021-10-13,7694.2982602258859397681842
2021-10-14,6127.6994023090012068616819
2021-10-18,4377.5005446132586060797876
2021-10-19,-4994.4983128612990427144371
2021-10-20,-10373.2571701146289113666989
2021-10-21,-4300.4160271466881634298672
2021-10-22,-6289.2948839574339541623687
2021-10-25,-3374.6137405468234305265809
2021-10-26,7056.6274030851862688127743
2021-10-27,821.0685469386380134902366
2021-10-28,-10419.4503089864253185587851
2021-10-29,-5301.2091646899608410964053
2021-11-01,9134.7919798280743404193454
2021-11-02,-269.1268754322768711638722
2021-11-03,59.1942695290284353089035
2021-11-04,5111.0754147120331793015425
2021-11-08,7289.1965601167802885884321
2021-11-09,1315.4777057433126992560868
2021-11-10,542.7988515916733557047566
2021-11-11,-4120.0400023380947893499618
2021-11-12,8103.8811439540512251244839
2021-11-15,1896.8822904681543684792127
2021-11-16,-2711.4765627957423816144793
2021-11-17,-2173.5154158375960391635077
2021-11-18,-8090.1142686573636098513884
2021-11-22,-13787.2331212550020910366262
2021-11-23,7088.4480263695315282488977
2021-11-24,-3987.0708257837197326984627
2021-11-25,5410.4903222852871537474947
2021-11-26,-18498.0685294234047764555666
2021-11-29,-5355.4273809097524790169090
2021-11-30,-1386.6662321737129013111071
2021-12-01,4731.0549167847570176235661
2021-12-02,7214.4560659657003470867535
2021-12-03,-3622.5027846308398352823714
2021-12-06,-12279.3016350048204435034907
2021-12-07,9835.1395148438016167464746
2021-12-08,9745.2606649150694481349781
2021-12-09,1410.9018152090261616754657
2021-12-10,2232.5429657257148767289899
2021-12-13,-3791.6958835348212789941725
2021-12-14,-124.9747325725391694329048
2021-12-15,-5084.9335813873956501736326
2021-12-16,55.2675700206524315512932
2021-12-17,-14239.8512783483517631347864
2021-12-20,-17267.0901264943650647512200
2021-12-21,8021.4710255826557045415723
2021-12-22,8942.8321778827537309437173
2021-12-23,4225.2733304059722090175072
2021-12-24,-3220.2455168476456583109800
2021-12-27,3050.3556361219433402497373
2021-12-28,6167.3567893147824243581655
2021-12-29,-1105.7220572690851779585446
2021-12-30,-2452.1209036296162303029781
2021-12-31,8629.7602502332325120941665
2022-01-03,7897.0414043195043023756964
2022-01-04,4645.4025586292424020595472
2022-01-05,470.8437131624900810404038
2022-01-06,-2811.1551320807093824086768
2022-01-07,3578.3660228996872983653560
2022-01-10,4179.4471781037234183971694
2022-01-11,1411.4083335314422811046700
2022-01-12,4071.9294891828871982906274
2022-01-13,4036.7706450581014901442974
2022-01-14,1456.5318011571284852430458
2022-01-17,2739.6929574800115205539731
2022-01-18,-10134.9858859732060585644615
2022-01-19,-3448.4647292024808983608151
2022-01-20,-3960.0235722077696366890359
2022-01-21,-9045.8624149890289030068377
2022-01-24,-21994.2212575462153183740743
2022-01-25,5321.2599001207145045488863
2022-01-27,-9984.2589419881960384972105
2022-01-28,4077.7022161270964566311191
2022-01-31,7649.8633744666354024817256
2022-02-01,7930.9045330304642200084531
2022-02-02,10236.7056918186263385727669
2022-02-03,-5875.5731491688348040546183
2022-02-04,-924.7319899318757616921103
2022-02-07,-8405.4108304704530797456110
2022-02-08,-391.0896707845232952068869
2022-02-09,8130.7114891259570633480598
2022-02-10,3038.8726492610314757606204
2022-02-11,-8941.5661903792565697087897
2022-02-14,-21989.1650297948635763791014
2022-02-15,15855.5961310142539608530387
2022-02-16,-39.0027079518604444851006
2022-02-17,-723.9615466931632704407041
2022-02-18,-3206.0403852096109866337793
2022-02-21,-4836.5992235011600542555235
2022-02-22,-2992.3180615677669260666931
2022-02-23,2920.0831005906119536040300
2022-02-24,-31067.6357370259798511383294
2022-02-25,16043.6454255825012322465928
2022-02-28,5166.8465884160987847361341
2022-03-02,-3885.8322485251436042537613
2022-03-03,10305.0193147588176631330914
2022-03-04,2098.6195071962714604007468
2022-03-07,11021.8331812872217677375331
2022-03-08,-497.1931419741067676878524
2022-03-09,-2119.5794625872014662865462
2022-03-10,-6905.6457805515495491992766
2022-03-11,3964.4479041333618617228587
2022-03-14,-5120.9784085319542560623823
2022-03-15,-2444.0047185469848257691566
2022-03-16,-740.4710259112166712643035
2022-03-17,70.7426693758634829518927
2022-03-21,-659.3236326852309882350576
2022-03-22,1530.9300679060133894653952
2022-03-23,881.9837711501101897680878
2022-03-24,1368.7174770475730858313953
2022-03-25,1774.3311855989158502764867
2022-03-28,-2362.7751031953476447934161
2022-03-29,-2443.8813893347034277737754
2022-03-30,-496.9876728186374275394717
2022-03-31,151.9860463533645265744671
2022-04-01,3721.2797681818167047921393
2022-04-04,5361.1094926672334769160473
2022-04-05,-490.6710384479058578714071
2022-04-06,-1496.8709670056936305927522
2022-04-07,-2102.7508955496480115718997
2022-04-08,3024.6091759202336777578006
2022-04-11,2463.3692474039541164816514
2022-04-12,-2546.8706810984840157962923
2022-04-13,2620.6893904129219610468775
2022-04-18,-2583.5905380618252723469769
2022-04-19,-6568.5504665227230348169403
2022-04-20,-2005.3103949697686446829419
2022-04-21,4193.1696765970405802543437
2022-04-22,-2861.2702518222926772864028
2022-04-25,-7742.6301802277657340670438
2022-04-26,2184.2498913806240936701145
2022-04-27,-4240.7900369971205097975764
2022-04-28,2299.2100346390031403269925
2022-04-29,1862.0501062889977293607895
2022-05-02,-5701.6698220471340568592584
2022-05-04,56891.9124096306104680238362
2022-05-05,5460.4244170785049362357069
2022-05-06,-8856.0753109835047536966989
2022-05-09,-7766.4550389928589528167870
2022-05-10,-10375.3647669495474654151995
2022-05-11,-2181.9944948535600938083775
2022-05-12,-9719.8242227048866383381797
2022-05-13,-7081.7439505035168973714997
2022-05-16,2788.3963217505593327001159
2022-05-17,11698.6065940573522574608508
2022-05-18,766.8068664168720844710011
2022-05-19,-8838.8428611708709767326423
2022-05-20,7259.8674112941332853635895
2022-05-23,537.2176838118950842506258
2022-05-24,-4731.2520436175753646029605
2022-05-25,-5792.0417709942678437505702
2022-05-26,1872.3585016818278662328053
2022-05-27,4163.9787744107219867509667
2022-05-30,8484.1090471924247411868909
2022-05-31,580.8493200269463549031131
2022-06-01,-7039.7504070857029447578890
2022-06-02,14433.2998658544870715266873
2022-06-03,1456.3248569640047513179998
2022-06-06,-1139.5001783299931216829570
2022-06-07,-1058.3652107263673912088305
2022-06-08,239.5697597754430110664942
2022-06-09,645.1847331759992621090762
2022-06-10,-1058.3202905241373524540450
2022-06-13,3159.9346886755945616861902
2022-06-14,-4952.0503292242434924580942
2022-06-15,401.8846557769100968493386
2022-06-16,969.7396436796170500898902
2022-06-17,2997.7546344844391965111837
2022-06-20,-2031.6703718080615258518760
2022-06-21,-247.0153751973230701560377
2022-06-22,-733.7203756827832807286353
2022-06-23,726.4546267361201069534850
2022-06-24,-733.6903679400505337149585
2022-06-27,1781.0446402892672795533978
2022-06-28,-490.3003485753638620403525
2022-06-29,-246.9253345333812583602963
2022-06-30,77.5696824157778996853918
2022-07-01,4944.7847022726765301655466
2022-07-04,2673.4397250378776601471138
2022-07-05,1051.0547507119444257162553
2022-07-06,-5032.9302207045599280005413
2022-07-07,-4627.3151892110720468153496
2022-07-08,-84.5801548070284674576860
2022-07-11,-3.4451174918656175533886
2022-07-12,564.4099227349801843965086
2022-07-13,-1382.4550341259272709630939
2022-07-14,-1057.9599880740240838202276
2022-07-15,-1463.5449391087462451747178
2022-07-18,3647.0301127704703631829587
2022-07-19,-1220.1548324358100313071804
2022-07-20,77.7802252729769080465278
2022-07-21,-2842.5247141026043727914545
2022-07-22,5431.7303494380106814372931
2022-07-25,-652.2545841046132646936885
2022-07-26,-1057.8395147299114372745709
2022-07-27,970.1755575626810469619324
2022-07-28,3728.2706327737291806617414
2022-07-29,402.3657109037980658705879
2022-08-01,1375.8207919534529140551993
2022-08-02,-22752.0050840767409538755143
2022-08-03,1018.1142188618675746423007
2022-08-04,3930.9150000097093077421748
2022-08-05,643.0757813088050931226437
2022-08-08,2124.9965627591842181824675
2022-08-10,2508.0373443608759759913398
2022-08-11,2803.7181261139096652909865
2022-08-12,1724.1989080183145904962634
2022-08-16,-493.2403099258799383037450
2022-08-17,2378.2804722813553946553737
2022-08-18,-96.9187453599500891855426
2022-08-19,-5048.9179628497670627081300
2022-08-22,-8548.7571801880661931153998
2022-08-23,3662.9236026251818580693607
2022-08-24,2301.9643855900064350036886
2022-08-25,900.3651687064368875270448
2022-08-26,-2487.4740480254974288380851
2022-08-29,-8368.2732646057671528850912
2022-08-30,8939.5675189656570822778620
2022-09-01,-8455.9516973111953507710642
2022-09-02,-18529.9346734362950737662809
2022-09-05,2837.5169119208244146567759
2022-09-06,1742.6770546094529222590683
2022-09-07,871.9171973257103012773677
2022-09-08,3910.9173400696019015040418
2022-09-09,1226.8474828411330737673408
2022-09-12,5671.7476256403091699315993
2022-09-13,4937.7877684671355428974352
2022-09-14,-205.7520886783824533980482
2022-09-15,1719.7280542037605360189380
2022-09-16,-17306.2818028864301328409316
2022-09-19,2410.5783400510508970701056
2022-09-20,6513.6284830162089838370992
2022-09-21,-6522.4413739909505134174121
2022-09-22,342.3187690295777654668000
2022-09-23,-12499.8010879222008183121456
2022-09-26,-15989.2109448462809025180385
2022-09-27,472.3191982573428761236238
2022-09-28,-5321.0206586113241180741620
2022-09-29,-1499.0305154522765197597049
2022-09-30,7706.1996277344910374575819
2022-10-03,-11920.3902290510160789926179
2022-10-04,11915.1527141912074993586774
2022-10-06,2687.2986960372584990560743
2022-10-07,-470.8378546402439153072945
2022-10-10,-3278.9144027135472017884670
2022-10-11,-3933.3609481821471079911698
2022-10-12,952.2725089544607161195176
2022-10-13,-3195.1640313032192817639316
2022-10-14,-1170.8905689546825562725823
2022-10-17,1987.2728960005755356578765
2022-10-18,3691.9263635630597348060475
2022-10-19,-463.1201662667251203162537
2022-10-20,3433.2133065117259065549251
2022-10-21,-4298.5332181010821505453992
2022-10-24,2192.8102598953558402077863
2022-10-25,-1102.3062594984548915515745
2022-10-27,3212.5772237179909816383325
2022-10-28,-569.5792904548011149138664
2022-10-31,1995.0041979836743419662136
2022-11-01,4102.9876890339229733376658
2022-11-02,-4226.2552173035495018367549
2022-11-03,26.4384412870083273852273
2022-11-04,1346.4386578513612706202800
2022-11-07,4594.4688744576476792151221
2022-11-09,-1171.5209088941243272321076
2022-11-10,-6080.1406922039466275510682
2022-11-11,9361.6495245281889010010869
2022-11-14,1616.8597413022903827400160
2022-11-15,2009.3499581183659435544917
2022-11-16,-2763.9398250235762890932924
2022-11-17,-3823.1996081235281861674188
2022-11-18,-2239.4093911814816170579404
2022-11-21,-4519.8791741974284495805759
2022-11-22,1826.5710428286394500235947
2022-11-23,1366.5012598967302170884355
2022-11-24,5300.3014770068519885230596
2022-11-25,2087.7316941590129028121332
2022-11-28,1981.3319113532211000161822
2022-11-29,2444.8421285894847217718963
2022-11-30,5592.3623458678119112924341
2022-12-01,2948.1525631882108133677291
2022-12-02,-680.4072194493104256352056
2022-12-05,-846.9870020447436577719715
2022-12-06,-615.9867845980807335204799
2022-12-07,-1556.8165671093135017806457
2022-12-08,2795.7436504215661901259178
2022-12-09,-4004.3961320054335035437956
2022-12-12,239.8740856096955730461211
2022-12-13,1568.9543032669615773107931
2022-12-14,2447.8245209663726682448705
2022-12-15,-8447.3652612920629935771666
2022-12-16,-7310.3250435083372460007022
2022-12-19,6346.3151743175580747093227
2022-12-20,-885.2446078143688661312858
2022-12-21,-8825.6243899041099016256666
2022-12-22,-4128.0141719516568632955985
2022-12-23,-18387.4939539570015810811939
2022-12-26,10982.1362640798641166594081
2022-12-27,4094.5664821589484031503470
2022-12-28,1543.3967002802594531983483
2022-12-29,1626.4369184438054431930293
2022-12-30,-1794.0228633504054488927946
2023-01-02,1498.2573548976349564971978
2023-01-03,1275.4685431879348405031385
2023-01-04,-381.1340666567961782192453
2023-01-05,-3171.0340655079199281633601
2023-01-06,-4431.9740643588212206172201
2023-01-09,8977.8459367904999874937311
2023-01-10,-4911.0940620599562607476093
2023-01-11,435.3659390898100777499980
2023-01-12,-1432.4740597602009539138641
2023-01-13,3809.6859413900106873687327
2023-01-16,2432.4259425404450447140641
2023-01-17,1055.7859436911021612467539
2023-01-18,1807.8059448419820800997766
2023-01-19,-100.9140540069151555855420
2023-01-20,144.1259471444104973404782
2023-01-23,1832.7859482959590820358715
2023-01-24,980.2859494477306416670295
2023-01-25,-5320.0340494002747805912981
2023-01-27,-5259.9940482480571415560014
2023-01-30,371.9459529043836019643906
2023-01-31,-387.7740459429525068302874
2023-02-01,4818.2659552099345752681636
2023-02-02,7300.2059563630448914763096
2023-02-03,-3689.4140424836215149809158
2023-02-06,-3895.1940413300646008702094
2023-02-07,-564.6340401762843229498962
2023-02-08,3610.2859609777193620300714
2023-02-09,-30.7340378680535026718848
2023-02-10,-3976.3940367136028737889662
2023-02-13,-1509.8540355589287080459969
2023-02-14,3324.3659655959690378405785
2023-02-15,-2615.4740332489095928373033
2023-02-16,625.1859679064354432206765
2023-02-17,-3535.7740309379958106767785
2023-02-20,1857.7059702177966887874207
2023-02-21,-1457.4540286261870150612489
2023-02-22,-5615.0940274699468788889215
2023-02-23,-3065.7940263134828593533405
2023-02-24,-1558.3740251567949131038568
2023-02-27,-4067.2340239998829967814274
2023-02-28,-1746.7540228427470670186136
2023-03-01,5421.4059783146129195604206
2023-03-02,1981.3942794721970063399099
2023-03-03,138.7463683047097381301583
2023-03-06,283.8791840047308921098805
2023-03-08,-5230.6679978137374670973771
2023-03-09,-296.5751771502148433590584
2023-03-10,2678.3976459957793524961022
2023-03-13,10152.0904716247258026960950
2023-03-14,2315.6232997371052825436535
2023-03-15,-1384.9238696666013395657234
2023-03-16,5653.4089634140868978742544
2023-03-17,429.1017989796510494986969
2023-03-20,8483.2746370305722630895668
2023-03-21,-3053.7525224326682204062845
2023-03-22,-3126.2996794095890668590771
2023-03-23,2388.2731661002911510619400
2023-03-24,3984.6060140974539539065360
2023-03-27,-3561.6211354176190445384522
2023-03-28,138.9517175555538627689341
2023-03-29,2098.0845730174544761438318
2023-03-31,2460.8974309685646891926170
2023-04-03,-1529.8897085906335111690309
2023-04-05,7757.8031543403419553019379
2023-04-06,-296.3439802380267378059851
2023-04-10,-3053.6111123252573235407921
2023-04-11,1300.0017580791325584311187
2023-04-12,1300.0146309756253618430250
2023-04-13,1662.8275063647036338459652
2023-04-17,-1384.6796157531499849731730
2023-04-18,-1529.7867353774527605735605
2023-04-19,-2835.8538525077218654423316
2023-04-20,3839.6790328565256214235156
2023-04-21,-2473.0280792842272854647788
2023-04-24,-151.0951889294974780696302
2023-04-25,501.9577039211982451910003
2023-04-26,1227.5705992683431794617183
2023-04-27,-5.9365028875792865321866
2023-04-28,-1529.6836025460856704666213
2023-05-02,502.0093002933076035994347
2023-05-03,1106.3331956310842052420563
2023-05-04,6290.6647340722315533109440
2023-05-05,-2822.9352611384975115955284
2023-05-08,820.0747436517007724551383
2023-05-09,1434.0347484428265850259923
2023-05-10,951.0847532348801057148508
2023-05-11,166.3147580278615141543066
2023-05-12,-3492.4452371782290099882651
2023-05-15,4541.2647676166087129893000
2023-05-16,-3095.6252275876251371760382
2023-05-17,-4409.3052227909303807125169
2023-05-18,-1438.1452179933068378135642
2023-05-19,235.2547868052456713622078
2023-05-22,5499.7447916047273266910098
2023-05-23,-3509.4552035948616919161178
2023-05-24,981.1248012064787954867015
2023-05-25,-1386.0351939912510311198129
2023-05-26,2825.1548108119490082799085
2023-05-29,1129.1348156160790937362914
2023-05-30,87.9648204211394053346248
2023-05-31,-1275.8351747728698768049320
2023-06-01,-2167.5451699659485725273435
2023-06-02,5410.2869848419034983573098
2023-06-05,-3497.8702773022330408568307
2023-06-06,4133.2297381345133108200537
2023-06-07,2496.7997535742486875124057
2023-06-08,-4215.8102309830263320133467
2023-06-09,1682.5397844626888311212908
2023-06-12,991.2997999113947559069019
2023-06-13,2826.2898153630920214461796
2023-06-14,-1248.3001691822187930460504
2023-06-15,-3027.9201537245371082428094
2023-06-16,8106.3998617361376552950573
2023-06-19,-2171.4101228001939228810989
2023-06-20,2068.4498926664687368922923
2023-06-21,-3714.6900918638737856089581
2023-06-22,-7299.3700763912209104967771
2023-06-23,-3017.5100609155720577708073
2023-06-26,3384.0799545630733526816141
2023-06-27,-1468.9400299552840989145225
2023-06-28,166.3999855293561677781229
2023-06-30,2120.6300010169947332092607
2023-07-03,2414.7100165076321779409946
2023-07-04,-109.5899679987309173521574
2023-07-05,2355.7928722819336922114878
2023-07-06,3479.3628767107052288513175
2023-07-07,-5371.5771188596656892328453
2023-07-10,-2821.7171144291788959940744
2023-07-11,3829.4828900021657746467083
2023-07-12,1692.8028944343684888007385
2023-07-13,-15.5771011325705873885836
2023-07-14,3629.0229033013487122543126
2023-07-17,3379.8229077361265539371741
2023-07-18,294.5229121717631038999312
2023-07-19,2577.0229166082585284147031
2023-07-20,976.8029210456129937858041
2023-07-21,-3718.4570745161733336502494
2023-07-24,-2848.5970700771002875247334
2023-07-25,2798.1629343628322985632900
2023-07-26,2692.0529388036245910469793
2023-07-27,-37.0670567547232436082810
2023-07-28,2535.0129476877889610951273
2023-07-31,2967.6229521311613716870604
2023-08-01,245.2729565753941547296204
2023-08-02,-9039.7770389795125231828391
2023-08-03,-4800.6270345335584954237073
2023-08-04,5907.8829699132564046658914
2023-08-07,2453.3729743609323437771020
2023-08-08,519.6629788094694886333468
2023-08-09,1481.8729832588680059903303
2023-08-10,-3798.8570122908719373639541
2023-08-11,-589.7470078397501746092172
2023-08-14,-6364.3770033877665388928687
2023-08-16,321.5130010650791366699895
2023-08-17,-2242.9669944812129810034304
2023-08-18,-3889.8269900266427249635961
2023-08-21,3034.5330144287900717713513
2023-08-22,747.0030188850855762156038
2023-08-23,4081.0430233422439554156917
2023-08-24,-1848.4169721997346235495084
2023-08-25,-2631.7269677408499935687695
2023-08-28,361.3330367188980125014945
2023-08-29,4937.8230411795095618372326
2023-08-30,658.3430456409848216467650
2023-08-31,-1870.3769498966760408292118
2023-09-01,4333.8830545665271416823818
2023-09-04,5470.2330590305945364870141
2023-09-05,1285.5230634955263109225494
2023-09-06,2399.8630679613226323592533
2023-09-07,3996.3330724279836681997999
2023-09-08,4873.5830768955095858792768
2023-09-11,6575.2830813639005528651929
2023-09-12,-8610.2969141668432633425166
2023-09-13,3396.2430903032783047885169
2023-09-14,2672.9730947742654248231012
2023-09-15,1590.6930992461182643584900
2023-09-18,237.3231037188369910243884
2023-09-20,-5486.1368918075782275170396
2023-09-21,-8820.3368873331272235711658
2023-09-22,-1855.1368828578098294108914
2023-09-25,-1406.3068783816258772766403
2023-09-26,294.7331260954248006236473
2023-09-27,2456.1431305733423721145200
2023-09-28,-7338.9968649478729949469767
2023-09-29,4739.3131395317788673287041
2023-10-03,-2502.0668559877018731363813
2023-10-04,-5884.2368515063150483876625
2023-10-05,1821.1131529759395095619522
2023-10-06,3959.4431574590619687320824
2023-10-09,-6744.1968380569475028251193
2023-10-10,7989.7731664279112629750403
2023-10-11,4007.4631709136384342498005
2023-10-12,821.0931754002341791489531
2023-10-13,-1185.0668201123013341451510
2023-10-16,576.5631843760320625824044
2023-10-17,2706.4731888652345375791069
2023-10-18,-5026.2768066446937408749781
2023-10-19,-2064.2668021537526044672010
2023-10-20,-5232.7367976619418848523214
2023-10-23,-10566.2167931692614136525029
2023-10-25,-5647.2967886757110224573051
2023-10-26,-5567.0967841812905428236789
2023-10-27,7767.6632203140001937240408
2023-10-30,2215.9232248101613556941413
2023-10-31,705.6032293071931116275378
2023-11-01,-4308.6967661949043699022196
2023-11-02,9710.2392183038690797110605
2023-11-03,3044.6543804774765339784634
2023-11-06,3115.3043813256706066646704
2023-11-07,36.5643821740289155988194
2023-11-08,2176.9443830225514925820580
2023-11-09,-5072.2556161287616305783078
2023-11-10,5139.2743847200895779311860
2023-11-12,76.2043855691051499301641
2023-11-13,-1508.9256135817148827555878
2023-11-15,7370.7843872676295117058783
2023-11-16,786.5343881171383651526746
2023-11-17,5879.4743889668117094290773
2023-11-20,-2367.4456101833504236144707
2023-11-21,1634.7243906666519978786403
2023-11-22,400.7443915168190057711889
2023-11-23,341.9543923671506319321227
2023-11-24,178.8343932176469082365606
2023-11-28,4336.6543940683078665657930
2023-11-29,8864.2043949191335388072840
2023-11-30,5363.8543957701239568546719
2023-12-01,4785.4443966212791526077705
2023-12-04,10955.9343974725991579725703
2023-12-05,-672.6256016759159951387599
2023-12-06,3657.1443991757337251921274
2023-12-07,4581.1544000275483508897607
2023-12-08,-3418.3855991204720861151507
2023-12-11,-1705.7655982683275538857140
2023-12-12,-3831.5655974160180204788531
2023-12-13,2616.7344034364565460546939
2023-12-14,12979.5244042890961776703746
2023-12-15,1176.1644051419009063298246
2023-12-18,35.0344059948707640008682
2023-12-19,1179.8044068480057826575194
2023-12-20,-10213.6055922986940057200164
2023-12-21,4941.4844085547714308546585
2023-12-22,5827.5844094084021243741351
2023-12-26,6385.1244102621981068371995
2023-12-27,2944.5244111161594102488335
2023-12-28,3614.2644119702860666202163
2023-12-29,2175.0244128245781079687248
2024-01-01,1158.9344136790355663179365
2024-01-02,-4436.6594854663415263023715
2024-01-03,1680.3584528450123324127530
2024-01-04,7281.9484564180460593300758
2024-01-05,-569.2115400082283654221591
2024-01-08,-6930.8615364338108078810094
2024-01-09,2030.4684671412988659424072
2024-01-10,2155.8584707171007900629167
2024-01-11,4636.3984742935950985212950
2024-01-12,4938.9484778707819253842721
2024-01-15,4678.2384814486614047445376
2024-01-16,-1806.6215149727663292792548
2024-01-17,-11934.2115113935011425424816
2024-01-18,-3822.9915078135429008745450
2024-01-19,9297.2384957671085299211325
2024-01-20,-742.2415006515467159328874
2024-01-23,-17385.5614970695085041880529
2024-01-24,11018.8785065132232994301819
2024-01-25,1993.2985100966488292223630
2024-01-29,9550.2185136807682195150407
2024-01-30,-4846.5414827344183953392248
2024-01-31,6936.8585208510891190381415
2024-02-01,1348.5785244372908970517343
2024-02-02,5884.6285280241870731321731
2024-02-05,-3700.1114683882222182638926
2024-02-06,9073.9285352000631573462215
2024-02-07,8217.6385387890433344712398
2024-02-08,-2299.0914576212815523540686
2024-02-09,-248.9814540309113685688844
2024-02-12,-10393.2114504398459795863329
2024-02-13,4966.1785531519147492065200
2024-02-14,8145.9485567443709524486744
2024-02-15,6428.9785603375227648051998
2024-02-16,5774.7285639313703209672416
2024-02-19,2758.4185675259137556520254
2024-02-20,1090.1085711211532036028618
2024-02-21,-5226.8314252829112004108478
2024-02-22,8245.6285783137206784063934
2024-02-23,1117.4185819110489748761824
2024-02-26,-802.0914144909261761537777
2024-02-27,312.7085891077953601903264
2024-02-28,-10013.7714072927862811915760
2024-02-29,5341.0085963073290346265648
2024-03-01,9252.1685999081414425969246
2024-03-02,3520.0986035096510776978098
2024-03-04,1555.9786071118580749336632
2024-03-05,444.9986107147625693350678
2024-03-06,546.3586143183646959587534
2024-03-07,4912.7686179226645898876004
2024-03-11,-2188.5913784723376137693544
2024-03-12,-9560.4713748666417798769129
2024-03-13,-22036.8113712602477732737111
2024-03-14,13252.5586323468445412277870
2024-03-15,-6543.2013640453647011587068
2024-03-18,3300.0086395631246348067012
2024-03-19,-12668.4213568276873156099090
2024-03-20,1892.4086467821995828837345
2024-03-21,13868.6986503927854656061002
2024-03-22,3308.1686540040704679018584
2024-03-26,3228.4686576160547251418860
2024-03-27,3924.8286612287383727232723
2024-03-28,8314.1186648421215460693233
2024-04-01,11294.3586684562043806295672
2024-04-02,6157.6986720709870118797592
2024-04-03,1516.6886756864695753218869
2024-04-04,-1453.8113206973477935158247
2024-04-05,3191.9786829195350409210915
2024-04-08,5967.2186865371182142133502
2024-04-09,-1467.6613098445981380320810
2024-04-10,5975.0086937743861198180226
2024-04-12,-6092.2613026059288765768513
2024-04-15,-12102.7012989855429915309471
2024-04-16,-1769.0312953644560893322363
2024-04-18,-3387.7712917426680342424128
2024-04-19,2225.7387118798213095031131
2024-04-22,8995.1587155030120776952191
2024-04-23,2035.0987191269044061510758
2024-04-24,4015.9787227514984307141526
2024-04-25,4956.7087263767942872542224
2024-04-26,2926.9287300027921116673660
2024-04-29,4824.6687336294920398759785
2024-04-30,3491.8787372568942078287735
2024-05-02,9241.9587408849987515007882
2024-05-03,-3413.2512554861941931066110
2024-05-06,-7690.5712518566844899657238
2024-05-07,-10351.5112482264720030225107
2024-05-08,6229.4087554044434038034118
2024-05-09,-15936.2812409639381333812233
2024-05-10,7072.1587626683835215566713
2024-05-13,3456.7387663014085047765427
2024-05-14,9922.5187699351369524642022
2024-05-15,2634.8987735695690008318311
2024-05-16,6727.0487772047047861179855
2024-05-17,8839.9687808405444445876012
2024-05-18,5133.1287844770881125319996
2024-05-21,5994.4887881143359262688917
2024-05-22,2330.4287917522880221423841
2024-05-23,9156.9087953909445365229834
2024-05-24,3984.8887990303056058076022
2024-05-27,-142.1111973296286335804366
2024-05-28,-5622.2411936888580451913943
2024-05-29,-6725.1211900473824925491115
2024-05-30,-7465.7411864052018391510026
2024-05-31,1532.7188172376840515319487
2024-06-03,34555.3888208812753160551952
2024-06-04,-19622.2611754744279089993689
2024-06-05,-20644.0711718294254870234035
2024-06-06,13833.4588318162827186178836
2024-06-07,16157.5888354626968445857408
2024-06-10,4236.2788391098170275678787
2024-06-11,793.1988427576434042784746
2024-06-12,5063.0388464061761114581778
2024-06-13,6357.4988500554152858741149
2024-06-14,8845.3688537053610643198945
2024-06-18,4928.798857356013583615613
2024-06-19,-5607.871138992627019392140
2024-06-20,1129.088864659439392169720
2024-06-21,-5464.1811316877870447992169
2024-06-24,4641.5888719656938066271479
2024-06-25,1266.708875619882083401423
2024-06-26,1672.978879274777922502737
2024-06-27,2985.588882930381460936742
2024-06-28,2348.558886586692835735619
2024-07-01,6626.828890243712183958080
2024-07-02,1063.608893901439642689380
2024-07-03,5831.568897559875349041315
2024-07-04,3650.018901219019440152228
2024-07-05,4906.268904878872053187021
2024-07-08,-167.301091460566674662847
2024-07-09,4540.388912200703393820647
2024-07-10,-560.611084137317604117903
2024-07-11,1268.458919525370468792669
2024-07-12,-683.661076811232250149889
2024-07-15,6712.118926852874376378758
2024-07-16,-2469.451069482309514270470
2024-07-18,-3844.451065816783784720054
2024-07-19,-17618.241062150548297565873
2024-07-22,5588.348941516397084622795
2024-07-23,-4204.861054815947500696715
2024-07-24,90.918948852418083959549
2024-07-25,2000.958952521493976102158
2024-07-26,17370.188956191280313268313
2024-07-29,6930.528959861777233021841
2024-07-30,-58.421036467015127046790
2024-07-31,5147.768967204903370679526
2024-08-01,-1467.891029122467136155453
2024-08-02,-10848.051025449126509881323
2024-08-05,-21655.311021775074612801018
2024-08-06,-16756.341018100311307190812
2024-08-07,21179.288985575163544699689
2024-08-08,-5038.991010748649919352450
2024-08-09,9798.598992928248438456520
2024-08-12,-2264.581003394141244042979
2024-08-13,-9462.340999715818828993827
2024-08-14,507.279003963215821487783
2024-08-16,15759.879007642962845312358
2024-08-19,4842.429011323422380417112
2024-08-20,8032.019015004594564765961
2024-08-21,2394.289018686479536349544
2024-08-22,4841.599022369077433185210
2024-08-23,-1628.170973947611606682961
2024-08-26,6360.839029736412554815838
2024-08-27,302.099033421150055779149
2024-08-28,1728.389037106601034331252
2024-08-29,549.599040792765628623176
2024-08-30,3686.609044479643976832698
2024-09-02,1112.579048167236217164350
2024-09-03,1272.279051855542487849426
2024-09-04,851.849055544562927145984
2024-09-05,-3140.580940765702326661146
2024-09-06,-9844.060937075253135260357
2024-09-09,3.799066615910639686738
2024-09-10,3938.929070307789136545313
2024-09-11,-5929.010925999617506292665
2024-09-12,15631.079077693690849591565
2024-09-13,1313.709081387714342643568
2024-09-16,123.459085082453111335716
2024-09-17,53.929088777907294167195
2024-09-18,-3164.920907525922970335995
2024-09-19,-3327.800903829037543621027
2024-09-20,12576.209099868563712891751
2024-09-23,12719.339103566880937808826
2024-09-24,644.799107265914269763521
2024-09-25,-688.560889034336152583992
2024-09-26,6248.449114666129809453300
2024-09-27,5295.279118367312294589271
2024-09-30,-7298.540877930788558435348
2024-10-01,-1574.070874228172610852964
2024-10-03,-19756.920870524839723869112
2024-10-04,-7396.750866820789758662450
2024-10-07,-17612.550863116022576384763
2024-10-08,10826.889140589461961839058
2024-10-09,5756.729144295663994911007
2024-10-10,-204.040851997416338240027
2024-10-11,-227.670848289778898658250
2024-10-14,5392.839155418576452639034
2024-10-15,480.429159127649854661437
2024-10-16,-3339.570837162558553554519
2024-10-17,-16844.310833452048632945384
2024-10-18,3713.939170259179755579215
2024-10-21,-10270.560826028873248863415
2024-10-22,-22105.510822316207507129031
2024-10-23,-2483.590818602822880046445
2024-10-24,-4354.090814888719228417524
2024-10-25,-9736.800811173896413017183
2024-10-28,4842.489192541645705406628
2024-10-29,6456.079196257907266132914
2024-10-30,-4451.570800025111591532345
2024-10-31,-4951.540796307410728256201
2024-11-01,10103.359207411009995321279
2024-11-04,-16705.5090588698492814129890
2024-11-05,2597.3121311653999731088484
2024-11-06,11189.5521315780586090348586
2024-11-07,-14303.3778680092028517384286
2024-11-08,-2793.7378675963843937392935
2024-11-11,-1294.0278671834860014930259
2024-11-12,-23383.0478667705076595219164
2024-11-13,-8166.5178663574493523452593
2024-11-14,-6652.2278659443110644793513
2024-11-18,6459.2821344689072195625090
2024-11-19,8182.5121348822055152700214
2024-11-21,-2752.1478647044161618641144
2024-11-22,15050.4821357090422036558007
2024-11-25,5412.0021361225806273284662
2024-11-26,-4911.2678634638008753444171
2024-11-27,8917.1621369498977111418530
2024-11-28,1170.6921373636764022949811
2024-11-29,5356.9521377775352136256744
2024-12-02,566.1621381914741606476432
2024-12-03,8160.0521386054932588776025
2024-12-04,2385.752139019592523835270
2024-12-05,1955.302139433771971043372
2024-12-06,3508.042139848031616027637
2024-12-09,317.902140262371474316801
2024-12-10,5625.542140676791561442606
2024-12-11,3537.312141091291892939803
2024-12-12,1324.652141505872484346153
2024-12-13,-6464.137858079466648797583
2024-12-16,924.612142335274509052377
2024-12-17,-10390.487857249904026557185
2024-12-18,-6244.957856835002240076471
2024-12-19,-9043.1478564200201159526758
2024-12-20,-18571.2278560049576386299790
2024-12-23,5315.0521444101852074504491
2024-12-24,-1479.5678551745915621495481
2024-12-26,3591.6121452407120681348858
2024-12-27,-2744.7678543439038861283786
2024-12-30,-5670.4278539284394093684567
2024-12-31,-1911.8133735128944860114487
