date,pnl
2008-04-22,0.000000
2008-04-23,19.3630506544079874259124
2008-04-24,19.3667999317144391218134
2008-04-25,19.3705499349953548401798
2008-04-28,19.3743006643913053842181
2008-04-29,19.3780521200428887759310
2008-04-30,19.3818043020907302613872
2008-05-02,19.3855572106754823159932
2008-05-05,-173.7611691540621753502345
2008-05-06,380.2423539586690040710519
2008-05-07,324.3836013949293574085284
2008-05-08,-426.0351509272685742803255
2008-05-09,-97.9239030078780211508883
2008-05-12,-10.0826548468522043024690
2008-05-13,-230.13140644414433577655514
2008-05-14,241.76984220029238144494244
2008-05-15,681.8710910865047534414429
2008-05-16,947.6123402145395953554504
2008-05-20,605.3735895844437313943087
2008-05-21,1089.9948391962639948319567
2008-05-22,-342.1139109499527719893161
2008-05-23,-501.0526608541597176571140
2008-05-26,-770.6914105163099816871782
2008-05-27,277.3298400636433054783690
2008-05-28,-925.6389091142529775272182
2008-05-29,-167.8676580499519429935520
2008-05-30,-787.0664067434066941313540
2008-06-02,-616.84515519457032507069604
2008-06-03,87.23989659660407914075673
2008-06-04,-605.60665935970697883125590
2008-06-05,-67.80416862454294984482061
2008-06-06,281.76832259290339061969920
2008-06-09,980.91081429272542713057232
2008-06-10,-686.26669352498343766183139
2008-06-11,-390.47420086012978302153921
2008-06-12,-148.46170771262017012347434
2008-06-13,-148.45921408236114204995276
2008-06-16,201.11328003074077621281980
2008-06-17,389.34577462677907777825189
2008-06-18,-14.00173029415272613712903
2008-06-19,281.79076526803889378982874
2008-06-20,254.90326131344748499240710
2008-06-23,443.1357578421666130175248
2008-06-24,-524.90174514571013847075509
2008-06-25,-255.99924765008916768771721
2008-06-26,147.35325032912314527551469
2008-06-27,1249.84574879202043845548731
2008-06-30,846.4982477386963680199278
2008-07-01,-175.3192528307553917287456
2008-07-02,-153.2027529162411483499119
2008-07-03,430.2360260986885730514267
2008-07-04,-299.7214342385340925084064
2008-07-07,-247.5788940840005680418270
2008-07-08,273.8236465623843654513356
2008-07-09,-377.9238122992840545914441
2008-07-10,273.8287293310894277081814
2008-07-11,482.3912714536000866730033
2008-07-14,352.0438140683432150738289
2008-07-15,1134.1463571754141241330521
2008-07-16,-273.6310992250918564717722
2008-07-17,-690.7485551330793786043558
2008-07-18,-143.2760105484530756661024
2008-07-21,169.5665345288824374074672
2008-07-22,195.6390800990225641502904
2008-07-23,-1863.8883738379372734306610
2008-07-24,195.6441727180983651481970
2008-07-25,-12.9132802327750611493631
2008-07-28,13.1592673095379251241990
2008-07-29,65.3018153451328199037700
2008-07-30,-664.6556361258948623848367
2008-07-31,195.6569128965504111786981
2008-08-01,-195.3905375874358079872176
2008-08-04,5.2362724222420500374927
2008-08-05,-1005.78622518080454494105953
2008-08-06,173.85629081039561558478617
2008-08-07,-308.72119271123157334183801
2008-08-08,-13.80867574559178023383217
2008-08-11,-389.14615829259065533864275
2008-08-12,-147.85364035213383063472579
2008-08-13,-201.47112192412691982800953
2008-08-14,388.35139699152448165164373
2008-08-18,-496.37608360508520334602359
2008-08-19,147.06643628613846631187517
2008-08-20,93.44895666528995004491106
2008-08-21,549.22147753246372556288041
2008-08-22,-228.26600111224571113065367
2008-08-25,-174.64347926874384573481903
2008-08-26,-442.74095693693614564789156
2008-08-27,549.23156588327194003624842
2008-08-28,-40.58591080802501946833959
2008-08-29,120.27661298926756336388875
2008-09-01,93.46913727524429437350825
2008-09-02,-639.75513795000020228032943
2008-09-04,97.21705896898637909135197
2008-09-05,-268.86047474783357426031519
2008-09-08,69.06199201289413382159432
2008-09-09,-15.41554074873802886733719
2008-09-10,-409.65307303263757662694129
2008-09-11,-465.97060483871200584899658
2008-09-12,125.39186383313120498623883
2008-09-15,575.95433298298459531349561
2008-09-16,378.83680261094072248596201
2008-09-17,69.07927271709216177875348
2008-09-18,2462.68174330153150639238292
2008-09-19,-832.0357856356486325437686
2008-09-22,744.9266859056443740320201
2008-09-23,378.8491579255031731172823
2008-09-24,-99.8683695759795703511640
2008-09-25,125.4141034012888265062585
2008-09-26,-99.8634231425989354846406
2008-09-29,660.4590507924498624516564
2008-09-30,97.2615252065279570438509
2008-10-01,-522.2559999002718970226963
2008-10-03,-554.6473845278569271024876
2008-10-06,634.5183816173927929760760
2008-10-07,958.7609101184400146436092
2008-10-08,769.6234391090821748819102
2008-10-10,904.7259685894140742069360
2008-10-13,-2013.4315014404694685090845
2008-10-14,-473.2889709804736160340965
2008-10-15,634.5335599694964872273366
2008-10-16,-176.0639085904642847624121
2008-10-17,-959.6413766602610396704756
2008-10-20,-94.9988442397988667899370
2008-10-21,-500.2963113289828370362705
2008-10-22,-797.5137779277180029437842
2008-10-23,-905.59124403590939866205995
2008-10-24,-986.64870965346203995239385
2008-10-27,337.33382521971907581576401
2008-10-28,1391.11636058372896966837118
2008-10-29,-67.96110356133731896964543
2008-10-31,-932.59856721538473227082692
2008-11-03,148.20396962168180599838087
2008-11-04,-691.19927305004260951880861
2008-11-05,19.04690127359303630690070
2008-11-06,19.05058933473473720660884
2008-11-07,19.05427810999758513939974
2008-11-10,19.05796759951985574470724
2008-11-11,19.06165780343985143634732
2008-11-12,19.06534872189590140770237
2008-11-14,19.06904035502636163690659
2008-11-17,19.07273270296961489203228
2008-11-18,19.07642576586407073627726
2008-11-19,19.08011954384816553315315
2008-11-20,19.08381403706036245167478
2008-11-21,19.08750924563915147155050
2008-11-24,19.09120516972304938837364
2008-11-25,19.09490180945059981881477
2008-11-26,19.09859916496037320581517
2008-11-28,19.10229723639096682378116
2008-12-01,19.10599602388100478377951
2008-12-02,-76.42800447243086196126615
2008-12-03,626.83070733441013396563243
2008-12-04,-494.56682761228003976727054
2008-12-05,-200.86436208166069246035275
2008-12-08,119.53810392636059757072306
2008-12-10,119.54057041187626990595170
2008-12-11,680.24303737497878202445066
2008-12-12,-67.35449518423939069207402
2008-12-15,253.04797273431424504413867
2008-12-16,146.25044113073220043037192
2008-12-17,386.55291000510700457689890
2008-12-18,306.4553793575312045104513
2008-12-19,-708.14215081190263482231160
2008-12-22,279.76031949689806944866710
2008-12-23,226.3627902840259181203123
2008-12-24,66.1652615495735299198879
2008-12-26,-94.0322667063664584915307
2008-12-29,1214.2702055162986074844151
2008-12-30,-254.2273217823385996131590
2008-12-31,66.1751513978146106990932
2009-01-01,466.6776250568509468522233
2009-01-02,-20.4309408051368647715370
2009-01-05,-442.9912479609171043195453
2009-01-06,-417.6487058340094850769202
2009-01-07,494.5938367851314549873543
2009-01-09,-189.5836201033989727394734
2009-01-12,89.1589235004945615850375
2009-01-13,-645.6985324030925937379065
2009-01-14,215.8640121859349280552410
2009-01-15,-392.2934427323274878060593
2009-01-16,367.9091028422155623771442
2009-01-19,367.9116489096595007768694
2009-01-20,-88.2058045299002319582223
2009-01-21,925.3967425236318233007514
2009-01-22,-214.9007099296488558335273
2009-01-23,367.9218381103532267390022
2009-01-27,519.9643866437335856093585
2009-01-28,-442.9530643294122461369010
2009-01-29,-164.2105148089887169160990
2009-01-30,1508.2320352050997433571430
2009-02-02,-37.5054142870512767265121
2009-02-03,-296.6651632853461700675346
2009-02-04,-234.3729206934581225050407
2009-02-05,310.5696598356587563234422
2009-02-06,112.4122408644447952049197
2009-02-09,-135.2851776070032546680426
2009-02-10,-110.5125955785886233688968
2009-02-11,756.4399869497854777665150
2009-02-12,781.2125699782158561435887
2009-02-13,-85.7348464932006620874130
2009-02-16,236.2777375356327679722694
2009-02-17,1301.3903220648130099735222
2009-02-18,1326.1629070944369463229890
2009-02-19,-432.5045073753985218132964
2009-02-20,236.2880786554035254937210
2009-02-24,-60.9493348130599730602482
2009-02-25,-1150.8267477806920600092053
2009-02-26,-135.2541602473957591132279
2009-02-27,335.3784277869259246451648
2009-03-02,979.4010163223700050646476
2009-03-03,-911.6200046409664852712731
2009-03-04,-362.9113324457101732564425
2009-03-05,13.7313258431425391568971
2009-03-06,837.6339846467210686614224
2009-03-09,-9.8033560348749181221722
2009-03-12,-668.9206962015457352746936
2009-03-13,178.5219641468083224252860
2009-03-16,37.2846250102869795051674
2009-03-17,-198.1127136110100201979385
2009-03-18,-221.6500517169829135334706
2009-03-19,178.5326106924680819663215
2009-03-20,861.1952736174427680901178
2009-03-23,60.8379370580409659512692
2009-03-24,-551.1993989856374840084602
2009-03-25,-409.9567345134927220151518
2009-03-26,437.4859304745751310410124
2009-03-27,13.7685959786659736094926
2009-03-30,13.7712619988797234831364
2009-03-31,-315.7860714646836821980757
2009-04-01,-33.3034044119242869432841
2009-04-02,-393.6146668427421149070034
2009-04-06,-1638.8864048657744105779630
2009-04-08,756.1162408230726427479576
2009-04-09,-345.5811129757942323131638
2009-04-13,13.6715337377241584502149
2009-04-15,157.3741809637270284566610
2009-04-16,-106.0731712976863896645137
2009-04-17,-609.0205230464168440695332
2009-04-20,157.3821257176349363035636
2009-04-21,588.4847749945682417386433
2009-04-22,-34.2125752155176182547989
2009-04-23,85.5400750874766850620821
2009-04-24,732.1927259036504996612061
2009-04-27,181.3453772331031927512906
2009-04-28,-225.8019709240658492184239
2009-04-29,-393.4493185677572205544481
2009-05-04,-297.6466656978714963153183
2009-05-05,-122.0104623143092323078688
2009-05-06,-1057.5292396824743883519187
2009-05-07,889.0707604647462792666060
2009-05-08,-1060.5892393880045467024243
2009-05-11,-585.2092392407268607392990
2009-05-12,1697.9107609065793426767622
2009-05-13,-193.4192389460859309323923
2009-05-14,313.5107612012773239561559
2009-05-15,1807.7207613486691128663942
2009-05-18,5116.0207614960894413233795
2009-05-19,6258.2107616435383148532389
2009-05-20,1374.3707617910157389831693
2009-05-21,-1328.5392380614782807585622
2009-05-22,1112.6007620860562611573818
2009-05-25,1347.0607622336193702614099
2009-05-26,-2229.7592376187889479149990
2009-05-27,3324.9107625288313121607053
2009-05-28,599.3507626764801560221442
2009-05-29,2054.0907628241575892040106
2009-06-01,2246.4007629718636172420692
2009-06-02,-1257.4123468804017543268435
2009-06-03,952.8517714801096993392373
2009-06-04,1425.0217718231222903130826
2009-06-05,1022.6017721662012989886691
2009-06-08,-4877.2382274906532617735100
2009-06-09,1819.2417728525586208895290
2009-06-10,2930.0217731958369598432599
2009-06-11,17.0117735391817679556480
2009-06-12,-1033.7182261174069419028498
2009-06-15,-1279.7382257739291568592845
2009-06-16,1469.4317745696151359617853
2009-06-17,-3364.6482250867740505617055
2009-06-18,-1551.5182247430967035493289
2009-06-19,1312.9517756006471898818375
2009-06-22,-1482.5082240555423573827896
2009-06-23,103.8217762883346675447015
2009-06-24,1550.3217766322782775547183
2009-06-25,-378.0182230237115144598361
2009-06-26,2579.0417773203653043964380
2009-06-29,773.7417776645087470214374
2009-06-30,-2430.8982219912811736844439
2009-07-01,-17.4082216470044448183139
2009-07-02,472.9910386973389465252177
2009-07-03,1181.2104486568824805826850
2009-07-06,-4416.7595512562438599981120
2009-07-07,801.3804488306466208117696
2009-07-08,-3504.8695510824460737305357
2009-07-09,-286.7895509955219403672629
2009-07-10,-1457.0195509085809758400159
2009-07-13,-952.1695508216231768897683
2009-07-14,3062.1104492653514597431382
2009-07-15,2687.0904493523429373189923
2009-07-16,506.5804494393512590987145
2009-07-17,1873.6304495263764283438564
2009-07-20,2622.9404496134184483166014
2009-07-21,-432.7495502995226777202358
2009-07-22,-790.5195502124469465032082
2009-07-23,2076.2504498746456452317626
2009-07-24,788.1704499617551007493872
2009-07-27,372.6704500488814233150086
2009-07-28,434.4004501360246161946015
2009-07-29,-1797.4295497768153173452262
2009-07-30,142.3604503103616259627650
2009-07-31,2131.5604503975554493864480
2009-08-03,1937.9704504847661561943280
2009-08-04,-1250.2446694280062503444568
2009-08-05,1366.2000856424977366640125
2009-08-06,-2063.9999143409192631175371
2009-08-07,-1883.6399143243330519243542
2009-08-10,-1251.6599143077436291346965
2009-08-11,-232.6799142911509941267007
2009-08-12,355.3800857254448537216166
2009-08-13,3148.9800857420439150323593
2009-08-14,417.3000857586461904277518
2009-08-17,-3771.5999142247483194698612
2009-08-18,1274.8800857918603859619858
2009-08-19,-1621.6799141915276926541214
2009-08-20,1376.7000858250874453045237
2009-08-21,943.3800858417058004607479
2009-08-24,2070.0600858583273734374990
2009-08-25,-27.2399141250478351421549
2009-08-26,1024.6200858915801753449752
2009-08-27,-198.8999140917885944778013
2009-08-28,720.3000859248458560129458
2009-08-31,-31.7399140585164725592323
2009-09-01,-1709.3999140418755795706643
2009-09-02,408.0042759747685356024424
2009-09-03,468.0508507225864814039059
2009-09-04,1742.8208528236173921935887
2009-09-07,2053.7108549250551266627925
2009-09-08,846.2408570268997635849923
2009-09-09,-429.5391408708486182510836
2009-09-10,-235.4891387681899400414514
2009-09-11,416.4908633348758770331320
2009-09-14,-52.6291345616510881928291
2009-09-15,1751.7508675422292431304350
2009-09-16,1384.7908696465169498679614
2009-09-17,913.0708717512121109000579
2009-09-18,-650.4591261436851948776943
2009-09-22,1155.3008759618251114455633
2009-09-23,-1158.6391219322568912040321
2009-09-24,814.5308801740688761149398
2009-09-25,-866.0191177191975076408154
2009-09-29,383.2508843879440365006961
2009-09-30,1256.8708864954935875267598
2009-10-01,25.3308886034512244399555
2009-10-05,-1045.2978992881829737418399
2009-10-06,151.9302162687531443686210
2009-10-07,901.5302163106293725896216
2009-10-08,477.8802163525137093259050
2009-10-09,-328.6297836055938438524734
2009-10-12,1384.1802164363067146248469
2009-10-14,1741.8902164782153863285296
2009-10-15,663.8702165201321728295427
2009-10-16,856.5402165620570756991589
2009-10-17,308.6702166039900965089544
2009-10-20,-252.7797833540687631691897
2009-10-21,-1614.0997833121195017630882
2009-10-22,-870.4897832701621177002516
2009-10-23,526.7702167718033905921144
2009-10-26,-901.9697831862229753128915
2009-10-27,-3892.7897831442412138418662
2009-10-28,132.3402168977486765788984
2009-10-29,-711.3897830602533024765850
2009-10-30,-220.9397830182471494339993
2009-11-03,-1924.6097829762328627187218
2009-11-04,3874.3658070657895592441744
2009-11-05,1809.7230036125617552054254
2009-11-06,789.8230061304578424410459
2009-11-09,2604.1630086488414711714632
2009-11-10,-239.6169888322872642004160
2009-11-11,1974.8730136870717307465940
2009-11-12,-422.6769837930814495480380
2009-11-13,297.7930187272532893734430
2009-11-16,1701.9830212480760419870821
2009-11-17,-216.5969762306130972127826
2009-11-18,765.4130262911859662864848
2009-11-19,-1349.0869711865266729841802
2009-11-20,1515.9430313362490795244626
2009-11-23,1053.7030338595133183799607
2009-11-24,-338.1869636167338618318270
2009-11-25,573.4730389075076334932729
2009-11-26,-531.7069585677621010222477
2009-11-27,-1873.2869560425429707375755
2009-11-30,1159.2230464831651190064285
2009-12-01,2822.3930490093622628872323
2009-12-02,295.7393015360485556006358
2009-12-03,1464.2543515821456013709267
2009-12-04,-1461.6556475752553435081059
2009-12-07,-2293.6256467324931355052819
2009-12-08,1665.4043541104322569707739
2009-12-09,-1132.2056450464791344824462
2009-12-10,-287.5856442032272782613320
2009-12-11,152.9343566401878572438467
2009-12-14,-1406.6756425162336963510600
2009-12-15,-851.8056416724919074240794
2009-12-16,385.9243591714132556528835
2009-12-17,-78.6956399845181754859519
2009-12-18,-1551.7856391402861692002409
2009-12-21,274.8843617041093061564882
2009-12-22,457.7243625486682822368340
2009-12-23,1473.7843633933907906995245
2009-12-24,1410.2343642382768632094180
2009-12-29,26.0043650833265314375036
2009-12-30,-536.5656340714601729390971
2009-12-31,473.8243667739167817628718
2010-01-04,1370.9543676194574272328003
2010-01-05,1244.0287784651617951662146
2010-01-06,654.0731076940377837233906
2010-01-07,-590.2368917042178455565302
2010-01-08,-914.7068911023569587691383
2010-01-11,1586.0531094996204666466312
2010-01-12,-777.2868898982855467437879
2010-01-13,-39.2368892960749763705926
2010-01-14,619.6331113062522003403902
2010-01-15,105.2131119086960059677049
2010-01-18,192.1131125112564630942674
2010-01-19,-753.6168868860664056926331
2010-01-20,-240.1268862832725778013343
2010-01-21,-2880.8368856803620306357993
2010-01-22,-1507.6968850773347415956159
2010-01-25,-1338.8768844741906880759957
2010-01-27,-2949.6368838709298474677734
2010-01-28,140.8431167324478028425940
2010-01-29,325.1931173359422854730284
2010-02-01,754.5631179395536230458310
2010-02-02,8.1371585432818381876838
2010-02-03,2059.8976731982660530110812
2010-02-04,-1944.1423233796636144791201
2010-02-05,-4040.5823199569306647574081
2010-02-06,4625.2976834664650304791237
2010-02-08,-2806.0423131094764004417752
2010-02-09,374.7476903152451708324933
2010-02-10,-731.0223062593701273206197
2010-02-11,1111.8676971666778335011940
2010-02-15,770.9677005933891817251061
2010-02-16,964.0177040207640458031550
2010-02-17,779.6277074488025542122519
2010-02-18,-1032.4422891224951645458153
2010-02-19,-266.6822856931289819443769
2010-02-22,-39.4522822630987694318762
2010-02-23,-421.5322788324043984318653
2010-02-24,-589.5822754010457403429995
2010-02-25,-191.2422719690226665390338
2010-02-26,2484.8477314636649516311837
2010-03-02,1834.8977348970172428437150
2010-03-03,2508.1059983310343357995381
2010-03-04,252.8602778934140672739929
2010-03-05,271.5202779472227098051028
2010-03-08,317.3802780010417713309226
2010-03-09,-1257.3997219451287461311126
2010-03-10,-123.0797218912888405631772
2010-03-11,-426.1797218374385099470542
2010-03-12,343.1402782164222477358635
2010-03-15,-713.1397217297065654954257
2010-03-16,1434.0802783241750523784671
2010-03-17,388.0202783780671033773223
2010-03-18,118.4002784319695895213111
2010-03-19,695.6602784858825128309960
2010-03-22,-1631.9397214601941246726695
2010-03-23,-38.0997214062603209683402
2010-03-25,200.9602786476839259657203
2010-03-26,739.5802787016386181516397
2010-03-29,185.3002787556037576119375
2010-03-30,-5.3197211904206536304753
2010-03-31,122.8602788635653864477040
2010-04-01,841.5202789175618798701701
2010-04-05,1234.9736989715688286610091
2010-04-06,-57.7989244908155366062643
2010-04-07,923.5610757174358515741929
2010-04-08,-483.7589240742724364235681
2010-04-09,804.1210761340596072083749
2010-04-12,-381.1189236575680097205442
2010-04-13,-497.8789234491552793993796
2010-04-15,-493.1989232407021940156727
2010-04-16,-244.4389230322087457554521
2010-04-19,-2038.7189228236749268032339
2010-04-20,750.6010773848992706579796
2010-04-21,354.5210775935138544466996
2010-04-22,729.3610778021688323829511
2010-04-23,558.0410780108642122882733
2010-04-26,542.9210782196000019857200
2010-04-27,-168.9589215716237907001403
2010-04-28,-1162.8789213628071579432241
2010-04-29,942.5610788460499080840678
2010-04-30,947.8410790549474152108497
2010-05-03,-15.9589207361146287322475
2010-05-04,-1320.0994005271362159130772
2010-05-05,124.6806652196560140299349
2010-05-06,-378.0093346515371670129900
2010-05-07,-381.9093345227054071263138
2010-05-10,1664.6706656061512985192883
2010-05-11,77.7806657350329547540759
2010-05-12,1122.9506658639395664092447
2010-05-13,1581.2706659928711383169252
2010-05-14,-928.9193338781723246898165
2010-05-16,152.0006662508091822230222
2010-05-17,-230.6493336201843361096209
2010-05-18,-1456.9693334911528748518713
2010-05-19,-1483.0293333620964291669181
2010-05-20,-49.9293332330149942170142
2010-05-21,-1487.1893331039085651634756
2010-05-24,681.7206670252228628333188
2010-05-25,-1953.6093328456207053860729
2010-05-26,2398.7906672835607350198443
2010-05-27,585.0106674127671888935035
2010-05-28,768.4206675419986610782749
2010-05-31,1058.8406676712551564184671
2010-06-01,-436.8993321994633202406740
2010-06-02,249.0894079298432359470362
2010-06-03,383.6979891981791320650871
2010-06-04,192.9399328591122594926083
2010-06-07,305.6218768963974379515323
2010-06-08,768.1638213101075406801390
2010-06-09,-18.0142338996845449728092
2010-06-10,-30.1322887329059175453360
2010-06-11,-667.6003431894836614595179
2010-06-14,164.2316027306551529812488
2010-06-15,314.5935490275834695949819
2010-06-16,334.4654957013742463238476
2010-06-17,204.9674427521004552368954
2010-06-18,-351.2606098201649174672063
2010-06-21,971.8313379846511285425653
2010-06-22,-764.7667138333783922676760
2010-06-23,776.8152347258195487060119
2010-06-24,-103.3828163376820057918635
2010-06-25,886.3391329761900011265092
2010-06-28,294.0810826675086404949829
2010-06-29,164.4730327363469974961928
2010-06-30,338.6349831827781714642942
2010-07-01,70.8969340068752758877037
2010-07-02,-1279.6101847912885615881598
2010-07-05,-107.6296562722816366028129
2010-07-06,929.0603437942745356171324
2010-07-07,-1573.7396561391564048575816
2010-07-08,1574.3203439274255444684205
2010-07-09,-14.5096560059796139090027
2010-07-12,299.9403440606281225064905
2010-07-13,893.7103441272487562117258
2010-07-14,0.5603441938822897040117
2010-07-15,228.8703442605287254811404
2010-07-16,-407.7396556728119339586119
2010-07-19,-160.9896556061396861164856
2010-07-20,-730.6596555394545284932373
2010-07-21,1392.6103445272435414108607
2010-07-22,346.2903445939545260960195
2010-07-23,349.2603446606784280629352
2010-07-26,-1195.8596552725847501872127
2010-07-27,337.3703447941649938472398
2010-07-28,-1271.8396551390723373315585
2010-07-29,51.8503449277032587790254
2010-07-30,149.8603449944917846821087
2010-08-02,791.8103450612932428812942
2010-08-03,564.7215451281076358806686
2010-08-04,363.9814917198903149905553
2010-08-05,-175.7985079912672070258738
2010-08-06,-58.1185077023688003269795
2010-08-09,811.7514925865855459167437
2010-08-10,-384.0985071244041574631018
2010-08-11,-53.5985068353378996328164
2010-08-12,380.1414934537843302433976
2010-08-13,957.6014937429625430034357
2010-08-16,327.6714940321967494872919
2010-08-17,109.2814943214869605370596
2010-08-18,1223.3514946108331869969310
2010-08-19,1182.8914949002354397131985
2010-08-20,-818.9885048103062704657456
2010-08-23,1323.9514954792080673105918
2010-08-24,-919.2485042312215361051955
2010-08-25,-395.3585039415950698584119
2010-08-26,264.1114963480874769077396
2010-08-27,-1305.3385033621738849478416
2010-08-30,-473.3885030723791445641536
2010-08-31,-384.7485027825282910780912
2010-09-01,1998.8314975073786863755540
2010-09-02,536.5982677973417986640941
2010-09-03,493.7567932562885011041288
2010-09-06,1553.8267945716701573303535
2010-09-07,388.9067958873065115729723
2010-09-08,-416.2932027968023868507093
2010-09-09,1150.6567985193435113861643
2010-09-13,1608.8067998357442556199993
2010-09-14,758.4368011523998951967554
2010-09-15,1567.8168024693104794719469
2010-09-16,-1213.8231962135239421893552
2010-09-17,1054.2368051038966795874788
2010-09-20,1914.0568064215723941866391
2010-09-21,-674.3231922604967489981219
2010-09-22,129.6568090576892994365123
2010-09-23,-253.4931896238694110965758
2010-09-24,713.9368116948271688250643
2010-09-27,938.8868130137790886334524
2010-09-28,-1150.7531856670136022298195
2010-09-29,71.9868156524491456864133
2010-09-30,-744.2231830278326181571089
2010-10-01,2663.0268182921411557099314
2010-10-04,1435.8488996123705167674305
2010-10-05,824.6808439618699523708332
2010-10-06,987.7908441252867167535997
2010-10-07,-102.4291557112648763927687
2010-10-08,-1520.2691555477848209413242
2010-10-11,2078.1308446157268892360674
2010-10-12,-1255.1791552207297397312737
2010-10-13,2358.6908449428452982871604
2010-10-14,-289.7491548935479905769363
2010-10-15,-2861.8691547299096001906814
2010-10-18,293.5308454337604755799937
2010-10-19,-80.3091544025377571296534
2010-10-20,-1446.2691542388042921831779
2010-10-21,2601.7908459249608765570533
2010-10-22,-1101.6291539112422447701380
2010-10-25,1119.0508462525863499752584
2010-10-26,-711.4491535835533330655581
2010-10-27,-875.1591534196612877501995
2010-10-28,-538.6291532557375079350878
2010-10-29,49.1808469082180125245440
2010-11-01,3033.1908470722052797746532
2010-11-02,498.9308672362242999623868
2010-11-03,435.0626442952484184281969
2010-11-04,1168.3026448072646468315606
2010-11-05,1078.2526453193800171965890
2010-11-08,293.1226458315945487201901
2010-11-09,1044.1526463439082606029893
2010-11-10,96.1626468563211720493299
2010-11-11,-1345.7673526311666977327264
2010-11-12,-2934.3873521185553295313986
2010-11-15,-339.2073516058447041311858
2010-11-16,-1955.6273510930348023128662
2010-11-18,178.4326494198743951465034
2010-11-19,-2126.8273500671170925264120
2010-11-22,1961.5626504459907538987760
2010-11-23,-27.3673490408020463438209
2010-11-24,-1300.7873485274954740163667
2010-11-25,-2913.2973480140895098773004
2010-11-26,-1083.5773475005841346813351
2010-11-29,1783.3426530130206708205426
2010-11-30,357.9026535267249258810730
2010-12-01,2807.9026540405286497567246
2010-12-02,882.0200145544318617076946
2010-12-03,-895.7318366548387772060390
2010-12-06,74.6081649258338814556939
2010-12-07,-562.4218334931873934349959
2010-12-08,-2545.6818319119025426143077
2010-12-09,-3129.6618303303115068069644
2010-12-10,610.0781712515857732737879
2010-12-13,1681.9881728337893569261827
2010-12-14,1593.3681744162993034599362
2010-12-15,-1483.4618240008843278037521
2010-12-16,1008.1581775822385224678045
2010-12-20,-534.3418208343320863812196
2010-12-21,677.7181807494039050048419
2010-12-22,-206.4818176665534440068526
2010-12-23,-205.1318160822040740376487
2010-12-24,-72.2418144975479256973949
2010-12-27,706.7481870874150604155602
2010-12-28,-136.1518113273150562856300
2010-12-29,1148.3681902582617836236920
2010-12-30,216.9081918441456395796902
2010-12-31,946.8881934303365710300372
2011-01-03,495.1881950168346374339166
2011-01-04,-506.8786033963601017379750
2011-01-05,-1615.4495783114148400254136
2011-01-06,-1593.6895762934580002362325
2011-01-07,-2434.5195742751104224419792
2011-01-10,-2561.4995722563720309838553
2011-01-11,-1554.3495702372427501884136
2011-01-12,3058.3604317822774956324467
2011-01-13,-861.0895661978112178185189
2011-01-14,-1857.3395641775088148238957
2011-01-17,-813.5495621568152196516086
2011-01-18,713.7204398642696434450822
2011-01-19,385.9604418857458502275830
2011-01-20,-167.9395560923865235280302
2011-01-21,97.8504459298725979689914
2011-01-24,240.2604479525232905240719
2011-01-25,-1405.0695500244343700426864
2011-01-27,-1218.7895480010003078965002
2011-01-28,-3235.3695459771744471879021
2011-01-31,1032.8104560470432879472621
2011-02-01,-1944.3495419283470266121639
2011-02-02,-886.1741099033453149726442
2011-02-03,-311.5274845580141043355848
2011-02-04,796.0765337620629912330298
2011-02-07,-117.6894471397905612140945
2011-02-08,159.2145727365758962857933
2011-02-09,214.5985933913130508674221
2011-02-10,186.9126148245716188431468
2011-02-11,-117.6733629634976542914016
2011-02-14,20.7806600272560061483345
2011-02-15,353.0646837969834040414912
2011-02-16,214.6187083458353724674362
2011-02-17,131.5527336739627737114225
2011-02-18,214.6267597815164992702443
2011-02-21,103.8707866686474698578923
2011-02-22,159.2548143355066354112116
2011-02-23,76.1888427822449750955603
2011-02-24,740.7528720090134973104685
2011-02-25,-339.1530979840367603047009
2011-02-28,48.5109328032452691349101
2011-03-01,159.2749643710106817653163
2011-03-03,458.3516167194106029793544
2011-03-04,-354.0214999032311344329068
2011-03-07,717.9826009004704467671677
2011-03-08,-273.6132975017872740577523
2011-03-09,-5.6091951098505464051013
2011-03-10,74.7949080764344099984740
2011-03-11,-354.0009879427785947971211
2011-03-14,128.4031168326642790403369
2011-03-15,-246.7927775970830988688442
2011-03-16,-434.3886712318668291105038
2011-03-17,-193.1845640715329824708601
2011-03-18,691.2195438840724000692607
2011-03-21,396.4236526351033073401951
2011-03-22,128.4277621817137579892146
2011-03-23,-59.1681274759421995137001
2011-03-24,235.6359836622895131299145
2011-03-25,-353.9599044034369959472189
2011-03-28,-219.9557916729675887723419
2011-03-29,-380.7516781461480975268822
2011-03-30,208.8524361771756754593252
2011-03-31,235.6565512971579577138183
2011-04-01,155.2606672139530066272893
2011-04-04,-262.7561860722848905406328
2011-04-05,-172.3335670147885772990207
2011-04-06,449.1284809052877787036027
2011-04-07,-153.4994707780960635471706
2011-04-08,223.3125779351366781513368
2011-04-11,-149.7153729549371991308213
2011-04-13,601.3866765517591165466645
2011-04-15,-108.7612735446975480027613
2011-04-18,-535.3392232442303510896397
2011-04-19,660.0528274532375638543839
2011-04-20,1356.6248785477830682794400
2011-04-21,294.8669300394830485203173
2011-04-25,803.8389819284144057993440
2011-04-26,-777.3889657853459437707284
2011-04-27,138.0030868982789308161567
2011-04-28,177.3451399793659754622462
2011-04-29,-529.9328065420078490311394
2011-05-02,717.3992473342344330392795
2011-05-03,-1520.3807883918301877183728
2011-05-04,-358.7629548763717277307791
2011-05-05,-561.4788233735162856990358
2011-05-06,401.4453089293241470202605
2011-05-09,-460.1105579676955280739157
2011-05-10,300.0935759355796205110659
2011-05-11,249.4177106393045542672988
2011-05-12,-865.5381538563657353078513
2011-05-13,781.5659824487237732940638
2011-05-16,-434.7498804452718684016149
2011-05-17,46.7142574618024211531591
2011-05-18,-105.3216038298982464650488
2011-05-19,-105.3174643202187296453402
2011-05-20,300.1266759909961432633319
2011-05-23,629.5508171039015739579800
2011-05-24,300.1349590186527941873999
2011-05-25,325.4791017354050657579894
2011-05-26,-206.6567547456863194604315
2011-05-27,122.7673895755339604712008
2011-05-30,97.4315346992212575670155
2011-05-31,249.4756806255309539220310
2011-06-01,-409.3601726453815382820205
2011-06-02,473.1224548866392232291326
2011-06-03,-408.3121732322237335508684
2011-06-06,299.5319797213375806429899
2011-06-07,97.2961334790373965681560
2011-06-08,-408.2997119589685800299482
2011-06-09,72.0244434074753867434814
2011-06-10,248.9885995785250629384693
2011-06-13,-484.1272434456637552339011
2011-06-14,-281.8830856649352413956468
2011-06-15,-180.7589270791335389960446
2011-06-16,451.2452323118972386942118
2011-06-17,46.7693925083130085888548
2011-06-20,628.2135535102697177918881
2011-06-21,122.6177153179233436034319
2011-06-22,46.7818779314298935255701
2011-06-23,-104.8939586490545947318018
2011-06-24,-534.6497944233740532451273
2011-06-27,-534.6456293913723838713390
2011-06-28,-29.0414635528934582420069
2011-06-29,97.3627030922188822425140
2011-06-30,-180.7131294558791735810625
2011-07-01,-711.5889611970314066330991
2011-07-04,-89.1145821310815675851787
2011-07-05,125.4961465056048661043105
2011-07-06,699.0402545987996597846933
2011-07-07,438.3443634874466197032639
2011-07-08,-135.1915268283002303340974
2011-07-11,725.1225836517131633021970
2011-07-12,308.0066949276408840712175
2011-07-13,620.8508069996370452672924
2011-07-14,699.0649198678557900257854
2011-07-15,-421.9409664675487086711265
2011-07-18,933.7031479935777520113263
2011-07-19,21.2572632513894047662865
2011-07-20,-708.6986206939594878489486
2011-07-21,281.9654961576853665928551
2011-07-22,-474.0603861935217096053472
2011-07-25,1064.0737322525736357409053
2011-07-26,-474.0521485038742152966349
2011-07-27,151.6319715372891492468633
2011-07-28,-82.9939076237818287649017
2011-07-29,21.2902140130673224364245
2011-08-01,125.5743364479911045296431
2011-08-02,403.9773796811440491097937
2011-08-03,1421.2066461207635742161851
2011-08-04,221.6908608074777033982514
2011-08-05,271.6750763102837559617547
2011-08-08,2345.8492926293397521992061
2011-08-09,2520.7835097648037430006655
2011-08-10,-602.9622722831661901403328
2011-08-11,1521.1919464855880648791448
2011-08-12,-1002.7938339287753492226413
2011-08-16,571.5803864739017408938237
2011-08-17,871.4646076937775391952388
2011-08-18,471.6288297310102802814169
2011-08-19,2795.7030525857582293912168
2011-08-22,146.7672762581796824084755
2011-08-23,-78.1384992515670341320576
2011-08-24,-902.8042739433235630387861
2011-08-25,-3676.6900478169315164573305
2011-08-26,1871.0941791277675241354094
2011-08-29,871.4984068909320079371924
2011-08-30,-702.8673645272795851736238
2011-09-02,1921.0868648732912553678570
2011-09-05,1447.5818750928030708190125
2011-09-06,-419.2439327313636189313334
2011-09-07,-1392.9594102842275152647943
2011-09-08,-153.6748869614076818156790
2011-09-09,1749.5096372372654405001829
2011-09-12,-131.5358376880385564012273
2011-09-13,-330.7013117371500477657591
2011-09-14,797.9332150901006240052645
2011-09-15,-640.5122572061168506385925
2011-09-16,-1193.7577286256327483905183
2011-09-19,1616.7568008317226869199087
2011-09-20,-352.8086688338807556669167
2011-09-21,510.2658623777267457657382
2011-09-22,-264.2796055332849539826901
2011-09-23,-751.1350725667459672236941
2011-09-26,-3628.0305387224863733733274
2011-09-27,1484.0039959996637810541653
2011-09-28,-773.2514684001255175472812
2011-09-29,-950.2869319216842498691804
2011-09-30,709.4676054351576363178787
2011-10-03,952.9021436705702261706068
2011-10-04,277.9276827847236377793894
2011-10-05,-2005.4096331245969049083827
2011-10-07,1129.3948185117868136277926
2011-10-10,207.3992710101431400934440
2011-10-11,299.6037243706389786812720
2011-10-12,507.0581785934412659017204
2011-10-13,-253.5873663212830294107657
2011-10-14,69.1170896266330939085186
2011-10-17,92.1715464373566693607983
2011-10-18,-276.6239958889452372099200
2011-10-19,-207.4695373521055276105858
2011-10-20,-368.8150779519570712928409
2011-10-21,230.4893823116672946532459
2011-10-24,1106.3938434389347655054444
2011-10-25,-161.3516945699874310843691
2011-10-26,991.1527682850679649160566
2011-10-28,230.5072320042682459256176
2011-10-31,-645.3883034122192632438745
2011-11-01,414.9161620357727946185804
2011-11-02,867.3655683484118091294435
2011-11-03,272.5293950141915615944923
2011-11-04,476.4739006789351337932582
2011-11-08,1428.1984072161128526077107
2011-11-09,272.5429146258936479035853
2011-11-11,-339.2725770915535177434069
2011-11-14,748.4119320639403509587542
2011-11-15,-135.3235579074557179752672
2011-11-16,657.7809529944273361981731
2011-11-17,-225.9545352302413930419633
2011-11-18,-860.4300225812927794750587
2011-11-21,113.9544909414423358675003
2011-11-22,68.6390053381331447086640
2011-11-23,-248.5964793910511284679384
2011-11-24,249.9280367540587735883446
2011-11-25,-475.1874462263678590984679
2011-11-28,839.0970716678382962753561
2011-11-29,0.6815904368465952996087
2011-11-30,136.6461100808264263564908
2011-12-01,703.1506305999472106269616
2011-12-02,-32.8979680056215979029107
2011-12-05,-85.9570289432184904196338
2011-12-07,-327.2924315797059043884952
2011-12-08,550.3121666739965073519469
2011-12-09,-371.1632341819388872914349
2011-12-12,-612.4986341473396870360832
2011-12-13,89.5859667779665427827075
2011-12-14,-436.9694314058477297817462
2011-12-15,-2082.4648286986100032810510
2011-12-16,-393.0802251001477428652709
2011-12-19,330.9443793897116197235408
2011-12-20,352.8889847711406861578096
2011-12-21,747.8135910443120915309106
2011-12-22,-568.5818017906014956363608
2011-12-23,-42.0171937334273733893159
2011-12-26,-42.0125847839928063328989
2011-12-27,-217.5279749421250256252124
2011-12-28,-63.9433642076512289710401
2011-12-29,-1051.2387525803985806153701
2011-12-30,594.2658599398057886630844
2012-01-02,221.2904733531347815583651
2012-01-03,583.2874876597613342437500
2012-01-04,502.6068809582727123308838
2012-01-05,-22.2485906281208512276905
2012-01-06,251.5959386623246056691269
2012-01-07,-90.6995311702211341949756
2012-01-09,-318.8950001255882551611831
2012-01-10,-410.1704682036069086891889
2012-01-11,274.4340645958927866491727
2012-01-12,183.1585982730807451762946
2012-01-13,-547.0768671718730858848343
2012-01-16,251.6276682612012735957419
2012-01-17,342.9122045724738366613178
2012-01-18,-364.5032582378853507251003
2012-01-19,46.2612798302937903255798
2012-01-20,-478.5941812228186283650883
2012-01-23,479.8503586029475379632874
2012-01-24,-296.0251006922375329836853
2012-01-25,-136.2805591082036305488030
2012-01-27,1347.0239833552194888831134
2012-01-30,457.0485266982021018916004
2012-01-31,411.4130709209145180269350
2012-02-01,137.5776160235270798165184
2012-02-02,-415.2171779937898372287381
2012-02-03,914.4155129259980291064551
2012-02-06,-899.6622050391642280942231
2012-02-07,21.0000774375450762884739
2012-02-08,1168.1723603562115020688432
2012-02-09,323.5046437169206256281717
2012-02-10,-569.5930724802419600820557
2012-02-13,-64.8307882351906455369472
2012-02-14,334.9614964521601953650043
2012-02-15,1620.4937815818962053051317
2012-02-16,-159.3039328458969564521967
2012-02-17,572.8583531688663859436342
2012-02-21,741.7306396262719249326983
2012-02-22,-761.0970734735946304522607
2012-02-23,608.1052138693524454173851
2012-02-24,-400.7024983448011052306400
2012-02-27,-1851.0102101159695235663005
2012-02-28,1384.2220785559329658459646
2012-02-29,591.2943676709921550504576
2012-03-01,-2639.6333427707061472965623
2012-03-02,86.3958472309238840763376
2012-03-03,-544.1971877921536783952573
2012-03-05,-1220.8271872476244486047690
2012-03-06,-1018.5171867029897813436883
2012-03-07,-494.0971861582496561961044
2012-03-09,2071.4928143865959472578466
2012-03-12,652.6528149315470494419828
2012-03-13,1340.9028154766036707840767
2012-03-14,-219.2271839782341682841438
2012-03-15,-2028.2071834329664473269943
2012-03-16,-1066.3171828875931459048339
2012-03-19,-965.4171823421142435740634
2012-03-20,205.9428182034702801128745
2012-03-21,2724.5728187491604456074965
2012-03-22,-2863.9471807050437266347206
2012-03-23,2123.3328198408577838456606
2012-03-26,-1780.3971796131350024879607
2012-03-27,534.3728209329779348317770
2012-03-28,-1056.1071785208033837238018
2012-03-29,312.2428220255210623205913
2012-03-30,2589.4728225719512934442094
2012-04-02,709.1928231184873301302709
2012-04-03,1732.7503436651291928659605
2012-04-04,-1894.2971394785305107117120
2012-04-09,-1091.5971389246462895942854
2012-04-10,819.6028616293451804054430
2012-04-11,-638.7371378165560799458716
2012-04-12,933.6928627376499501224476
2012-04-13,-1200.2371367080367086149015
2012-04-16,635.9728638463839646208025
2012-04-17,1498.3328644009119906123034
2012-04-18,-923.3171350444526098536300
2012-04-19,580.1428655102901840137958
2012-04-20,-658.8371339348596069906004
2012-04-23,-1216.4271333799019620679726
2012-04-24,845.3428671751631395845521
2012-04-25,-1625.5171322696642812261252
2012-04-26,1025.2428682856157963109251
2012-04-27,-109.6871311589966069893371
2012-04-28,-194.7871306035014703079221
2012-04-30,1189.7328699521012271781914
2012-05-02,-399.8871294921884937039438
2012-05-03,-892.1796589363706121232414
2012-05-04,-1922.1540985529028739510725
2012-05-07,563.8559025897973168085342
2012-05-08,-1953.0140962672812308150944
2012-05-09,-1897.2140951241384739789594
2012-05-10,-88.3940939807743698317658
2012-05-11,-577.6040928371888755139219
2012-05-14,-2677.0040916933819481575369
2012-05-15,1383.0759094506464551135808
2012-05-16,-1948.0740894051036228160753
2012-05-17,815.4659117393678609462921
2012-05-18,1258.2159128840609493017858
2012-05-21,662.0259140289756851598150
2012-05-22,-785.9740848258878885619015
2012-05-23,-1044.4140836805297289373359
2012-05-24,1943.7759174650502069678522
2012-05-25,-49.2340813891480379036835
2012-05-28,1351.3859197568755793990254
2012-05-29,1185.1259209031211018352640
2012-05-30,-1788.4940779504114276273642
2012-05-31,277.6959231962780339870642
2012-06-01,-1931.6140756568104703372063
2012-06-04,-151.5798045096768976076079
2012-06-05,228.1433682610030836492818
2012-06-06,392.6277333448186714094052
2012-06-07,-738.1679007261523505108484
2012-06-08,-840.9635339517463230145737
2012-06-11,721.6008336682004446845286
2012-06-12,125.3652021338516750682876
2012-06-13,474.8895714453711223201997
2012-06-14,372.0939416029225723315664
2012-06-15,2.0183126066698427076346
2012-06-18,43.1426844567767827737371
2012-06-19,536.5870571534072735814343
2012-06-20,-285.8085693032747720853422
2012-06-21,-224.1241949131054097041453
2012-06-22,-162.4398196759206630078672
2012-06-25,-203.5554435915565239785923
2012-06-26,577.7289333401510471585505
2012-06-27,-368.0266888806338780584629
2012-06-28,-80.1823102537471963224017
2012-06-29,-779.2179307790247725506285
2012-07-02,598.3064495436975601210532
2012-07-03,-717.3773292854159996554469
2012-07-04,594.2824383136599073513554
2012-07-05,1321.6224387857918164325652
2012-07-06,-1174.1075607419848553455140
2012-07-09,-1071.2875602696700902813477
2012-07-10,1285.2524402027361293300261
2012-07-11,-1586.5175593247661788030019
2012-07-12,-785.7875588521769969686130
2012-07-13,-309.8775583794963074515582
2012-07-16,309.1924420932759074668414
2012-07-17,-1035.3375574338603344913044
2012-07-18,553.8124430390949843995459
2012-07-19,1094.7224435121418818683655
2012-07-20,-342.7975560147196243524386
2012-07-23,-1832.6275555414895165270270
2012-07-24,548.4624449318322230838749
2012-07-25,269.9324454052456122229759
2012-07-26,-1539.3775541212493313635793
2012-07-27,253.8424463523474100737900
2012-07-30,2204.2224468260358542881015
2012-07-31,922.6724472998160190358103
2012-08-01,-282.2875522263120779231904
2012-08-02,185.9000382476515811744318
2012-08-03,-469.1447034401912432608335
2012-08-06,824.1052975853843154497487
2012-08-07,655.3552986111584568752633
2012-08-08,-460.1147003628687805326181
2012-08-09,-149.1446993366973583147783
2012-08-10,860.1853016896727619953466
2012-08-13,818.4853027162416188717688
2012-08-14,264.4353037430092507959503
2012-08-16,-60.4746952300243037431955
2012-08-17,168.0053057971409937506970
2012-08-21,501.4953068245051817814478
2012-08-22,-12.3646921479317011396679
2012-08-23,323.9753088798303835060824
2012-08-24,-74.4846900922085257551104
2012-08-27,209.8853109359516096104041
2012-08-28,357.0653119643108281437378
2012-08-29,-2598.3346870071308316065345
2012-08-30,1113.1853140216266689156258
2012-08-31,-683.8246849494166317262768
2012-09-03,945.9353160797393050387293
2012-09-04,218.0100671090945177890840
2012-09-05,556.4451632333466522158841
2012-09-06,263.5951661694112059742362
2012-09-07,589.4051691060442713993787
2012-09-08,1500.2251720432459585725133
2012-09-10,226.7751749810163775961576
2012-09-11,645.3651779193556385941477
2012-09-12,950.0751808582638517116429
2012-09-13,172.2151837977411271151309
2012-09-14,1549.7051867377875749924300
2012-09-17,470.0151896784033055526947
2012-09-18,474.7951926195884290264192
2012-09-20,-566.8748044386569443345581
2012-09-21,2209.3851985036672957429490
2012-09-24,121.7752014465612595534794
2012-09-25,78.6652043900250574129279
2012-09-26,202.9452073340587996585501
2012-09-27,-674.4547897213374033510340
2012-09-28,1468.8552132238365587641650
2012-10-01,811.6952161695807964055087
2012-10-03,1446.2267591158954199957362
2012-10-04,243.4042473838606016095778
2012-10-05,-1378.6257517937163099749831
2012-10-08,-1280.4857509711339753603404
2012-10-09,851.7042498516076362884278
2012-10-10,-711.1657493254914441877854
2012-10-11,1962.1342514975688140578843
2012-10-12,-567.3057476792115581217256
2012-10-15,-822.4857468558325298678036
2012-10-16,-1710.9557460322940703155631
2012-10-17,913.1842547914038514057592
2012-10-18,820.5942556152612661729036
2012-10-19,-426.0357435607217951314105
2012-10-22,224.6742572634546983815159
2012-10-23,-626.3657419122092223936371
2012-10-25,-396.2057410877135265562071
2012-10-26,-897.0957402630581831995488
2012-10-29,-2.4957394382431614110320
2012-10-30,-970.0257386132684302720412
2012-10-31,109.6142622118660411420262
2012-11-01,1734.4942630371602837617604
2012-11-02,384.9475538626143285237411
2012-11-05,-586.1257598466932778298231
2012-11-06,936.2842409743297547753460
2012-11-07,1909.9342417955117624862028
2012-11-08,-145.2757573831472239148225
2012-11-09,-93.9157565616471736393391
2012-11-11,255.1242442600119441070049
2012-11-12,650.5342450818301601245250
2012-11-13,112.2742459038075052194995
2012-11-15,-1289.0057532740559897958275
2012-11-16,-478.6957524517602941032458
2012-11-19,-969.3057516293053768785783
2012-11-20,198.9742491933087927083213
2012-11-21,382.2042500160822454935681
2012-11-22,518.9942508390150123192489
2012-11-23,647.7742516621071240334218
2012-11-26,2437.6742524853586114901185
2012-11-27,1729.3042533087695055493444
2012-11-29,-142.3157458676601629229190
2012-11-30,375.2342549560696369452859
2012-12-03,1138.2442557799589360318949
2012-12-04,-485.3879833959922347791778
2012-12-05,52.2343693001776163095506
2012-12-06,26.2843701462074229445347
2012-12-07,888.2143709924010467595291
2012-12-10,-504.7356281612414805254630
2012-12-11,-600.2956273147201271842959
2012-12-12,519.9543735319651385153192
2012-12-13,-1695.7156256211856516881851
2012-12-14,785.3843752258275339497701
2012-12-17,71.6143760730047271799099
2012-12-18,2005.3643769203459597591073
2012-12-19,-377.9656222321487365496152
2012-12-20,-59.4156213844793299770852
2012-12-21,-1849.5256205366457887479786
2012-12-24,205.6643803113519189191813
2012-12-26,855.0243811595138248120249
2012-12-27,-169.5656179921600392756621
2012-12-28,561.5643828563303584560623
2012-12-31,290.4143837049850498132972
2013-01-01,1668.8243845538040666083007
2013-01-02,778.4633454027874406594904
2013-01-03,867.6530403185389956304759
2013-01-04,-650.7169590927625856084433
2013-01-07,130.0930414960498231256640
2013-01-08,-481.7569579150237560952663
2013-01-09,49.1530426740166988049762
2013-01-10,-508.5969567368287900931240
2013-01-11,-896.4269561475602007048069
2013-01-14,1408.6930444418224890589640
2013-01-15,1004.0230450313193012915023
2013-01-16,-692.6369543790697419096009
2013-01-17,-565.7769537893446184424751
2013-01-18,-186.2269531995053062009706
2013-01-21,383.1130473904482169253429
2013-01-22,-328.0269520194840269488232
2013-01-23,-476.5869514293020157044754
2013-01-24,-1748.3069508390057272183371
2013-01-25,1211.4230497514048606371518
2013-01-28,386.2230503419297699938362
2013-01-29,-1101.2669490674309770121538
2013-01-30,-180.8869484766773582404016
2013-01-31,-66.3669478858093515462041
2013-02-01,835.8930527051730652194303
2013-02-04,-1423.0981567037300857902181
2013-02-05,-563.0678231147141105743621
2013-02-06,-36.3254003755658435400115
2013-02-07,-441.8329771673013680025424
2013-02-08,-919.2205534898298487528743
2013-02-11,-207.6481293430604329934592
2013-02-12,509.2042952730977496651242
2013-02-13,1268.3867203587355872075767
2013-02-14,-2118.9708540860560147827144
2013-02-15,-354.9084280611861331202677
2013-02-18,662.0039984334361729859008
2013-02-19,422.5464253979018619356864
2013-02-20,820.7988528323019097413055
2013-02-21,-1997.9687192632726899692942
2013-02-22,235.7137091112690740509773
2013-02-25,-247.1938620439817693282360
2013-02-26,-2041.7914327289341736113243
2013-02-27,1689.1909970565029253267017
2013-02-28,-2283.4965726875793907563765
2013-03-01,578.3858580389099775334298
2013-03-04,-1173.8542807639378527702689
2013-03-05,1418.7978886435764182643891
2013-03-06,1023.8902447180180459232305
2013-03-07,368.9926012486675611699957
2013-03-08,1033.5349582356132997690476
2013-03-11,383.4373156789436145892481
2013-03-12,-1088.0603264212531243927301
2013-03-13,-1784.3879680648885300890911
2013-03-14,750.8043907481258017023977
2013-03-15,80.2267500178782923017191
2013-03-18,-1233.3408902555426198500788
2013-03-19,-2468.0285300720484791875678
2013-03-20,-1392.4661694315508130176239
2013-03-21,-519.2638083339611315161109
2013-03-22,-20.6214467791909277245626
2013-03-25,-515.4890847671516775468659
2013-03-26,443.2332777022451602540576
2013-03-28,1164.5456406290881440595715
2013-04-01,1116.8180040134658493986430
2013-04-02,438.9306678554668689511644
2013-04-03,-705.8601059644195980322274
2013-04-04,-1990.8777630558083589081653
2013-04-05,-631.9654196935385386033848
2013-04-08,300.1969241224777050229860
2013-04-09,-301.6307316076717688792625
2013-04-10,942.7416131161009158518718
2013-04-11,338.1839582938836523938965
2013-04-12,-439.4736960742356490568800
2013-04-15,498.6886500118309387179463
2013-04-16,2469.4209965521713599621713
2013-04-17,2.4633435468735759482795
2013-04-18,693.9056909960255649807410
2013-04-22,1887.5180388997153223993096
2013-04-23,-97.0696127419691394176788
2013-04-25,927.3727360710602089499935
2013-04-26,-704.2949146611085860322750
2013-04-29,942.4374350616125391493958
2013-04-30,745.7597852393116650606694
2013-05-02,1666.1321358720768893222934
2013-05-03,0.4261669599963266134023
2013-05-06,137.1149167722412594140381
2013-05-07,1579.6073361693050946085988
2013-05-08,201.1397560348380088048278
2013-05-09,-452.5578236310692880922076
2013-05-10,781.8245971716739313867649
2013-05-11,170.0970184431584122786231
2013-05-13,-1774.2905598165250828087473
2013-05-14,202.8618623927142263069488
2013-05-15,3419.9442850709671373858194
2013-05-16,626.1667082183244657691886
2013-05-17,676.0591318348770443830013
2013-05-20,-1477.0684440792842762587725
2013-05-21,-770.9260195240686280507315
2013-05-22,-388.7235944993851252926371
2013-05-23,-3815.4111690051428646860067
2013-05-24,1825.4312569587490746692942
2013-05-27,1916.8736833923816312784599
2013-05-28,304.1661102958457612551535
2013-05-29,-651.0014623307675616750832
2013-05-30,1046.0709655126326538285797
2013-05-31,-1766.7566061738625832743281
2013-06-03,-214.8541773901622464021663
2013-06-04,292.2951518638247086522288
2013-06-05,91.3802515082939976218371
2013-06-06,-387.3873028897086722825542
2013-06-07,-988.3848568141681886387054
2013-06-10,-783.8724102649928590459249
2013-06-11,-1788.0199632420909733490744
2013-06-12,-1278.6975157453708036351321
2013-06-13,-1550.9850677747406042297540
2013-06-14,1824.6673806698913883061653
2013-06-17,1180.1798295886169551799327
2013-06-18,206.5922789815278953704964
2013-06-19,-40.2352711512839743681126
2013-06-20,-2183.7028208097268195033384
2013-06-21,-705.1003699937087877206583
2013-06-24,-1815.8179187031380089201393
2013-06-25,884.3945330620774047870056
2013-06-26,-732.9030146979706409181384
2013-06-27,1148.4594380168097774412578
2013-06-28,2199.6218912065106011412126
2013-07-01,2021.7743448712237892603803
2013-07-02,-586.3832009889586813165022
2013-07-03,-1696.2102141096610120827659
2013-07-04,1211.7121926760771687123204
2013-07-05,705.9545999278424911344211
2013-07-08,-200.7229923542748077449670
2013-07-09,349.7194158298155266183023
2013-07-10,3.6018244802037662444086
2013-07-11,1673.0842335969802006329484
2013-07-12,807.0866431802351367663196
2013-07-15,543.9690532300588991131071
2013-07-16,-1473.3085362534581703685317
2013-07-17,-315.5861252702257122274805
2013-07-18,2199.0162861798466504837237
2013-07-19,-419.5413019031506877877223
2013-07-22,412.2211104808726849085011
2013-07-23,-453.8164766679928019707749
2013-07-24,-2495.2540633496567014588175
2013-07-25,-916.3716495640285490756021
2013-07-26,-260.3292353110178628244206
2013-07-29,-1254.8868205905341431884905
2013-07-30,-1849.6844054024868731275616
2013-07-31,179.3180102532144819254763
2013-08-01,-1474.1195736233395259320124
2013-08-02,-1643.1320770320583270690147
2013-08-05,36.0272878561453978961967
2013-08-06,36.0342638381423927070476
2013-08-07,36.0412411709023152383856
2013-08-08,36.0482198546867144001262
2013-08-12,36.0551998897571897460328
2013-08-13,36.0621812763753914835228
2013-08-14,36.0691640148030204834761
2013-08-16,36.0761481053018282900444
2013-08-19,36.0831335481336171304639
2013-08-20,36.0901203435602399248682
2013-08-21,36.0971084918436002961048
2013-08-22,36.1040979932456525795524
2013-08-23,36.1110888480284018329401
2013-08-26,36.1180810564539038461692
2013-08-27,36.1250746187842651511362
2013-08-28,36.1320695352816430315585
2013-08-29,36.1390658062082455328007
2013-08-30,36.1460634318263314717042
2013-09-02,36.1530624123982104464182
2013-09-03,-123.5376872518137571537682
2013-09-04,-370.1553034501102131707877
2013-09-05,-1075.6506379818122321176505
2013-09-06,-1324.6459716101372612610959
2013-09-10,-702.1413043349103792569878
2013-09-11,-204.1366361559566308910820
2013-09-12,24.1180329268989729275327
2013-09-13,-888.8772970861685448270062
2013-09-16,-245.6226261949841272907742
2013-09-17,584.3820456006273162965026
2013-09-18,-619.1132816991590894019895
2013-09-19,1497.3913919058318141864133
2013-09-20,-183.3539335842247804495824
2013-09-23,-494.5992581691536468986592
2013-09-24,-245.5945818487795248203214
2013-09-25,356.1600953770728800616756
2013-09-26,65.6647735085788959658957
2013-09-27,169.4194525459138850597946
2013-09-30,874.9241324892532434662932
2013-10-01,-681.3211866612275987296472
2013-10-03,-361.8676049053531774744493
2013-10-04,1.7568977477501185541386
2013-10-07,198.3214668270138842671153
2013-10-08,1661.6060367909907822630986
2013-10-09,-718.9493923601478800059615
2013-10-10,89.1351793737692380822340
2013-10-11,-740.7802480070864896732446
2013-10-14,591.4643254974563437098685
2013-10-15,-413.1711001124308215965399
2013-10-17,1246.6734751634234877754641
2013-10-18,438.5980513251907783962895
2013-10-21,482.2826283730425900452497
2013-10-22,547.8072063071504957169920
2013-10-23,940.9317851276861016279301
2013-10-24,-172.9036351651789527773243
2013-10-25,242.0609454287270051804736
2013-10-28,285.7455269095756814216363
2013-10-29,-1526.9698907224611848860195
2013-10-30,-151.0453074672118213207349
2013-10-31,-893.6007233245044222003700
2013-11-01,351.2838617058328514240362
2013-11-03,-150.6094123760281282252922
2013-11-05,-1066.8527316711278628656978
2013-11-06,-714.6527302637576616248238
2013-11-07,-1148.1527288561149505789884
2013-11-08,-605.5927274481996769619801
2013-11-11,-397.9527260400117879973702
2013-11-12,-243.9027246315512308985109
2013-11-13,-1193.7827232228179528685331
2013-11-14,2181.6572781861880988996551
2013-11-18,2377.4472795954669772233708
2013-11-19,-611.4727189949812650698418
2013-11-20,-1313.3627175851565751422094
2013-11-21,-2306.2827161750589001457281
2013-11-22,427.9272852353118127778394
2013-11-25,547.3972866459556164969653
2013-11-26,320.6872880568725638903586
2013-11-27,-831.8327105319372921530328
2013-11-28,561.3472908795261012659802
2013-11-29,2157.6972922912627970568294
2013-12-02,668.4672937032728481391914
2013-12-03,-150.8535848844436925570102
2013-12-04,-850.9196569137716157586779
2013-12-05,1803.0603431526603444316607
2013-12-06,34.5003432191051678761015
2013-12-09,330.5403432855628570653632
2013-12-10,-184.8296566479665855093537
2013-12-11,-393.5896565814831573563660
2013-12-12,-1698.0996565149868559835083
2013-12-13,-1115.5096564484776788981324
2013-12-16,248.4803436180443763928922
2013-12-17,-696.7196563154206876168206
2013-12-18,1561.5003437511271315668251
2013-12-19,-1068.1696561823121635615913
2013-12-20,2167.9403438842614294929927
2013-12-23,40.6703439508479132261222
2013-12-24,148.4403440174472901338260
2013-12-26,614.3203440840595627126158
2013-12-27,-220.5796558493152665405127
2013-12-30,-752.6696557826771951280811
2013-12-31,544.4403442839737794478734
2014-01-01,258.3003443506376596857965
2014-01-02,-3.9111655826855519153816
2014-01-03,-982.5446853132749312074356
2014-01-06,580.2253157158105514907315
2014-01-07,-886.6946832549047034678091
2014-01-08,-313.5646822254206574997894
2014-01-09,59.4353188042627279855302
2014-01-10,168.0953198341454915863614
2014-01-13,1519.5453208642276719083895
2014-01-14,-534.7646781054906924352245
2014-01-15,583.1453229249904371761566
2014-01-16,-548.0846760443289006293514
2014-01-17,-2373.5846750134486672161536
2014-01-20,1675.4453260176311760588264
2014-01-21,-372.2046729510893321538530
2014-01-22,696.1653280803898468038510
2014-01-23,195.4553291120687515974661
2014-01-24,-865.6046698560525790999926
2014-01-27,-2699.3346688239741066080223
2014-01-28,-455.2746677916957922386301
2014-01-29,1003.2253332407824027036679
2014-01-30,-2057.6446657265394830781518
2014-01-31,228.9453353063385891263817
2014-02-03,-777.2646636605833419647657
2014-02-04,-441.4438526273052376261305
2014-02-05,452.2408521441770248452666
2014-02-06,460.8008523091781334911754
2014-02-07,822.9608524742111913853318
2014-02-10,-450.7991473607237952859154
2014-02-11,476.0008528043731796649810
2014-02-12,111.7608529695021224267661
2014-02-13,-1866.4391468653369608106167
2014-02-14,758.9008532998559361439743
2014-02-17,1169.0808534650808194828803
2014-02-18,1387.8408536303376953996408
2014-02-19,921.9808537956265700889950
2014-02-20,-904.8191460390525502531186
2014-02-21,946.2608541263003405704383
2014-02-24,-456.2991457083147512419962
2014-02-25,795.6008544571021805091165
2014-02-26,172.4808546225511420245151
2014-02-28,524.9808547880321395061391
2014-03-03,205.6008549535451791571289
2014-03-04,1118.8866851190902671818260
2014-03-05,908.2946844886476393968729
2014-03-06,573.2846853957075491392811
2014-03-07,1401.3146863029430933514784
2014-03-10,-280.7653127896456939583436
2014-03-11,-1324.3753118820587787754087
2014-03-12,1116.2446890257038729216459
2014-03-13,-735.4153100663577048392296
2014-03-14,-250.3053091582434780234961
2014-03-18,140.1846917500465874099756
2014-03-19,495.4446926585125255089061
2014-03-20,-1566.3453064328456296723911
2014-03-21,103.4846944759721559269909
2014-03-22,454.9946953849659163745548
2014-03-24,863.6446962941356857443997
2014-03-25,-996.4553027965185018827779
2014-03-26,584.6446981130033875803181
2014-03-27,28.1446990227013882275837
2014-03-28,835.9146999325755341595168
2014-03-31,1842.5147008426258594832181
2014-04-01,-160.6052982471476016876077
2014-04-02,518.0638126632551847673500
2014-04-03,-1021.1876060062195580217592
2014-04-04,280.8147470679851809190700
2014-04-07,-429.9928994021831299406917
2014-04-09,2169.0694545833637326761178
2014-04-10,1686.1618090247140091293787
2014-04-11,-620.5558360780440431350033
2014-04-15,-1234.9934807248221495817888
2014-04-16,-835.9711249155320185830948
2014-04-17,563.8312313499146585849135
2014-04-21,1279.0135880716062077453346
2014-04-22,360.3259452496309718238403
2014-04-23,767.1183028840773108519882
2014-04-25,-668.8393390249663980294664
2014-04-28,-156.3369804774117605672583
2014-04-29,-1026.5246214731703653922973
2014-04-30,-1281.2722620121537840163557
2014-05-02,382.9900979057264291712473
2014-05-05,361.6313382805587369069610
2014-05-06,-233.5575073374183303672088
2014-05-07,-268.5551368173627124973830
2014-05-08,-506.1527658383020954853688
2014-05-09,3754.8496055998523980393243
2014-05-12,1263.6519774971896626565565
2014-05-13,2211.2543498537986101588907
2014-05-14,1121.2567226697681695549255
2014-05-15,801.4590959451872870726280
2014-05-16,1809.6614696801449261626691
2014-05-19,3907.0638438747300675017571
2014-05-20,522.6662185290317089959742
2014-05-21,-239.9314063568611342158879
2014-05-22,1655.6709692171405702410087
2014-05-23,2069.8733452511258719808864
2014-05-26,-1963.5242782548161621393113
2014-05-27,-1543.7219013005964480165798
2014-05-28,319.4804761138741157014855
2014-05-29,-937.7171460113153523799710
2014-05-30,-588.3147676760757163997242
2014-06-02,3337.6876111196821767628730
2014-06-03,946.3291103760474974912317
2014-06-04,543.7207260525296723618794
2014-06-05,2310.7633053514627586038746
2014-06-06,774.9258851498268037879635
2014-06-09,2052.2084654477185129837101
2014-06-10,16.3710462452346099857295
2014-06-11,-1187.7863724575281626826854
2014-06-12,-807.3037906604730437659381
2014-06-13,-1876.2612083635032532725014
2014-06-16,-286.6586255665219924712888
2014-06-17,1468.5439577305675561119731
2014-06-18,-1231.9334584721377713016256
2014-06-19,-326.3308741745411197405482
2014-06-20,-447.1282893765456154791808
2014-06-23,-197.2057040780543660342010
2014-06-24,1403.9168817210295398390544
2014-06-25,-369.5205319791969678497784
2014-06-26,-27.9179451786369403224558
2014-06-27,34.8046421228065899715062
2014-06-30,2122.9672299252306093584683
2014-07-01,1587.7698182287321229443019
2014-07-02,1494.6255670334081546180269
2014-07-03,75.5858121947953310846684
2014-07-04,1146.8184834848987962989569
2014-07-07,-573.1488447077544826265974
2014-07-08,-2937.1361723830643516183561
2014-07-09,-1955.1734995409306372097965
2014-07-10,124.3291738187468534622434
2014-07-11,-3225.1681523039316673386798
2014-07-14,858.1545220911340320551417
2014-07-15,1979.7771970040442027193247
2014-07-16,1948.7898724348991151411521
2014-07-17,982.9125483837990592233326
2014-07-18,-477.5147751491556557122411
2014-07-21,552.8779018361352990792690
2014-07-22,828.5005793397722717694064
2014-07-23,-67.3967426381443700398179
2014-07-24,333.8459359024857606878362
2014-07-25,-1668.1213850382369295733979
2014-07-28,13.0112945397879850924692
2014-07-30,617.0239746366609500469482
2014-07-31,-339.6433447475175698991642
2014-08-01,-1405.8506636126470904820191
2014-08-04,1351.9749180413728920190518
2014-08-05,577.4462025887346477412603
2014-08-06,-999.3611454086203652308155
2014-08-07,-76.6884928924667626978134
2014-08-08,-23.7258398627051137263986
2014-08-11,-295.3531863192359681303739
2014-08-12,1238.9594677380401435330475
2014-08-13,-335.1378776907772900330287
2014-08-14,931.3847773944112391385506
2014-08-18,2880.0774329937052582827174
2014-08-19,-342.6299108927956860940881
2014-08-20,315.3527457350079717898151
2014-08-21,157.9554028772158169950809
2014-08-22,722.5180605339274538650684
2014-08-25,-748.0192812947574939704233
2014-08-26,602.2733773912606164085785
2014-08-27,-398.9539634079185527840441
2014-08-28,1073.0686963078046799632352
2014-09-01,1237.3013565385300154633254
2014-09-02,2156.0863372843571738342534
2014-09-03,-137.7705091462388634707624
2014-09-04,-836.9677538827169853502985
2014-09-05,716.7350019143079641738513
2014-09-08,1831.1377582449392875716456
2014-09-09,198.5405151092803073155531
2014-09-10,-1132.0567274925656341155756
2014-09-11,-36.3539695604951742326326
2014-09-12,312.4487889055950694676203
2014-09-15,-1092.3484520941915004935715
2014-09-16,-3213.2456925597514615730803
2014-09-17,957.2570675090186287979808
2014-09-18,2452.1598281122222332181359
2014-09-19,592.6625892499628343194247
2014-09-22,512.6653509223439347712809
2014-09-23,-1937.0318868705309427155872
2014-09-24,-1850.3291241285582553853165
2014-09-25,-1787.4263608516344404330076
2014-09-26,1431.1764029603440849991575
2014-09-29,566.8791673074809238257975
2014-09-30,-67.3180678101203009777836
2014-10-01,123.4846976076440536282872
2014-10-07,-2350.2179764391223492476626
2014-10-08,57.4486397058455483568753
2014-10-09,1578.2113444606275229772962
2014-10-10,-2174.7459502608674638910148
2014-10-13,1183.2167555414619965091780
2014-10-14,-369.3005381322826674290606
2014-10-16,-2251.2978312820000076730347
2014-10-17,642.3848760924114434533854
2014-10-20,1743.6275839910531732735675
2014-10-21,1820.7102924140266887619204
2014-10-22,725.4330013614335165477003
2014-10-23,405.0757108333752029188160
2014-10-27,-423.7615791700466861743645
2014-10-28,591.8411313512694348847928
2014-10-29,923.2438423974251713829971
2014-10-30,1317.6065539685221482808398
2014-10-31,3680.0492660646620102166056
2014-11-03,158.6519786859464215100817
2014-11-05,-433.0513581675229338336307
2014-11-07,34.0150241325419776455701
2014-11-10,284.0578366203223267330715
2014-11-11,937.6106496526861093786016
2014-11-12,944.8534632297387735482557
2014-11-13,444.3362773515857876260723
2014-11-14,275.3790920183326404179863
2014-11-17,1008.9019072300848411557839
2014-11-18,824.9147229869479195010572
2014-11-19,-2099.5824607109725744508404
2014-11-20,460.7203561364289298331637
2014-11-21,926.4931735292580233278175
2014-11-24,699.7359914676203174535029
2014-11-25,-1700.4011900483785559198053
2014-11-26,983.7516289813670555314203
2014-11-27,1028.4144485569628245882197
2014-11-28,507.0672686785144444931075
2014-12-01,-506.2199106538723710459661
2014-12-02,1049.4983105599081121483482
2014-12-03,649.9597392597976618102008
2014-12-04,787.7626281764680420267753
2014-12-05,-252.6544823474791795072925
2014-12-08,-2800.3715923119356892948772
2014-12-09,-1970.8087017167931528660571
2014-12-10,1572.4741894380567852259486
2014-12-11,-1203.2029188472774985911598
2014-12-12,-1496.0600265726876069046990
2014-12-15,-590.6571337380651213129401
2014-12-16,-2599.0542403433016024210440
2014-12-17,-502.4913463882885898369967
2014-12-18,2980.5315481270823978324565
2014-12-19,575.0944432029198629858775
2014-12-22,1826.2173388393323290312023
2014-12-23,-1482.9397649635716596101902
2014-12-24,-46.6968682056835374994103
2014-12-26,-363.1339708868947181759870
2014-12-29,876.7489269929034058462019
2014-12-30,172.6518254338194630830010
2014-12-31,1100.0947244359621030840500
2015-01-01,1006.8376239994399964368551
2015-01-02,1353.4574741243618347708642
2015-01-05,118.6839747664811206735957
2015-01-06,-3826.8231374330302599616532
2015-01-07,-1331.8402490733753691872931
2015-01-08,1998.7926398455540646450514
2015-01-09,-100.4544706761336658515503
2015-01-12,1207.5184193616697529047251
2015-01-13,89.8113099590726554685141
2015-01-14,-492.1257988838166026286718
2015-01-15,3800.0670928331103551256156
2015-01-16,273.1499851099619262288227
2015-01-19,13.6828779468465291674593
2015-01-20,1640.8857713438726034211607
2015-01-21,495.9086653011486094667541
2015-01-22,309.9715598187830287823238
2015-01-23,1800.1044548968843638512773
2015-01-27,513.6473505355611381664132
2015-01-28,1033.6702467349218962339889
2015-01-29,194.2431434950752035777897
2015-01-30,-596.9439591838703532568022
2015-02-02,-370.1410613018061666987364
2015-02-03,-875.7311628586236081472234
2015-02-04,-1593.8571992519031350125429
2015-02-05,-312.2471987095928623142078
2015-02-06,-427.5871981671775818030658
2015-02-09,-4017.8671976246572731464014
2015-02-10,2027.6428029179680839924387
2015-02-11,731.4428034606985099540452
2015-02-12,254.9328040035340250829477
2015-02-13,1749.6228045464746497276145
2015-02-16,832.0128050895204042404548
2015-02-18,-886.0071943673286910221820
2015-02-19,-785.0171938240726157000048
2015-02-20,-75.0571932807113494287796
2015-02-23,-1380.3171927372448718403299
2015-02-24,-1294.8071921936731625625352
2015-02-25,621.7528083500037987806702
2015-02-26,-1257.5371911062139674307033
2015-02-27,2758.6928094376735591873014
2015-02-28,381.1028099816663990225881
2015-03-02,1394.9128105257645724670086
2015-03-03,406.0857910699680999163627
2015-03-04,-1263.6441619019452780437876
2015-03-05,581.3387766032728792377247
2015-03-09,-2258.4782843225247096065467
2015-03-10,100.9246553207721281326915
2015-03-11,-549.5924044667264135024699
2015-03-12,1456.8905363150898808669881
2015-03-13,-1464.6465223336687520388559
2015-03-16,-1129.6235804128920541547313
2015-03-17,1782.7793620775302539339575
2015-03-18,992.0223051377084729952649
2015-03-19,-1664.8347512322470748451607
2015-03-20,-568.9918070322260460999423
2015-03-23,-1474.9088622621180759158374
2015-03-24,-85.6459169218127780696010
2015-03-25,-564.5429710111997449638478
2015-03-26,-954.2200245301685476229133
2015-03-27,-1431.0570774786087356887150
2015-03-30,1804.0258701435901625833889
2015-03-31,-37.3511816634613596712603
2015-04-01,1688.1917671003472120775208
2015-04-06,1689.8227664351264137588997
2015-04-07,1518.6893252522601433116977
2015-04-08,-126.1577684844883767073133
2015-04-09,2989.5651383415043288081891
2015-04-10,-913.8519542696527762732418
2015-04-13,1330.5709536821492930156767
2015-04-15,-937.5261378029804572549584
2015-04-16,-1604.3832287249329999081499
2015-04-17,-2544.5503190835992866559122
2015-04-20,-2184.0074088788702480951856
2015-04-21,-1122.4044981106367937037456
2015-04-22,1256.3184132212101881638847
2015-04-23,103.1613251167798302805257
2015-04-24,-2545.7157624238187134495682
2015-04-27,-2095.4728494004762679866170
2015-04-28,1284.3300641869163628487779
2015-04-29,-748.6770216615316036202736
2015-04-30,216.0558930542890710771440
2015-05-04,1973.2088083344876465638468
2015-05-05,201.1846541791734036186469
2015-05-06,-3189.0744802663792679606582
2015-05-07,-2507.1916231476189258117800
2015-05-08,1713.6312345243667691587421
2015-05-11,2993.7140927496849382562077
2015-05-12,-2041.5630484715572764721304
2015-05-13,2444.7298108607472877669492
2015-05-14,111.2326707467058145166535
2015-05-15,870.1155311864255080741939
2015-05-18,1501.0783921800135934948037
2015-05-19,-126.1387462724226834042421
2015-05-20,733.2741158292239439603940
2015-05-21,136.0569784850607629421318
2015-05-22,434.6698416951950816684958
2015-05-25,-680.3772945402657709548621
2015-05-26,-1033.2644302212144452401402
2015-05-27,160.5784346524564292866384
2015-05-28,-973.1186999191457561103510
2015-05-29,1854.5941660640864106272924
2015-06-01,202.5670326022603623562206
2015-06-02,-2163.7801003045164472646362
2015-06-03,-2779.3572326561365437700413
2015-06-04,516.6656355475075681155773
2015-06-05,-127.3914956934765955178438
2015-06-08,-1863.6686263789814977619734
2015-06-09,345.6842434911004191139464
2015-06-10,1054.0571139168767336671309
2015-06-11,-1702.5000151015449547147140
2015-06-12,-32.0071435640570258093583
2015-06-15,163.6957285294481614439859
2015-06-16,382.5186011790782689486999
2015-06-17,1203.7214743849409794547938
2015-06-18,1378.6843481471439965629429
2015-06-19,1063.1072224657950447285256
2015-06-22,1653.8800973410018692656609
2015-06-23,426.8929727728722363512479
2015-06-24,-50.4441512384860669709955
2015-06-25,833.5787253070347672135092
2015-06-26,-459.4983975904574323057590
2015-06-29,-1304.7155199308548158603775
2015-06-30,810.3673582859504871010618
2015-07-01,2658.5902370600663680169970
2015-07-02,534.8477563916007392169395
2015-07-03,-659.7914653110478081614741
2015-07-06,1412.6614543532619561312989
2015-07-07,100.4843745829077996624034
2015-07-08,-1652.1427046220008112567702
2015-07-09,-145.6697832613543891188142
2015-07-10,431.1831386649565747838011
2015-07-13,1301.1960611570416103628316
2015-07-14,97.0589842150102687383653
2015-07-15,541.8019078389721222429294
2015-07-16,1551.9548320290367644255974
2015-07-17,1125.5477567853138100560967
2015-07-20,57.8106821079128951289188
2015-07-21,-1855.2963920030563231325723
2015-07-22,1129.2765344525158337279717
2015-07-23,-26.1405385252609345960064
2015-07-24,-666.3276109362769071698562
2015-07-27,-2550.7746827804223418136073
2015-07-28,29.7482459424125249021445
2015-07-29,482.2311752323374776603522
2015-07-30,1311.5541050894623224016321
2015-07-31,1860.3270355138968863283808
2015-08-03,687.7099665057510179088914
2015-08-04,488.5285480651345868814719
2015-08-05,1809.3188415395137353666192
2015-08-06,255.1018251613062888707596
2015-08-07,-514.7551906391809585970096
2015-08-10,-184.1622058618361427819095
2015-08-11,-1580.3092205065473777688295
2015-08-12,-2284.3962345732027559781320
2015-08-13,193.4067519383096518385414
2015-08-14,2168.0997390281017966024664
2015-08-17,-77.6872733037143490879677
2015-08-18,372.2657149429732090469393
2015-08-19,284.2687037682764869723968
2015-08-20,-1617.7383068276924776566779
2015-08-21,-1432.8953168448216254914594
2015-08-24,-10404.8523262829988754850140
2015-08-25,2191.2706648578878751119019
2015-08-26,-1321.7863434220492492449558
2015-08-27,2937.1666488773018976108838
2015-08-28,1142.4396417560534835608105
2015-08-31,-618.8473647856823017946617
2015-09-01,-2649.7843707477932471316904
2015-09-02,-823.3125461301671193988970
2015-09-03,-911.1771236948790872233729
2015-09-04,-621.3442922599329952379395
2015-09-07,-1908.5214602767347203941052
2015-09-08,-350.1086277451781043439897
2015-09-09,944.6942053348430318157826
2015-09-10,-564.3329610365651124519378
2015-09-11,271.6198731407036828791550
2015-09-14,1075.0227078667556584028044
2015-09-15,-595.7944568583029247158257
2015-09-16,183.7583789656342152638313
2015-09-18,1937.2012153386733806617295
2015-09-21,-881.9559477390791056188051
2015-09-22,-1174.0631102675169000870885
2015-09-23,143.2997277534663613389067
2015-09-24,1014.0825663239770633365395
2015-09-28,-1288.4445945558783888175124
2015-09-29,-508.5917548859935692432635
2015-09-30,1180.8310853337379685465683
2015-10-01,-431.9960738965773083494469
2015-10-05,1963.6144074231670877825384
2015-10-06,739.8043094630271996362815
2015-10-07,-26.8900356917382043417407
2015-10-08,-905.7843797515530611165589
2015-10-09,10.5212772837946451409224
2015-10-12,29.2269354145169713125314
2015-10-13,-195.1674053591739846592225
2015-10-14,-344.7617450370660837631976
2015-10-15,534.1439163810528540883317
2015-10-16,534.1495788953950500676290
2015-10-19,216.2552425061727664394510
2015-10-20,29.2609072135983065690043
2015-10-21,-269.9334269821159850700965
2015-10-23,-400.8277600807577228878688
2015-10-26,-8.1220920821144801700004
2015-10-27,-269.9164229859737890698871
2015-10-28,-475.6107527921231406006678
2015-10-29,-101.6050815003499846272586
2015-10-30,272.4005908895582701416146
2015-11-02,122.8062643778142561613855
2015-11-03,115.6034389646306470596178
2015-11-04,161.1503310065471028394595
2015-11-05,-385.4940149185688446432825
2015-11-06,-479.7383597488834082887759
2015-11-09,538.1672965158153988494969
2015-11-10,-1101.7770461242603952348068
2015-11-11,1631.4786123311012785070583
2015-11-13,-2100.8157281178874698131252
2015-11-16,-178.1100674710144890125865
2015-11-17,-8.4544057280675868296136
2015-11-18,66.9512571111654700844004
2015-11-19,764.4069210468969561729136
2015-11-20,538.2125860793391869821916
2015-11-23,783.2682522087045191692671
2015-11-24,-347.7260805647946494901001
2015-11-26,274.3295877590541199065384
2015-11-27,10.4352571804633073962836
2015-11-30,-27.2590723003545658411465
2015-12-01,293.1965993168130625245501
2015-12-02,73.6799720321787959822266
2015-12-03,43.8615298901838243353850
2015-12-04,43.8700228204342589293915
2015-12-07,43.8785173951750799585877
2015-12-08,43.8870136147247109295057
2015-12-09,43.8955114794016370051828
2015-12-10,43.9040109895244050170996
2015-12-11,43.9125121454116234771210
2015-12-14,43.9210149473819625894397
2015-12-15,43.9295193957541542625210
2015-12-16,43.9380254908469921210516
2015-12-17,43.9465332329793315178888
2015-12-18,43.9550426224700895460137
2015-12-21,43.9635536596382450504854
2015-12-22,43.9720663448028386403986
2015-12-23,43.9805806782829727008426
2015-12-24,43.9890966603978114048631
2015-12-28,43.9976142914665807254265
2015-12-29,44.0061335718085684473859
2015-12-30,44.0146545017431241794499
2015-12-31,44.0231770815896593661536
2016-01-01,44.0317013116676472998321
2016-01-04,-145.0759728077033768674043
2016-01-05,293.2685966441905989832963
2016-01-06,-460.7257166995646976266928
2016-01-07,-1554.0200289422098650327094
2016-01-08,783.3856599164683052773250
2016-01-11,-46.0086501233169369008388
2016-01-12,-950.8029590613523004797841
2016-01-13,-536.0972668974244530724328
2016-01-14,-818.8415736313200209840487
2016-01-15,-913.0858792628255892042389
2016-01-18,-2307.9801837917277013989541
2016-01-19,331.0255127821871400975131
2016-01-20,-630.3187895408675257094686
2016-01-21,-1026.1630907606781184668648
2016-01-22,1462.0426091229689835340309
2016-01-25,236.7983101102874433656043
2016-01-27,-328.6959877985090345280694
2016-01-28,104.8597153967932956767844
2016-01-29,1028.5154196964082211916525
2016-02-01,632.6711251005495706237478
2016-02-02,-1643.8799783905687860159753
2016-02-03,148.8750224162894437815030
2016-02-04,600.2305437945240256989557
2016-02-05,419.6960662418658719999624
2016-02-08,1081.6815897585219944656759
2016-02-09,1412.6771143446994449610446
2016-02-10,-753.7973599993946845574253
2016-02-11,1683.4981667264467379660927
2016-02-12,1081.7036945224308846945100
2016-02-15,-1265.3107766112350320944112
2016-02-16,479.9147533256562399997098
2016-02-17,-482.9597156666880064923594
2016-02-18,-1.5141835880604389016930
2016-02-19,871.1013495617463155865641
2016-02-22,-693.5731162170603300590295
2016-02-23,871.1124190757270772915627
2016-02-24,269.3179554403160309376321
2016-02-25,510.0434928769140643555025
2016-02-26,-91.7509686142712487936900
2016-02-29,419.7845709669677053437839
2016-03-01,118.8901116208385808220289
2016-03-02,-1240.8353266524509280966902
2016-03-03,491.7808415123821141265305
2016-03-04,1214.5364995587258009523300
2016-03-08,260.5121587006398673560886
2016-03-09,-780.2421810616635508146413
2016-03-10,-462.2265197279722766363357
2016-03-11,1098.9191427019259078984545
2016-03-14,-202.0251937717567381109412
2016-03-15,-1329.5095291488079144653564
2016-03-16,-173.1038634290152798578296
2016-03-17,1185.6718033878335481343554
2016-03-18,-751.2925286980490069423690
2016-03-21,-404.3668596864504804098915
2016-03-22,58.1988104228416335495425
2016-03-23,-866.9155183699601180987033
2016-03-28,-1127.0998460646431472336889
2016-03-29,289.4958273390051754290718
2016-03-30,780.9715018411975203455804
2016-03-31,-115.2328225578534008486730
2016-04-01,462.9728541420651646692632
2016-04-04,-875.7973880588339890822224
2016-04-05,1265.9660643589919362454492
2016-04-06,58.5216924357570106803560
2016-04-07,765.3273216022894400055920
2016-04-08,323.5829518588002364260999
2016-04-11,87.9885832055004530052225
2016-04-12,824.2442156426011836726139
2016-04-13,-559.9001508296864367678469
2016-04-18,441.4054837888487673698580
2016-04-20,235.2611194984180126618014
2016-04-21,853.7167562992325565820288
2016-04-22,-383.1776058084963024895224
2016-04-25,-736.5719668245572252591027
2016-04-26,88.0336732512611684887719
2016-04-27,500.3393144191702998992438
2016-04-28,765.3949566793816310550386
2016-04-29,912.6506000321066649843923
2016-05-02,942.1062444775569456689793
2016-05-03,-200.2014899840559419481578
2016-05-04,-1964.1455716608520893987965
2016-05-05,-611.8026818362328993681638
2016-05-06,885.9302085479444954997873
2016-05-09,492.8830994917884427437003
2016-05-10,49.0959909954073108816074
2016-05-11,523.2388830589094894149923
2016-05-12,-15.4082243175966111671478
2016-05-13,-269.9753311340025593842375
2016-05-16,262.8175626098000972399410
2016-05-17,-242.7995430860801678186862
2016-05-18,-263.6866482215348600804198
2016-05-19,-666.8237527964554640577184
2016-05-20,-446.8308568107334432511324
2016-05-23,-273.3479602642602401452348
2016-05-24,-677.6150631569272762045518
2016-05-25,-308.4221654886259518694926
2016-05-26,1481.0107327407523534477211
2016-05-27,999.8836315313162813671270
2016-05-30,-1041.4334691168255054549051
2016-05-31,-107.2605692035643233216002
2016-06-01,557.4423312712085325082956
2016-06-02,-808.6578376923982121754091
2016-06-03,-285.2466837431194306672763
2016-06-06,743.3633168990090689476539
2016-06-07,731.0633175412619042292307
2016-06-08,64.8833181836390992526326
2016-06-09,-167.4266811738593219023007
2016-06-10,71.9033194687666648489330
2016-06-13,-267.9266798884829164045003
2016-06-14,255.9133207543919584312299
2016-06-15,934.5433213973913134546188
2016-06-16,663.7133220405151727688286
2016-06-17,-1089.7666773162364395183122
2016-06-20,695.0833233271365007056937
2016-06-21,608.4033239706340175580118
2016-06-22,-968.8066753857438648395222
2016-06-23,378.0333252580028776395983
2016-06-24,1122.0433259018742691265511
2016-06-27,650.0133265458703337571867
2016-06-28,1516.8833271899910956720291
2016-06-29,380.7233278342365790162767
2016-06-30,1582.7033284786068079398030
2016-07-01,1980.1733291231018065971577
2016-07-04,1937.1020797677215991475674
2016-07-05,-1210.4664868012327702645754
2016-07-07,1299.9235158153347520649539
2016-07-08,-140.4764815675910783107612
2016-07-11,2509.1635210499898367106514
2016-07-12,270.1135236680775952505596
2016-07-13,-218.3964737133277045506690
2016-07-14,498.9235289057740354663353
2016-07-15,942.2835315253829134799497
2016-07-18,-1782.0264658545009723124388
2016-07-19,406.2935367661224763055711
2016-07-20,792.5235393872533575693980
2016-07-21,-724.5864579911082302665174
2016-07-22,1439.8735446310378110712897
2016-07-25,1935.2435472536915798753138
2016-07-26,-309.4664501231468255429189
2016-07-27,464.4335525005226931471542
2016-07-28,1495.3735551247002342951355
2016-07-29,-123.1264422506141037303290
2016-08-01,1273.1935603745797774584535
2016-08-02,936.3070430002819762682270
2016-08-03,-2157.0975403455286145233995
2016-08-04,-63.8175398692644733056186
2016-08-05,3655.5124606070918871790749
2016-08-08,-1247.8575389164595152128552
2016-08-09,-402.2375384399186626214884
2016-08-10,-541.7875379632855371834454
2016-08-11,-128.6175374865601210318880
2016-08-12,618.6524629902576037034811
2016-08-16,125.4824634671676548964201
2016-08-17,293.3224639441700504241473
2016-08-18,1308.1224644212648081673435
2016-08-19,455.8824648984519460101509
2016-08-22,-1429.5475346242685181598248
2016-08-23,-673.2475341468965664515147
2016-08-24,1091.8824663305678190296148
2016-08-25,-1113.8375331918753438184385
2016-08-26,-292.7375327142260370942102
2016-08-29,-293.2375322364842428927707
2016-08-30,2220.4424682413500566942774
2016-08-31,206.8024687192768795787988
2016-09-01,-946.6375308027037563238739
2016-09-02,563.2476696754081669050616
2016-09-06,3055.6844423190479199502120
2016-09-07,700.6244431792164074293666
2016-09-08,527.9444440395514497684650
2016-09-09,-1375.6555550999469207823909
2016-09-12,-2641.9955542392786719668543
2016-09-14,165.8544466215562284776665
2016-09-15,-371.4755525174421871799885
2016-09-16,494.8144483437261133352678
2016-09-19,394.5744492050611623047727
2016-09-20,455.0744500665629920161135
2016-09-21,-568.5055490717683652368698
2016-09-22,1861.0544517900671228459151
2016-09-23,321.5244526520694885708150
2016-09-26,-1123.8755464857612357495674
2016-09-27,-848.2155456234250177963733
2016-09-28,361.0244552390781747555143
2016-09-29,-2675.5955438982516257625283
2016-09-30,59.0544569645856129871353
2016-10-03,3306.3344578275899233484030
2016-10-04,554.3852086907613376714357
2016-10-05,-951.0756332433203729376215
2016-10-06,-930.1156323977830651066891
2016-10-07,-386.1156315520820354585395
2016-10-10,1907.4843692937827477083658
2016-10-13,-4523.7956298601886838982966
2016-10-14,573.4043709860037014352898
2016-10-17,-1397.6356281676400645709179
2016-10-18,2860.2843726788800498091794
2016-10-19,-269.5556264744359236921762
2016-10-20,351.1243743724120466634020
2016-10-21,104.8043752194239926204459
2016-10-24,-398.3156239334000540703656
2016-10-25,-22.1956230860600616522060
2016-10-26,-1385.7556222385559983620993
2016-10-27,-636.7156213908878324309195
2016-10-28,1720.8043794569444679166107
2016-10-30,1022.7643803049409344619216
2016-11-01,-413.5956188468984010074025
2016-11-02,-1601.9825179985735066976231
2016-11-03,-706.7461993776544782026182
2016-11-04,-1780.0761986417380482564836
2016-11-07,675.4838020943208775607556
2016-11-08,1931.6038028305223268406470
2016-11-09,-2475.1461964331336728199190
2016-11-10,2395.9338043033529061812915
2016-11-11,-6018.2861949600179085481433
2016-11-15,-7168.6261942232460893952987
2016-11-16,1065.5938065136683912580956
2016-11-17,-1120.4961927492744389643414
2016-11-18,-2177.4561920120745524336424
2016-11-21,-484.4461912747319215154903
2016-11-22,2103.5538094627534814297831
2016-11-23,532.7238102003816840471976
2016-11-24,-1557.2061890618472860128738
2016-11-25,1429.5838116760665989052955
2016-11-28,919.0638124141233664627874
2016-11-29,383.6938131523230443260399
2016-11-30,856.7238138906656601668476
2016-12-01,-1574.9661853708487583376363
2016-12-02,-2771.9806146322201835048997
2016-12-05,909.1922420509129051092477
2016-12-06,553.5751643693861092379832
2016-12-07,-918.4619127462906803836436
2016-12-08,2965.9010107039921020677051
2016-12-09,16.8439347203440436306536
2016-12-12,-1687.3331406971252474367807
2016-12-13,356.2897844516938583469227
2016-12-14,-1486.9272898330889883091040
2016-12-15,50.0956364486358845359941
2016-12-16,-878.8614367030218299410951
2016-12-19,-286.9785092879524173237381
2016-12-20,-685.2955813060461419512432
2016-12-21,-1298.2126527571932469147473
2016-12-22,-1158.9097236412839540531015
2016-12-23,-301.9067939582084639487557
2016-12-26,-2071.6838637078569559236432
2016-12-27,2238.8790671098804119649363
2016-12-28,343.8819984951135029284341
2016-12-29,1479.4649304479522014511708
2016-12-30,1872.8078629685064132944554
2017-01-02,906.2707960568860655007050
2017-01-03,215.4991697132011063975659
2017-01-04,48.2378149031246737829383
2017-01-05,583.7436989111171335530155
2017-01-06,333.8495840584330414124925
2017-01-09,191.0554703452930051377403
2017-01-10,673.0113577719176752215257
2017-01-11,655.1672463385277448812818
2017-01-12,851.5231360453439500673813
2017-01-13,440.9790268925870694714110
2017-01-16,316.0349188804779245344474
2017-01-17,-630.0091879907626205446656
2017-01-18,458.8467062790863411989628
2017-01-19,601.6526016902457595045508
2017-01-20,-1111.9415017570633731060735
2017-01-23,619.5143959373799786798120
2017-01-24,780.1702947737968929741090
2017-01-25,1440.6261947524084906961860
2017-01-27,601.6820958734359355811670
2017-01-30,12.6379981371004341882221
2017-01-31,-487.1560984563767640911403
2017-02-01,1315.6998060932256329752196
2017-02-02,397.0479117861289604683689
2017-02-03,-44.7503711609352703905317
2017-02-06,1308.4726687661493917577140
2017-02-07,-113.9742907181433248338405
2017-02-08,450.2487503863005551311225
2017-02-09,269.8517920795950290180157
2017-02-10,-17.3751656381458837343815
2017-02-13,-119.8621227668081416096471
2017-02-14,-216.0090793062776810094433
2017-02-15,-1702.4660352564404162492394
2017-02-16,1253.1670093828177604459640
2017-02-17,1040.4600546116109789459123
2017-02-20,1562.0331004300533912193760
2017-02-21,654.4761468382591713384285
2017-02-22,-34.9808061636574845172730
2017-02-23,-503.2177585755823580562073
2017-02-27,-297.1147103974012088707077
2017-02-28,431.4383383710002255673208
2017-03-01,998.7113877297362299106842
2017-03-02,-1492.7341223210788890588163
2017-03-03,-221.2374387337478537639385
2017-03-06,982.4356385509404134625961
2017-03-07,-294.3512835685151263413452
2017-03-08,-1085.0682050919990972392905
2017-03-09,462.9848739806038990455337
2017-03-10,139.2079536494092831345269
2017-03-14,2496.3710339145324979980426
2017-03-15,148.2541147760890089597149
2017-03-16,1857.7971962341943037007872
2017-03-17,-61.7497217110361077355593
2017-03-20,89.1033609405133070601253
2017-03-21,27.4264441889581028678893
2017-03-22,-1757.6904719655861431572878
2017-03-23,1526.1626124769961685188360
2017-03-24,-183.4343024831793401859005
2017-03-27,-550.6912168459970249657283
2017-03-28,621.2518693886587808773874
2017-03-29,612.6449562209037664380825
2017-03-30,721.9280436508536432119309
2017-03-31,163.4811316786241450997822
2017-04-03,1180.5742203043310284120997
2017-04-05,727.3283695280900718732997
2017-04-06,181.8564978646722451167958
2017-04-07,67.1996649816390687644434
2017-04-10,70.7628327118563549825038
2017-04-11,1296.2060010554428477686827
2017-04-12,-195.8108299874826858868533
2017-04-13,-327.1676604168014559970257
2017-04-17,-541.5744902323946495733902
2017-04-18,-1127.7213194341434306216835
2017-04-19,521.3418519780710598626314
2017-04-20,764.3250240043677038988210
2017-04-21,-224.6618033551345934746631
2017-04-24,1678.5113698996830958042743
2017-04-25,1965.6545437689397228258284
2017-04-26,224.7177182527542617127550
2017-04-27,-153.3291066487542903751707
2017-04-28,-306.8759309354669132366935
2017-05-02,557.8072453927354363753841
2017-05-03,-99.5465776640281752413361
2017-05-04,842.5467396354150088602940
2017-05-05,-1717.9800254301266856752202
2017-05-08,134.6232101307136175878512
2017-05-09,910.3764463180572053130322
2017-05-10,1831.2196831320253876486447
2017-05-11,229.1929205727394982323561
2017-05-12,-572.1638413596791058042726
2017-05-15,1148.2493973348909561687628
2017-05-16,673.8526366565710882844590
2017-05-17,14.9158766054827181833566
2017-05-18,-2666.2508828182527029819081
2017-05-19,-528.6176416145137005420510
2017-05-22,-624.0843997831787763065857
2017-05-23,-1498.4411573241264085592700
2017-05-24,-1483.9379142372350520535502
2017-05-25,2087.6953294776168619919951
2017-05-26,2630.1385738205509258982120
2017-05-29,-451.9581812083112444700704
2017-05-30,651.9150643911519903005179
2017-05-31,536.0483106190622931764485
2017-06-01,-169.3984425244586493181450
2017-06-02,814.2817249607108729030939
2017-06-05,1308.0314085700937322928235
2017-06-06,-1255.5153226742136628866730
2017-06-07,810.8379467144097624617464
2017-06-08,358.6912167360865630534681
2017-06-09,293.5944873909393173342098
2017-06-12,-655.4522413209093725153841
2017-06-13,482.6010306006631194248529
2017-06-14,-577.3956968442205571807932
2017-06-15,-29.1424236554377289193203
2017-06-16,189.7608501671343013755891
2017-06-19,887.6141246236182546281670
2017-06-20,93.9673997141368755251599
2017-06-21,-248.5793245611870674795696
2017-06-22,-578.6760482022307821604413
2017-06-23,-1153.4227712088714525155536
2017-06-27,-1716.4694935809862387620810
2017-06-28,339.7337846815477226683322
2017-06-29,129.3870635788533191341758
2017-06-30,1098.5403431110534617886818
2017-07-03,1546.2436232782710855844308
2017-07-04,288.6247540806291492779604
2017-07-05,657.3520207191470842418109
2017-07-06,1026.4553031475058784289225
2017-07-07,-46.9414137885570615759949
2017-07-10,1518.9618699110813315686158
2017-07-11,-142.7348457534558509660969
2017-07-12,461.6684392179545058252210
2017-07-13,1687.7717248254355407867450
2017-07-14,-94.3249889308895833939130
2017-07-17,555.2782979491023198189123
2017-07-18,-1109.8184145344655391864421
2017-07-19,1807.5848736185300738356504
2017-07-20,-556.6118375917875830072738
2017-07-21,446.9914518347047722588509
2017-07-24,771.7947418981304454792417
2017-07-25,554.9980325986127663748888
2017-07-26,239.6013239362750885471790
2017-07-27,-107.2953840887592105174810
2017-07-28,36.0079085236332705569612
2017-07-31,1281.6112017735759570408286
2017-08-01,292.9144956611922981033417
2017-08-02,-337.8567098133942331827533
2017-08-03,-716.4215977853367336919613
2017-08-04,1852.2317962480629999277864
2017-08-07,1135.0851909386511399654805
2017-08-08,-1770.6114137134450618548495
2017-08-09,-1980.6080177080983291693582
2017-08-10,-3992.7546210451813609696134
2017-08-11,-914.8512237245668315978241
2017-08-14,2867.9521742538726092579321
2017-08-16,1893.2055728902643365684833
2017-08-17,-33.8910278152642500316625
2017-08-18,-656.8876278625857262395415
2017-08-21,-1977.0842272515726430789574
2017-08-22,-350.2808259820975268957043
2017-08-23,1714.3725759459671206472120
2017-08-24,1281.4259785327488225743534
2017-08-28,907.2793817783751266026295
2017-08-29,-1926.6672143170263948539211
2017-08-30,2175.3361902466718553206514
2017-08-31,407.4895954695974989489913
2017-09-01,1515.5930013518781825652205
2017-09-04,-1194.6524521063584225802757
2017-09-05,508.0903009710179475522603
2017-09-06,609.5103010292951182125323
2017-09-07,279.4803010875835731108790
2017-09-08,-164.0496988541166855677265
2017-09-11,963.8903012041943443621114
2017-09-12,735.3203012625166650862117
2017-09-13,-249.1596986791497212091833
2017-09-14,-162.3896986208048123374082
2017-09-15,353.1603014375513938886260
2017-09-18,84.9103014959188996564317
2017-09-19,427.6603015542977071539451
2017-09-20,70.9203016126878185695256
2017-09-21,-1834.2496983289107639080435
2017-09-22,-3141.6096982704980380895546
2017-09-25,-2026.7196982120740017853769
2017-09-26,987.7003018463613471945447
2017-09-27,-3024.1796980951919889593107
2017-09-28,-74.1996980367340080560397
2017-09-29,646.7803020217352920956851
2017-10-03,1660.9903020802159136876156
2017-10-04,307.7679921387078589119280
2017-10-05,-281.2998028105488739587337
2017-10-06,1668.6701972276330193479507
2017-10-09,731.6201972658223058339769
2017-10-10,817.2801973040189869308900
2017-10-11,-608.6298026577769359294878
2017-10-12,2385.2401973804345386849430
2017-10-13,1392.9801974186534122065592
2017-10-16,624.3801974568796860680148
2017-10-17,-263.3998025048866382977584
2017-10-18,-891.0598024666455594575515
2017-10-19,453.4801975716029240221221
2017-10-23,-935.5298023901411864249738
2017-10-24,-122.2198023518778893647971
2017-10-25,1584.8001976863928166369713
2017-10-26,1004.2401977246709330149287
2017-10-27,-109.7498022370435387960502
2017-10-30,1579.3001978012494026391876
2017-10-31,-312.4898021604502412439274
2017-11-01,2057.3801978778575309903131
2017-11-02,13.5546979161727207778961
2017-11-03,225.9140114105064619361695
2017-11-06,156.7240121872379102586382
2017-11-07,-1400.6359870358802425151058
2017-11-08,-1397.4259862588479672632463
2017-11-09,674.6840145183347651416712
2017-11-10,604.4140152956679838327417
2017-11-13,-1171.7759839268482820512993
2017-11-14,-906.5159831492140033660735
2017-11-15,-1336.9459823714291509615600
2017-11-16,1023.4740184065063043179071
2017-11-17,2036.3540191845923916336385
2017-11-20,1192.5840199628291401525917
2017-11-21,-705.9559792587834209526282
2017-11-22,-97.8159784802452625037672
2017-11-23,567.2640222984436446830780
2017-11-24,596.3740230772833297974621
2017-11-27,107.4440238562738220345915
2017-11-28,-104.6859753645848494046741
2017-11-29,-134.4159745852926553138212
2017-11-30,-2016.9959738058495664806805
2017-12-01,-2001.5459730262555536874269
2017-12-04,-862.6728522465105877105773
2017-12-05,-8.6656571742756581156728
2017-12-06,-1351.9422232644910867425226
2017-12-07,2660.3812113102031756438549
2017-12-08,1361.3846465499358758437364
2017-12-11,665.1480824548357855867073
2017-12-12,-1345.1484809749682984635123
2017-12-13,-1578.4850437393475547042387
2017-12-14,367.7983941618268634110039
2017-12-15,1510.0818327286838273773131
2017-12-18,1319.2252719613522336432398
2017-12-19,2032.2687118599610036156193
2017-12-20,34.8121524246390836644042
2017-12-21,476.6555936555154451274981
2017-12-22,921.3190355527190843155898
2017-12-26,774.6224781163790225169897
2017-12-27,-460.9540786533756939975349
2017-12-28,-430.7106347564159939699220
2017-12-29,986.8528098073872188500240
2018-01-01,-166.8837449618369342905294
2018-01-02,-1306.9079290639593071426021
2018-01-03,570.1504764878513140629087
2018-01-04,1563.9304765801138980749508
2018-01-05,1636.9804766723943469378704
2018-01-08,1276.9104767646926641108473
2018-01-09,291.3404768570088530537317
2018-01-10,-124.4395230506570827729567
2018-01-11,66.4004770416948600919720
2018-01-12,924.8204771340646851103779
2018-01-15,1421.7404772264523957447917
2018-01-16,-1682.5495226811420045415860
2018-01-17,971.9204774112814877151163
2018-01-18,-1771.3095224962771240205591
2018-01-19,1563.8904775961821637166007
2018-01-22,1676.5504776886593543924798
2018-01-23,1935.4004777811544514736333
2018-01-24,0.7104778736674584272873
2018-01-25,-629.4995220338016212786602
2018-01-29,-669.5095219412527841756402
2018-01-30,-1458.4495218486860267944119
2018-01-31,-1082.7695217561013456650627
2018-02-01,246.7004783365012626829918
2018-02-02,-3469.5962715708781982789921
2018-02-05,-2027.6903649829281729888655
2018-02-06,-1846.1003611809898713693453
2018-02-07,-391.4903573783153985106333
2018-02-08,1245.0996464250953881324807
2018-02-09,-1186.1803497707573688671925
2018-02-12,2722.6896540341264730907647
2018-02-14,-193.1603421602529433656182
2018-02-15,1064.3796616461045244193048
2018-02-16,-1413.7003345468009808711970
2018-02-19,-1913.1003307389693165262271
2018-02-20,-95.2103269304003398072554
2018-02-21,-703.7803231210939079481137
2018-02-22,-920.3003193110498781549894
2018-02-23,2425.8796844997318923935790
2018-02-26,1672.2796883112515465467076
2018-02-27,-489.8603078764907728188273
2018-02-28,-1155.8403040634949227985845
2018-03-01,-1324.6403002497607604604518
2018-03-05,-1027.0441664352881428446410
2018-03-06,-2250.6850584261511610745530
2018-03-07,-1407.2250477877863863948998
2018-03-08,325.3649628526383002448754
2018-03-09,-320.4450265048767022934313
2018-03-12,2310.6449841396690049292084
2018-03-13,839.5349947862758209290691
2018-03-14,629.9550054349441447996876
2018-03-15,-642.8649839143256242881230
2018-03-16,-2449.3449732615330870862577
2018-03-19,-2579.3049626066778442693050
2018-03-20,900.3750480502405035654682
2018-03-21,165.5250587092223558981315
2018-03-22,199.8350693702681122861062
2018-03-23,-752.8149199666218276358202
2018-03-26,1778.4750906985529358445217
2018-03-27,1654.2451013657928025166975
2018-03-28,-730.2948879649018277523160
2018-04-02,2111.5051227064694449818852
2018-04-03,1317.3103333799070207411457
2018-04-04,-1378.1536139562049948144478
2018-04-05,1879.3063892166329654658831
2018-04-06,597.8763923900852839676455
2018-04-09,1391.0363955641520796493328
2018-04-10,729.3663987388334714924728
2018-04-11,1088.6964019141295785016313
2018-04-12,555.5764050900405197044176
2018-04-13,-380.2835917334335858485122
2018-04-16,1759.9164114437073809165501
2018-04-17,327.3364146214635390963692
2018-04-18,28.0264177998350078107701
2018-04-19,752.9864209788219062026435
2018-04-20,-964.3935758415756465620505
2018-04-23,718.8864273386424687057225
2018-04-24,196.6464305194763712180754
2018-04-25,295.4464337009261802102044
2018-04-26,-195.1735631170079850596070
2018-04-27,830.5264400656739946900172
2018-04-30,958.7464432489722387635488
2018-05-02,-1780.6835535671131335114385
2018-05-03,-1473.9121403825820027842665
2018-05-04,-802.1552275421911000570900
2018-05-07,1545.5847791908175192628517
2018-05-08,-294.7352140748701455476820
2018-05-09,-65.8552073392538420495270
2018-05-10,-456.0852006023333177546389
2018-05-11,756.7248061358916798739155
2018-05-14,-304.0451871245785965780314
2018-05-15,-956.5951803837438944757386
2018-05-16,-1533.7951736416039611355479
2018-05-17,-778.6451668981585438248735
2018-05-18,-1922.1451601534073897621928
2018-05-21,-2147.1551534073502461170373
2018-05-22,1948.1048533400131399900175
2018-05-23,-1274.1051399113169785126386
2018-05-24,806.8148668386596513523582
2018-05-25,1840.8148735899432826113566
2018-05-28,2437.3948803425341683396983
2018-05-29,444.1148870964325616617286
2018-05-30,-942.3951061483612842491949
2018-05-31,601.1849006081528838293075
2018-06-01,-1870.4550926340246808313528
2018-06-04,-2441.8442458748937249107233
2018-06-05,-262.8840192814703676090797
2018-06-06,742.2594807798324423045325
2018-06-07,1031.7629815188538952165606
2018-06-08,682.2864829357252181311424
2018-06-11,-152.0100149694223365380324
2018-06-12,239.6734878035425090371968
2018-06-13,103.2169912547510581043833
2018-06-14,222.2804953843346393353944
2018-06-15,333.3040001924246068313349
2018-06-18,-1088.8924943208476598725291
2018-06-19,-425.1289881553507558018461
2018-06-20,-75.3054813109532505382524
2018-06-21,-969.8419737875236882144458
2018-06-22,861.5815344150694124907417
2018-06-25,-152.4949567030424416427267
2018-06-26,-381.9314471417277183711634
2018-06-27,-587.1079369008548599822263
2018-06-28,-765.6044259802922832899861
2018-06-29,538.1190856200916203700048
2018-07-02,-109.6774020995715148543532
2018-07-03,531.7168108608499706732267
2018-07-04,586.2316451238544351315914
2018-07-05,86.2951578997893100025341
2018-07-06,579.3986713559047685191519
2018-07-09,593.0821854923325143923973
2018-07-10,337.0557003092042768350795
2018-07-11,-85.2507841933481894331981
2018-07-12,-195.2472680151931041810996
2018-07-13,-217.0737511561986616606154
2018-07-16,-38.1302336162330306021226
2018-07-17,-8.9367153951643542094426
2018-07-18,-1327.4631964928607501548986
2018-07-19,121.5903230908096894256279
2018-07-20,838.0838433559788979376424
2018-07-23,1018.3373643027788343329820
2018-07-24,-14.9691140686585168852370
2018-07-25,263.9544082417988543423274
2018-07-26,-55.4820687657170163638076
2018-07-27,555.2314549089259321829988
2018-07-30,570.2449792658597867404621
2018-07-31,102.9285043052166596423235
2018-08-01,-13.8879699728713111966974
2018-08-02,-1313.8086435682719622759502
2018-08-03,1552.0879772657482773353086
2018-08-06,270.1015125671347144686926
2018-08-07,-369.2349514469366501561133
2018-08-08,938.7785852236667317134871
2018-08-09,146.7521225790774339954755
2018-08-10,-573.5343393805719437218114
2018-08-13,-1780.4708006551487761747119
2018-08-14,1403.6527387554795875807332
2018-08-16,-1001.3737211485541758262477
2018-08-17,2174.4298196328826359238168
2018-08-20,1661.7933610999227508456155
2018-08-21,752.1669032526989226540296
2018-08-23,712.8504460913439307691099
2018-08-24,-291.3060103840094196789470
2018-08-27,1800.1375338267717021551804
2018-08-28,-23.4589212761798471630822
2018-08-29,810.4846243072688146567741
2018-08-30,-277.7118294227494043646757
2018-08-31,1008.6517175338984295281904
2018-09-03,-1513.5847348226547241689754
2018-09-04,-3473.5753864922758802155062
2018-09-05,-1000.3806549267838574732704
2018-09-06,1158.4229387286037957415881
2018-09-07,1446.2265330798327620126004
2018-09-10,-2345.1998718729622225543122
2018-09-11,-3180.8262761296463957642079
2018-09-12,919.6773203099150306719271
2018-09-14,2410.2709174458568711422314
2018-09-17,-1167.2354847216860338609782
2018-09-18,-2141.9718861925788177361521
2018-09-19,-725.7982869666865877674521
2018-09-21,-2602.0746870438744251196956
2018-09-24,-4126.3010864240073848332969
2018-09-25,1419.2225148930495041807898
2018-09-26,232.0861169074312391461314
2018-09-27,-1839.0402803807271565741252
2018-09-28,-1829.3566769712906334721901
2018-10-01,641.1569271358758841094307
2018-10-03,-2446.4883680590925020170009
2018-10-04,-2887.6496461260224979460025
2018-10-05,-1938.3062478421118518277183
2018-10-08,-388.8828489001897707104294
2018-10-09,-458.1194493001288435066653
2018-10-10,1564.3239509581983655417179
2018-10-11,-1138.9326481250806831316850
2018-10-12,2633.3907534501614955869486
2018-10-15,1506.1341556840524114964486
2018-10-16,-160.0824414232804009145681
2018-10-17,-827.6590378717093824629168
2018-10-19,-764.2956336611069492660639
2018-10-22,-904.0722287913454927373439
2018-10-23,-304.4288232622973795811757
2018-10-24,227.1545829261650482117210
2018-10-25,-653.4820102258305266308881
2018-10-26,-448.4186027181563966579663
2018-10-29,1250.7048054493151703095815
2018-10-30,-579.4517857232880688163027
2018-10-31,1727.5916237641616676139582
2018-11-01,340.3750339117921859923672
2018-11-02,252.1892447197313174581436
2018-11-05,802.8918289923550975509059
2018-11-06,-349.1014148851228633194928
2018-11-07,-29.0946574544093979735884
2018-11-09,-893.0878987152512006428660
2018-11-12,-957.0811386673949165110864
2018-11-13,2.9256226894128582952108
2018-11-14,66.9323853554255767162067
2018-11-15,-253.0608506691032592316967
2018-11-16,-285.0540853839200984463733
2018-11-19,98.9526812112286592695312
2018-11-20,34.9594491165966632181057
2018-11-21,-29.0337816675623881843180
2018-11-22,2.9729888590052526023450
2018-11-26,-637.0202393034466177485561
2018-11-27,-93.0134661546641534208934
2018-11-28,-733.0066916943934594462450
2018-11-29,355.0000840776194083056222
2018-11-30,-348.9931388383715568637282
2018-12-03,899.0136395578876875281193
2018-12-04,516.7578592666512331539546
2018-12-05,-729.6849792454333792232777
2018-12-06,-1249.7582651036002460057539
2018-12-07,743.8884503382955713701518
2018-12-10,-1564.9448329194941952994879
2018-12-11,586.3018851232822345243547
2018-12-12,1279.7486044668766901331009
2018-12-13,334.1553251115410495800051
2018-12-14,113.5220470575272396895966
2018-12-17,814.8487703050872360671235
2018-12-18,247.4954948544730631079981
2018-12-19,531.1822207059367940072438
2018-12-20,26.8689478597305507689446
2018-12-21,-1486.0843236838934957843042
2018-12-24,-564.1175939246831260019431
2018-12-26,460.2891371376139286040059
2018-12-27,515.4558695032499853683960
2018-12-28,491.8226031724774104824140
2018-12-31,121.4693381455486190030398
2019-01-01,279.0760744227160748625087
2019-01-02,-987.7116479957677091222247
2019-01-03,-317.1754957714247761192795
2019-01-04,-5.1021412188953720449381
2019-01-07,-180.2787860168222624733614
2019-01-08,65.3945698349203240721686
2019-01-09,911.9879263364581834215644
2019-01-10,760.8412834879171357626493
2019-01-11,-584.9353587105769743541274
2019-01-14,-141.8920002588982780109717
2019-01-15,1182.9813588430791180819724
2019-01-16,722.4047185954811315913421
2019-01-17,349.6180789984337045652768
2019-01-18,-734.7085599479371965618619
2019-01-21,303.4048017564944190352322
2019-01-22,166.8381641118545665775322
2019-01-23,-577.3784728817307143135968
2019-01-24,-306.6351092241353596116748
2019-01-25,-165.6517449152332808803804
2019-01-28,94.2016200451016347311760
2019-01-29,634.4049856569955244931791
2019-01-30,80.2683519205745500998366
2019-01-31,1848.3417188359648976741097
2019-02-01,706.3450864032927777724420
2019-02-04,325.6524646226844253894913
2019-02-05,437.7556109823995620989222
2019-02-06,1041.7690315836024947866275
2019-02-07,-866.7775471528618289165217
2019-02-08,-1067.9841252268651611858800
2019-02-11,-46.7307026382792293641103
2019-02-12,-771.7672793869757359563757
2019-02-13,-375.6138554728263586255310
2019-02-14,-163.5704308957027501873113
2019-02-15,336.1329943445234613944783
2019-02-18,236.1964202479806730127752
2019-02-19,34.0398468147973064220722
2019-02-20,1232.3732740451018082432316
2019-02-21,-335.5032980609773500317003
2019-02-22,-466.9798695033116720346770
2019-02-25,840.9835597182273634831650
2019-02-26,-99.1330103962316973436766
2019-02-27,-363.0395798465602834902505
2019-02-28,59.1438513673702009636666
2019-03-01,-1034.6827167543116231616081
2019-03-05,-910.5865842114771101408434
2019-03-06,696.1871700301186115789424
2019-03-07,-491.8094400476803032201890
2019-03-08,549.2239505309131349218293
2019-03-11,1223.9073417660260235887889
2019-03-12,549.8607336577854849744510
2019-03-13,1063.6841262063186658873114
2019-03-14,-823.7524805882472622446326
2019-03-15,899.8409132742148966308834
2019-03-18,-666.1456922061676368048394
2019-03-19,1371.0177029707323827633051
2019-03-20,-736.5589011949577747110029
2019-03-22,299.8444952968891853692635
2019-03-25,-904.4121075535994177507525
2019-03-26,1143.3912902537037598269828
2019-03-27,-123.5353112810739133418334
2019-03-28,297.9880878421949559609337
2019-03-29,328.5114876236377856206324
2019-04-01,65.0948880633820181946010
2019-04-02,-189.3601408384448790830558
2019-04-03,-616.7967667255071234433776
2019-04-04,-70.9367660994465455916370
2019-04-05,684.5432345267352566869204
2019-04-08,481.4132351530383068650416
2019-04-09,124.8832357794626284200189
2019-04-10,-336.9667635939917551663095
2019-04-11,-8.6367629673248204075588
2019-04-12,614.8432376594634561872036
2019-04-15,328.3732382863730981134590
2019-04-16,1282.2532389134041288712379
2019-04-18,-1126.8767604594434280348786
2019-04-22,-2438.8267598321695490957586
2019-04-23,-464.1967592047742107977177
2019-04-24,1343.4132414227426103774813
2019-04-25,245.6932420503809379526293
2019-04-26,725.9332426781407954550722
2019-04-30,-801.9967566939777935832887
2019-05-02,-1369.7867560659748056259954
2019-05-03,-1196.6262254378502171320329
2019-05-06,-826.6391044766721351318901
2019-05-07,-655.7422807642208861606067
2019-05-08,-982.6554557304907387428400
2019-05-09,-759.7486293752258529761979
2019-05-10,64.9881983018296605801218
2019-05-13,-915.7649726990682590850769
2019-05-14,510.8018576223363765746063
2019-05-15,-232.1913107337003943272365
2019-05-16,458.8055222330775158997763
2019-05-17,1194.3823565229262445324156
2019-05-20,3230.2091921361019784434432
2019-05-21,-603.6639709271390458887856
2019-05-22,221.0728673334594576292839
2019-05-23,-499.6302930818461752839876
2019-05-24,1484.1865478272004407241756
2019-05-27,399.4133900608557406505750
2019-05-28,139.3702336193762091456504
2019-05-29,-276.7029214969816194769057
2019-05-30,570.3239247120388387694684
2019-05-31,-135.5192277533057824461784
2019-06-03,1187.0276211072412002373103
2019-06-04,-603.7374687060634801171801
2019-06-06,-1932.6647513910951579325167
2019-06-07,56.6152496251956429638211
2019-06-10,462.5952506416832287627326
2019-06-11,-446.1347483416323624322219
2019-06-12,-727.4947473247510925101040
2019-06-13,312.4652536923270766474041
2019-06-14,260.8252547096021831660011
2019-06-17,-3398.0647442729257348212320
2019-06-18,485.7752567447433608261695
2019-06-19,-688.5447422373904917439446
2019-06-20,4584.5152587806727456236622
2019-06-21,-565.7747402010668889083855
2019-06-24,702.1752608173906428299261
2019-06-25,2125.3552618360453790160017
2019-06-26,-720.0147371451026421653613
2019-06-27,307.8052638739466174780276
2019-06-28,144.0352648931931961457549
2019-07-01,-554.8247340873628679551973
2019-07-02,938.6996669322784633895520
2019-07-03,1644.4953222900331018432303
2019-07-04,-104.4946669978838558687584
2019-07-05,-847.9346562837266275151267
2019-07-08,-3830.6246455674948114701760
2019-07-09,-574.4146348491880060304406
2019-07-10,-614.7246241288058094146731
2019-07-11,2934.2853865936521802361713
2019-07-12,-811.3646026818136351410508
2019-07-15,698.4554080447971464683451
2019-07-16,1846.3954187734849271568852
2019-07-17,16.3154295042501090949533
2019-07-18,313.0254402370930945308056
2019-07-19,-2322.7645490279857142094141
2019-07-22,-1653.7045382909859147216594
2019-07-23,-527.1445275519071045239661
2019-07-24,-1552.9745168107488810564375
2019-07-25,471.4054939324891583187712
2019-07-26,585.9955046778074163174679
2019-07-29,-1987.0744845747937042665620
2019-07-30,-1594.3244738253138005615391
2019-07-31,274.7455369262475303823235
2019-08-01,-2394.3444523201093084071635
2019-08-02,2211.7600284356160861758490
2019-08-05,2052.2068436924822391683216
2019-08-06,611.2135833592576151158274
2019-08-07,1418.1803243310380827176832
2019-08-08,-109.2729333919236692291712
2019-08-09,409.4938101906250970004635
2019-08-13,1706.4005550789371680695205
2019-08-14,-1492.6126987267346204118575
2019-08-16,380.6940487738626161231594
2019-08-19,150.1407975809818112075681
2019-08-20,755.3675476948759473500135
2019-08-21,-656.8057008842019439557283
2019-08-22,755.3810518440012177787351
2019-08-23,-282.1321941202614379541005
2019-08-26,2542.2345612232632673518524
2019-08-27,6.0813178748285612257637
2019-08-28,784.2280758346877202293779
2019-08-29,63.7348351030940699665086
2019-08-30,-1175.5184043196990149074655
2019-09-03,1908.2283575665618893238970
2019-09-04,365.7515607621302554476000
2019-09-05,-152.8479789727063310944579
2019-09-06,-2636.8409788385622239944824
2019-09-09,495.1660226510214033054599
2019-09-11,-935.8269745036929947537448
2019-09-12,-449.8199703024429129120241
2019-09-13,-44.8129647449657950802788
2019-09-16,387.1940421690009656694585
2019-09-17,333.2010504397200271138678
2019-09-18,-611.7919399325459021118125
2019-09-19,-827.7849289475340625039380
2019-09-20,90.2220833950183563193917
2019-09-23,738.2290970953742156281840
2019-09-24,63.2361121537964275904076
2019-09-25,711.2431285705479552818472
2019-09-26,-908.7498536541081873040388
2019-09-27,117.2571654800910647537405
2019-09-30,-98.7358140265911726864298
2019-10-01,-854.7287921738917328189077
2019-10-03,1491.0778310384526021190707
2019-10-04,-1619.4577322222938032067219
2019-10-07,-1877.9877317831828572264654
2019-10-09,2965.5722686560131140286905
2019-10-10,-923.3377309047058729777674
2019-10-11,798.3822695346601982208359
2019-10-14,1014.1422699741113440943635
2019-10-15,1686.2722704136475811158681
2019-10-16,382.8122708532689257615916
2019-10-17,2545.2122712929753945109664
2019-10-18,1806.5222717327670038466160
2019-10-22,-111.5477278273562297456451
2019-10-23,794.5822726126057102231905
2019-10-24,-1013.4377269473471597546778
2019-10-25,1194.5322734927851768161435
2019-10-27,781.7022739330027364342414
2019-10-29,717.7822743733055356013977
2019-10-30,1005.6022748136935908225895
2019-10-31,1544.5622752541669186059899
2019-11-01,1143.0622756947255354629679
2019-11-04,-112.0366038646305420919095
2019-11-05,-1546.3446696539469300718919
2019-11-06,587.1153313781706762392752
2019-11-07,169.2953324104881320053653
2019-11-08,-2253.0646665569945240766702
2019-11-11,877.1053344757227466976125
2019-11-13,-273.1046644913600169598478
2019-11-14,-559.3146634582427763296170
2019-11-15,-493.9946624249254926847637
2019-11-18,-635.7246613914081272908573
2019-11-19,1006.7953396423093585940324
2019-11-20,1300.9253406762270037193374
2019-11-21,-1200.9946582896551531580072
2019-11-22,-330.1146572553370732735615
2019-11-25,1626.5453437791812821446198
2019-11-26,-894.4546551861000481240101
2019-11-27,491.0653458488189747075106
2019-11-28,1492.5053468839383894336545
2019-11-29,-1087.0346520807417651435948
2019-12-02,401.5053489547785497852604
2019-12-03,-1048.5930100095006269627681
2019-12-04,1280.8534402108751841007801
2019-12-05,-1121.0965591229950415188703
2019-12-06,-1844.0965584567362840928830
2019-12-09,-1561.6965577903485186462061
2019-12-10,-1284.3465571238317201989510
2019-12-11,911.9034435428141362336077
2019-12-12,1364.6534442095890756410330
2019-12-13,958.7034448764931230177265
2019-12-16,226.0034455435263033629299
2019-12-17,1205.8534462106886416807253
2019-12-18,1061.6034468779801629800362
2019-12-19,1088.8034475454008922746290
2019-12-20,528.6534482129508545831130
2019-12-23,170.7034488806300749289423
2019-12-24,-173.9965504515614216595838
2019-12-26,-424.2465497836236101493199
2019-12-27,1998.3534508844435344977266
2019-12-30,972.3034515526400373243966
2019-12-31,-1217.9965477790340766216201
2020-01-01,-161.4465471105787822877837
2020-01-02,1214.5919535580059453832968
2020-01-03,2397.7608390037939628441481
2020-01-06,-1244.5891588974442420976227
2020-01-07,-855.0891567982760627299012
2020-01-08,1208.5608453012985796357126
2020-01-09,-3.4391525987202362971454
2020-01-10,150.2608495016675681904008
2020-01-13,541.9608516024620718324687
2020-01-14,581.6108537036633533784220
2020-01-15,1197.4608558052714915928720
2020-01-16,112.0108579072865652556817
2020-01-17,263.9608600097086531619680
2020-01-20,-1027.9391378874621658778950
2020-01-21,-1140.6391357842258130382729
2020-01-22,-169.2891336805822094782687
2020-01-23,1355.2108684234687236582812
2020-01-24,2274.6608705279270652428088
2020-01-27,-622.7891273672071058379817
2020-01-28,-1086.9891252619337106821113
2020-01-29,701.5108768437473296276771
2020-01-30,-1584.8891210501639059760792
2020-01-31,-1344.1891189436673385455586
2020-02-01,-3635.4891168367628891176531
2020-02-03,-993.2628247294504787139649
2020-02-04,2666.6635007667600754691748
2020-02-05,1796.0035072535305128376614
2020-02-06,2380.8635137415569868517710
2020-02-07,261.5135202308397407185151
2020-02-10,338.6835267213790176919984
2020-02-11,-106.3364667868249389265737
2020-02-12,486.6935397062281142111148
2020-02-13,437.3435462005384205005002
2020-02-14,-2008.8664473038937766158534
2020-02-17,-1270.0464408070682336482430
2020-02-18,-276.8764343089847070598194
2020-02-19,4501.9635721903570467334233
2020-02-20,269.8235786909572713626560
2020-02-24,766.2735851928162105062244
2020-02-25,-4098.2264083040658921103429
2020-02-26,-2154.4464017996887927143238
2020-02-27,-955.6263952940522474857951
2020-02-28,-6426.4563887871560125576219
2020-03-02,-1898.2263822789998440154500
2020-03-03,2825.5873042304165021023048
2020-03-04,2568.3729862490411058806279
2020-03-05,-117.9398430350726523455238
2020-03-06,2645.8773290692829387649997
2020-03-09,-1486.9154974376232707643684
2020-03-11,-686.1783225555223788526290
2020-03-12,-531.1911462841454313511367
2020-03-13,-3424.1439686232234220335182
2020-03-16,-2416.7667895724872925855881
2020-03-17,-2132.6296091316679325952635
2020-03-18,1612.7275726995038204575240
2020-03-19,-556.9852440787028187890822
2020-03-20,2361.8119405339814164312281
2020-03-23,-2778.3508734621741549769745
2020-03-24,3575.8363139330998380392365
2020-03-25,1586.9335027200728186912410
2020-03-26,-660.2693071009857376410282
2020-03-27,3782.4978844701936966010160
2020-03-30,4092.4650774338807011647184
2020-03-31,-3914.8277282096550920037132
2020-04-01,114.6594675398560012508995
2020-04-03,1422.7325746826837173028143
2020-04-07,2248.2703437744424261683034
2020-04-08,339.1576456474094228442493
2020-04-09,2549.7249489342417808402850
2020-04-13,4308.1322536352132676225080
2020-04-15,489.8995597505977036667490
2020-04-16,1519.8268672806689624688361
2020-04-17,-1946.7258237742990294451388
2020-04-20,-2273.2785134140322925085519
2020-04-21,1293.7687983617432058960228
2020-04-22,1444.4961115533015514470861
2020-04-23,37.7834261609168828944873
2020-04-24,238.7507421848633920697008
2020-04-27,-288.7619403745846761038957
2020-04-28,339.2453784828469763992587
2020-04-29,-740.9073012425672992828093
2020-04-30,540.2200204494469011106768
2020-05-04,439.7473435591640349735296
2020-05-05,-2989.9185719131413871571142
2020-05-06,-394.3928539685092392805524
2020-05-07,-683.1053629568264169350718
2020-05-08,1121.4021295053447920829199
2020-05-11,-779.3303765817147534255298
2020-05-12,207.1371187822758597234588
2020-05-13,-610.8953844024024008928726
2020-05-14,1289.8521138645314867066119
2020-05-15,784.5996135833585989174771
2020-05-18,1819.1871147543600665602522
2020-05-19,-2776.2653826221829251090301
2020-05-20,1265.8221214540108636117064
2020-05-21,-1043.9303730167772731188763
2020-05-22,568.0971339657340133250145
2020-05-26,-1043.9153575981738739531517
2020-05-27,-1284.5078477082194773616801
2020-05-28,1338.0396636358787151899005
2020-05-29,-442.3928235655977296986104
2020-06-01,568.1346906876328090924704
2020-06-02,-40.9602136041479927867341
2020-06-03,-688.8232488820241849640374
2020-06-04,-131.0657598831137319993912
2020-06-05,960.1917305658953735043248
2020-06-08,-1270.8007775347160851162594
2020-06-09,887.4567158153327298437061
2020-06-10,547.9642106163227104678179
2020-06-11,1299.7217068685348032289492
2020-06-12,208.4792045722500089997812
2020-06-15,-907.0132962722506169366639
2020-06-16,1105.7442043353140351235133
2020-06-17,-446.2482936047748706843738
2020-06-18,499.5092099077638842169423
2020-06-19,-203.7332851267884271427752
2020-06-22,1372.5242212918495227292758
2020-06-23,-130.9682708360408842005173
2020-06-24,1202.7892384898217885183653
2020-06-25,-906.9532507302809681688739
2020-06-26,87.3042615039323911882018
2020-06-29,426.8117751927434665558171
2020-06-30,329.8192903364339124265411
2020-07-01,984.5768069352854378298449
2020-07-02,-1836.4995950104201936573384
2020-07-03,-56.5745108980273958368523
2020-07-06,206.5530611176360731136834
2020-07-07,397.9206345994727705414191
2020-07-08,1450.4082095477665923112660
2020-07-09,804.5757859628014892590359
2020-07-10,-271.8166361551385327979157
2020-07-13,182.6709431942305869499574
2020-07-14,-295.7214759888070356849606
2020-07-15,278.3661062960327701232036
2020-07-16,-200.0263099509657697755361
2020-07-17,-534.8987247295183744963703
2020-07-20,493.6688619606592918909621
2020-07-21,493.6764501198516203728325
2020-07-22,1522.2440397483430570023828
2020-07-23,1522.2516308464181029101885
2020-07-24,1043.8592234143613143149230
2020-07-27,3698.9868174524573025340244
2020-07-28,-1013.2455870390092660056354
2020-07-29,1259.1620099402463302429197
2020-07-30,111.0096083905088679574432
2020-07-31,1450.5372083120631789571412
2020-08-03,398.0648097051941502133488
2020-08-04,-587.4673274298132761397900
2020-08-05,2661.7420650226349715521830
2020-08-06,2554.6620731677066121499103
2020-08-07,1472.9520813143553870952441
2020-08-10,292.4320894625816017695075
2020-08-11,-2527.4579023876144383868462
2020-08-12,-4313.8678942362324278742202
2020-08-13,1962.0221139167279388661356
2020-08-14,-1087.1678779287330325478630
2020-08-17,163.1321302273849635608771
2020-08-18,4881.5221383850822329286371
2020-08-19,-854.3978534556409186491022
2020-08-20,-3770.7578452947841853176479
2020-08-21,1160.4621628676527388369150
2020-08-24,237.1821710316701597877359
2020-08-25,-810.9178208027316164327896
2020-08-26,441.8521873644477162669907
2020-08-27,1100.9921955332084640379979
2020-08-28,1546.3922037035509330904334
2020-08-31,-6203.9377881245245703062097
2020-09-01,1657.8022200489822601768643
2020-09-02,1063.9424782240717309277664
2020-09-03,-834.2340247358087348080995
2020-09-04,-3064.3240235788153027187187
2020-09-07,-2.9240224215978414050141
2020-09-08,-1063.5140212641563074880937
2020-09-09,-94.0140201064906575806660
2020-09-10,2917.1259810513991517129622
2020-09-11,864.6059822095131637968860
2020-09-14,-383.3540166321485779163945
2020-09-15,3120.8759845264139699940263
2020-09-16,542.8859856852008509574622
2020-09-17,-1890.5940131557878915883645
2020-09-18,1029.9159880034477858026800
2020-09-21,-5969.8240108370920734148582
2020-09-22,-4463.7440096774074257780192
2020-09-23,-875.7940085174982278154267
2020-09-24,-5730.7440073573644360472877
2020-09-25,4604.7159938029939930146103
2020-09-28,2500.2059949635771028669002
2020-09-29,1944.5959961243849370146375
2020-09-30,558.7959972854175389713009
2020-10-01,1858.8059984466749522587956
2020-10-05,940.2899196081572204074530
2020-10-06,2995.5917861927685079899646
2020-10-07,-1222.5782134613700814584608
2020-10-08,1622.1917868845582984132327
2020-10-09,1977.9217872305536605723490
2020-10-12,167.3117875766160179887019
2020-10-13,-162.0082120772546163653828
2020-10-14,-387.0682117310582295150676
2020-10-15,-3261.8482113847948084830030
2020-10-16,1777.3517889615356597106738
2020-10-19,1778.9917893079331880483386
2020-10-20,-547.0382103456022104851189
2020-10-21,1113.1117900009294770977050
2020-10-22,3.6217903475282637867292
2020-10-23,-46.7782093058058374256123
2020-10-26,-2785.3782089590728135443702
2020-10-27,2707.7517913877273484279217
2020-10-28,-1918.8282082654053385087541
2020-10-29,-1268.6982079184708613518980
2020-10-30,-158.5082075714692070964923
2020-11-02,909.7817927755996372649985
2020-11-03,2368.7603631227356847426286
2020-11-04,1622.8658226438885062931208
2020-11-05,3650.5758237713299918503852
2020-11-06,3281.9158248989897844735969
2020-11-09,3886.1858260268679264336637
2020-11-10,-3468.8441728450355399903218
2020-11-11,2762.6358282832794274889196
2020-11-12,393.3958294118128711668553
2020-11-13,1596.0758305405648333471423
2020-11-17,3328.0858316695353563416290
2020-11-18,-8.3641672012755175296438
2020-11-19,-2306.5441660718677459384400
2020-11-20,1614.8758350577587134516717
2020-11-23,1907.2858361876039029853208
2020-11-24,-1098.1941626823321349846644
2020-11-25,-2629.3441615520493580972545
2020-11-26,1982.9958395784522760167822
2020-11-27,369.3058407091728097348813
2020-12-01,1565.5558418401122854426841
2020-12-02,2042.0318229712707455340387
2020-12-03,777.9330048240604969567556
2020-12-04,1443.3372323598439591302753
2020-12-07,1915.5414607142073164887993
2020-12-08,525.5456898873090710720789
2020-12-09,1529.3499198793077556106960
2020-12-10,-424.5458493096380664679949
2020-12-11,485.4583823206301989660777
2020-12-14,1391.2626147702711767516469
2020-12-15,-695.2331519605564775579463
2020-12-16,1621.4710821283059223111944
2020-12-17,271.2753170370170933594685
2020-12-18,856.8795527657357833197293
2020-12-21,-6908.7162106853792293367666
2020-12-22,2193.5880266838308646055936
2020-12-23,3062.8922648735249051127316
2020-12-24,1323.8965038838617629068318
2020-12-28,2239.5007437150003394722973
2020-12-29,816.8049843670995670617062
2020-12-30,832.9092258403184087017688
2020-12-31,129.4134681348158581992872
2021-01-01,1098.9177112507509401471145
2021-01-04,2142.5629851882827099301165
2021-01-05,3851.3014701712602782107414
2021-01-06,541.9414704559302840449596
2021-01-07,-1517.6085292593445893233946
2021-01-08,649.9314710254356687787468
2021-01-11,-475.3885286897289309734818
2021-01-12,1519.1214715951616220971213
2021-01-13,-1136.0985281198926613301750
2021-01-14,-542.7685278348917705740337
2021-01-15,-1723.6885275498356949510497
2021-01-18,-4536.8185272647244237757495
2021-01-19,4705.0514730204420536394099
2021-01-20,1780.8514733056637479840405
2021-01-21,-780.2785264090593300501755
2021-01-22,-2795.4685261237271697694860
2021-01-25,-3315.0685258383397604780679
2021-01-27,-4126.0185255528970914780276
2021-01-28,-1757.0485252673991520693994
2021-01-29,-3698.9685249818459315501462
2021-02-01,7348.0514753037625807838414
2021-02-02,3809.6611955894263956387455
2021-02-03,1590.1512461170329870977164
2021-02-04,2427.0856553249532681069509
2021-02-05,-17.3699346133692878216338
2021-02-08,2470.8444763022306327439116
2021-02-09,-32.6011119280816247547399
2021-02-10,535.9033006958593171400062
2021-02-11,1561.7977141742188679078654
2021-02-12,634.9121285071624690568744
2021-02-15,2497.5565436948555941295931
2021-02-16,-149.5890402625362512906928
2021-02-17,-27.1546233648475295737679
2021-02-18,72.5097943880873289637187
2021-02-19,-2864.9757870035660739355406
2021-02-22,-3975.6913675396421044633040
2021-02-23,611.1830527800249032604284
2021-02-24,3303.1974739556006471936249
2021-02-25,2313.6118959872508573784330
2021-02-26,-3627.0736811248587040526073
2021-03-01,-1234.6392573805622428703506
2021-03-02,3408.5036672203060672571690
2021-03-03,4296.6008759613638473342511
2021-03-04,-811.4645871062549822794926
2021-03-05,-2940.6200492953852967709760
2021-03-08,1.6644893941430060359773
2021-03-09,254.1190289625000612545141
2021-03-10,1127.9635694098560369411292
2021-03-12,-2012.3118892636188658979553
2021-03-15,-1260.5673470577544133004104
2021-03-16,-174.8628039723803383414189
2021-03-17,-3122.4182600073263411272925
2021-03-18,-2394.7637151624220887890882
2021-03-19,2094.2308305625027845237765
2021-03-22,811.5253771676186776499101
2021-03-23,2091.2699246530960224223348
2021-03-24,-3193.3455269808947163251253
2021-03-25,-4183.6709777341830407514541
2021-03-26,2371.4535723934015799979482
2021-03-30,3142.9981234020297097976568
2021-03-31,-210.7873247081280544513834
2021-04-01,1919.0372280630989171845367
2021-04-05,-1978.4759582841187123217133
2021-04-06,962.2325189954385198908341
2021-04-07,2379.2770233287750979315424
2021-04-08,967.7815285342880215772422
2021-04-09,382.8860346121461707755287
2021-04-12,-8874.8194584374815418256931
2021-04-13,2036.3450493855738291281236
2021-04-15,786.2995580814812617044999
2021-04-16,2050.5240676504097666902657
2021-04-19,-3753.1314219074716124021045
2021-04-20,-211.9369105919937993281555
2021-04-22,923.7676015970123148948867
2021-04-23,2.6421146597158719944542
2021-04-26,1348.2066285962860464489775
2021-04-27,2319.1011434068920454942269
2021-04-28,2050.9356590917031091296558
2021-04-29,-14.2398243491114898752561
2021-04-30,-1471.7953069153824459746565
2021-05-03,704.2892113930595791600253
2021-05-04,-1491.8167794236160433535737
2021-05-05,2467.7309026088016198829098
2021-05-06,1593.2753969476311074455941
2021-05-07,1124.0998921567016991426823
2021-05-10,2350.9443882361819001999833
2021-05-11,-380.8711148137597515289416
2021-05-12,-496.2666169929546855564613
2021-05-14,-1859.3021183012342987545556
2021-05-17,2543.0423812615700446515047
2021-05-18,3127.8468816956270130894793
2021-05-19,915.0513830011053076464810
2021-05-20,-1042.5041148218263379247006
2021-05-21,2001.5803882270008428007265
2021-05-24,1786.1248921477556489258822
2021-05-25,-371.4306030593930877614576
2021-05-26,688.4339026057234972174678
2021-05-27,1205.9984091432743010387334
2021-05-28,722.7429165534282535820599
2021-05-31,2061.5674248363543174371465
2021-06-01,297.3719339922214879100039
2021-06-02,2253.4793940211987930292897
2021-06-03,1931.7828391894899099831428
2021-06-04,-701.2571602607563909109594
2021-06-07,1051.0028402891037572821707
2021-06-08,1072.3628408390703751743239
2021-06-09,-1816.8971586108565166187181
2021-06-10,1899.7928419393231025228183
2021-06-11,1292.8528424896092532226992
2021-06-14,-1863.7671569599980438913155
2021-06-15,940.0528435905012318125276
2021-06-16,-1397.2571558588928990300226
2021-06-17,-4351.6371553081804157792216
2021-06-18,-1769.5171547573612977913287
2021-06-21,948.8228457935644755813944
2021-06-22,1436.2828463445969249906839
2021-06-23,-1737.0071531042639289077253
2021-06-24,53.3828474469819345459014
2021-06-25,1456.6428479983345360152990
2021-06-28,-821.0671514502061038317966
2021-06-29,-265.8771508986399643236471
2021-06-30,-1317.3371503469670247845123
2021-07-01,933.2728502048127354653523
2021-07-02,791.0468107566993371096948
2021-07-05,1048.6079324971598933972908
2021-07-06,321.1926508722727504126612
2021-07-07,511.3373701610069705955156
2021-07-08,-769.5179096364605410868065
2021-07-09,193.0468114800471545872330
2021-07-12,133.8315335107070311000032
2021-07-13,439.4562564556960962013383
2021-07-14,320.9209803151913919151728
2021-07-15,969.5057050893699945461779
2021-07-16,548.6904307784090146863993
2021-07-19,-1745.5248426175144027781035
2021-07-20,-1749.7001150982230786606170
2021-07-22,2776.8046133364602005328679
2021-07-23,266.2893426867126826102988
2021-07-26,476.3340729527116497002065
2021-07-27,-1187.3811958653655817416502
2021-07-28,219.1435362326583390743628
2021-07-29,367.6882692469607972784028
2021-07-30,671.4930031777192123477997
2021-08-02,1952.6177380251110381137067
2021-08-03,2198.5449337893137627677522
2021-08-04,346.2668084445588520750735
2021-08-05,439.1616350351044992533518
2021-08-06,168.3164625602253186661601
2021-08-09,-98.0487089798977274224983
2021-08-10,-713.2138795850836417088053
2021-08-11,-867.3490492551513918423431
2021-08-12,1601.2857820100800895806917
2021-08-13,1385.5506142107919050242759
2021-08-16,752.1654473471651920193477
2021-08-17,732.0902814193811231705974
2021-08-18,660.8551164276209061632587
2021-08-20,-2683.8700476279342162300992
2021-08-23,53.7547892528970338572230
2021-08-24,2049.9796270702959693928498
2021-08-25,180.7744658244439384521273
2021-08-26,908.9593055155223242249213
2021-08-27,1893.9141461437125450224168
2021-08-30,3666.6289877091960542839178
2021-08-31,3257.2138302121543405836502
2021-09-01,1162.3186736527689276375641
2021-09-02,1375.2848980312213743101387
2021-09-03,2810.5870543454110275551524
2021-09-06,412.5920842956024525836578
2021-09-07,-795.5928847802543189307171
2021-09-08,363.4621471180292997930808
2021-09-09,1103.6671799906419320522583
2021-09-13,360.3022138377722376672468
2021-09-14,751.7772486596089129887744
2021-09-15,1424.9222844563406909049390
2021-09-16,1955.0673212281563408482835
2021-09-17,-1034.1476410247553311971285
2021-09-20,-3999.4426023022054826886352
2021-09-21,2480.4824373959947654821025
2021-09-22,726.2274780700343289961812
2021-09-23,2823.3025197201021601145365
2021-09-24,-298.8124376536127523149741
2021-09-27,-496.6673940509213828504868
2021-09-28,-1510.0823494716346694490454
2021-09-29,-1012.7973039155635134595150
2021-09-30,-865.0422573825187796154929
2021-10-01,-845.4672098723112960282188
2021-10-04,3155.2422986152481458205160
2021-10-05,2059.0767323785885070107954
2021-10-06,-2520.8081428546144602966018
2021-10-07,2520.5169829044937632257232
2021-10-08,197.0121096561053192962998
2021-10-11,905.0672374004123868381563
2021-10-12,1411.7523661376071819860227
2021-10-13,2915.6974958678819580935369
2021-10-14,2328.9026265914290057404508
2021-10-18,1706.2577583084406527398388
2021-10-19,-1814.7871089808907358546929
2021-10-20,-3799.1119752763727577417952
2021-10-21,-1599.7368405778129733651641
2021-10-22,-2279.7717048850189059063268
2021-10-25,-1199.3765681977980412774266
2021-10-26,2659.5485694840421718859937
2021-10-27,292.2237081606943222322092
2021-10-28,-3905.7311521676489642994672
2021-10-29,-2029.8560115007950244714645
2021-11-01,3478.8491301614488422592685
2021-11-02,-474.7150271807246262515131
2021-11-03,-1159.6396920985855576744712
2021-11-04,2767.2903079610335491696350
2021-11-08,3197.9403080206642000915991
2021-11-09,1020.8903080803063973267068
2021-11-10,584.1603081399601431106764
2021-11-11,1444.5503081996254396796596
2021-11-12,2223.1903082593022892702404
2021-11-15,1355.1603083189906941194365
2021-11-16,-539.9796916213093435353018
2021-11-17,-1695.1396915615978214560904
2021-11-18,-2784.3196915018747374046123
2021-11-22,-6446.0696914421400891421169
2021-11-23,-319.9696913823938744294203
2021-11-24,-1969.5996913226360910269047
2021-11-25,2357.6803087371332633054810
2021-11-26,-5412.9396912030858091917781
2021-11-29,-2454.0096911432933062777631
2021-11-30,-907.6796910834892257111214
2021-12-01,817.3103089763264347499339
2021-12-02,1897.4553390361536773476236
2021-12-03,-1615.7753350849329333920915
2021-12-06,-3356.4953303090529350892764
2021-12-07,3440.7646744677518192768039
2021-12-08,4501.3146792454815087671341
2021-12-09,147.1546840241363124773712
2021-12-10,541.8146888037164095378499
2021-12-13,-514.2453064157780208864096
2021-12-14,-76.2153016343467995956953
2021-12-15,-2166.9952968519897473555968
2021-12-16,862.0647079312933151030016
2021-12-17,-3929.2352872844974329160725
2021-12-20,-7389.6652824993618120742725
2021-12-21,2425.6247222867003570016730
2021-12-22,2778.2947270736892537197683
2021-12-23,2132.1547318616050575227560
2021-12-24,-1138.0852633495520521118756
2021-12-27,764.5847414402181043281144
2021-12-28,2391.3647462309157063897254
2021-12-29,-775.9052489774590663452768
2021-12-30,-1816.0452441849060342603543
2021-12-31,4072.8947606085749822958103
2022-01-03,3838.2847654029841630093198
2022-01-04,836.7515601983216876010707
2022-01-05,539.8010817442530762068474
2022-01-06,-2148.6189180462882361188594
2022-01-07,827.9110821632110091472282
2022-01-10,1541.3810823727508198582975
2022-01-11,990.3210825823312038690558
2022-01-12,1946.2210827919521690357317
2022-01-13,1802.1310830016137232160753
2022-01-14,908.4510832113158742693575
2022-01-17,1026.1210834210586300563716
2022-01-18,-3820.3289163691580015605673
2022-01-19,-1074.6989161593340127176217
2022-01-20,-46.9489159494693955494313
2022-01-21,-4061.4889157395641421891130
2022-01-24,-7572.0389155296182447682603
2022-01-25,2060.2410846803683045830570
2022-01-27,-4511.5789151096044862637075
2022-01-28,183.1510851004633905644244
2022-01-31,2303.5810853105719429419551
2022-02-01,3972.5410855207211787449121
2022-02-02,3636.3761257309111058508474
2022-02-03,-2071.1851757291214001067890
2022-02-04,-225.4651631771649935328459
2022-02-07,-3108.4251506227781452817787
2022-02-08,500.4448619340396152540656
2022-02-09,3620.7648744932887587734642
2022-02-10,1746.0548870549697560663358
2022-02-11,-3290.6151003809169219862417
2022-02-14,-5722.4550878143708044120133
2022-02-15,5206.6049247546085798524706
2022-02-16,-298.5050626739782980381283
2022-02-17,2196.6749498998690331620818
2022-02-18,-1877.9050375238489552097600
2022-02-21,-2047.8150249451317917252490
2022-02-22,-214.6750123639790048646977
2022-02-23,100.2350002196098769828818
2022-02-24,-6587.9249871943646744802042
2022-02-25,2667.4950253940978125396869
2022-02-28,1827.9250379849978099275507
2022-03-02,1143.1750505783357896597545
2022-03-03,-1178.8231368258877761959453
2022-03-04,808.9366072960761457543291
2022-03-07,4139.7466638076550659330131
2022-03-08,-160.0032777335185827955841
2022-03-09,-765.5932173270677539250136
2022-03-10,-2552.1031549726153279411200
2022-03-11,1505.4269093302158876920942
2022-03-14,-1885.9230244181968414533912
2022-03-15,-886.6729562174761767554730
2022-03-16,-250.7828860672447065277793
2022-03-17,52.0271860328750539944777
2022-03-21,-220.4827399167393373313477
2022-03-22,597.0873360842897504588176
2022-03-23,354.8574140363400214499218
2022-03-24,536.5474939397892528619464
2022-03-25,687.9575757950152950640671
2022-03-28,-856.3123403976039284111816
2022-03-29,-886.5822546376904208537405
2022-03-30,-159.8521669248661123618559
2022-03-31,82.3979227412471401720927
2022-04-01,1414.7280143610275530757670
2022-04-04,-1648.4089320651465840889521
2022-04-05,829.5329811233297551183712
2022-04-06,-200.8570124905186281483750
2022-04-07,-1071.3870061031304576427057
2022-04-08,3217.2030002854945060699122
2022-04-11,2516.8130066753565024703738
2022-04-12,-3159.0069869335442289140546
2022-04-13,1792.5130194587925514902724
2022-04-18,-1799.9069741476329166966105
2022-04-19,-4360.4169677528203938082711
2022-04-20,-444.1769613567696401318704
2022-04-21,3030.4330450405195840918462
2022-04-22,-1661.9969485609524813314416
2022-04-25,-5640.3769421611855965496210
2022-04-26,3742.6530642398204783358639
2022-04-27,-3061.8169293579340167299792
2022-04-28,2266.0930770455511582443174
2022-04-29,-566.9669165497237567033080
2022-05-02,-2982.6469101437585214884392
2022-05-04,-7279.1787737365528959801720
2022-05-05,1964.5158347177314185641998
2022-05-06,-2794.4993330713509567666363
2022-05-09,-2497.1344999247698843899746
2022-05-10,-3339.3296658423441913184808
2022-05-11,-742.2248308238926694842033
2022-05-12,-3087.5999948692340757317803
2022-05-13,-2446.4751579781871318116461
2022-05-16,813.4096798494294756267641
2022-05-17,3895.7145186137970950418113
2022-05-18,215.4593583150971100064501
2022-05-19,-2721.2158010464890607849715
2022-05-20,2456.0690405292200364900878
2022-05-23,313.4538830424058907891652
2022-05-24,-1547.5412735067499737884035
2022-05-25,-1803.6164291180659979946791
2022-05-26,532.1884162086394125736868
2022-05-27,1426.5932624735478874822587
2022-05-30,2692.9581096768410914656260
2022-05-31,199.0229578187007244342127
2022-06-01,-2372.4121931006914785189114
2022-06-02,1617.4048769188462528887813
2022-06-03,539.8843404854370147851736
2022-06-06,-383.9461533525463425174242
2022-06-07,-355.0666453498467332474048
2022-06-08,106.8628644938922549704366
2022-06-09,251.2223761790271035236131
2022-06-10,-355.0381102940856371746904
2022-06-13,1146.2114050749106523277482
2022-06-14,-1740.7790777136273394644440
2022-06-15,164.6504413406571450191361
2022-06-16,366.7499622381209324280406
2022-06-17,1088.5094849791209185043464
2022-06-20,-701.4209904359859319039661
2022-06-21,-66.2714640068425848296323
2022-06-22,-239.4819357330919371727196
2022-06-23,280.1875943856231833127588
2022-06-24,-239.4628736503399819677676
2022-06-27,655.5166601593758775639651
2022-06-28,-152.8338041848718583275508
2022-06-29,-66.2142666827257406781983
2022-06-30,49.2752726661717486891635
2022-07-01,1781.4848138621781971781014
2022-07-04,941.3573569056512614320121
2022-07-05,392.9540340761519533409128
2022-07-06,-1753.5363784963488405243947
2022-07-07,-1610.4267892124311912637774
2022-07-08,-7.6971980717356396337350
2022-07-11,20.9323949260973432115080
2022-07-12,221.2819897814273557334799
2022-07-13,-465.5884135053859339770588
2022-07-14,-351.0988149339827881866333
2022-07-15,-494.1892145040033995055688
2022-07-18,1308.8803877849121091254963
2022-07-19,-408.3100080668763155508990
2022-07-20,49.6195979409913429044544
2022-07-21,-980.6907941911248293590688
2022-07-22,1938.5588155371353235315693
2022-07-25,-207.9315728738679728134290
2022-07-26,-351.0219594237744230331941
2022-07-27,364.4876558877763379973168
2022-07-28,1337.5772730611447451808282
2022-07-29,164.1668920966913032112574
2022-08-01,507.6165129947765865872283
2022-08-02,-678.4398442442387603744125
2022-08-03,-127.0668673210491637072071
2022-08-04,2068.2931332855330483832009
2022-08-05,273.8231338922327132945967
2022-08-08,1320.5431344990498537694293
2022-08-10,740.4531351059844925545518
2022-08-11,1707.7631357130366524012214
2022-08-12,1449.6331363202063560651007
2022-08-16,1493.6331369274936263062588
2022-08-17,2231.6131375348984858891713
2022-08-18,920.7131381424209575827222
2022-08-19,-3598.9668612499389358397959
2022-08-22,-5189.3268606421811716006809
2022-08-23,2161.7831399656942730821798
2022-08-24,1197.3631405736874209953102
2022-08-25,410.8931411817982949296462
2022-08-26,-26.3168582099730823194628
2022-08-29,-3510.1268576016266879522539
2022-08-30,5855.4331430068375008354504
2022-09-01,-3295.6468563845804931477563
2022-09-02,-551.1187857758806470888643
2022-09-05,1035.6322743240725683910472
2022-09-06,685.1970981003691036375273
2022-09-07,351.0019228106958866374527
2022-09-08,1425.7267484552337741408236
2022-09-09,461.5515750341636579170240
2022-09-12,2095.6764025476664647616029
2022-09-13,1815.7212309959231565030565
2022-09-14,-31.4739396208852699903885
2022-09-15,679.0908906974222171960096
2022-09-16,-6276.4042780489733149697058
2022-09-19,892.8405541401092355405973
2022-09-20,2388.4653872648510058219283
2022-09-21,-2364.5097786745668319570359
2022-09-22,168.6950563220369294528404
2022-09-23,-4510.3401077451564676120556
2022-09-26,-5798.9552708759657457212915
2022-09-27,204.4695669297904076564060
2022-09-28,-1900.3655943277066598400526
2022-09-29,-518.9407546482755654573216
2022-09-30,2798.8040859682651086791790
2022-10-03,-4316.2910724779031844279358
2022-10-04,5343.5620700134010433587860
2022-10-06,1026.3900196335684119498828
2022-10-07,-152.2004092066914563850588
2022-10-10,-1200.1508361936828160240023
2022-10-11,-1444.3812613270468176468466
2022-10-12,378.9083153935754575506850
2022-10-13,-1168.8821060314570021295012
2022-10-14,-413.4325256017851388744117
2022-10-17,765.1770566829501746534927
2022-10-18,1401.3466408231081353297599
2022-10-19,-149.2837731809519904185894
2022-10-20,1304.8058146711291334004056
2022-10-21,-1580.6245956202890876428839
2022-10-24,841.9049959451528216137958
2022-10-25,-387.8054106321855940619438
2022-10-27,1222.4841846480552797163443
2022-10-28,-188.9862182137648730325772
2022-10-31,768.1033807827137013558533
2022-11-01,1554.7929816378508262054816
2022-11-02,-637.8065056479936054870741
2022-11-03,34.4855591967831058162136
2022-11-04,521.2903506919450954433013
2022-11-07,1726.6051431148867203899486
2022-11-09,-408.5000635342123729030964
2022-11-10,-2223.4952692551725032100541
2022-11-11,3469.2095259521860454866217
2022-11-14,628.4843220880430240029810
2022-11-15,763.4791191525782179603150
2022-11-16,-1006.5360828540285522081040
2022-11-17,-1392.6812839315974312502821
2022-11-18,-807.2864840799485290887619
2022-11-21,-1642.4916832989019208138790
2022-11-22,696.1631184117223533229820
2022-11-23,530.2879210521042879161341
2022-11-24,1970.3027246224239124123347
2022-11-25,794.3675291228612911175342
2022-11-28,753.7923345535965232036257
2022-11-29,931.1371409148097427151962
2022-11-30,2092.9819482066811185762790
2022-12-01,1112.4367564293908545971075
2022-12-02,-591.2390344168808105191300
2022-12-05,288.6400206972472994076852
2022-12-06,-989.6599792987450821136624
2022-12-07,-495.6599792947366876378139
2022-12-08,1647.9400207092724829854873
2022-12-09,-1323.4499792867175700934729
2022-12-12,313.1500207172931532756206
2022-12-13,473.2800207213046532431115
2022-12-14,1976.4000207253169299593731
2022-12-15,-4530.9799792706700164251922
2022-12-16,-2490.1399792666561857601532
2022-12-19,3236.1100207373584221049506
2022-12-20,617.0000207413738073206089
2022-12-21,-2931.8199792546100299626595
2022-12-22,-1489.1299792505930895943067
2022-12-23,-7277.2799792465753714237556
2022-12-26,4039.5100207574431246996001
2022-12-27,2016.9600207614623989263955
2022-12-28,-334.7299792345175485927045
2022-12-29,758.0100207695032822929937
2022-12-30,-140.8699792264751082657870
2023-01-02,1608.0100207775472798817056
2023-01-03,2290.3900707815704468862526
2023-01-04,-1610.9045784698128153455893
2023-01-05,-262.5945619295986554306146
2023-01-06,-2826.7145453861818054695079
2023-01-09,4551.8554711604383546762266
2023-01-10,-2257.7545122897375547348375
2023-01-11,-506.5944957367089133240253
2023-01-12,-251.5744791804751005925381
2023-01-13,1986.7055373789645040785705
2023-01-16,1026.8355539416105214284176
2023-01-17,431.2755705074635723163146
2023-01-18,423.7955870765242777217896
2023-01-19,-530.7943963512067412553879
2023-01-20,-195.8843797757288633951854
2023-01-23,959.8856368029585326427175
2023-01-24,109.1856533848560683189511
2023-01-25,-5141.1943300300356347855203
2023-01-27,-6736.0543134417159549693754
2023-01-30,-1355.9542968501842704109125
2023-01-31,1174.2057197445600408319736
2023-02-01,9.6457363425176008218151
2023-02-02,2006.6796029436890317415946
2023-02-03,-1165.1505176823129458474960
2023-02-06,-1353.3857602810062462896008
2023-02-07,-189.4010019585215218820027
2023-02-08,1338.9237572853195955428672
2023-02-09,28.2685174506955086900965
2023-02-10,-1371.7067214622153451910211
2023-02-13,-535.8419594532344943002969
2023-02-14,1234.8028034778165677200428
2023-02-15,-837.9324326688836182079518
2023-02-16,252.6323321068435234087388
2023-02-17,-1245.4229021948233973592028
2023-02-20,640.1818644262942641432644
2023-02-21,-494.6733680296248128377636
2023-02-22,-2036.6685995624019144584377
2023-02-23,-1059.7638301718582922704567
2023-02-24,-538.6990598578151632143670
2023-02-27,-1423.6742886200937096128605
2023-02-28,-616.7695164585150791640716
2023-03-01,1970.7752566270996150651269
2023-03-02,-807.8445593630707053541702
2023-03-03,1739.9058375649288852570160
2023-03-06,940.3704897000267282196036
2023-03-08,-1767.7048572640801533109833
2023-03-09,-963.9102033272173378892560
2023-03-10,-278.6255484892103702964125
2023-03-13,1912.6191072501152384662012
2023-03-14,36.8837638909340111836324
2023-03-15,-1026.0915785665794955661363
2023-03-16,2109.6730798777493085943564
2023-03-17,933.4177392240950478485949
2023-03-20,2238.6523994726323801926326
2023-03-21,-267.7629393764640025583605
2023-03-22,-843.9382773230193747635501
2023-03-23,220.0963856331410230501127
2023-03-24,621.3610494921919841944419
2023-03-27,-947.4042857456916641734309
2023-03-28,-257.7696200803350610445032
2023-03-29,1655.4450464884366884486535
2023-03-31,2669.5997139607985130384493
2023-04-03,-62.7456176630746246711668
2023-04-05,3498.1576816169922718018520
2023-04-06,-74.1434085848317978914591
2023-04-10,-1015.0137935538828264643964
2023-04-11,470.5958233388294580490087
2023-04-12,470.6054420936655498221344
2023-04-13,594.4150627109860128310280
2023-04-17,-445.4953148088485191320775
2023-04-18,-495.0056904654773424452455
2023-04-19,-940.6760642585396836433143
2023-04-20,1337.2535638123253005956267
2023-04-21,-816.8568062525214765362369
2023-04-24,-24.5271744527190319629151
2023-04-25,198.3224592120936872889179
2023-04-26,445.9320947422778041034580
2023-04-27,25.0217321381945112893081
2023-04-28,-494.9286285997949284069824
2023-05-02,198.3610125286708177126245
2023-05-03,1572.1824755239531523112002
2023-05-04,2281.7557763280663676837573
2023-05-05,-1039.8194011538473552718136
2023-05-08,424.3254222980255416364262
2023-05-09,513.0202466838658679846853
2023-05-10,368.3050720038544683594215
2023-05-11,104.0498982581722223641221
2023-05-12,-1171.1452745529999553739168
2023-05-15,1641.9495535705188848031920
2023-05-16,-1083.3456173710902724092902
2023-05-17,-1525.9407873776464072719443
2023-05-18,-510.7359564489684649944070
2023-05-19,154.5088754151246442714156
2023-05-22,1958.3837082148140454381364
2023-05-23,-1153.1814580497191015103229
2023-05-24,309.3333766217063984880585
2023-05-25,-417.9217877707282244198067
2023-05-26,1125.7230487731582950046794
2023-05-29,492.5378862535472570985943
2023-05-30,69.0727246706199973042921
2023-05-31,-454.7324359754421138238000
2023-06-01,-756.7175956844576706123821
2023-06-02,1040.7963655437547677375178
2023-06-05,-920.0229310096483103028377
2023-06-06,1315.0670722954289376908504
2023-06-07,1753.9370756011461494662349
2023-06-08,-2034.2529210924965510601731
2023-06-09,275.8370822145009600521318
2023-06-12,641.3270855221388067676532
2023-06-13,1672.0970888304171130748986
2023-06-14,-157.6929078606639970136169
2023-06-15,-1398.7029045511043994613657
2023-06-16,3779.4170987590960297921976
2023-06-19,-1272.6728979300625851683605
2023-06-20,1264.8771053814198797655537
2023-06-21,-1107.2828913064564512734351
2023-06-22,-3101.7428879936914541286662
2023-06-23,-1869.8828846802850046194388
2023-06-26,1359.4071186337630214589935
2023-06-27,152.5071219484527483354268
2023-06-28,1365.6171252637843002627116
2023-06-30,2274.9771285797578015177577
2023-07-03,1782.4671318963733764015386
2023-07-04,1550.6089052136311492390962
2023-07-05,930.7475754635390288575773
2023-07-06,1160.8075769303798712259430
2023-07-07,-1609.0824216024952612703640
2023-07-10,-1075.4024201350863136354128
2023-07-11,1735.2475813326067691373762
2023-07-12,452.0975828005840420652338
2023-07-13,1182.0875842688455601760437
2023-07-14,1455.7375857373913785083444
2023-07-17,998.3475872062215521113320
2023-07-18,426.5475886753361360448617
2023-07-19,1940.3775901447351853794497
2023-07-20,519.2875916144187551962757
2023-07-21,-2435.2824069156130994128152
2023-07-24,-1144.0824054453603233453102
2023-07-25,828.3375960251771385119723
2023-07-26,1772.3475974959993412828865
2023-07-27,-98.8524010328936598980405
2023-07-28,674.6776004384981901143942
2023-07-31,873.0476019101749464760719
2023-08-01,139.2976033821366643535528
2023-08-02,-3272.5357951456166010759200
2023-08-03,-2223.1213642171337023693607
2023-08-04,2067.9586374550173084365355
2023-08-07,869.3586391274920986896724
2023-08-08,291.1286408002907310836280
2023-08-09,121.2086424734132683241203
2023-08-10,-1751.2113558531402268709910
2023-08-11,-382.2413541793696917717027
2023-08-14,-2426.6413525052750636358646
2023-08-16,170.1686491691437202908224
2023-08-17,-1636.7413491561132772251922
2023-08-18,-1621.6013474810459934053046
2023-08-21,993.3086541943456345412445
2023-08-22,798.3186558700616694173726
2023-08-23,1138.9386575461021740381578
2023-08-24,-42.5413407775327887691589
2023-08-25,-1055.9113391008431561651712
2023-08-28,-220.9913374238288652983052
2023-08-29,2261.3686642535101466951831
2023-08-30,1110.7586659311739426912097
2023-08-31,-575.8613323908374144221342
2023-09-01,1496.7786692874761382554192
2023-09-04,2125.4020709661146636363174
2023-09-05,224.4622718788755996144180
2023-09-06,757.3222723187806571035660
2023-09-07,1074.9022727587708936318269
2023-09-08,1866.8822731988463256924611
2023-09-11,2251.7422736390069697819230
2023-09-12,-3446.8177259207471576001393
2023-09-13,864.2422745195839600491172
2023-09-14,955.4022749600003392357313
2023-09-15,1225.5222754005019964689376
2023-09-18,921.6222758410889482611676
2023-09-20,-2162.3977237182387888719503
2023-09-21,-3477.4977232774811984115893
2023-09-22,-810.8377228366382638357243
2023-09-25,-501.8177223957099686191310
2023-09-26,-430.6577219546962962333853
2023-09-27,45.8622784864027698531372
2023-09-28,-3529.8577210724127538247376
2023-09-29,1497.4822793688571492710170
2023-10-03,-2137.7177201897875043183692
2023-10-04,-3743.6436797483466980484640
2023-10-05,688.5561339524575201295982
2023-10-06,1445.1810359282984722581420
2023-10-09,-2381.5540611466885104629117
2023-10-10,2881.5708427276803606342098
2023-10-11,1470.9557475515889098043718
2023-10-12,313.5206533252209968964233
2023-10-13,-402.9344399512394826399109
2023-10-16,226.7704677223914022528627
2023-10-17,994.3553763462976182469017
2023-10-18,-1776.5397140793368323640762
2023-10-19,-714.2748035543279116578964
2023-10-20,-1849.9698920784915460770280
2023-10-23,-3751.0849796516436264216837
2023-10-25,-2001.9600662736000078429189
2023-10-26,-1990.5751519441765098357286
2023-10-27,2805.8897633368110837678569
2023-10-30,825.5346795695470248056770
2023-10-31,266.5195967542156007923480
2023-11-01,-1516.5354851089988650738292
2023-11-02,2457.1754639800879860960406
2023-11-03,1723.1603453964268235302532
2023-11-06,2254.1203454633061086146085
2023-11-07,-53.0396544698016564311878
2023-11-08,983.0603455971035309003537
2023-11-09,-2150.1896543359783268827912
2023-11-10,1804.6303457309527727278383
2023-11-12,588.7803457978968322411890
2023-11-13,-927.1096541351461458333068
2023-11-15,4134.4103459318238410142698
2023-11-16,1008.6803459988067952943227
2023-11-17,2023.2503460658027195177428
2023-11-20,-1263.4896538671883838040934
2023-11-21,1233.4603461998334878406772
2023-11-22,245.2503462668683369644039
2023-11-23,130.8403463339161660799226
2023-11-24,21.5703464009769777005555
2023-11-28,2210.9103464680507743401118
2023-11-29,4478.7103465351375585128872
2023-11-30,2195.3903466022373327336645
2023-12-01,2702.4403466693500995177132
2023-12-04,6580.4960267364758613807897
2023-12-05,740.9885171745069927394066
2023-12-06,1764.8185188236918068527346
2023-12-07,1544.6985204731959534570040
2023-12-08,-861.8714778769805056152729
2023-12-11,-540.3614762268375085196117
2023-12-12,-1861.4714745763749933995528
2023-12-13,1005.7385270744071016133410
2023-12-14,6418.9785287255088383994859
2023-12-15,2026.6885303769302788512806
2023-12-18,-96.5614679713285151268923
2023-12-19,507.2785336807325183813366
2023-12-20,-5557.3214646668865586956747
2023-12-21,2527.2685369858143155824234
2023-12-22,2624.9585386388352031679739
2023-12-26,3127.7485402921761660253154
2023-12-27,2268.1985419458372661307852
2023-12-28,2056.1485435998185654727205
2023-12-29,384.1985452541201260514619
2024-01-01,846.9885469087420098793549
2024-01-02,-474.7074814363157210192478
2024-01-03,-893.1755268708077119501377
2024-01-04,1923.2444739953265593897081
2024-01-05,-548.9855251383714592527511
2024-01-08,-3292.0855242719017354037401
2024-01-09,1142.6544765947357634168051
2024-01-10,544.4244774615410696952368
2024-01-11,1330.5444783285142159241984
2024-01-12,2335.9944791956552346026244
2024-01-15,2493.6644800629641582357423
2024-01-16,-1224.8155190695589806649266
2024-01-17,-5480.9355182019141495815655
2024-01-18,-1842.6755173341013159900614
2024-01-19,4194.9144835338795526399964
2024-01-20,-234.9755155979715111546822
2024-01-23,-6155.6355147296544748310878
2024-01-24,4033.9344861388306941600908
2024-01-25,28.8944870074840283744672
2024-01-29,4240.8544878763055603739587
2024-01-30,-1370.0755112547046772732122
2024-01-31,3111.9244896144533480074827
2024-02-01,720.5344904837796687968797
2024-02-02,2340.2886113532743176821232
2024-02-05,-2986.1980367143625151801743
2024-02-06,3010.5519656020945427375268
2024-02-07,3421.8819679190001374087403
2024-02-08,-1438.7080297636456443161353
2024-02-09,-17.2880274458427155698843
2024-02-12,-4229.2380251275909894684708
2024-02-13,1801.9019771911096208889646
2024-02-14,746.9319795102592024201073
2024-02-15,2396.4119818298578420594736
2024-02-16,2506.0319841499056267584120
2024-02-19,1820.5119864704026434851084
2024-02-20,166.8919887913489792245874
2024-02-21,-1635.3980088872552790212827
2024-02-22,3098.6019934345899557662124
2024-02-23,-434.9680042431152293773637
2024-02-26,393.2919980796292526004055
2024-02-27,401.3120004028234887687926
2024-02-28,-4033.8579972735324337860707
2024-02-29,2231.5020050505615720388098
2024-03-01,3741.2220073751055933632941
2024-03-02,2954.6750397000997173241117
2024-03-04,1503.8534212266691050794049
2024-03-05,2162.7734218891229580203366
2024-03-06,643.0234225517050822363752
2024-03-07,3590.3834232144155025647530
2024-03-11,784.3934238772542438475109
2024-03-12,-3152.8065754597786690684996
2024-03-13,-8686.6865747966832113316159
2024-03-14,5394.3334258665406419146364
2024-03-15,-2565.8265734701070844684550
2024-03-18,382.8734271933736343852111
2024-03-19,-3937.6465721430171766534489
2024-03-20,896.4934285207205072912970
2024-03-21,7443.6234291845867110999976
2024-03-22,-910.2465701514185403419810
2024-03-26,1746.8934305127047778555464
2024-03-27,1151.3034311769566905875841
2024-03-28,3976.1934318413372227539570
2024-04-01,8574.6334325058463992593113
2024-04-02,2808.8644531704842450131155
2024-04-03,816.6565312002165431673177
2024-04-04,786.0965344011612148781742
2024-04-05,545.0865376027256871272334
2024-04-08,5380.6165408049100799267880
2024-04-09,478.6465440077145133123677
2024-04-10,2183.4265472111391073427455
2024-04-12,1317.9165504151839820999413
2024-04-15,-6074.0134463801507423107738
2024-04-16,1036.7565568251350542391277
2024-04-18,-1125.4234399689585080985663
2024-04-19,1729.5865632375686908511972
2024-04-22,1713.2365664447167712867406
2024-04-23,-3379.1434303475141465703392
2024-04-24,2583.1365728608760575248326
2024-04-25,2118.3265760698875038404145
2024-04-26,2056.6865792795203126678522
2024-04-29,1777.3065824897746043218837
2024-04-30,-163.9334142993495008594565
2024-05-02,2911.3065889121481174851671
2024-05-03,-2513.6152878757324202596041
2024-05-06,-1739.3644380932792276599241
2024-05-07,-3487.1844370163244119658537
2024-05-08,1412.8255640608389350347047
2024-05-09,-5781.4244348617891462802265
2024-05-10,6547.3855662157913844751936
2024-05-13,-1031.2244327064194323053740
2024-05-14,3395.6955683715784437795529
2024-05-15,2184.3555694497850531392794
2024-05-16,3178.9955705282004361909357
2024-05-17,2669.2055716068246333594770
2024-05-18,4165.7155726856576850776867
2024-05-21,1234.4655737646996317861773
2024-05-22,964.8755748439505139333913
2024-05-23,642.5255759234103719756035
2024-05-24,-661.9344229969207536230775
2024-05-27,206.8955780829571776092917
2024-05-28,-1472.2144208369557938475088
2024-05-29,-2177.1444197566596275058608
2024-05-30,-3920.5344186761542828703064
2024-05-31,2132.0655824045602805624533
2024-06-03,9910.9055834854841033035601
2024-06-04,-7606.7415354333827741280003
2024-06-05,-5501.2889330353862531724989
2024-06-06,6569.4410710438207763335053
2024-06-07,4934.9910751238176647629309
2024-06-10,-1558.6789207953954349434386
2024-06-11,1237.0810832861816301847943
2024-06-12,2085.9310873685490131476465
2024-06-13,2060.1710914517068669747609
2024-06-14,2687.4210955356553447254113
2024-06-18,887.9310996203945994885085
2024-06-19,-613.3288962940752156173941
2024-06-20,1301.5511077922460525559055
2024-06-21,-386.9888881206414428137366
2024-06-24,-1013.6788840327375485188046
2024-06-25,1169.2211200559578886778834
2024-06-26,-2.6188758545549779568198
2024-06-27,917.4511282357240048736159
2024-06-28,1672.2311323267949904954038
2024-07-01,1894.5711364186581322644454
2024-07-02,888.1519205113135835663368
2024-07-03,2959.4328292461792884054503
2024-07-04,1763.0628297940076592389669
2024-07-05,1981.4928303419421063574271
2024-07-08,111.9328308899826503004359
2024-07-09,1047.4728314381293116115751
2024-07-10,206.0328319863821108384044
2024-07-11,740.8128325347410685324621
2024-07-12,651.3328330832062052492662
2024-07-15,2279.3928336317775415483146
2024-07-16,879.3128341804550979930859
2024-07-18,639.2128347292388951510412
2024-07-19,-7040.1971647218710464063766
2024-07-22,503.2928358271252938962586
2024-07-23,-6748.2271636237720633616423
2024-07-24,-1748.1471630745630975966845
2024-07-25,-76.2471625252477882214870
2024-07-26,7706.7928380241738853553171
2024-07-29,-1355.9871614262980562709176
2024-07-30,-1176.6971608766635925008494
2024-07-31,2589.9028396730772972688527
2024-08-01,877.3928402229246336455090
2024-08-02,-2106.0963692271215627595702
2024-08-05,-10249.8065543969127536320527
2024-08-06,-5571.4065537297388824986930
2024-08-07,5568.6634469375641738492871
2024-08-08,-2133.6265523950035595739136
2024-08-09,4971.7134482725579422507468
2024-08-12,383.5934489402487043471548
2024-08-13,-1988.5765503919312482559576
2024-08-14,734.1534502760181094749877
2024-08-16,5026.1334509440968025784163
2024-08-19,4104.2234516123048560976017
2024-08-20,3578.6734522806422950806669
2024-08-21,-110.7065470508908554194151
2024-08-22,1678.9534536177054296551793
2024-08-23,-1040.4865457135688246328737
2024-08-26,4003.3234549552864067839545
2024-08-27,-771.0965443757288510219533
2024-08-28,547.2734562933854270266401
2024-08-29,447.7234569626292660118279
2024-08-30,1526.9434576320026910205601
2024-09-02,-821.5565416984942728553564
2024-09-03,678.3420389711383994807449
2024-09-04,-1423.7385079200010740137270
2024-09-05,1075.3514923689111319826019
2024-09-06,-3024.6485073421207198042753
2024-09-09,-1518.7385070530966185422391
2024-09-10,2032.9414932359834466029281
2024-09-11,-992.5185064748805135324589
2024-09-12,5229.4114938143115118900132
2024-09-13,3547.1414941035595337108564
2024-09-16,1274.8814943928635627726816
2024-09-17,-696.7585053177763900798006
2024-09-18,-1285.0885050283603139997801
2024-09-19,675.0814952611118018616537
2024-09-20,4968.9214955506399683555123
2024-09-23,5241.0414958402241963349078
2024-09-24,714.8014961298644966550541
2024-09-25,1958.0714964195608801732670
2024-09-26,2417.3614967093133577489645
2024-09-27,742.6214969991219402436675
2024-09-30,-2542.3485027110133614790004
2024-10-01,-419.2885024210925365533115
2024-10-03,-6560.6632421311155741114346
2024-10-04,-1797.9193792399391429127174
2024-10-07,-6076.0793520114701417154434
2024-10-08,2384.7706752222711217269523
2024-10-09,285.0007024612856682852788
2024-10-10,30.6607297055745190280168
2024-10-11,1353.2607569551386952213574
2024-10-14,3261.2207842099792183292398
2024-10-15,-399.0691885299028899866104
2024-10-16,440.8908387354933921333575
2024-10-17,-5262.9891339938309132534424
2024-10-18,3398.3808932821252161083047
2024-10-21,-1429.8190794366371973281456
2024-10-22,-7190.5290521501171309115603
2024-10-23,430.3709751416864382073104
2024-10-24,-2653.0089975612254669242287
2024-10-25,-4034.4189702588518230607803
2024-10-28,2669.4910570488083932411854
2024-10-29,3716.1610843617562056233670
2024-10-30,503.7111116799926379256724
2024-10-31,-2039.5788609964812858137448
2024-11-01,2418.3911663323354586415549
2024-11-04,-7829.7139063335561042736662
2024-11-05,2280.3959673632452374863645
2024-11-06,5241.2759762639290671574183
2024-11-07,-7508.0740148336636592530000
2024-11-08,-783.2740059295326080335715
2024-11-11,-840.1239970236774454083604
2024-11-12,-10312.2439881160978375368021
2024-11-13,-4546.1939792067934505136898
2024-11-14,-3223.2839702957639503691629
2024-11-18,2112.9660386169909969313063
2024-11-19,3548.8760475314717254869245
2024-11-21,-1369.9039435523214305384097
2024-11-22,8920.7860653656118630839068
2024-11-25,3500.8260742852719406471936
2024-11-26,-2403.5239167933408634904999
2024-11-27,3846.5660921297737850936173
2024-11-28,-2149.1438989453837791129094
2024-11-29,3304.1161099811867784422329
2024-12-02,761.0461189094857923761358
2024-12-03,3712.2778878395135973706840
2024-12-04,965.6564777117098612503006
2024-12-05,2277.2464789659924608772523
2024-12-06,959.3364802205179278793192
2024-12-09,-117.9335185247136907169660
2024-12-10,1729.6664827302976521240357
2024-12-11,1591.0764839855520034470702
2024-12-12,235.5364852410494103059929
2024-12-13,-1436.0335135032100802362293
2024-12-16,-239.4135122472264211075175
2024-12-17,-5615.0235109909995652266773
2024-12-18,-2616.5935097345294655033988
2024-12-19,-4786.1535084778160748382532
2024-12-20,-8785.4235072208593461226926
2024-12-23,3187.3164940363407677609533
2024-12-24,-822.1235047062156860605222
2024-12-26,1488.6164965514713395487994
2024-12-27,-152.5335021905981082660364
2024-12-30,-3225.9535009324239823508553
2024-12-31,-1012.8091796740062355423525
