date,pnl
2008-04-22,0.000000
2008-04-23,19.3630506544079874259124
2008-04-24,19.3667999317144391218134
2008-04-25,19.3705499349953548401798
2008-04-28,19.3743006643913053842181
2008-04-29,19.3780521200428887759310
2008-04-30,19.3818043020907302613872
2008-05-02,19.3855572106754823159932
2008-05-05,-246.4125091540621753502345
2008-05-06,556.9214304658269178054281
2008-05-07,475.5614307428087404655188
2008-05-08,-648.7185689801558047437652
2008-05-09,-158.0385687030667074376075
2008-05-12,-24.6585684259239572291806
2008-05-13,-354.59856814872754372964567
2008-05-14,352.98143212852254345184727
2008-05-15,1012.8614324058263147081605
2008-05-16,1409.0414326831837804341688
2008-05-20,894.0614329605949510267593
2008-05-21,1620.7214332380598368848327
2008-05-22,-523.7985664844215515906970
2008-05-23,-760.8585662068492039969019
2008-05-26,-1164.7785659292231099288395
2008-05-27,404.8214343484567410204471
2008-05-28,-1391.9385653738096407400698
2008-05-29,-262.9785650960222447994027
2008-05-30,-1185.8385648181810607445482
2008-06-02,-935.63856454028607816048620
2008-06-03,156.94713573766271336981957
2008-06-04,-914.99715023921434232754182
2008-06-05,-110.99529083455089470439878
2008-06-06,411.60656893015001977253189
2008-06-09,1456.80842905495811534033194
2008-06-10,-1035.58971046005688026511387
2008-06-11,-593.38784961482522580650389
2008-06-12,-231.58598840927716654250544
2008-06-13,-231.58412684334293422513991
2008-06-16,291.01773508304725290283252
2008-06-17,572.41959736996319011052865
2008-06-18,-30.57853998252531381844141
2008-06-19,411.62332302565156341664262
2008-06-20,371.42518639456365763622842
2008-06-23,652.82705012428081818310901
2008-06-24,-794.37108578512709207495899
2008-06-25,-392.36922133359019674263650
2008-06-26,210.63264347896139410561743
2008-06-27,1858.83450865259758392816536
2008-06-30,1255.8363741873882897188120
2008-07-01,-271.7617599165965579905750
2008-07-02,-223.3518936592870151274440
2008-07-03,638.0323948112183833270707
2008-07-04,-461.2456935919735173115616
2008-07-07,-382.7237816250219596898684
2008-07-08,402.4781307121447272574673
2008-07-09,-579.0199565804017715265327
2008-07-10,402.4819564974102427815446
2008-07-11,716.5638699456524828881926
2008-07-14,520.2657837643966753856716
2008-07-15,1698.0676979537145607546987
2008-07-16,-421.9703874863221066328634
2008-07-17,-1050.1284725556415585113168
2008-07-18,-225.6665572541720127184378
2008-07-21,245.4553584181583268072136
2008-07-22,284.7172744614212700289853
2008-07-23,-2816.8208091243113591851753
2008-07-24,284.7211076610322769399710
2008-07-25,-29.3569751824759699103515
2008-07-28,9.9049423452357658617594
2008-07-29,88.4268602442393637695782
2008-07-30,-1010.8512214853932827555540
2008-07-31,284.7306971564097336384654
2008-08-01,-304.1673838302796657728042
2008-08-04,1.7362055546104542123499
2008-08-05,-1513.70618062688845637610773
2008-08-06,250.25570026487723690850172
2008-08-07,-471.36241847915904446110935
2008-08-08,-30.37053685892678063681087
2008-08-11,-591.62865487435543811567887
2008-08-12,-230.81677252537446973735147
2008-08-13,-310.99488981191331468138440
2008-08-14,570.98699326609860153539399
2008-08-18,-751.98112329126813293847168
2008-08-19,210.18076051605708371358214
2008-08-20,130.00264468814486697878451
2008-08-21,811.53452922506584601767705
2008-08-22,-351.07358587310933633323849
2008-08-25,-270.89170060631002355885212
2008-08-26,-671.78981497446554546279708
2008-08-27,811.54207102249478183519935
2008-08-28,-70.43604261535834409803460
2008-08-29,170.10584411204578799353500
2008-09-01,130.01773120477790305779838
2008-09-02,-962.16406133709126026284671
2008-09-04,134.20811562472831871753531
2008-09-05,-406.59006267707763986563276
2008-09-08,92.61175937385274563387421
2008-09-09,-32.18641822241222426696253
2008-09-10,-614.58459546580423582609805
2008-09-11,-697.78277235625496207386294
2008-09-12,175.81905110630393718959797
2008-09-15,841.42087492194081539688734
2008-09-16,550.22269909072403921591763
2008-09-17,92.62452361272198855247384
2008-09-18,3628.62634848800305655277671
2008-09-19,-1238.57182628336435039395329
2008-09-22,1091.02999929868818734706779
2008-09-23,550.2318252342291026587527
2008-09-24,-156.9663484766731583252921
2008-09-25,175.8354781660498637817994
2008-09-26,-156.9626948375333583772811
2008-09-29,966.2391325126456610985505
2008-09-30,134.2409602166554213713383
2008-10-01,-780.9572117254355651333463
2008-10-03,-813.6816133135587727238365
2008-10-06,937.3372511742575753160422
2008-10-07,1421.2991385394398591877183
2008-10-08,1138.9910262700736193386800
2008-10-10,1340.6429143662296183233967
2008-10-13,-3014.9951971720213676018731
2008-10-14,-716.1833083446085484764286
2008-10-15,937.3485808485388793675270
2008-10-16,-272.5495295925082666924593
2008-10-17,-1442.1176396676791555664362
2008-10-20,-151.5557493769029424493921
2008-10-21,-756.5038587201087688186002
2008-10-22,-1200.13196769722576243096197
2008-10-23,-1361.45007630818303732035069
2008-10-24,-1482.43818455290969379495389
2008-10-27,493.73370756866518156538403
2008-10-28,2066.60560005661251591182012
2008-10-29,-111.21250708899674987082833
2008-10-31,-1401.77061386809166116142459
2008-11-03,211.43127971939875040014733
2008-11-04,-1018.22269632645453308435710
2008-11-05,18.65240107696039938944931
2008-11-06,18.65601275082919457255764
2008-11-07,18.65962512402823044249394
2008-11-10,18.66323819669291866800401
2008-11-11,18.66685196895869713766364
2008-11-12,18.67046644096102996495559
2008-11-14,18.67408161283540749334754
2008-11-17,18.67769748471734630137101
2008-11-18,18.68131405674238920770126
2008-11-19,18.68493132904610527623818
2008-11-20,18.68854930176408982118820
2008-11-21,18.69216797503196441214709
2008-11-24,18.69578734898537687918388
2008-11-25,18.69940742376000131792560
2008-11-26,18.70302819949153809464319
2008-11-28,18.70664967631571385133822
2008-12-01,18.71027185436828151083071
2008-12-02,-110.55592526621497971815212
2008-12-03,911.40404173151727524184969
2008-12-04,-735.83414897694908204694713
2008-12-05,-304.41233933508140319059065
2008-12-08,166.22947065718814716779755
2008-12-10,166.23128099992741752009040
2008-12-11,989.85309169320426949569869
2008-12-12,-108.30509726291342213588512
2008-12-15,362.33671413164223053745742
2008-12-16,205.45852587693912857301558
2008-12-17,558.44033797304518617579474
2008-12-18,440.78215042002833070106222
2008-12-19,-1049.57603678204349734310647
2008-12-22,401.56577636689765570671917
2008-12-23,323.12758986691975667187191
2008-12-24,87.80940371809078553413459
2008-12-26,-147.50878207952126456171168
2008-12-29,1774.27303247415161269466129
2008-12-30,-382.8251526208225632183219
2008-12-31,87.8166626356242403484091
2009-01-01,676.1184782435600692171214
2009-01-02,-24.2315957969470176141711
2009-01-05,-669.0128981882391422050755
2009-01-06,-631.30100697936786334990411
2009-01-07,726.26088459569914723164961
2009-01-09,-291.9072234629672037953858
2009-01-12,122.9046688447040039637112
2009-01-13,-970.68343848121629536398510
2009-01-14,311.45845455934284608360996
2009-01-15,-593.57965203354761009374829
2009-01-16,537.72224174018331144402596
2009-01-19,537.72413588060659978000957
2009-01-20,-141.05396961220674225706838
2009-01-21,1367.34792526181430190983468
2009-01-22,-329.6001794972592373912629
2009-01-23,537.7317161106436839212961
2009-01-27,763.9936120855941236854697
2009-01-28,-668.9844915723368465018183
2009-01-29,-254.1725948630781412820153
2009-01-30,2234.6893022134413384677256
2009-02-02,-65.6188003427072943627894
2009-02-03,-436.3265025314529131141296
2009-02-04,-360.7288150841155218624620
2009-02-05,454.8131156414705855375126
2009-02-06,158.2550467409040661730785
2009-02-09,-212.4430217857426916995144
2009-02-10,-175.3710899383972858074417
2009-02-11,1122.0808422830127001414099
2009-02-12,1159.1527748785596964611571
2009-02-13,-138.2952921516838525093652
2009-02-16,343.6166411923545115961120
2009-02-17,1937.6285749107472611740079
2009-02-18,1974.7005090035668826536086
2009-02-19,-657.2675565291141235002159
2009-02-20,343.6243783127767572157062
2009-02-24,-101.2136864706879466544333
2009-02-25,-1732.2917508794356925227041
2009-02-26,-212.4198149133939237547174
2009-02-27,491.9121214275099303330931
2009-03-02,1455.7340581433484544761922
2009-03-03,-1358.2436647658057525353365
2009-03-04,-560.6359127717919762919387
2009-03-05,10.4061017768881504196360
2009-03-06,1259.5581167156463585218535
2009-03-09,-25.2798679554418209687949
2009-03-12,-1024.5978522363008424107088
2009-03-13,260.2441638731448544656529
2009-03-16,46.1061803729708445606051
2009-03-17,-310.7918027367472825919318
2009-03-18,-346.4797854559339228215972
2009-03-19,260.2522322154865426812431
2009-03-20,1295.2642502775897473683320
2009-03-23,81.8062687304513393363556
2009-03-24,-846.1317124258530186702204
2009-03-25,-631.9896931912476492563151
2009-03-26,652.8523264343431396266051
2009-03-27,10.4343464509950546833632
2009-03-30,10.4363668587838172779101
2009-03-31,-489.2216123422148365638375
2009-04-01,-60.9395911519251561511577
2009-04-02,-603.6651495702713761256842
2009-04-06,-2484.0381762803543235725648
2009-04-08,1130.9638204032959046776554
2009-04-09,-531.9341825264350004701460
2009-04-13,10.3178149305278221910107
2009-04-15,227.2198127742592483635187
2009-04-16,-170.4281889951658317520089
2009-04-17,-929.5761903776725134539313
2009-04-20,227.2258086268141224632275
2009-04-21,877.9278080183690097115873
2009-04-22,-61.9701922029329034872796
2009-04-23,118.7818079629833456004616
2009-04-24,1094.8338085161927342237170
2009-04-27,263.3858094567702541492765
2009-04-28,-351.1621892152090883353773
2009-04-29,-604.2101874996702724192555
2009-05-04,-459.6081853965382627650522
2009-05-05,-27.2972629057380095063307
2009-05-06,-598.2173739215666224491953
2009-05-07,776.0626265869222748301835
2009-05-08,-987.3773729044903689276853
2009-05-11,-722.4973723958045346581432
2009-05-12,1824.6226281129797967071605
2009-05-13,369.2426286218626442402680
2009-05-14,-756.0573708691559729830849
2009-05-15,1467.6826296399239641165305
2009-05-18,7676.7626301491024746222382
2009-05-19,-1182.5373693416204223791438
2009-05-20,-756.9773688322447077971006
2009-05-21,-345.5573683227703625374218
2009-05-22,1093.0826321868026324978009
2009-05-25,62.6026326964742964101734
2009-05-26,-1377.8773667937553516949995
2009-05-27,2591.1426337161137072912862
2009-05-28,487.5826342260814924817344
2009-05-29,2103.1426347361480229927502
2009-06-01,1723.5226352463133179444402
2009-06-02,-1128.9558442434226035393872
2009-06-03,1014.4547849392392231870921
2009-06-04,2266.7747878020544973013208
2009-06-05,1032.8447906654240997872182
2009-06-08,-5551.3952064706518620203319
2009-06-09,2627.1047963938267192343368
2009-06-10,3544.1847992588599509276786
2009-06-11,141.6648021244479404569387
2009-06-12,-1131.3251950094092047598419
2009-06-15,-1280.6651921427113772838232
2009-06-16,2014.8648107245415303446385
2009-06-17,-4588.9151864076503743940057
2009-06-18,-2608.6651835392869839984933
2009-06-19,1996.5348193296318090532540
2009-06-22,-1838.6451778008938876958663
2009-06-23,107.1248250691360333178671
2009-06-24,1966.1148279397216796790029
2009-06-25,-1006.9351691891368410070780
2009-06-26,3292.2148336825605788858402
2009-06-29,1598.5148365548140470048137
2009-06-30,-3401.3951605723763289822580
2009-07-01,495.4548423009895586133727
2009-07-02,451.3193751749118175013049
2009-07-03,1880.1419279628350636066666
2009-07-06,-6670.8880716638525160418070
2009-07-07,971.2519287095321889827713
2009-07-08,-4843.6080709170108073230806
2009-07-09,-119.0480705434814909601348
2009-07-10,-1900.1080701698798479264526
2009-07-13,-1802.7880697962058642173840
2009-07-14,4051.3719305775404741744324
2009-07-15,3603.4119309513591812590706
2009-07-16,142.6219313252502710493174
2009-07-17,2612.0419316992137575606725
2009-07-20,3553.4119320732496548113498
2009-07-21,-736.5180675526420231777226
2009-07-22,-954.7780671784612623829016
2009-07-23,2406.6519331957919512221710
2009-07-24,1405.4719335701176316665699
2009-07-27,323.0619339445157929820855
2009-07-28,781.0819343189864492032260
2009-07-29,-1601.1280653064703856327836
2009-07-30,365.1219350681453025140000
2009-07-31,2940.2319354428335276862391
2009-08-03,2211.7319358175943039293141
2009-08-04,-1546.8395138075723547086739
2009-08-05,1321.5654158267719284495202
2009-08-06,-2876.5445831245587903469851
2009-08-07,-2959.8445820756864547793739
2009-08-10,-1369.6845810266110255301266
2009-08-11,6.4854200226675367258892
2009-08-12,211.3254210721492713214205
2009-08-13,4135.2154221218342175968302
2009-08-14,300.8754231717224149000989
2009-08-17,-4942.8145757781860974131738
2009-08-18,1871.9454252721087200202319
2009-08-19,-2242.1845736773930934288423
2009-08-20,1762.6754273733085016180691
2009-08-21,1395.4954284242135445470562
2009-08-24,2414.7654294753220747518351
2009-08-25,89.2154305266341316337506
2009-08-26,1257.4154315781497546017760
2009-08-27,-157.6745673701310169274843
2009-08-28,905.5754336817918564702062
2009-08-31,-557.1345652660815857732818
2009-09-01,-2239.3445642137513042184431
2009-09-02,145.8247068387827405818649
2009-09-03,-1183.3940045939708347447181
2009-09-04,2468.0659965669226716199808
2009-09-07,2498.5659977280409623823609
2009-09-08,789.3459988893840810675388
2009-09-09,47.5860000509520712090592
2009-09-10,200.0860012127449763488962
2009-09-11,-273.2739976252371599625454
2009-09-14,-156.1539964629942941664277
2009-09-15,2522.9660046994736173045215
2009-09-16,1263.9260058621666180260100
2009-09-17,1376.1660070250847515821833
2009-09-18,-594.1339918117719384343734
2009-09-22,1718.9860093515965915773652
2009-09-23,-1640.8939894848096147731326
2009-09-24,1442.0460116790094861320456
2009-09-25,-406.2539871569460620807422
2009-09-29,912.5660140073237842233092
2009-09-30,1368.8460151718190686874545
2009-10-01,-87.8339836634601650366011
2009-10-05,-961.6658424985138732887003
2009-10-06,-174.6969500491600753166928
2009-10-07,125.4430505414034507524655
2009-10-08,647.7130511320813279363230
2009-10-09,-124.2169482771264216232559
2009-10-12,1606.8030523137802242198802
2009-10-14,2344.4130529048012876161712
2009-10-15,1835.4230534959367907203458
2009-10-16,1195.2230540871867556914227
2009-10-17,9.4230546785512046927110
2009-10-20,-496.3369447299698401081882
2009-10-21,-2072.6769441383763565393822
2009-10-22,-1607.8469435466683224246845
2009-10-23,674.4830570451542844163849
2009-10-26,-1086.0169423629085138313987
2009-10-27,-5150.0169417708566949789647
2009-10-28,104.9030588213097631670538
2009-10-29,-940.6469405864091171956782
2009-10-30,-668.4969399940133138651984
2009-11-03,-3831.2869394015028046352453
2009-11-04,3713.9711411911224327047428
2009-11-05,2422.7348428127520533398378
2009-11-06,1150.2148437504683396180554
2009-11-09,3217.3148446883661963757798
2009-11-10,-56.0551543735543412294053
2009-11-11,2212.1248465647067619668918
2009-11-12,-955.3451524968504588641285
2009-11-13,1059.3748484417740314555441
2009-11-16,1469.1848493805802681107321
2009-11-17,-586.0851496804317137069296
2009-11-18,355.1848512587381212010082
2009-11-19,-1734.7851478019101919601900
2009-11-20,1607.4548531376233820215575
2009-11-23,317.1748540773388783651503
2009-11-24,-796.9851449827636677036926
2009-11-25,646.1248559573157790475687
2009-11-26,-1385.7451431024227461417039
2009-11-27,-1509.1951421619792080253249
2009-11-30,1427.2848587786464286497154
2009-12-01,2681.0648597194541991432537
2009-12-02,-489.8258293395558612780468
2009-12-03,1926.8456998881045690097466
2009-12-04,-1251.4742990082232100579807
2009-12-07,-281.3042979043372845145103
2009-12-08,1262.0157031997623870198899
2009-12-09,-239.5442956959241540670354
2009-12-10,192.1857054086031336204721
2009-12-11,-340.5842934866557085138139
2009-12-14,-1253.2742923817006390581021
2009-12-15,-836.0942912765316165925832
2009-12-16,-290.3042901711485996894275
2009-12-17,8.3157109344484530872164
2009-12-18,-1022.6342879597404168187769
2009-12-21,26.9157131462848320444920
2009-12-22,1668.1857142525242411369488
2009-12-23,2695.5657153589778519265473
2009-12-24,863.7357164656457058892703
2009-12-29,194.8857175725278445091323
2009-12-30,-79.0142813203756907218202
2009-12-31,70.7157197869351416964938
2010-01-04,1835.9157208944603832721906
2010-01-05,1222.0351220022000755214241
2010-01-06,1350.0293690564141810659712
2010-01-07,-812.2306291294506796160885
2010-01-08,-972.7006273149642683921824
2010-01-11,1014.5593744998734827546461
2010-01-12,-1127.7806236849373581454754
2010-01-13,1008.6693781306032769507529
2010-01-14,678.0893799464954560998063
2010-01-15,63.5193817627392473713377
2010-01-18,412.5193835793347188481805
2010-01-19,-1316.0606146037180613736488
2010-01-20,-259.4206127864190251849488
2010-01-21,-2982.3806109687681044633293
2010-01-22,-1610.6906091507652310732103
2010-01-25,-2254.3206073324103368658182
2010-01-27,-4059.8906055137033536791837
2010-01-28,559.9093963053557866618605
2010-01-29,916.5993981247671523456824
2010-02-01,1007.1693999445308115738538
2010-02-02,-1476.0328982353531674388479
2010-02-03,2562.8384562865881179335943
2010-02-04,-2016.8515420760168265272212
2010-02-05,-3360.7415404383047213540201
2010-02-06,5429.2484611997244948436793
2010-02-08,-4097.3515371619291165317551
2010-02-09,871.7784644767345059339346
2010-02-10,-1381.0315338842845763331023
2010-02-11,1586.2584677550136981051775
2010-02-15,86.8784693946293906987136
2010-02-16,741.4584710345625629093443
2010-02-17,1029.0384726748132762108084
2010-02-18,-799.0915256846184079112514
2010-02-19,-676.2815240437324279592878
2010-02-22,-565.4215224025287224238450
2010-02-23,-95.1015207610072297835572
2010-02-24,-39.0815191191678885051466
2010-02-25,-399.9215174770106370434203
2010-02-26,2365.2784841654645861587318
2010-03-02,2409.3184858082578426703383
2010-03-03,2750.8084874513691940723506
2010-03-04,319.7884890947987019576432
2010-03-05,733.9484907385464279310169
2010-03-08,757.1784923826124336092017
2010-03-09,-945.1315059730032193791422
2010-03-10,-262.0915043283004693934211
2010-03-11,162.5284973167207452188942
2010-03-12,105.6084989620604861222707
2010-03-15,-421.6314993922811850068847
2010-03-16,1500.8785022536957935197778
2010-03-17,41.2085038999914834025522
2010-03-18,384.9485055466059463536799
2010-03-19,956.3985071935392440973518
2010-03-22,-1311.3714911592085616302901
2010-03-23,-54.6614895116374090811490
2010-03-25,891.2385121362527635048275
2010-03-26,1148.1085137844620178996509
2010-03-29,-164.0014845670095841127066
2010-03-30,77.8785170818380192636904
2010-03-31,348.2485187310048898367434
2010-04-01,907.7185203804910894263210
2010-04-05,1719.1840020302966798642626
2010-04-06,148.6904309863433563171938
2010-04-07,755.1604310697954602948581
2010-04-08,-1511.5495688467362768543120
2010-04-09,906.9304312367481479985339
2010-04-12,-984.6695686797512620171473
2010-04-13,-314.0295685962345037712931
2010-04-15,-728.6295685127015741332350
2010-04-16,-501.5895684291524699716978
2010-04-19,-1559.0595683455871881548006
2010-04-20,405.9604317379942744499444
2010-04-21,476.9104318215919209756312
2010-04-22,936.5504319052057545559606
2010-04-23,1199.3704319888357783252404
2010-04-26,52.4404320724819954183848
2010-04-27,-109.1995678438555910290845
2010-04-28,-2467.8395677601769778810390
2010-04-29,1017.3704323235178379992574
2010-04-30,1306.1104324072288597491478
2010-05-03,-586.1095675090439094934172
2010-05-04,-2196.1495674253004665898789
2010-05-05,444.0743304405559239267972
2010-05-06,-1293.4856687209386776706260
2010-05-07,-2353.4856678822709190430165
2010-05-10,3855.7343329565592312475181
2010-05-11,-1425.4256662044481953550419
2010-05-12,-310.2956653652931674006285
2010-05-13,2681.4343354740243465669170
2010-05-14,-2133.3756636864956219901568
2010-05-16,0.0043371531469583964914
2010-05-17,106.0043379929521192012958
2010-05-18,-963.5256611670801080952149
2010-05-19,-3022.1156603269496920064162
2010-05-20,630.7343405133433989604129
2010-05-21,-2150.0056586462008036959088
2010-05-24,853.6843421944177315295373
2010-05-25,-3965.9856569648009638522307
2010-05-26,2324.7143438761431416759073
2010-05-27,1460.4943447172500796371740
2010-05-28,1769.7843455585198815608960
2010-05-31,1442.6643463999525789825045
2010-06-01,-2301.1956527584517965564623
2010-06-02,487.2546080833067864916405
2010-06-03,528.5829916257214173821090
2010-06-04,261.4529922049914212104550
2010-06-07,399.2929927843735893830682
2010-06-08,1043.8129933638679436183872
2010-06-09,-32.0270060565254943609438
2010-06-10,-47.8370054768067028280744
2010-06-11,-945.6970048969756600519473
2010-06-14,214.8429956829676557027024
2010-06-15,429.2729962630232661753485
2010-06-16,448.3329968431911931096742
2010-06-17,274.8329974234714582535729
2010-06-18,-507.9070019961359166408511
2010-06-21,1343.7629985843690901827185
2010-06-22,-1077.0370008350134995151893
2010-06-23,1066.5029997457163360301681
2010-06-24,-154.8469996734413814122527
2010-06-25,1218.5130009075133699307205
2010-06-28,395.6330014885806118364753
2010-06-29,219.7030020697603660866165
2010-06-30,456.0330026510526544669663
2010-07-01,83.9130032324574987675654
2010-07-02,-1579.2985661860250792173264
2010-07-05,-277.2580453857404218763531
2010-07-06,629.5919549927325273040407
2010-07-07,-1310.2980446287212396067027
2010-07-08,1170.2919557498982915814176
2010-07-09,-287.8480438714088649388509
2010-07-12,140.4719565073573050279883
2010-07-13,875.0719568861968156801800
2010-07-14,-195.7380427348903187812818
2010-07-15,335.2919576440959158473465
2010-07-16,-319.6280419768444662274406
2010-07-19,-352.7880415977114507963986
2010-07-20,-295.2180412185050236475310
2010-07-21,1154.1719591607748294339102
2010-07-22,-286.9280404598718773345745
2010-07-23,434.3119599195548702672683
2010-07-26,-1538.2780397009449135375542
2010-07-27,177.7819606786287854767186
2010-07-28,-1139.8880389417240184613975
2010-07-29,115.1419614379966888793677
2010-07-30,294.7619618177909217330407
2010-08-02,310.4219621976586943364037
2010-08-03,371.5367625776000209289956
2010-08-04,-170.8938788659831514404036
2010-08-05,-288.0438776807448711338187
2010-08-06,175.7061235047229074613575
2010-08-09,405.1061246904202287829946
2010-08-10,-320.4438741236528627224326
2010-08-11,-494.4938729374963225998439
2010-08-12,-22.1438717511101063855506
2010-08-13,649.6061294355058303927451
2010-08-16,-176.3938693776484677840475
2010-08-17,191.4561318094270435735935
2010-08-18,1945.6561329967324089638050
2010-08-19,1423.4061341842676728933392
2010-08-20,-1387.0438646279671201224327
2010-08-23,1955.9061365600280744404790
2010-08-24,-1141.6938622517466988853140
2010-08-25,-1599.0438610632913955585778
2010-08-26,364.7561401253940289705468
2010-08-27,-1760.4438586856903807394557
2010-08-30,-655.9438574965445801214721
2010-08-31,-658.2938563071685245997601
2010-09-01,2045.3061448824378304100541
2010-09-02,730.3037760722745295009767
2010-09-03,712.7119121042591977383299
2010-09-06,848.3019124745009140118805
2010-09-07,226.1619128448143203764969
2010-09-08,-612.3580867848005692864321
2010-09-09,915.5919135856562589071697
2010-09-13,462.2619139561848188440675
2010-09-14,617.0919143267851244137148
2010-09-15,1293.7119146974571895082549
2010-09-16,-1309.3880849317989719774788
2010-09-17,601.5719154390166538540369
2010-09-20,1325.0719158099040809030169
2010-09-21,-1083.2280838191366769276327
2010-09-22,258.3719165518943942676860
2010-09-23,-196.9780830770026916027360
2010-09-24,521.6319172941720793720847
2010-09-27,651.3219176654187211058259
2010-09-28,-1304.4980819632627524851414
2010-09-29,269.0019184081276725182491
2010-09-30,-726.3680812204099899622413
2010-10-01,1770.6419191511242739978443
2010-10-04,1170.4177995227304783256588
2010-10-05,339.9313856921158900544957
2010-10-06,556.5213878967332218092236
2010-10-07,-506.4586098982225652653650
2010-10-08,-673.6186076927513885120529
2010-10-11,1658.5813945131468347423824
2010-10-12,-1862.6086032805278128128288
2010-10-13,2606.0213989262247515275549
2010-10-14,-1084.6385988665953895152108
2010-10-15,-3231.4185966589881532038527
2010-10-18,925.7814055490465432149228
2010-10-19,-806.0785922424912174895672
2010-10-20,-368.5185900336013525319790
2010-10-21,2720.2214121757162208890610
2010-10-22,-452.1585856145384144090407
2010-10-25,847.8614165956348244071582
2010-10-26,-397.7385811937639798128607
2010-10-27,-1067.2285789827347442035737
2010-10-28,-421.3585767712773858834120
2010-10-29,-267.4685745593918219547582
2010-11-01,2292.5214276529220304960568
2010-11-02,1041.2976898656642543987563
2010-11-03,571.0288986676312416595074
2010-11-04,1451.6089003906847626642373
2010-11-05,636.5089021140719193950420
2010-11-08,-25.4510961622072235460241
2010-11-09,386.5589055618473984556028
2010-11-10,43.2289072862358500269975
2010-11-11,-1888.8310909890418041922513
2010-11-12,-3113.1210892639854995500386
2010-11-15,-74.3110875385951713817410
2010-11-16,-2649.2010858128707550102140
2010-11-18,315.8189159131878142542107
2010-11-19,-2955.1010823604193988862733
2010-11-22,2493.0289193663076702830563
2010-11-23,-693.2810789066309135105474
2010-11-24,-2403.6710771792350855272984
2010-11-25,-3575.5910754515047810148747
2010-11-26,-1463.1010737234399352084168
2010-11-29,2422.2889280049595166694755
2010-11-30,593.0589297336936394087456
2010-12-01,3395.5589314627624978118817
2010-12-02,1147.5953331921661566939200
2010-12-03,-1261.7961253403011394833552
2010-12-06,-745.1561245900488193070613
2010-12-07,-872.4361238396512273939759
2010-12-08,-2422.0961230891083356150589
2010-12-09,-3666.5561223384201158358237
2010-12-10,707.0238784124134600836641
2010-12-13,2078.7638791633924202887874
2010-12-14,1621.2638799145167929303792
2010-12-15,-1404.8361193342133938352767
2010-12-16,1254.1238814172018881535551
2010-12-20,-722.3761178312373329359366
2010-12-21,944.9038829204689710688908
2010-12-22,-188.3961163276791716538649
2010-12-23,81.3638844243182670793500
2010-12-24,-359.3561148235386845424532
2010-12-27,561.5438859287500016751945
2010-12-28,-59.7961133188156460677780
2010-12-29,974.8038874337644004340183
2010-12-30,86.7038881864901693914335
2010-12-31,1519.6638889393616890207808
2011-01-03,214.7438896923789875438366
2011-01-04,-668.2995495544579068121582
2011-01-05,-1159.8184214154860446398303
2011-01-06,-1287.8184211098239255800137
2011-01-07,-1558.0784208041026210092524
2011-01-10,-1447.4584204983221194674255
2011-01-11,-656.9384201924824094921940
2011-01-12,2199.7215801134165203810014
2011-01-13,-1218.7584195806253183810605
2011-01-14,-1408.5784192746079143093807
2011-01-17,-541.7584189685312559327391
2011-01-18,1336.0015813376046682223052
2011-01-19,-491.0984183562001303685850
2011-01-20,491.7215819500543597724750
2011-01-21,-1038.4384177436318498744075
2011-01-24,673.4815825627412521730974
2011-01-25,-1811.9984171308263226004567
2011-01-27,-417.0784168243345627082927
2011-01-28,-2359.1384165177834566614092
2011-01-31,876.3215837888270070314199
2011-02-01,-1396.3784159045031601363546
2011-02-02,-355.4356955977739466690558
2011-02-03,-415.9516050134339006838746
2011-02-04,1015.2509912608792912109968
2011-02-07,-165.4864119620896065034021
2011-02-08,192.3161853177567476965663
2011-02-09,263.8787831005157141828283
2011-02-10,228.1013813862846721792486
2011-02-11,-165.4760198248389802347202
2011-02-14,13.4265794672421738796141
2011-02-15,442.7891792626255703238353
2011-02-16,263.8917795614086637660702
2011-02-17,156.5543803636889277446429
2011-02-18,263.8969816695638546717276
2011-02-21,120.7795834791309558370043
2011-02-22,192.3421857924877614113127
2011-02-23,85.0047886097318204503093
2011-02-24,943.7273919309607008981236
2011-02-25,-451.6900042437280104089844
2011-02-28,49.2326000857632922610335
2011-03-01,192.3552049195322335396734
2011-03-03,588.6516902576764569615377
2011-03-04,-475.0859481041192328136316
2011-03-07,921.7167228451366619046554
2011-03-08,-370.3206056884301860046301
2011-03-09,-21.1179337047196352471699
2011-03-10,83.6447387963684748617634
2011-03-11,-475.0725881850656755989381
2011-03-14,153.4900853510781128475366
2011-03-15,-335.3872405950999409203260
2011-03-16,-579.8245660234995986186067
2011-03-17,-265.5418909340206025541973
2011-03-18,886.8207846734373243789589
2011-03-21,502.7034607989744787036249
2011-03-22,153.5061374426911763630308
2011-03-23,-90.9311853953122472753671
2011-03-24,293.1914922850645625838763
2011-03-25,-475.0458295160780198320446
2011-03-28,-300.4431507986396008604229
2011-03-29,-509.9604715625197673992754
2011-03-30,258.2822081923819130964201
2011-03-31,293.2048884661658926184909
2011-04-01,188.4475692589326426093345
2011-04-04,-346.4012694292173460343160
2011-04-05,-237.7288463563318873630786
2011-04-06,569.3411538670487204649417
2011-04-07,-213.2188459095274184067923
2011-04-08,276.0311543139397043968783
2011-04-11,-208.6688454625499027472670
2011-04-13,768.2411547610037685391744
2011-04-15,-155.7688450153992733637732
2011-04-18,-709.9788447917590200744627
2011-04-19,843.5011554319245367903757
2011-04-20,1749.5611556556514056156354
2011-04-21,369.5211558794215947878335
2011-04-25,1030.2011561032351126951102
2011-04-26,-1023.6388436729080322727691
2011-04-27,165.5411565509921682755848
2011-04-28,215.6211567749357227331861
2011-04-29,-702.6088430010773605053257
2011-05-02,917.5611572229529269563144
2011-05-03,-1966.1167025529734064840031
2011-05-04,-481.5568986746846754756595
2011-05-05,-745.7942085464375864419401
2011-05-06,509.3484821027003977441664
2011-05-09,-613.6688267271698625494570
2011-05-10,377.2338649640525125747158
2011-05-11,311.1765571764684225476376
2011-05-12,-1142.1407500898212136625315
2011-05-13,1004.8119431652845424533597
2011-05-16,-580.6253630581133510507631
2011-05-17,46.9473312400860834275853
2011-05-18,-151.2299739400161569567659
2011-05-19,-151.2272785983190554928572
2011-05-20,377.2554172652784240901879
2011-05-23,806.6481136508773376269500
2011-05-24,377.2608105585787605195024
2011-05-25,410.2935079884837877411998
2011-05-26,-283.3337940593064661595328
2011-05-27,146.0589044153091329445916
2011-05-30,113.0316034124317387635116
2011-05-31,311.2143029321625245936105
2011-06-01,-547.5629970253973166784922
2011-06-02,611.7162635398534274278529
2011-06-03,-546.3436555622438434848618
2011-06-06,376.5390506844092737729531
2011-06-07,112.8617574550743013070836
2011-06-08,-546.3355352501472961908488
2011-06-09,79.9071725688459656174380
2011-06-10,310.6298809121555907206891
2011-06-13,-645.2074102201168972380814
2011-06-14,-381.5247008278699549577847
2011-06-15,-249.6819909110020194754516
2011-06-16,574.3207195305884918375753
2011-06-17,46.9634304970031812794494
2011-06-20,805.0461419883436708216281
2011-06-21,145.8488540047116021126831
2011-06-22,46.9715665462086364821096
2011-06-23,-150.7857203870635450558621
2011-06-24,-711.1030067950032417984558
2011-06-27,-711.1002926775087333505364
2011-06-28,-51.8975780344782796207974
2011-06-29,112.9051371341898791820535
2011-06-30,-249.6521471714024774468919
2011-07-01,-941.8094309511535503049266
2011-07-04,-127.2444842049615204779119
2011-07-05,148.6409260025178880446431
2011-07-06,890.7035827923700094202735
2011-07-07,553.4062400966576956433368
2011-07-08,-188.6511020845194428671612
2011-07-11,924.4415562489382235954012
2011-07-12,384.7642150971303440289961
2011-07-13,789.5268744601565867266814
2011-07-14,890.7195343381166392803375
2011-07-15,-559.6678052688897914155965
2011-07-18,1194.2948556392370208396147
2011-07-19,13.7475170625968215567418
2011-07-20,-930.6898209987106244396714
2011-07-21,351.0528414554144669924328
2011-07-22,-627.1144955749281006836339
2011-07-25,1362.9581679103614953204351
2011-07-26,-627.1091680886169028783165
2011-07-27,182.4134964282365661696351
2011-07-28,-121.1538385389782167499637
2011-07-29,13.7688270098386484886008
2011-08-01,148.6914930747870813547541
2011-08-02,519.1080996559670206653797
2011-08-03,1843.7521903149273984533327
2011-08-04,275.5949461011473095931654
2011-08-05,340.9377024209715024215873
2011-08-08,3052.5504592745032990059557
2011-08-09,3281.2432166618460414199324
2011-08-10,-802.5040254168969082526430
2011-08-11,1974.4487330383778320861221
2011-08-12,-1325.2185079722263354479520
2011-08-16,732.9942515513940112827591
2011-08-17,1125.0370116093423144415610
2011-08-18,602.3197722017220362213172
2011-08-19,3640.6325333286366588483285
2011-08-22,177.6152949901896845862116
2011-08-23,-116.4119428135153642602215
2011-08-24,-1194.5191800823749453410820
2011-08-25,-4820.8864168162854962575238
2011-08-26,2431.8563469848565654421392
2011-08-29,1125.0591113211548422663157
2011-08-30,-933.1481238072870432159799
2011-09-02,2497.2046415996345516287581
2011-09-05,1893.6618075420232895024104
2011-09-06,-581.6406652774701046257803
2011-09-07,-1895.9176137895049834556848
2011-09-08,-223.1945617106787018860133
2011-09-09,2345.6284909591231488290192
2011-09-12,-193.3184557799850004117785
2011-09-13,-462.1454019278886965522845
2011-09-14,1061.2276525155265356252259
2011-09-15,-880.3192924496248064956277
2011-09-16,-1627.0662368232282033610400
2011-09-19,2166.4268193948308867572744
2011-09-20,-492.0001237953329722336271
2011-09-21,672.9329336063948057563808
2011-09-22,-372.5140083998711709952141
2011-09-23,-1029.6509498140162720192651
2011-09-26,-4912.7478906359258446506698
2011-09-27,1987.2251691345147859759278
2011-09-28,-1059.5117705025796830695638
2011-09-29,-1298.4687095470945325083846
2011-09-30,941.7843520010849791513773
2011-10-03,1270.3574141420736156190877
2011-10-04,363.1257268759861628258668
2011-10-05,-2695.0423124798917480433687
2011-10-07,1493.7606612369221162113272
2011-10-10,261.7636355295382734532062
2011-10-11,384.9666103980682165719283
2011-10-12,662.1695858426234600455788
2011-10-13,-354.2274381366844600551524
2011-10-14,76.9755384602560139372104
2011-10-17,107.7785156335564612911108
2011-10-18,-385.0185066166715171198577
2011-10-19,-292.6155282903162988127675
2011-10-20,-508.2125493872662396911733
2011-10-21,292.5904300925903259590731
2011-10-24,1462.9934101493650854740089
2011-10-25,-231.0036092168302521842536
2011-10-26,1308.9993719941160435766612
2011-10-28,292.6023537823157249835799
2011-10-31,-877.7946638521194340980305
2011-11-01,539.0083190909223618401268
2011-11-02,1154.1497026115529299533702
2011-11-03,350.0137142039853082033965
2011-11-04,623.6167374953756603735014
2011-11-08,1900.4197613721674558878524
2011-11-09,350.0227858344740463244560
2011-11-11,-470.7741891175911947903579
2011-11-14,988.4288365160851280223138
2011-11-15,-197.1681372643835678018017
2011-11-16,866.8348895411161571340984
2011-11-17,-318.7620830673022358078554
2011-11-18,-1169.9590550895252632959513
2011-11-21,137.2439734745605799753570
2011-11-22,76.4470026250688212897063
2011-11-23,-349.1499676378869900869218
2011-11-24,319.6530626858067170980566
2011-11-25,-653.1439064037364639119157
2011-11-28,1110.0591250935970821217217
2011-11-29,-14.7378428220790075630950
2011-11-30,167.6651898493489262752065
2011-12-01,927.6682231079945648860952
2011-12-02,-48.3218630460283884688021
2011-12-05,-132.3424118201141864954758
2011-12-07,-458.8193025811810389758269
2011-12-08,728.3838072597956181357508
2011-12-09,-518.1730822970676411710189
2011-12-12,-844.6499712516542203341316
2011-12-13,105.1131403961524997850688
2011-12-14,-607.2037473535308390937390
2011-12-15,-2833.2006345005875726654808
2011-12-16,-547.8375210449010140353143
2011-12-19,431.6055930136455462857458
2011-12-20,461.2887076751688403852020
2011-12-21,995.5318229397856229534502
2011-12-22,-785.2650611923873287118442
2011-12-23,-72.9419447212332147013680
2011-12-26,-72.9388276466352124897827
2011-12-27,-310.3757099684764769313451
2011-12-28,-102.6125916866401402555271
2011-12-29,-1438.2094728010093120626348
2011-12-30,787.7936466885329206805724
2012-01-02,283.2367667821034936452656
2012-01-03,776.7558374798193651449288
2012-01-04,657.6350544228716267664085
2012-01-05,-45.4719123447054320216870
2012-01-06,321.3711214750438397102510
2012-01-07,-137.1758441177668337428920
2012-01-09,-442.8728091230237060657382
2012-01-10,-565.1497735406130089181526
2012-01-11,351.9532626295790480690208
2012-01-12,229.6762993876662772982248
2012-01-13,-748.5606632662374867905443
2012-01-16,321.3923746679816122845296
2012-01-17,443.6754131904374530513511
2012-01-18,-503.9915476987560639118182
2012-01-19,46.2714920005149840279102
2012-01-20,-656.8354677116354584376785
2012-01-23,627.1075731649065754463693
2012-01-24,-412.2693853697449254975518
2012-01-25,-198.2763433154759503753342
2012-01-27,1788.7766993278275337831168
2012-01-30,596.5497425602795820281581
2012-01-31,535.4127863819942714946832
2012-02-01,168.5758307930857014063995
2012-02-02,-351.3593642063320069198953
2012-02-03,197.8314730719954272435106
2012-02-06,-1500.6454575992441724400068
2012-02-07,228.1676123238319105031020
2012-02-08,1107.7406828413387537195108
2012-02-09,-226.7762460466085428615631
2012-02-10,-226.7731743398948570240450
2012-02-13,-317.7601020384050442606874
2012-02-14,-226.7670291420239377687531
2012-02-15,561.8160443493636515543012
2012-02-16,-44.7808815641270648848570
2012-02-17,15.8821931176191466288830
2012-02-21,288.8552683947175421233944
2012-02-22,561.8283442672833999436336
2012-02-23,1016.7814207354320207559612
2012-02-24,46.2244977992787275524643
2012-02-27,-317.7324245410611343447206
2012-02-28,167.5506537145278027209160
2012-02-29,440.5237325661609287445816
2012-03-01,-2622.8031879860463439354933
2012-03-02,80.0308120580214193662714
2012-03-03,181.7227549690412446851535
2012-03-05,-1426.1072444975127043453801
2012-03-06,-802.3272439639633619468504
2012-03-07,-185.0672434303107081188858
2012-03-09,313.9927571034452771427579
2012-03-12,710.6227576373046138461989
2012-03-13,797.6427581712673220034290
2012-03-14,-726.0272412946665783696847
2012-03-15,-1239.6972407604970672533997
2012-03-16,-432.1872402262241246240968
2012-03-19,-653.1272396918477304542798
2012-03-20,116.0127608426321352874255
2012-03-21,2087.2827613772154926362720
2012-03-22,-2192.5672380880976383686081
2012-03-23,1131.0627624466927623157980
2012-03-26,-437.5472370184132852636167
2012-03-27,828.6427635165842389439232
2012-03-28,-617.0772359483146450069246
2012-03-29,61.0227645868900829423803
2012-03-30,1473.7327651221984428542630
2012-04-02,-198.6472343423895452049674
2012-04-03,153.2988561931261388348840
2012-04-04,-1755.5787433306378076369675
2012-04-09,-548.7787411510032170364358
2012-04-10,858.4812610290534173139550
2012-04-11,-646.5187367904678228652502
2012-04-12,451.5612653904331441623173
2012-04-13,-88.9987324282435998511472
2012-04-16,360.8012697535020268623815
2012-04-17,918.5712719356701060867608
2012-04-18,-963.9287258817392803783151
2012-04-19,248.8512763012739492826860
2012-04-20,-104.4587215152901230988612
2012-04-23,-368.2587193314314156757371
2012-04-24,565.2612828528501534151260
2012-04-25,-1672.2987149624453339473528
2012-04-26,1069.9212872226822041315994
2012-04-27,233.8912894082328495626132
2012-04-28,-654.4987084057933157278202
2012-04-30,1385.5812937806037902026531
2012-05-02,-594.6587040325757506877457
2012-05-03,-608.2425018453318564249262
2012-05-04,-13.1623252849502799179771
2012-05-07,-528.4993302712601457843484
2012-05-08,-356.7163346776439937235936
2012-05-09,-1043.8333385039895323671032
2012-05-10,-184.9303417501844486032334
2012-05-11,-299.4473444161164075730957
2012-05-14,-413.9643465016730526663457
2012-05-15,-184.9213480067420055169718
2012-05-16,-385.3283489312108659990826
2012-05-17,759.8746507250327877773069
2012-05-18,1704.6676509621013994704889
2012-05-21,387.6906517801074345112785
2012-05-22,-41.7563468208366198927713
2012-05-23,15.5066551593817452468478
2012-05-24,244.5496577208750607038165
2012-05-25,-528.4573391362441209587941
2012-05-28,559.4856645881367746156972
2012-05-29,215.9286688941303435818015
2012-05-30,-471.1883262181507961039202
2012-05-31,530.8646792514059953213653
2012-06-01,-557.0723146970866205690140
2012-06-04,2046.2910919364840396129864
2012-06-05,300.0322571575138203479834
2012-06-06,527.5552840393856570672281
2012-06-07,-1036.6416884926458361206907
2012-06-08,-1178.8386604384671730206591
2012-06-11,982.6043682020351545368265
2012-06-12,157.8473974289746766999135
2012-06-13,641.3304272424649455996497
2012-06-14,499.1334576426195353542396
2012-06-15,-12.7835113704479579266984
2012-06-18,44.0995202033760838621266
2012-06-19,726.6625523642053008259362
2012-06-20,-410.9344148878466449258560
2012-06-21,-325.6113815526660692753854
2012-06-22,-240.2883476301392660920736
2012-06-25,-297.1653131201525072283666
2012-06-26,783.5577219774079574845282
2012-06-27,-524.6792423373440997590935
2012-06-28,-126.5162060642948847351686
2012-06-29,-1093.4731692033305811856007
2012-07-02,812.0098682456626491860066
2012-07-03,-787.9867537172013332813841
2012-07-04,488.2010112725381333270781
2012-07-05,1525.7010114683513471399515
2012-07-06,-1336.3489883357975236353964
2012-07-09,-663.7489881399084716573854
2012-07-10,807.7510120560185104169867
2012-07-11,-1589.7989877480165700678567
2012-07-12,-269.2489875520137057660693
2012-07-13,-186.3989873559728893303832
2012-07-16,261.3510128401058865878928
2012-07-17,-961.5989869637773706611278
2012-07-18,-81.8489867676226537259075
2012-07-19,1089.8010134285700447465137
2012-07-20,100.6010136248007321105206
2012-07-23,-1110.5289861789305842780789
2012-07-24,546.3810140173761029379481
2012-07-25,345.1510142137208011172588
2012-07-26,-1082.9189855898964823800649
2012-07-27,-147.9389853934757401925157
2012-07-30,1655.9010148029830350428391
2012-07-31,730.8110149994798506903578
2012-08-01,-360.9489848039852858841755
2012-08-02,61.2159753925876326864500
2012-08-03,-69.4212099495429835045002
2012-08-06,-69.4182011657544314039282
2012-08-07,100.5048082006264497556029
2012-08-08,-465.8921818502875323781228
2012-08-09,383.7108286816164516856812
2012-08-10,185.4738397964512532850328
2012-08-13,751.8768514943297456094114
2012-08-14,-41.0801362246351762960105
2012-08-16,-182.6771233603305955261358
2012-08-17,213.8058900873564266882906
2012-08-21,298.7689041185388509849139
2012-08-22,383.7319187333296598740060
2012-08-23,695.2549339318418577426986
2012-08-24,525.3379497141884708592206
2012-08-27,185.5009660804825473771341
2012-08-28,-69.3760169691628426604272
2012-08-29,128.8670005653653926834799
2012-08-30,-239.2899813158196327561522
2012-08-31,15.5930373873952167579579
2012-09-03,1176.7160566751230988696218
2012-09-04,344.6306265474771931334229
2012-09-05,1385.5830175285279110520081
2012-09-06,199.2330200491185538634355
2012-09-07,-1199.4569774298027400821792
2012-09-08,2272.5230250917641237190968
2012-09-10,-24.3469723861807602105045
2012-09-11,886.4230301363627026695510
2012-09-12,660.9130326593946069181033
2012-09-13,271.4930351829150471123023
2012-09-14,-226.3169622930758821523897
2012-09-17,-91.1069597685780862621933
2012-09-18,1145.3130427564085294149907
2012-09-20,-92.2169547181159404704147
2012-09-21,911.6030478078485987503406
2012-09-24,510.4130503343022417643378
2012-09-25,17.5230528612450832769918
2012-09-26,315.0030553886772180120558
2012-09-27,-649.1169420834012592883757
2012-09-28,1370.5330604450097461361370
2012-10-01,760.8130629739103290643815
2012-10-03,1265.2747255033005842934980
2012-10-04,491.3651043318730894969267
2012-10-05,-520.7748946797725443476621
2012-10-08,-1233.7348936912268026356870
2012-10-09,639.8451072975103516889977
2012-10-10,-329.1148917135610443102867
2012-10-11,1637.7051092755590464369574
2012-10-12,-862.9748897351293389915941
2012-10-15,-676.6548887456261635110862
2012-10-16,-1289.9948877559313900294831
2012-10-17,532.1451132339550185524333
2012-10-18,982.3851142240330993410646
2012-10-19,27.3651152143028894499971
2012-10-22,-306.4148837952355739999963
2012-10-23,-481.8948828045822538809550
2012-10-25,68.3051181862628869422704
2012-10-26,-856.9548808227001143879799
2012-10-29,768.3651201685287792778264
2012-10-30,-880.6948788400503949035859
2012-10-31,-41.1148778484375997682966
2012-11-01,859.5451231433672018548105
2012-11-02,-488.9444958646359528559513
2012-11-05,-517.1529017040057500544007
2012-11-06,796.9270996704408989120294
2012-11-07,1350.5871010451536826793166
2012-11-08,-350.4528975798673472207226
2012-11-09,-1074.3728962046221392462941
2012-11-11,0.0071051708893581543770
2012-11-12,930.6871065466671965430469
2012-11-13,93.7071079227114274914562
2012-11-15,-904.1128907009778974186690
2012-11-16,-459.9528893244007265956144
2012-11-19,-1810.8328879475570084376765
2012-11-20,-225.8928865704466913331594
2012-11-21,619.7671148069302763396255
2012-11-22,514.3471161845739462123631
2012-11-23,394.9071175624843699267355
2012-11-26,2284.6071189406615991344239
2012-11-27,2340.4671203191056854971115
2012-11-29,1840.1471216978166806864841
2012-11-30,934.2471230767946363842331
2012-12-03,1868.7871244560396042820570
2012-12-04,-260.8326441644483639183367
2012-12-05,558.9100220359386339940292
2012-12-06,947.6100239765105293947024
2012-12-07,879.5100259174581787144674
2012-12-10,-1253.2899721412183452892545
2012-12-11,-719.1899701995189698449531
2012-12-12,667.4100317425563778329718
2012-12-13,-1828.1399663149922294557856
2012-12-14,1039.1100356278352811025648
2012-12-17,9.2100375710389823359125
2012-12-18,1927.8100395146189470862483
2012-12-19,1292.3100414585752482096677
2012-12-20,-52.8399565970920414236269
2012-12-21,-2377.4899546523828489293229
2012-12-24,-15.5899527072971014089954
2012-12-26,1834.9100492381652740498962
2012-12-27,-358.8899488159956496259896
2012-12-28,664.9600531302202005041264
2012-12-31,467.4100550768128973951473
2013-01-01,2154.8100570237825140161022
2013-01-02,1051.0901489711291233501493
2013-01-03,562.2231425182807240096385
2013-01-04,327.7931431267681305302596
2013-01-07,-201.2468562646266412243692
2013-01-08,-204.3368556559035684403674
2013-01-09,-91.2968550470626282994374
2013-01-10,-371.7668544381037979788630
2013-01-11,-1666.7268538290270546515094
2013-01-14,2205.5431467801676245141791
2013-01-15,1111.5831473894802623541784
2013-01-16,-1408.2468520010891182911137
2013-01-17,-517.5968513915404945768766
2013-01-18,-136.6968507818738436538666
2013-01-21,869.6931498279108573315848
2013-01-22,-1403.4868495621863687624293
2013-01-23,-583.5668489521654990733892
2013-01-24,-2045.5668483420265107343488
2013-01-25,2116.9431522682306191260660
2013-01-28,487.1231528786059133836577
2013-01-29,-1314.8868465109006050813414
2013-01-30,-129.2368459002889133842691
2013-01-31,-95.0268452895589886360317
2013-02-01,1450.9531553212891920568964
2013-02-04,-1600.3949040677443484075266
2013-02-05,-821.9834031875571798473208
2013-02-06,-69.8833999739079795269670
2013-02-07,-649.0833967596365186841001
2013-02-08,-1331.3833935447426768301000
2013-02-11,-313.7833903292263334530164
2013-02-12,709.5166128869126319824362
2013-02-13,1793.2166161036743400348822
2013-02-14,-3043.9833806789410887137101
2013-02-15,-524.6833774609335336580238
2013-02-18,927.4166257576971258306106
2013-02-19,586.4166289769510104042201
2013-02-20,1154.9166321968282407381935
2013-02-21,-2872.3833645826710624687136
2013-02-22,318.6166386384532215056247
2013-02-25,-370.6833581397987865932895
2013-02-26,-2935.1833549174269659965745
2013-02-27,2395.0166483055688040880360
2013-02-28,-3279.7833484708113555238027
2013-03-01,806.4166547534326760069586
2013-03-04,-1709.1871020216989804572331
2013-03-05,1977.3902435607562205566988
2013-03-06,1422.1302455442220785987431
2013-03-07,501.7302475280719961395929
2013-03-08,1435.7702495123060475448837
2013-03-11,521.7702514969243071946500
2013-03-12,-1546.4297465180731505166711
2013-03-13,-2525.6097445326862511802374
2013-03-14,1038.3302574530850796272006
2013-03-15,95.4502594392409163433037
2013-03-18,-1750.7697385742186665798544
2013-03-19,-3486.3097365872935946757837
2013-03-20,-1974.3497345999837934635750
2013-03-21,-747.1497326122891884478977
2013-03-22,-46.1097306242097051189961
2013-03-25,-741.7297286357452689526877
2013-03-26,605.7902733531041945896404
2013-03-28,1619.8502753423387600610343
2013-04-01,1552.6702773319585020289752
2013-04-02,582.2342293219634950753835
2013-04-03,-1005.1453321918324619451117
2013-04-04,-2800.3153293516973365733263
2013-04-05,-902.7053265110122743985612
2013-04-08,403.4046763302228310637247
2013-04-09,-439.7753208279919136813077
2013-04-10,1302.7446820143435978921243
2013-04-11,454.8846848572294723304306
2013-04-12,-632.1753122993341837993487
2013-04-15,680.4346905446527360904614
2013-04-16,3437.2146933891903386081746
2013-04-17,-13.8953037657212696172530
2013-04-18,955.6446990799180180637813
2013-04-22,2622.5047019261083083215311
2013-04-23,-152.7352952271502921530957
2013-04-25,1280.9047076201423233514676
2013-04-26,-1001.7652895320137384325497
2013-04-29,1300.6647133163816292477482
2013-04-30,1025.5847161653285331659279
2013-05-02,2313.7547190148270801162304
2013-05-03,-3.8869181351226230864244
2013-05-06,176.2839469239312561754734
2013-05-07,2223.3439476881761362755578
2013-05-08,267.1639484525689974988996
2013-05-09,-659.6360507828901315008412
2013-05-10,1091.0839499817987779355435
2013-05-11,223.4639507466357544728109
2013-05-13,-2534.1960484883791732187311
2013-05-14,269.9039522767540235367766
2013-05-15,4834.4239530420353734207458
2013-05-16,871.1039538074649051201418
2013-05-17,941.7639545730426473274846
2013-05-20,-2114.4560446612313712591503
2013-05-21,-1111.2960438953571219361300
2013-05-22,-569.4960431293345759942643
2013-05-23,-5432.3560423631637047188037
2013-05-24,2573.6039584031555206105613
2013-05-27,2701.9639591696231287197014
2013-05-28,413.2239599362391483400491
2013-05-29,-941.7560392969963917913991
2013-05-30,1466.8239614699165370679169
2013-05-31,-2524.1960377630220363338768
2013-06-03,-321.5960369958120832430879
2013-06-04,412.6746437715464250995437
2013-06-05,112.2027660978867540543991
2013-06-06,-570.1972333665123109829044
2013-06-07,-1424.9972328308076673398657
2013-06-10,-1134.5972322949992949353203
2013-06-11,-2563.1972317590871736842156
2013-06-12,-1839.1972312230712834976101
2013-06-13,-2226.1972306869516042826720
2013-06-14,2579.0027698492718840573207
2013-06-17,1662.0027703855992016229816
2013-06-18,277.0027709220303685188160
2013-06-19,-74.9972285414345951467773
2013-06-20,-3125.1972280047956692615067
2013-06-21,-1022.3972274680528337091856
2013-06-24,-2603.3972269312060683697327
2013-06-25,1241.0027736057446468808296
2013-06-26,-1060.5972258572006678296250
2013-06-27,1615.8027746799580076306749
2013-06-28,3110.4027752172206933973986
2013-07-01,2861.6027757545874096101147
2013-07-02,-837.3310237079418235877090
2013-07-03,-2407.5440434775824553991670
2013-07-04,1690.0359596120870629919601
2013-07-05,976.9959627023548356569870
2013-07-08,-299.9740342067790215638081
2013-07-09,474.9359688846856071922831
2013-07-10,-11.8940280232511621895966
2013-07-11,2338.9759750694107861981347
2013-07-12,1118.8759781626715682855018
2013-07-15,748.6959812565313000249775
2013-07-16,-2092.8240156490099026085138
2013-07-17,-462.4940125539519236175912
2013-07-18,3080.6559905417053530175866
2013-07-19,-608.7840063620379566606737
2013-07-22,563.3559967348182634124035
2013-07-23,-657.6540001677258706759326
2013-07-24,-3532.8139970696702428159540
2013-07-25,-1308.0939939710147368754514
2013-07-26,-383.9839908717592366997277
2013-07-29,-1785.4239877719036261115957
2013-07-30,-2623.5239846714477889113718
2013-07-31,235.2260184296083911231267
2013-08-01,-2094.7339784687349697634131
2013-08-02,-2294.2641053664777553037957
2013-08-05,33.1860913926382009991934
2013-08-06,33.1925172323247756631598
2013-08-07,33.1989443162499438096299
2013-08-08,33.2053726446546279877214
2013-08-12,33.2118022177797973965071
2013-08-13,33.2182330358664678940482
2013-08-14,33.2246650991557020064282
2013-08-16,33.2310984078886089367899
2013-08-19,33.2375329623063445743732
2013-08-20,33.2439687626501115035550
2013-08-21,33.2504058091611590128907
2013-08-22,33.2568441020807831041576
2013-08-23,33.2632836416503265014002
2013-08-26,33.2697244281111786599770
2013-08-27,33.2761664617047757756086
2013-08-28,33.2826097426726007934290
2013-08-29,33.2890542712561834170368
2013-08-30,33.2955000476971001175495
2013-09-02,33.3019470722369741426594
2013-09-03,-178.3455946548825244743098
2013-09-04,-528.0936435107039081966511
2013-09-05,-1502.8704222045698379040645
2013-09-06,-1846.9072002746926291378956
2013-09-10,-986.8039777209515061982881
2013-09-11,-298.7207545432256699995263
2013-09-12,16.6524692586057019344941
2013-09-13,-1244.8243063153365445252054
2013-09-16,-356.0510812649315401081565
2013-09-17,790.7521444099416078600876
2013-09-18,-872.1046292905961845375165
2013-09-19,2052.2385976335760221950299
2013-09-20,-270.0281748174208090286985
2013-09-23,-700.0749466434656918730166
2013-09-24,-356.0317178444376165755942
2013-09-25,475.4015115797844500570810
2013-09-26,74.0247416293215646542392
2013-09-27,217.3779723042948072853676
2013-09-30,1192.1612036048252814647485
2013-10-01,-958.0855644689658858440014
2013-10-03,-512.1071319169575442233896
2013-10-04,-13.6966231279572635777734
2013-10-07,254.4164930407584748369987
2013-10-08,2250.3496098128595401570147
2013-10-09,-996.7572728115372338112351
2013-10-10,105.4758451676850093613281
2013-10-11,-1026.5410362493568512692470
2013-10-14,790.6520829374540859844391
2013-10-15,-579.6847972717652545544814
2013-10-17,1684.3583231231020740772401
2013-10-18,582.1314441221730414873514
2013-10-21,641.7145657255646399324851
2013-10-22,731.0876879333938843225433
2013-10-23,1267.3108107457778122250849
2013-10-24,-251.9760658371665161302882
2013-10-25,314.0370581846779821524580
2013-10-28,373.6201828114284126401771
2013-10-29,-2098.9466919567980964250659
2013-10-30,-222.1735661198843941216063
2013-10-31,-1235.0304396777133068437864
2013-11-01,463.0026873698323617024361
2013-11-03,-384.6425949771301694961192
2013-11-05,-260.7680805550829291775273
2013-11-06,-1828.1680782471147721608459
2013-11-07,-1015.5680759386997221008336
2013-11-08,-1210.3880736298376924653643
2013-11-11,-429.0680713205285967055563
2013-11-12,-1418.4680690107723482557694
2013-11-13,-1371.2080667005688605336018
2013-11-14,2869.6119356100819530601132
2013-11-18,3110.3319379211801791413110
2013-11-19,-367.5280597672740956573021
2013-11-20,-1857.7480574552807846862445
2013-11-21,-2807.7080551428398012792573
2013-11-22,526.6719471700489412467006
2013-11-25,1923.7319494833855295914536
2013-11-26,-470.5480482028299495283850
2013-11-27,-874.8080458885974093794119
2013-11-28,1208.0319564260832367885711
2013-11-29,2105.6319587412120757425594
2013-12-02,1384.4919610567891942663492
2013-12-03,48.9593733728146791605406
2013-12-04,-1431.1462447456918636932944
2013-12-05,2295.9037559814399301929768
2013-12-06,664.6537567087125189768226
2013-12-09,1335.2537574361259299204303
2013-12-10,-664.9462418363198097087342
2013-12-11,-833.4962411086246726379247
2013-12-12,-1799.1962403807886315891145
2013-12-13,-1382.5962396528116592789949
2013-12-16,546.1537610753062715810253
2013-12-17,-543.7462381964348117151781
2013-12-18,2229.2037625319651181315552
2013-12-19,-965.0962367394939115743288
2013-12-20,3472.1537639891881264769034
2013-12-23,-61.6462352819887403997269
2013-12-24,526.5037654469755151160906
2013-12-26,577.7037661760809203499559
2013-12-27,226.9037669053275026327609
2013-12-30,-502.9462323652847106993112
2013-12-31,981.5037683642443076952162
2014-01-01,148.3037690939145851631141
2014-01-02,-623.3196101762738509435520
2014-01-03,-1973.9003727779691269702131
2014-01-06,877.1596290861547514800570
2014-01-07,-1180.0103690493604188188276
2014-01-08,219.4796328154854320243066
2014-01-09,-10.5803653193076260858340
2014-01-10,-47.2103634537395232310067
2014-01-13,1876.5296384121898105205687
2014-01-14,-1094.2503597215195548857860
2014-01-15,1380.3696421451324505087940
2014-01-16,-925.6803559878541033232798
2014-01-17,-3294.5403541204791463960475
2014-01-20,1844.7596477472573912900022
2014-01-21,-364.3503503846444202520649
2014-01-22,1351.0996514838154890043731
2014-01-23,430.8596533526371890994978
2014-01-24,-1681.9003447781792499129476
2014-01-27,-4345.4003429086337579656551
2014-01-28,-387.3003410387262649777496
2014-01-29,212.7096608315432991452137
2014-01-30,-1783.8403372978249954887478
2014-01-31,760.3596645731689212419580
2014-02-03,-931.4103335554748805274988
2014-02-04,-899.1211816837563306483676
2014-02-05,618.8993612305912416769233
2014-02-06,601.2793649795161283757843
2014-02-07,1038.3193687291669212994525
2014-02-10,-1085.8706275204562389944822
2014-02-11,328.9793762306467880787868
2014-02-12,240.9093799824761431312868
2014-02-13,-2436.9506162649680331977273
2014-02-14,598.9193874883143997582310
2014-02-17,339.4593912423235826928854
2014-02-18,1723.3593949970596563272026
2014-02-19,1144.4693987525227614093970
2014-02-20,-1033.0405974912869612850639
2014-02-21,1646.7194062656306290465458
2014-02-24,-1005.4005899767243267657843
2014-02-25,1293.9494137816483121352045
2014-02-26,89.5294175407486866340453
2014-02-28,865.0294213005769376425501
2014-03-03,-70.4605749388667939001834
2014-03-04,2085.4272088224176329722319
2014-03-05,1515.2129435962963426090351
2014-03-06,1115.4229461025714499719307
2014-03-07,2047.1229486093318486534038
2014-03-10,87.9229511165776326206583
2014-03-11,-1968.8770463756911041409073
2014-03-12,1296.1729561325257323723045
2014-03-13,-1129.5270413587717638179073
2014-03-14,-788.0670388495834986715380
2014-03-18,904.4329636600906218696262
2014-03-19,1303.4029661702506918820111
2014-03-20,-1025.6770313191031945397406
2014-03-21,-124.3770288079709432827673
2014-03-22,743.5629737036475397840160
2014-03-24,2018.6929762157523488099212
2014-03-25,-537.8070212716564220375102
2014-03-26,861.8729812414213214274974
2014-03-27,573.4929837549856734089567
2014-03-28,1061.0329862690367281291215
2014-03-31,1907.7729887835745798284893
2014-04-01,639.7129912985993227658060
2014-04-02,2210.9646638141110512180685
2014-04-03,-1488.6936739174776381425260
2014-04-04,387.3063273074449251020509
2014-04-07,-636.9936714673953292769738
2014-04-09,3107.0563297580016446461435
2014-04-10,2412.0063309836358928060390
2014-04-11,-911.5936677904925388537563
2014-04-15,-1796.7936665643836043808161
2014-04-16,-1221.6936653380372578138155
2014-04-17,794.3063358885465468174691
2014-04-21,1824.9563371153678554921635
2014-04-22,501.7563383424267141982954
2014-04-23,1087.4563395697231689327982
2014-04-25,-980.8436592027427342984892
2014-04-28,-242.5936579749709494808191
2014-04-29,-1496.2936567469614305905341
2014-04-30,-1863.5436555187141315950656
2014-05-02,534.5063457097709935470689
2014-05-05,519.2961469384939908862666
2014-05-06,-355.8481944429547189408248
2014-05-07,-404.0981940933437936688212
2014-05-08,-748.7981937436651730562637
2014-05-09,5400.9518066060811560047305
2014-05-12,1804.5518069558952066245828
2014-05-13,3176.2518073057769919162529
2014-05-14,1602.2518076557265249952394
2014-05-15,1140.4018080057438189795810
2014-05-16,2595.0518083558288869898559
2014-05-19,5628.1018087059817421491832
2014-05-20,738.8018090562023975832228
2014-05-21,-365.6481905935091335798237
2014-05-22,2375.5518097568471617907873
2014-05-23,2970.7018101072712968283418
2014-05-26,-2855.8481895422367153313311
2014-05-27,-2246.4981891916768615498589
2014-05-28,443.4018111589508713136751
2014-05-29,-1371.9981884903535035972681
2014-05-30,-865.9481881395899731366826
2014-06-02,4802.0518122112414758439832
2014-06-03,1401.7159225621408564958267
2014-06-04,795.7510043334122096147857
2014-06-05,3445.4310045278817969600776
2014-06-06,1141.3010047223890395500746
2014-06-09,3057.3110049169339446759807
2014-06-10,4.5810051115165196304120
2014-06-11,-1801.3389946938632282926036
2014-06-12,-1231.0289944992052917976259
2014-06-13,-2833.8989943045096635878018
2014-06-16,-449.6989941097763363648655
2014-06-17,2182.0010060849946971708619
2014-06-18,-1867.1589937201965556795269
2014-06-19,-509.4089935253500876135261
2014-06-20,-690.4089933304658913272152
2014-06-23,-315.5189931355439595152600
2014-06-24,2084.9710070594157151290886
2014-06-25,-574.2089927455868600860060
2014-06-26,-61.4089925505516778509644
2014-06-27,32.2310076445212691452070
2014-06-30,3163.5010078396319882149185
2014-07-01,2361.3010080347804866719957
2014-07-02,2277.5180582299667718316802
2014-07-03,93.9471498136484349192068
2014-07-04,1725.1771511980704733614359
2014-07-07,-894.4428474172394218557604
2014-07-08,-4492.9828460322811988265612
2014-07-09,-2998.7728446470548056350944
2014-07-10,168.1271567384398096445642
2014-07-11,-4932.4728418757973010516064
2014-07-14,1286.8971595102339142224289
2014-07-15,2993.7671608965335074227636
2014-07-16,2945.8271622831015305155514
2014-07-17,1476.3971636699380354770087
2014-07-18,-749.4828349429569257065846
2014-07-21,821.0071664444166989611179
2014-07-22,1239.5271678320589614865308
2014-07-23,-124.6228307800300861138616
2014-07-24,487.1171706081496081864973
2014-07-25,-2561.9528280034019035757623
2014-07-28,-0.7228266146845693539340
2014-07-30,918.1871747743016629087661
2014-07-31,-537.2328238364431547207978
2014-08-01,-2161.0928224469189701656806
2014-08-04,2056.7853789428742686611475
2014-08-05,853.5138408738268184251318
2014-08-06,-1533.5661564461577714753193
2014-08-07,-136.9561537656234286343668
2014-08-08,-57.2761510845700525708014
2014-08-11,-467.0161484029975427839569
2014-08-12,1854.6138542790942012462923
2014-08-13,-527.2361430382947199404644
2014-08-14,1388.9238596448357942148305
2014-08-18,4337.1938623284858442907050
2014-08-19,-538.7861349873444691148372
2014-08-20,455.9538676973449546156861
2014-08-21,218.2538703825542161192399
2014-08-22,1072.8838730682834160522755
2014-08-25,-1152.5361242454673449092656
2014-08-26,890.6338784413020339300519
2014-08-27,-623.9061188714083467148388
2014-08-28,1602.8538838164016138904969
2014-09-01,1851.8938865047320164999988
2014-09-02,3301.9863291935829618871158
2014-09-03,-234.4888939875761824970259
2014-09-04,-1310.5388918371133711883986
2014-09-05,1082.1111103137658353236867
2014-09-08,2797.4611124650615176660441
2014-09-09,284.0111146167737564810994
2014-09-10,-1764.9888832310973675731062
2014-09-11,-77.7388810785517738229145
2014-09-12,459.2611210744106184209543
2014-09-15,-1703.6888767722101101365962
2014-09-16,-4970.1388746184138787750360
2014-09-17,1452.3611275357993932417957
2014-09-18,3753.1111296904297866656918
2014-09-19,890.8111318454773822640819
2014-09-22,767.1111340009422608200344
2014-09-23,-3004.0888638431754968677404
2014-09-24,-2871.6388616868758099848870
2014-09-25,-2773.9888595301585977014014
2014-09-26,2181.6111426269762208283708
2014-09-29,851.4611447845287264657389
2014-09-30,-125.7388530575009999123311
2014-10-01,168.4111491008871225867874
2014-10-07,-3652.8860087403068251286157
2014-10-08,66.6322973094585502371535
2014-10-09,2380.7422977542877443847418
2014-10-10,-3330.4177018007969289654815
2014-10-13,1778.7922986442045468643636
2014-10-14,-583.3777009107078114446135
2014-10-16,-3447.4777004655339872080735
2014-10-17,956.1022999797260362615537
2014-10-20,2632.8923004250722756550690
2014-10-21,2748.7223008705047476665057
2014-10-22,1082.9423013160234689931291
2014-10-23,595.5323017616284563354378
2014-10-27,-666.3576977926802736028357
2014-10-28,879.5423026530972958852750
2014-10-29,1383.9923030989611815099716
2014-10-30,1985.1023035449113999846916
2014-10-31,5578.5923039909479680261083
2014-11-03,220.4423044370709023541319
2014-11-05,-611.6964951167197803080896
2014-11-07,30.6192105208168445172540
2014-11-10,416.2592161768647866992476
2014-11-11,1428.3092218340079123093237
2014-11-12,1439.1492274922464334084038
2014-11-13,663.8292331515805620984717
2014-11-14,404.4692388120105105225801
2014-11-17,1538.7892444735364908648590
2014-11-18,1252.6992501361587153505242
2014-11-19,-3270.8007442001226037541159
2014-11-20,690.4992614646927458583492
2014-11-21,1412.5692671306049765364382
2014-11-24,1061.4092727976143006697879
2014-11-25,-2653.3307215342790693108405
2014-11-26,1499.3192841349250790664475
2014-11-27,1569.3792898052269583146877
2014-11-28,763.5292954766267809880645
2014-12-01,-806.8606988508752403180803
2014-12-02,1619.4050068227211070327595
2014-12-03,994.5756936312796124411635
2014-12-04,1210.5756966700453866285369
2014-12-05,-419.0543002906004414279650
2014-12-08,-4409.6842972506577577965866
2014-12-09,-3110.4442942101264485235117
2014-12-10,2439.0757088309936003671408
2014-12-11,-1908.0442881272974971266784
2014-12-12,-2366.8342850849996269849459
2014-12-15,-948.4342820421126751655599
2014-12-16,-4094.5342789986365276043366
2014-12-17,-810.7942759545710702150063
2014-12-18,4644.8857270900838111107917
2014-12-19,878.0257301353282305035127
2014-12-22,2837.3557331811623021157112
2014-12-23,-2346.4342637724138598779548
2014-12-24,-96.9742607254001412807196
2014-12-26,-592.4842576777964278737058
2014-12-29,1350.1357453703973945840808
2014-12-30,246.8857484191814403557543
2014-12-31,1699.6957514685558237265541
2015-01-01,1553.0557545185206590038486
2015-01-02,2117.1273075690760605171394
2015-01-05,162.1413190365293065690743
2015-01-06,-6005.0486787717599166703509
2015-01-07,-2105.0286765796247578418738
2015-01-08,3101.0413256129348652278202
2015-01-09,-180.2086721940809652720426
2015-01-12,1864.1213299993278328636780
2015-01-13,116.9313321931613418560399
2015-01-14,-792.5286656125803560579787
2015-01-15,5916.5813365821028213745243
2015-01-16,403.7013387772109564223772
2015-01-19,-1.9286590272558686296615
2015-01-20,2541.6713431687024285190993
2015-01-21,751.8513453650859301852867
2015-01-22,461.1913475618947187014667
2015-01-23,2790.3613497591288764161477
2015-01-27,779.6213519567884856937829
2015-01-28,1592.2013541548736289147739
2015-01-29,280.3313563533843884754740
2015-01-30,-956.5786414476791532118098
2015-02-02,-601.9786392483169137188120
2015-02-03,-1027.7993370485288106013075
2015-02-04,-1209.0463626823513521975319
2015-02-05,-976.0263581054455625465389
2015-02-06,-674.8563535276535443090913
2015-02-09,-4261.3163489489751258842987
2015-02-10,3197.9036556305898643619556
2015-02-11,1107.4536602110415980970231
2015-02-12,1370.3336647923802470214943
2015-02-13,2229.4636693746059828692068
2015-02-16,974.8436739577189774072507
2015-02-18,-139.4963214582805975640242
2015-02-19,-900.6163168733925702110025
2015-02-20,-71.6963122876167686667966
2015-02-23,-1551.6663077009530210312400
2015-02-24,-928.8963031134011553708814
2015-02-25,641.4737014750390002810222
2015-02-26,-1887.5562939356323820754881
2015-02-27,4547.6037106545848695929331
2015-02-28,457.5737152456909273529424
2015-03-02,1136.1437198376859633045132
2015-03-03,1926.2435444305701495809433
2015-03-04,-2066.4049118193748313985690
2015-03-05,914.8350891658521604406003
2015-03-09,-3674.0749098487300777187397
2015-03-10,138.8750911368784910623031
2015-03-11,-913.1349078773220962702268
2015-03-12,2330.3550931086681972368688
2015-03-13,-2391.1649059051505914560562
2015-03-16,-1850.9049049187784253814915
2015-03-17,2857.0450960677847324352311
2015-03-18,1579.6650970545389189759395
2015-03-19,-2715.5149019585158287703776
2015-03-20,-944.3449009713794738075698
2015-03-23,-2408.8048999840519791323222
2015-03-24,-163.1748989965333077341559
2015-03-25,-937.1248980088234225954249
2015-03-26,-1565.7148970209222866913161
2015-03-27,-2337.8848960328298629898466
2015-03-30,2890.9051049554538855481366
2015-03-31,-85.0348940560710040310415
2015-04-01,2703.7351069325955053261174
2015-04-06,2728.3776679214534506802862
2015-04-07,2411.2920665502970946420408
2015-04-08,-226.1579311132506590919062
2015-04-09,4770.1620712236539956061074
2015-04-10,-1489.4579264389888536638447
2015-04-13,2109.7620758988208807152737
2015-04-15,-1527.7379217629167136225366
2015-04-16,-2596.9979194242015490263055
2015-04-17,-4104.7679170850335378280913
2015-04-20,-3527.0279147454125923429770
2015-04-21,-1824.2279124053386248690673
2015-04-22,1990.6920899351884523125148
2015-04-23,141.1320922761687269376320
2015-04-24,-4106.7479053823977132408657
2015-04-27,-3384.7079030405107804531357
2015-04-28,2035.6920993018296130876589
2015-04-29,-1224.9178983553764448146466
2015-04-30,322.2121039878711336607848
2015-05-04,3140.5621063315724363517945
2015-05-05,273.1499886757275511132324
2015-05-06,-5083.6750692093427625382276
2015-05-07,-4005.4450682545912699145213
2015-05-08,2696.2749327003450917243254
2015-05-11,4728.7049336554663581745935
2015-05-12,-3262.9250653892274347605045
2015-05-13,3857.6649355662637487291762
2015-05-14,153.1649365219399444607143
2015-05-15,1357.3949374778011882581242
2015-05-18,2359.0549384338475159523562
2015-05-19,-223.3150606099210366187006
2015-05-20,1140.0449403464955663897816
2015-05-21,192.4249413030973608295715
2015-05-22,666.2349422598843825593798
2015-05-25,-1102.5650567831433325551396
2015-05-26,-1664.0050558259857486413880
2015-05-27,232.1349451313571701801794
2015-05-28,-1569.0650539111145402039455
2015-05-29,2919.5949470465991560996783
2015-06-01,297.9649480044982949914415
2015-06-02,-3457.8850510374170876213134
2015-06-03,-4434.3150500791469558242917
2015-06-04,796.8549508793087263037560
2015-06-05,-225.4050481620500053089657
2015-06-08,-2982.2850472032231147272957
2015-06-09,526.0649537557894339908858
2015-06-10,1649.0849547149876767946578
2015-06-11,-2724.9250443256283503599401
2015-06-12,-74.6350433660586115099054
2015-06-15,235.5649575936969293147269
2015-06-16,583.5349585536383080908878
2015-06-17,1887.4849595137655608024737
2015-06-18,2164.3949604740787234403488
2015-06-19,1663.7149614345778320023466
2015-06-22,2600.8849623952629224932702
2015-06-23,653.8449633561340309248950
2015-06-24,-103.2950356828088066840309
2015-06-25,1299.6249652784344456922146
2015-06-26,-753.5550337601361759136701
2015-06-29,-2093.9250327985206354620100
2015-06-30,1262.0049681632811030938483
2015-07-01,4197.1249691252690758075384
2015-07-02,846.1454500874433187396742
2015-07-03,-1076.6941836125819549872319
2015-07-06,2232.2058194499531524662357
2015-07-07,135.9158225130812601438683
2015-07-08,-2664.0241744231975171314000
2015-07-09,-257.2141713588830645144023
2015-07-10,665.0358317060247328622660
2015-07-13,2055.0158347715259898882513
2015-07-14,130.5958378376208214754461
2015-07-15,842.3158409043093425579931
2015-07-16,2454.7658439715916680922904
2015-07-17,1773.7858470394679130569946
2015-07-20,67.9658501079381924530258
2015-07-21,-2987.8141468229973786964281
2015-07-22,1780.4958562466613146540929
2015-07-23,-66.6641406830856124276754
2015-07-24,-1088.7841376122380448517159
2015-07-27,-4099.2841345407958675057271
2015-07-28,22.6258685312410347448821
2015-07-29,746.3158716038727770569963
2015-07-30,2070.9758746770994746097976
2015-07-31,2947.8858777509212426047710
2015-08-03,1074.1258808253381962657074
2015-08-04,776.0707339003504508387090
2015-08-05,2889.9709484008441388533877
2015-08-06,386.4509505207885401516256
2015-08-07,-854.3090473588565726418679
2015-08-10,-322.0690452380911200444984
2015-08-11,-2570.8690431169150225582812
2015-08-12,-3705.7090409953282006698385
2015-08-13,286.6909611266694251496035
2015-08-14,3469.3309632490779344442184
2015-08-17,-150.9090346281025932264185
2015-08-18,574.6909674951279217126733
2015-08-19,433.2909696187695588518826
2015-08-20,-2632.0690282571776022029908
2015-08-21,-2333.2290261327134818307326
2015-08-24,-16790.1890240078380003947123
2015-08-25,3505.3309781174489217571217
2015-08-26,-2155.0290197568526357077565
2015-08-27,4707.9709823692574068935532
2015-08-28,1815.8909844957791292593804
2015-08-31,-1021.9490133772873888965138
2015-09-01,-4295.1890112499420678449330
2015-09-02,-1041.0030191221848278412427
2015-09-03,-451.4582143451278583364566
2015-09-04,-925.8537721155504797384466
2015-09-07,-3238.5493290258219378875248
2015-09-08,-451.4448850757756812782461
2015-09-09,2068.8095597347548738442871
2015-09-10,141.5640054059363434906690
2015-09-11,230.5184519379353759334367
2015-09-14,1979.8728993309186517133163
2015-09-15,-836.8726524149471163545283
2015-09-16,141.5817967005048168257536
2015-09-18,1327.5862466774412286369501
2015-09-21,-747.9093024839710712449617
2015-09-22,-1548.4548507835652408445626
2015-09-23,615.9996017788255941192629
2015-09-24,319.5040552033683402395818
2015-09-28,-1874.5914905097700635723307
2015-09-29,82.3129646395773539192664
2015-09-30,1950.2674206515775962808394
2015-10-01,349.1718775263976994158394
2015-10-05,2335.0621352642047315709643
2015-10-06,1146.0031895620094318814724
2015-10-07,-65.5423369556928923333837
2015-10-08,-1454.3878626071925732333032
2015-10-09,-6.4333873923218875616913
2015-10-12,23.1210886890869204143861
2015-10-13,-331.4744343627983610895094
2015-10-14,-567.8699565478099113688990
2015-10-15,820.9845221342201227759039
2015-10-16,820.9890016834596270460862
2015-10-19,318.6434821000765196506281
2015-10-20,23.1479633842387513125977
2015-10-21,-449.6475544638856947245534
2015-10-23,-656.4930714441288026906930
2015-10-26,-35.9385875563225242827102
2015-10-27,-449.6341028002987786582163
2015-10-28,-774.6796171758894524292435
2015-10-29,-183.6751306829263996559440
2015-10-30,407.3293566787585581597139
2015-11-02,170.9338449093336320802494
2015-11-03,163.3003340089670657389750
2015-11-04,231.2868278837959759245649
2015-11-05,-631.4587114835517158769978
2015-11-06,-780.2042499871848477050614
2015-11-09,826.3002123730638219281311
2015-11-10,-1761.9453244026384331066091
2015-11-11,2551.8091396858756934508536
2015-11-13,-3338.6863953612264597437496
2015-11-16,-304.1819295437775216328186
2015-11-17,-36.4274628616100887506105
2015-11-18,82.5770046854432747830351
2015-11-19,1183.3314730975500372689731
2015-11-20,826.3359423748776994350305
2015-11-23,1213.0904125175937944422847
2015-11-24,-571.9051164741341121086558
2015-11-26,409.8493553998615778286295
2015-11-27,-6.6461718602515052473442
2015-11-30,-66.1416982543056983796833
2015-12-01,439.6127762178666938531689
2015-12-02,120.4567515564333993437186
2015-12-03,46.0961983234541353175770
2015-12-04,46.1051239536852621072539
2015-12-07,46.1140513121906917751639
2015-12-08,46.1229803993050709500204
2015-12-09,46.1319112153631110583329
2015-12-10,46.1408437606995883369542
2015-12-11,46.1497780356493438456294
2015-12-14,46.1587140405472834795476
2015-12-15,46.1676517757283779818958
2015-12-16,46.1765912415276629564159
2015-12-17,46.1855324382802388799636
2015-12-18,46.1944753663212711150693
2015-12-21,46.2034200259859899225027
2015-12-22,46.2123664176096904738384
2015-12-23,46.2213145415277328640250
2015-12-24,46.2302643980755421239564
2015-12-28,46.2392159875886082330447
2015-12-29,46.2481693104024861317971
2015-12-30,46.2571243668527957343936
2015-12-31,46.2660811572752219412682
2016-01-01,46.2750396820055146516925
2016-01-04,-238.5430000586205112236392
2016-01-05,439.6266543698638520596871
2016-01-06,-750.3688676043358413442859
2016-01-07,-2475.8643887114531307174340
2016-01-08,1213.1400910486798775453506
2016-01-11,-95.8554283237688904415001
2016-01-12,-1523.8509468286314760479360
2016-01-13,-869.3464644657398881219920
2016-01-14,-1315.5919812349261029834913
2016-01-15,-1464.3374971360220644177468
2016-01-18,-3665.8330121688596836692614
2016-01-19,499.1714736667291605645728
2016-01-20,-1018.0740396290873778602231
2016-01-21,-1642.8195520561411125279119
2016-01-22,2284.1849363857361755432644
2016-01-25,350.4394256967127379073908
2016-01-27,-542.0560841230431413028143
2016-01-28,142.1984069266368546303093
2016-01-29,1599.9528988459210750156733
2016-02-01,975.2073916349779017597512
2016-02-02,-2572.4914347060242506271096
2016-02-03,208.8020393926577964443041
2016-02-04,909.0063151491309230993306
2016-02-05,628.9305917335209415049997
2016-02-08,1655.8948691459881616284376
2016-02-09,2169.3791473866929244776705
2016-02-10,-1191.5765735442043978923649
2016-02-11,2589.5077063534565976261905
2016-02-12,1655.9119870798363452001309
2016-02-15,-1985.1237313649046899388008
2016-02-16,722.3205510193939885121026
2016-02-17,-771.4351657671070920674713
2016-02-18,-24.5508817242473732148370
2016-02-19,1329.1734031481337346217071
2016-02-22,-1098.1823111498031479111006
2016-02-23,1329.1819753821026309345350
2016-02-24,395.5862627440117540134885
2016-02-25,769.0305509360849352937371
2016-02-26,-164.5651600415170801376149
2016-02-29,628.9991298113664839316893
2016-03-01,162.2034204948964348450859
2016-03-02,-1928.7037979907663889167815
2016-03-03,747.1976943158668473717416
2016-03-04,1878.9521241354057892862736
2016-03-08,385.0465548126929324249908
2016-03-09,-1244.6690136521056369934165
2016-03-10,-746.6945812588238005908991
2016-03-11,1697.8898519927045921761774
2016-03-14,-339.2557138973542759767382
2016-03-15,-2104.7812789288341901561541
2016-03-16,-293.9768431015689032843043
2016-03-17,1833.7175935846078639070830
2016-03-18,-1199.3679688701375771169812
2016-03-21,-656.1235304656388826885131
2016-03-22,68.2009087982703230696801
2016-03-23,-1380.4346510782435517497635
2016-03-28,-1787.8602100950140668325226
2016-03-29,430.3742317481252503636465
2016-03-30,1199.9686744513409046151503
2016-03-31,-203.3968819852005670612007
2016-04-01,702.0075624386674045980511
2016-04-04,-1389.8232322768885788907459
2016-04-05,1950.4538073562828633879415
2016-04-06,68.5581938244764124417164
2016-04-07,1170.1625811420240197518895
2016-04-08,481.6669693090901461749963
2016-04-11,114.4713583258392844122113
2016-04-12,1261.9757481924359590155140
2016-04-13,-895.3198610909552736061440
2016-04-18,665.2845304758301748193301
2016-04-20,343.9889228929569244333393
2016-04-21,1307.8933161605896272527682
2016-04-22,-619.9022897211070328238453
2016-04-25,-1170.6978947519683400101366
2016-04-26,114.5065010681704533742600
2016-04-27,757.1108977394741269098872
2016-04-28,1170.2152952621074920836410
2016-04-29,1399.7196936362353922949496
2016-05-02,1445.6240928620227028619515
2016-05-03,-304.9269470603656689723228
2016-05-04,-3119.7592144103908558644601
2016-05-05,-987.8392142582767419101154
2016-05-06,1373.2007858938668259771668
2016-05-09,752.0007860460398535005663
2016-05-10,54.0807861982423463643677
2016-05-11,800.8007863504743102739595
2016-05-12,-48.7992134972642490641647
2016-05-13,-447.7592133449733259424064
2016-05-16,391.3607868073470853479381
2016-05-17,-406.3992130403030094833224
2016-05-18,-438.7192128879236047252730
2016-05-19,-1074.2392127355146946658935
2016-05-20,-727.9192125830762735920573
2016-05-23,-454.4792124306083357895318
2016-05-24,-1092.2392122781108755429780
2016-05-25,-511.5192121255838871359497
2016-05-26,2310.7207880269726351491052
2016-05-27,1551.2807881795586970308470
2016-05-30,-1666.8792116678256957709577
2016-05-31,-192.3192115151805375354339
2016-06-01,854.8807886374941774594005
2016-06-02,-1524.4021912098015450633642
2016-06-03,-476.7799590478418690292022
2016-06-06,1854.4000409600877180937709
2016-06-07,63.1600409680188406267154
2016-06-08,312.1600409759514988669333
2016-06-09,-382.9799590161143068882154
2016-06-10,322.6000409918214236586865
2016-06-13,511.6200409997586908051140
2016-06-14,100.1000410076974948485996
2016-06-15,471.5600410156378360867335
2016-06-16,1699.5400410235797148171636
2016-06-17,-1465.1799589684768686624050
2016-06-20,848.2400410394680859457911
2016-06-21,-250.0799589525854210604277
2016-06-22,-1185.8199589446373893831827
2016-06-23,502.2600410633121812754619
2016-06-24,2205.2000410712632912134999
2016-06-27,1257.6600410792159407289829
2016-06-28,300.6400410871701301200199
2016-06-29,55.8400410951258596847778
2016-06-30,1095.8800411030831297214812
2016-07-01,1476.7000411110419405284127
2016-07-04,810.1573811190022924039121
2016-07-05,-1233.2207396240133963925561
2016-07-07,1928.7392641053829621229327
2016-07-08,13.6792678355014455444243
2016-07-11,1745.6792715663421936973303
2016-07-12,-330.2007247020946535658635
2016-07-13,-369.8607209698089563655918
2016-07-14,188.1592827631994252047962
2016-07-15,1654.4792864969306310790409
2016-07-18,-2318.6407097686151987820215
2016-07-19,382.8992939665620756095456
2016-07-20,540.4192977024625942687853
2016-07-21,-293.6406985609135027621489
2016-07-22,1729.3793051764339245860136
2016-07-25,1477.3593089145050164096647
2016-07-26,63.2393126532999128323235
2016-07-27,554.0793163928187540046409
2016-07-28,1706.0193201330616801044056
2016-07-29,-178.4206761259711686634509
2016-08-01,2184.7193276157203479331503
2016-08-02,1504.1311313581363701534419
2016-08-03,-2029.7587167223131545035189
2016-08-04,-335.5987164738314459629103
2016-08-05,3964.4412837746983762167900
2016-08-08,-2356.7187159767236786481498
2016-08-09,-138.9587157280976012396574
2016-08-10,234.2012845205766177621437
2016-08-11,6.2412847692989876789345
2016-08-12,77.6412850180695178342012
2016-08-16,254.1612852668882175532351
2016-08-17,914.0812855157550961631332
2016-08-18,1239.6812857646701629927986
2016-08-19,694.9612860136334273729406
2016-08-22,-1561.4787137373551013639244
2016-08-23,-1121.9587134882954138834736
2016-08-24,1389.9212867608124991504237
2016-08-25,-1247.1987129900313529242939
2016-08-26,105.2012872591730392321197
2016-08-29,-855.2787124915743150387805
2016-08-30,1493.8412877577265936063695
2016-08-31,-637.3587119929242254872579
2016-09-01,-1208.3987117435267629726799
2016-09-02,84.7719185059189904988956
2016-09-06,3969.4444837807582407187666
2016-09-07,-213.3555153510450198304844
2016-09-08,812.7644855173198289947042
2016-09-09,-1286.7955136141471802545640
2016-09-12,-5273.6755127454460150208829
2016-09-14,857.0444881234233572594579
2016-09-15,-17.7055110075390308435262
2016-09-16,993.1944898616668532464873
2016-09-19,-86.6155092689589578878718
2016-09-20,471.8344916005835683423355
2016-09-21,-1108.5855075297055354676416
2016-09-22,2729.9644933401737632837575
2016-09-23,405.9744942102214972044060
2016-09-26,-1822.8255049195623010915089
2016-09-27,-937.2855040491775989834850
2016-09-28,1665.6544968213756361552963
2016-09-29,-5975.1955023079025630420288
2016-09-30,1249.4544985629878360639944
2016-10-03,5421.1844994340468661191409
2016-10-04,1022.8286003052745597755068
2016-10-05,-307.0070092680370810160744
2016-10-06,-599.4070067526350706577026
2016-10-07,-131.5670042367460017339029
2016-10-10,1365.9529982796302200647211
2016-10-13,-5126.0869992035063109341725
2016-10-14,1210.3530033138444996153388
2016-10-17,-2064.2069941683172539225540
2016-10-18,4043.8730083500085228346117
2016-10-19,1.7530108688219242875739
2016-10-20,355.4130133881230448553495
2016-10-21,394.4130159079119789752377
2016-10-24,-151.0669815718111788971763
2016-10-25,337.6730209489536657119821
2016-10-26,-2185.3469765297933927051193
2016-10-27,-798.1869740080522596380161
2016-10-28,1961.2130285141771594420557
2016-10-30,-510.6469689631050409178355
2016-11-01,1405.2930335601012338476853
2016-11-02,-3708.0009439162039216776957
2016-11-03,-1045.0928737020346196959776
2016-11-04,-3027.5928723221659348753436
2016-11-07,1459.7571290579699346176967
2016-11-08,2610.5071304383730405182464
2016-11-09,-5818.2428681809565654285733
2016-11-10,4303.1071331999811685323780
2016-11-11,-7108.4428654188137058337381
2016-11-15,-10467.7428640373411367517363
2016-11-16,1832.8071373443989275635934
2016-11-17,-244.0928612735934610925111
2016-11-18,-714.4928598913182509147833
2016-11-21,-1302.7928585087753900879256
2016-11-22,2737.3571428740351732133929
2016-11-23,683.0571442571134908245381
2016-11-24,-2033.0928543595403854090876
2016-11-25,3693.5571470240735963679573
2016-11-28,396.5571484079554880211553
2016-11-29,685.4571497921053414260312
2016-11-30,1694.3071511765232084681548
2016-12-01,-1038.2428474387908589568576
2016-12-02,-2920.2842660538368089433409
2016-12-05,1381.0663679959314584522439
2016-12-06,831.8963711652748017719825
2016-12-07,-1442.0436256647681733512998
2016-12-08,4558.2163775058026519098677
2016-12-09,2.6063806769873964059645
2016-12-12,-2629.7236161512138209895171
2016-12-13,526.8463870211991186199329
2016-12-14,-2320.3236098057736658461536
2016-12-15,54.1463933678679445547820
2016-12-16,-1381.0136034578759312116712
2016-12-19,-466.6336002830051741568883
2016-12-20,-1081.9535971075196652692050
2016-12-21,-2028.9735939314192855139123
2016-12-22,-1813.3235907547039158332528
2016-12-23,-489.8235875773734371464157
2016-12-26,-3223.5535843994277303495325
2016-12-27,3435.0064187791333236843275
2016-12-28,507.9064219583098441051611
2016-12-29,2261.9364251381019500860371
2016-12-30,2869.5264283185097608230989
2017-01-02,1376.7364314995333955355704
2017-01-03,337.8237246811729734657601
2017-01-04,51.1329870125928177793676
2017-01-05,880.6375340352632341756672
2017-01-06,493.5420819383759535121084
2017-01-09,272.3466307221014562777923
2017-01-10,1018.9011803866102559720435
2017-01-11,991.2557309320728991108018
2017-01-12,1295.4102823586599652330154
2017-01-13,659.4648346665420669070349
2017-01-16,465.9193878558898497370090
2017-01-17,-999.5260580731260076307189
2017-01-18,687.1284968796652064987875
2017-01-19,908.3330527144342368754562
2017-01-20,-1746.0623905686481386893920
2017-01-23,935.9921670305888906833574
2017-01-24,1184.8467255123161689470161
2017-01-25,2207.9012848767045731354973
2017-01-27,908.3558451239250133697204
2017-01-30,-4.0895937458515671359817
2017-01-31,-778.2850317324541920674549
2017-02-01,2014.3695311642881479956852
2017-02-02,620.7907449445464955864636
2017-02-03,-95.6954543967634490114184
2017-02-06,2028.9845464834040082303584
2017-02-07,-202.1154526362581072572754
2017-02-08,682.9645482442502375255989
2017-02-09,399.5645491249290755852897
2017-02-10,-52.8554499942215600655033
2017-02-13,-213.9154491132016364076882
2017-02-14,-364.8154482320111204157801
2017-02-15,-2697.6554473506499790578983
2017-02-16,1943.1645535308818207042326
2017-02-17,1608.8245544125843119152863
2017-02-20,2428.4045552944575276263343
2017-02-21,1003.1645561765015008948482
2017-02-22,-81.2754429412837352152999
2017-02-23,-817.2354420588981476338352
2017-02-27,-489.6354411763417032840800
2017-02-28,654.2645597063856309170484
2017-03-01,1540.0445605892838880590384
2017-03-02,-2350.2075785276468987622141
2017-03-03,-372.9859539415445134062830
2017-03-06,1522.2940526508110311589398
2017-03-07,-488.9659407555569431324246
2017-03-08,-1732.4459341606481891146856
2017-03-09,704.9540724355375404257056
2017-03-10,193.7340790330004927501668
2017-03-14,3906.5740856317409151679922
2017-03-15,207.9940922317590550363633
2017-03-16,2900.0540988330551597603573
2017-03-17,-122.2458945643705232070437
2017-03-20,114.3541120394822536350575
2017-03-21,18.3341186446137378354809
2017-03-22,-2793.7458747489758230090195
2017-03-23,2378.2541318587138187462517
2017-03-24,-312.1458615323170892060578
2017-03-27,-894.1858549220682991253400
2017-03-28,953.6741516894604367769834
2017-03-29,939.5341583022693663374705
2017-03-30,1112.5541649163587374406675
2017-03-31,232.3541715317287980191191
2017-04-03,1834.1141781483797960533770
2017-04-05,1181.2230447663119795720096
2017-04-06,264.0165649797761116004065
2017-04-07,81.3765681872615365413346
2017-04-10,86.8165713953680285098266
2017-04-11,2041.3765746040957077634059
2017-04-12,-338.3034221865553054171190
2017-04-13,-547.7434189765848907276491
2017-04-17,-889.9834157659929278407916
2017-04-18,-1824.7834125547792964058539
2017-04-19,805.4565906570561239511598
2017-04-20,1192.9765938695134536275535
2017-04-21,-384.3834029174071869560563
2017-04-24,2650.8966002962943226442639
2017-04-25,3109.0566035106181028957696
2017-04-26,332.0966067255642742890420
2017-04-27,-270.7033900588670426620067
2017-04-28,-515.5033868426757274201294
2017-05-02,863.6166163741383405752609
2017-05-03,-163.1611804084247180919048
2017-05-04,1328.5546482044555819679118
2017-05-05,-2792.6753489592051693365041
2017-05-08,189.4246538776832811645360
2017-05-09,1440.0246567151210398132555
2017-05-10,2920.2146595531082129724695
2017-05-11,341.9346623916449070255879
2017-05-12,-948.3253347692687716233801
2017-05-15,1822.0346680703672834501773
2017-05-16,1055.4346709105531786914794
2017-05-17,-3.6053262487109794336434
2017-05-18,-4319.6753234074250844387461
2017-05-19,-879.0953205655890298167645
2017-05-22,-1033.4153177232027090400111
2017-05-23,-2439.3753148802660155601718
2017-05-24,-2417.4753120367788428083013
2017-05-25,3330.5046908072589158051809
2017-05-26,4208.1446936518473668904939
2017-05-29,-756.1553035030133829215002
2017-05-30,1023.0146993426767730207083
2017-05-31,836.7947021889179413892792
2017-06-01,-300.0052949642897711229721
2017-06-02,1306.0891478830537421974288
2017-06-05,2082.6254058985654046820011
2017-06-06,-2052.3545853094674560095808
2017-06-07,1280.6854234842020763495408
2017-06-08,551.2754322795743313945941
2017-06-09,446.4554410766496388246356
2017-06-12,-1084.7445501245716715974388
2017-06-13,751.1954586759107299551191
2017-06-14,-958.4845325219028266270782
2017-06-15,-74.4445237180120113895411
2017-06-16,278.8254850875835056861092
2017-06-19,1404.8354938948840546821532
2017-06-20,124.3455027038899657447853
2017-06-21,-428.3544884853984309158738
2017-06-22,-960.5944796729808050257645
2017-06-23,-1887.8144708588568262468762
2017-06-27,-2796.0444620430261641772345
2017-06-28,520.6055467745115116491106
2017-06-29,181.4655555937565317620973
2017-06-30,1744.6155644147092267556649
2017-07-03,2467.0555732373699272877656
2017-07-04,459.6610820617389640803767
2017-07-05,1033.8439788206230657061762
2017-07-06,1629.6639795910441183984204
2017-07-07,-103.4960196383856518906504
2017-07-10,2425.4839811323337837241855
2017-07-11,-256.9360180967975458662571
2017-07-12,717.8639826742203882344306
2017-07-13,2697.5639834453876149282529
2017-07-14,-179.9360157832958368771899
2017-07-17,869.4239849881700617312999
2017-07-18,-1819.4360142402146603274811
2017-07-19,2890.3639865315500258708628
2017-07-20,-925.7960126965358507436720
2017-07-21,694.4039880755277387645129
2017-07-24,1219.0839888477408233366186
2017-07-25,868.2839896201034319194499
2017-07-26,359.8839903926155934654168
2017-07-27,-200.1760088347226630674647
2017-07-28,30.0839919380886912844286
2017-07-31,2041.7639927110496854903281
2017-08-01,445.7839934841603485250744
2017-08-02,-505.3230757425792906308812
2017-08-03,-1202.5673539114414930438334
2017-08-04,3004.0926504735321057819601
2017-08-07,1828.5726548593547692668767
2017-08-08,-2927.6873407539733381842636
2017-08-09,-3271.8473363664520521348070
2017-08-10,-6566.1273319780812081162597
2017-08-11,-1527.7273275888606416282818
2017-08-14,4667.3626768012098118613188
2017-08-16,3072.0226811921303169165928
2017-08-17,-84.0473144160989618665445
2017-08-18,-1104.8773100234778598603071
2017-08-21,-3266.4673056300062124050322
2017-08-22,-601.7273012356838548091733
2017-08-23,2778.5927031594893776507048
2017-08-24,2068.9427075555136497299331
2017-08-28,1457.1527119523891262157442
2017-08-29,-3184.3672836498840280727216
2017-08-30,3533.0627207486943517155903
2017-08-31,638.6927251481244304636544
2017-09-01,2453.0727295484063730863717
2017-09-04,-1599.6308760504596554694240
2017-09-05,1268.8839942194869142190826
2017-09-06,-258.6360050071103432814823
2017-09-07,1058.5239957664421535827454
2017-09-08,-1088.0860034598555661912204
2017-09-11,2834.5939973139965263992480
2017-09-12,1968.6739980879984603623951
2017-09-13,-1063.5160011378497352879185
2017-09-14,662.8939996364519684677862
2017-09-15,141.1340004109036006546069
2017-09-18,1340.8740011855051903032620
2017-09-19,809.4540019602567664500906
2017-09-20,-484.8559972648416418629458
2017-09-21,-2183.5059964897900055882619
2017-09-22,-5252.5959957145882956726484
2017-09-25,-3536.6159949392364830572701
2017-09-26,-21.8959941637345386776651
2017-09-27,-3913.1059933880824334637441
2017-09-28,697.9840073877198616602116
2017-09-29,1386.7340081636723757755500
2017-10-03,3156.4240089397751379692509
2017-10-04,803.9838897160281773339255
2017-10-05,-185.9946670344444417519296
2017-10-06,3136.3653339981803801529443
2017-10-09,-350.1846649689948502748464
2017-10-10,955.6253360640299056806665
2017-10-11,-1445.9846629027453132570523
2017-10-12,3315.4053381306795316429597
2017-10-13,2183.7153391643044791191651
2017-10-16,1472.7253401981295679175268
2017-10-17,121.3453412321548367915106
2017-10-18,-411.5346577336196754979142
2017-10-19,-755.1946566991939301822727
2017-10-23,239.1253443354321115144163
2017-10-24,-35.6346546297415116243572
2017-10-25,2886.7253464052852391924062
2017-10-26,1874.3353474405124027632169
2017-10-27,650.5753484759400178940980
2017-10-30,2599.1553495115681233985865
2017-10-31,-1014.6746494526032419022647
2017-11-01,3552.1453515834259608201136
2017-11-02,450.1616926196557704018097
2017-11-03,440.1521619166507252987708
2017-11-06,980.4021623352637414847911
2017-11-07,-3792.4478372460421860788187
2017-11-08,-2534.3478368272670416970956
2017-11-09,1018.6521635915891903279622
2017-11-10,481.9021640105265256973962
2017-11-13,-1855.2478355704550198847120
2017-11-14,-1050.3978351513554307112399
2017-11-15,-3148.0978347321746910720239
2017-11-16,2738.8021656870872147461421
2017-11-17,3134.1021661064303024595063
2017-11-20,697.5021665258545877873602
2017-11-21,241.4021669453600864520390
2017-11-22,-284.4478326350531858210777
2017-11-23,717.6021677846147866964344
2017-11-24,825.8521682043640197360456
2017-11-27,419.8021686241945290322716
2017-11-28,-116.5478309558936696773247
2017-11-29,-345.8978305359005606521332
2017-11-30,-2205.5478301158261281484963
2017-12-01,-3074.4478296956703564197074
2017-12-04,-307.5616292754332297160111
2017-12-05,-44.1902702559351762738153
2017-12-06,-2299.4902683719599044577424
2017-12-07,4437.0097335123801624445288
2017-12-08,2255.6097353970850950684553
2017-12-11,1087.1097372821549640631722
2017-12-12,-2288.2902608324101599085066
2017-12-13,-2680.6902589466102061700841
2017-12-14,587.7097429395548959686214
2017-12-15,2505.3097448260852172114800
2017-12-18,2185.3097467129808282760515
2017-12-19,3382.6097486002417998935893
2017-12-20,29.0097504878682028090422
2017-12-21,770.9097523758601077810577
2017-12-22,1517.0097542642175855819839
2017-12-26,1270.8097561529407069978732
2017-12-27,-804.0902419579704571715164
2017-12-28,-752.9902400685158361127173
2017-12-29,1627.1097618213046410014495
2018-01-01,-309.2902362885089549881228
2018-01-02,-1777.6348943979565532268237
2018-01-03,965.7855755058400790544920
2018-01-04,3007.5655785217331645492738
2018-01-05,2533.7555815382102189498825
2018-01-08,1983.4455845552713553305135
2018-01-09,74.9555875729166867872563
2018-01-10,-91.9644094088536735619005
2018-01-11,-485.2644063900396125770654
2018-01-12,610.4555966293589829035606
2018-01-15,1392.0455996493422260636881
2018-01-16,-3447.6043973300897698910569
2018-01-17,1884.7856056910631082668724
2018-01-18,-1926.2943912871990262130535
2018-01-19,1931.6656117351239399405647
2018-01-22,3138.4056147580321200210589
2018-01-23,2679.6256177815256273436985
2018-01-24,-775.6743791943954247543064
2018-01-25,-2261.3543761697309229137998
2018-01-29,-59.7843731444807537536757
2018-01-30,-2469.6943701186448038708748
2018-01-31,-1475.7543670922229598403786
2018-02-01,119.2756359347848917847931
2018-02-02,-7050.1066610376211355264120
2018-02-05,-2415.1925071571066559104369
2018-02-06,-4211.0424960247383638130181
2018-02-07,918.0075151097854943958347
2018-02-08,3959.9075262464653360994799
2018-02-09,-2926.9924626146984212379069
2018-02-12,4225.2075485262946399286849
2018-02-14,-1083.2424403305550627748858
2018-02-15,-195.7424291852471116418940
2018-02-16,-3309.3924180377810888847346
2018-02-19,-2864.6424068881565766349058
2018-02-20,248.6076042636268430570062
2018-02-21,-73.8423845824304117786570
2018-02-22,-1429.7923734263279230306103
2018-02-23,3959.8576377319347274933903
2018-02-26,1934.7076488923579580665637
2018-02-27,-648.0423399450578129568806
2018-02-28,-1183.5923287803121671417272
2018-03-01,-1525.5923176134046859717389
2018-03-05,-2965.0740664443349508496408
2018-03-06,-3181.7404388873763529091156
2018-03-07,-3135.8404350997482070265341
2018-03-08,1047.5995686886133392125352
2018-03-09,32.7195724777084278167749
2018-03-12,4125.9795762675372008223647
2018-03-13,1628.2795800580998002929870
2018-03-14,484.6195838493963683198318
2018-03-15,-728.9004123585729529783976
2018-03-16,-3850.3404085658080214554792
2018-03-19,-3617.8004047723086949376675
2018-03-20,822.5795990219251687763126
2018-03-21,217.7396028168937119152702
2018-03-22,-685.4403933874029232644452
2018-03-23,-2214.7803895909645944789395
2018-03-26,2847.6796142062088405832324
2018-03-27,2473.7796180041175242610710
2018-03-28,-479.7003781972384010788616
2018-04-02,3574.5796256021412069575628
2018-04-03,1876.6093294022564907920446
2018-04-04,-3480.8329199207208117876111
2018-04-05,5332.5070814501985254138465
2018-04-06,1558.8470828213833144209973
2018-04-09,1466.0370841928336066334092
2018-04-10,365.5070855645494534606022
2018-04-11,454.2870869365309063220508
2018-04-12,416.3570883087780166471862
2018-04-13,272.0670896812908358753974
2018-04-16,1344.6270910540694154560339
2018-04-17,318.0470924271138068484077
2018-04-18,-801.5529061995759384782058
2018-04-19,1591.8970951740002309554352
2018-04-20,-1264.5229034521576333614593
2018-04-23,1422.1770979219505200702900
2018-04-24,892.6770992963247427598346
2018-04-25,-188.1428993290349137737002
2018-04-26,72.4671020458716019987862
2018-04-27,1721.3571034210443416163726
2018-04-30,2442.8271047964833566281166
2018-05-02,-2678.6428938278113014069421
2018-05-03,-2253.9810624518395809197809
2018-05-04,-1808.5777779552427759317513
2018-05-07,1666.1022224750128759731619
2018-05-08,199.8622229053518384978971
2018-05-09,-400.9777766642258722260684
2018-05-10,-2501.8377762337202400641337
2018-05-11,1094.5822241968687511214268
2018-05-14,-510.5577753724588825285373
2018-05-15,-1026.6577749417031248700503
2018-05-16,-257.0577745108639597560113
2018-05-17,-668.7577740799413710361922
2018-05-18,-4034.7577736489353425572379
2018-05-21,-3081.5777732178458581626658
2018-05-22,2342.7422272133270983071355
2018-05-23,-2772.4777723554164569850938
2018-05-24,1178.9622280759234921265161
2018-05-25,3665.9622285073469618109650
2018-05-28,5188.5222289388539682403841
2018-05-29,-932.4377706295554724099646
2018-05-30,-597.2577701978813439616869
2018-05-31,775.3022302338763697667443
2018-06-01,-2386.1777693342823150400109
2018-06-04,-3661.5407789023573821941587
2018-06-05,-464.4392580717719641766839
2018-06-06,1204.9507420718879744372442
2018-06-07,1683.9207422155757299978561
2018-06-08,1099.7407423592913078913615
2018-06-11,-278.3492574969652864949873
2018-06-12,369.7307426468059522271051
2018-06-13,140.4007427906050294469779
2018-06-14,335.0707429344319505550133
2018-06-15,523.9607430782867209426375
2018-06-18,-1832.8992567778306539976794
2018-06-19,-740.8592566339201688724230
2018-06-20,-150.7292564899818182870349
2018-06-21,-1638.5792563460155968459118
2018-06-22,1403.4707437979785008475942
2018-06-25,-287.4492560579995198088240
2018-06-26,-659.8092559139496534164285
2018-06-27,-1012.3792557698718945754357
2018-06-28,-1302.8092556257662378850170
2018-06-29,869.5307445183673220567027
2018-07-02,-213.0492553374712093473562
2018-07-03,874.8965448067181733067734
2018-07-04,942.9121963664864285380259
2018-07-05,113.0921967917699838616248
2018-07-06,931.4321972171358870554656
2018-07-09,954.3921976425841540646086
2018-07-10,530.2221980681148008372008
2018-07-11,-171.5078015062721566755224
2018-07-12,-352.7878010805767025192369
2018-07-13,-389.9578006547988207365298
2018-07-16,-94.3378002289384953668978
2018-07-17,-44.2077998029957104467473
2018-07-18,-2232.3577993769704500093941
2018-07-19,171.5122010491373019149382
2018-07-20,1361.0622014753275612991181
2018-07-23,1659.4122019016003441191066
2018-07-24,-54.4377976720443336460415
2018-07-25,407.9222027543935439858224
2018-07-26,-121.8377968190860070000581
2018-07-27,892.4522036075170293846554
2018-07-30,916.2022040342026691313973
2018-07-31,141.2822044609709282346983
2018-08-01,-53.4177951121781773078134
2018-08-02,-2145.1124946852446314954126
2018-08-03,2549.0887757304582432741882
2018-08-06,418.1787793660124426389424
2018-08-07,-642.4812169977294037951121
2018-08-08,1528.4087866392328402790335
2018-08-09,213.7387902768993111947808
2018-08-10,-982.8712060847298546880699
2018-08-13,-2986.1312024456545209833155
2018-08-14,2301.5488011941254487216564
2018-08-16,-1692.5211951653898091341289
2018-08-17,3580.0788084757998419147733
2018-08-20,2727.5188121176945383602312
2018-08-21,1218.8488157602944167205419
2018-08-23,1152.3688194035996135404369
2018-08-24,-514.4711769523897346089130
2018-08-27,2960.2888266923265088701068
2018-08-28,-67.3111696622515193984391
2018-08-29,1312.5488339838763172359683
2018-08-30,-492.2511623692898445496922
2018-08-31,1642.9888412782501319480226
2018-09-03,-2545.5711550735036165409734
2018-09-04,-5779.3411714245509532602918
2018-09-05,-1702.7117741259425526512325
2018-09-06,1904.7882313394477387417007
2018-09-07,2385.7882368058962964252174
2018-09-10,-3950.0917577265966746880444
2018-09-11,-5346.4717522580309696457696
2018-09-12,1505.9282532115936165440420
2018-09-14,3996.7682586822772889130837
2018-09-17,-1981.6917358459797474672514
2018-09-18,-3610.4317303731772874858620
2018-09-19,-1243.9117248993151259919305
2018-09-21,-4379.2917194243930577949166
2018-09-24,-6926.3717139484108776645483
2018-09-25,2340.6482915286316196691851
2018-09-26,356.7082970067346395160405
2018-09-27,-3104.2716975141016127744704
2018-09-28,-3087.9916920338769318130744
2018-10-01,1040.4683134474088878292716
2018-10-03,-4086.9715310702439483786122
2018-10-04,-4715.7971166700454856011874
2018-10-05,-3180.5871161117448459748456
2018-10-08,-656.8571155533361023128490
2018-10-09,-770.9171149948192336829585
2018-10-10,2511.9428855638057808511181
2018-10-11,-1885.7471138774610377702727
2018-10-12,4246.3328866813803313972697
2018-10-15,2409.6428872403299093022019
2018-10-16,-283.2871122006122831029637
2018-10-17,-1375.0571116414462248616572
2018-10-19,-1276.2171110821718950132512
2018-10-22,-1492.2871105227892725930595
2018-10-23,-526.6271099632983366323367
2018-10-24,344.1428905963009338417231
2018-10-25,-1091.0171088439914401940137
2018-10-26,-760.6271082841754377586183
2018-10-29,2007.6528922757489621329002
2018-10-30,-967.3871071642182195304041
2018-10-31,2775.3728933959230382445875
2018-11-01,522.9428939561727564550585
2018-11-02,434.5170945165309561022575
2018-11-05,1267.7262902274148303401067
2018-11-06,-591.6682636647612295227723
2018-11-07,-75.1628165024046727424461
2018-11-09,-1469.7073682853113096341866
2018-11-12,-1573.0019190132769109759139
2018-11-13,-23.4964686860972080005404
2018-11-14,79.8089826964321076116865
2018-11-15,-436.6855648654846162591573
2018-11-16,-488.3301113716429921650122
2018-11-19,131.4753431781614069178264
2018-11-20,28.1807987841330475963711
2018-11-21,-75.1137445535235639313925
2018-11-22,-23.4582868346038818688403
2018-11-26,-1056.4528280589033208130419
2018-11-27,-178.3973682262172557470919
2018-11-28,-1211.3919073363410220324389
2018-11-29,544.7135546109300845987860
2018-11-30,-591.5809823841991919485574
2018-12-03,1422.7744816784759318750569
2018-12-04,850.7112767991602792714974
2018-12-05,-1200.2149383104271924774570
2018-12-06,-2035.7695544022477511053448
2018-12-07,1167.2158305484205582388153
2018-12-10,-2542.1587834582204067974049
2018-12-11,914.0266035780312505193651
2018-12-12,2028.1119916573774660158628
2018-12-13,508.9173807800202146197618
2018-12-14,154.4427709461615103672433
2018-12-17,1281.1881621560034064105689
2018-12-18,369.6735544097479950256541
2018-12-19,825.4389477075974076196443
2018-12-20,15.2043420497538147384917
2018-12-21,-2415.5102625635805739254663
2018-12-24,-934.2848661322035095259272
2018-12-26,711.5205313440872959449581
2018-12-27,800.1459298654941696641680
2018-12-28,762.1713294322194779853950
2018-12-31,167.1567300444656264466307
2019-01-01,420.3621317024350597777540
2019-01-02,-1594.9498155936697380918808
2019-01-03,-535.7372626710742180835574
2019-01-04,-35.8872621410438316066428
2019-01-07,-316.4572616109108150775111
2019-01-08,76.9827389193248513761470
2019-01-09,1432.7627394496631876304882
2019-01-10,1190.6827399801042135655181
2019-01-11,-964.5472594893520509349084
2019-01-14,-255.0372589587055859830864
2019-01-15,1866.7727415720436283125400
2019-01-16,1129.1327421028956118473785
2019-01-17,532.1027426338503845206886
2019-01-18,-1204.4172568350920337644164
2019-01-21,458.1127436960683768990300
2019-01-22,239.3527442273316364218494
2019-01-23,-952.4972552413022352812816
2019-01-24,-518.8772547098332182918301
2019-01-25,-293.1372541782612926874064
2019-01-28,122.9727463534135614582367
2019-01-29,988.1327468851913640752047
2019-01-30,100.6927474170721350974624
2019-01-31,2932.2727479490558944628341
2019-02-01,1103.3427484811426621130051
2019-02-04,514.9567490133324579935214
2019-02-05,677.5974565571193510965613
2019-02-06,1651.9774599372413486321778
2019-02-07,-1427.1825366819821590976419
2019-02-08,-1751.0925333005510453627510
2019-02-11,-103.6625299184651834084639
2019-02-12,-1273.3925265357244464555508
2019-02-13,-634.4225231523287077002344
2019-02-14,-292.1825197682778403141836
2019-02-15,514.1674836164282825554900
2019-02-18,352.8974870017897877862378
2019-02-19,26.5474903878068022800783
2019-02-20,1959.3474937744794529636019
2019-02-21,-570.1425028381921332120235
2019-02-22,-782.1024994502078292710489
2019-02-25,1327.9275039384324917868611
2019-02-26,-188.5024926722710430133668
2019-02-27,-613.9324892823183066222099
2019-02-28,66.5975141082908280344548
2019-03-01,-1698.2424825004435119446439
2019-03-05,-1789.8669491085211994361672
2019-03-06,231.8381967719769387459780
2019-03-07,-990.9563741777795207741782
2019-03-08,792.2990559236937684156690
2019-03-11,180.9044870766003564642564
2019-03-12,-685.2400807188561670661606
2019-03-13,1250.8653525375278268078234
2019-03-14,-1194.7292131540439935016031
2019-03-15,-22.8737777933679201458335
2019-03-18,-1194.7183413802402058322077
2019-03-19,1250.8870960855429361836263
2019-03-20,-1092.8074653958146678946492
2019-03-22,1352.7979741758908476036192
2019-03-25,28.1034148008633878236980
2019-03-26,-175.6911435206931026068897
2019-03-27,180.9642992114253604292806
2019-03-28,-634.2302570025771994528184
2019-03-29,-838.0248121624967191330183
2019-04-01,79.0806337318709040216948
2019-04-02,-777.1841393192701878351691
2019-04-03,-1062.3162737414755141085634
2019-04-04,434.1837269800418115018354
2019-04-05,746.9737277016988448774725
2019-04-08,752.4937284234956130700333
2019-04-09,318.5137291454321431364409
2019-04-10,-773.4062701324915378611419
2019-04-11,-261.1362694102754028553128
2019-04-12,588.5337313120805752265717
2019-04-15,-230.2062679654235765376026
2019-04-16,1135.8237327572121689352930
2019-04-18,-893.5662665200121612663686
2019-04-22,-1530.6862657970965400489694
2019-04-23,-353.6262650740409403136453
2019-04-24,1404.4137356491546650437150
2019-04-25,582.3137363724903031324713
2019-04-26,984.7337370959660010672320
2019-04-30,-39.6062621804182140321439
2019-05-02,-2015.9162614566623150405461
2019-05-03,-746.0474907327662748276124
2019-05-06,-1325.9995461263160101625821
2019-05-07,-1057.5841786007908169304878
2019-05-08,-1571.0588100359489373669496
2019-05-09,-1220.9534404315891280555334
2019-05-10,74.4219302124898933870595
2019-05-13,-1466.0126981035105516814624
2019-05-14,774.6326746206108970785660
2019-05-15,-392.3619516149443610036856
2019-05-16,692.9534231900251123980065
2019-05-17,1848.2887990357207946144710
2019-05-20,5045.8741759223442019886946
2019-05-21,-975.8404461499031101166247
2019-05-22,319.5349328191804526884782
2019-05-23,-812.4496871702034761712078
2019-05-24,2303.4456938821467757714882
2019-05-27,599.6310759764329200336795
2019-05-28,191.1864591128567071899822
2019-05-29,-462.3281567083800731199214
2019-05-30,868.0572285129244078162811
2019-05-31,-240.5873852230279822089022
2019-06-03,1836.6780020839646636848000
2019-06-04,-592.1287095658957085270099
2019-06-06,-4624.3135321120175723376911
2019-06-07,292.4264691403628539701439
2019-06-10,1288.8364703929857793343109
2019-06-11,309.6364716458512507100248
2019-06-12,-2061.3235271010406849384073
2019-06-13,240.1864741523100193624156
2019-06-14,-1668.0435245940965894050104
2019-06-17,-3844.1035233402604642490918
2019-06-18,209.1064779138184418308641
2019-06-19,-934.7135208318598241553495
2019-06-20,3486.1964804227047848111632
2019-06-21,-894.1335183224876842415976
2019-06-24,-159.5335170674371842765259
2019-06-25,1276.8464841878563317525927
2019-06-26,1753.9164854433929109010813
2019-06-27,840.8264866991726002333752
2019-06-28,-787.3035120448045531769779
2019-07-01,1102.3064892114614977526852
2019-07-02,653.1362404679708001141439
2019-07-03,2722.9451381990750312539552
2019-07-04,-382.9248608060128791234204
2019-07-05,-146.1448598109081441689155
2019-07-08,-2868.1348588156107265805171
2019-07-09,-1467.3948578201205890489890
2019-07-10,147.8651431755623057421291
2019-07-11,3070.2051441714379951165228
2019-07-12,-1534.1148548324934835948951
2019-07-15,1158.5951461637679069460169
2019-07-16,1033.7551471602222040846295
2019-07-17,78.0451481568694451735451
2019-07-18,1456.6551491537096675725986
2019-07-19,-1053.4748498492570913511414
2019-07-22,-2491.9748488520307942233703
2019-07-23,-617.2348478546114036625476
2019-07-24,-402.6548468569988822798934
2019-07-25,-124.2648458591931926793893
2019-07-26,-394.2448448611942974577753
2019-07-29,-1153.3348438630021592045491
2019-07-30,-697.0448428646167405019647
2019-07-31,-249.1048418660380039250305
2019-08-01,-2463.8948408672659120415088
2019-08-02,3616.5160301316995725880863
2019-08-05,3220.2389933427707892477639
2019-08-06,939.7443257320014639991631
2019-08-07,2216.8296591537453665763108
2019-08-08,-200.4950063917975769614756
2019-08-09,620.4903290955725981569053
2019-08-13,2672.9456656160558954218350
2019-08-14,-2389.7589968301476429495279
2019-08-16,574.8963417571620639942509
2019-08-19,210.0216813781851359463819
2019-08-20,1167.8370220331217313493530
2019-08-21,-1067.0476362778279525975673
2019-08-22,1167.8477064455363200691748
2019-08-23,-474.1069497965851759150761
2019-08-26,3995.6783949960078729643232
2019-08-27,-17.9962591764841809911768
2019-08-28,1213.4790876861390533141919
2019-08-29,73.2344355840780057780269
2019-08-30,-1887.9902154824668548927317
2019-09-03,2992.2851344867049788257133
2019-09-04,572.9512054917940532815327
2019-09-05,-275.0671025423871457938803
2019-09-06,-4272.4614712062206586841764
2019-09-09,767.7441612203443028624234
2019-09-11,-1535.1002052624811267451407
2019-09-12,-752.9945706544857722158661
2019-09-13,-101.2389349554584173687715
2019-09-16,593.9667018348121948750204
2019-09-17,507.0723397165373625002022
2019-09-18,-1013.6720213100715755947979
2019-09-19,-1361.2663812448032395898935
2019-09-20,116.0392599125537912645833
2019-09-23,1158.8449021622109786558073
2019-09-24,72.6005455043798252163869
2019-09-25,1115.4061899392718745322924
2019-09-26,-1491.5881645329012888492143
2019-09-27,159.5174820880719605883518
2019-09-30,-188.0768701975967106613681
2019-10-01,-1404.6712213896955951196427
2019-10-03,3101.8829785119870556852856
2019-10-04,1313.9058980199813112075939
2019-10-07,-148.6485591328848006380112
2019-10-09,560.4769847875133857475484
2019-10-10,516.1625297813836870739948
2019-10-11,-724.7919241510660397092950
2019-10-14,427.5336229903721025945024
2019-10-15,782.0991712059060514374497
2019-10-16,-813.4152795042562154653559
2019-10-17,294.5902708600933198720129
2019-10-18,-104.2841777008372842858886
2019-10-22,-414.5186251868399293880777
2019-10-23,604.8469284022935234106558
2019-10-24,-370.1875169332287467424477
2019-10-25,2599.2580388068014796096860
2019-10-27,-636.0964043774075377582301
2019-10-29,-1832.7308464856474987460374
2019-10-30,-192.8852875177100629203230
2019-10-31,1845.8402725266131504933892
2019-11-01,516.2458336475305626184504
2019-11-04,-310.3092041547493650651003
2019-11-05,-781.7517097270238131784783
2019-11-06,-512.1317061854689919699287
2019-11-07,284.4282973567715822926051
2019-11-08,-2360.5716991003019576081655
2019-11-11,728.0583044433105211361812
2019-11-13,293.8083079876091513597831
2019-11-14,-133.5616884674059340775012
2019-11-15,-724.5816849217346022900877
2019-11-18,-861.1116813753767203666614
2019-11-19,2020.9883221716678446298284
2019-11-20,1134.7183257193992256621729
2019-11-21,-930.1216707321824442810911
2019-11-22,-157.2216671830770321856758
2019-11-25,134.0783363667155949884618
2019-11-26,-579.1616600828044296928743
2019-11-27,329.7783434683630268618850
2019-11-28,822.6983470202180977700799
2019-11-29,-745.7616494272390838251740
2019-12-02,141.9783541259916152450192
2019-12-03,-539.2887223200896718246585
2019-12-04,1838.7305477933162119465462
2019-12-05,-703.5194521006142907538732
2019-12-06,-1369.2794519945242551638017
2019-12-09,-1567.8194518884136773063996
2019-12-10,-753.6494517822825532040573
2019-12-11,757.8605483238691211216051
2019-12-12,1130.8705484300413496497376
2019-12-13,626.4205485362341363602609
2019-12-16,530.5005486424474852338664
2019-12-17,1542.4305487486814002520160
2019-12-18,1192.8405488549358853969427
2019-12-19,879.0405489612109446516506
2019-12-20,619.0505490675065819999149
2019-12-23,-468.3994508261771985737175
2019-12-24,-142.0994507198403930839286
2019-12-26,230.2505493865170024553717
2019-12-27,1660.4505494928949920310448
2019-12-30,1484.8005495992935796307247
2019-12-31,-622.9994502942872307571830
2020-01-01,-150.6494501878474351435000
2020-01-02,878.2505499186129704617241
2020-01-03,4128.7505500250939900492125
2020-01-06,573.6505501315956276104607
2020-01-07,-2413.6994497618821128622620
2020-01-08,2426.2005503446607726240855
2020-01-09,-2547.8994495487757119366815
2020-01-10,-150.6494494421915625499748
2020-01-13,50.0005506644132247795671
2020-01-14,702.6005507710386540480797
2020-01-15,1330.2005508776847292524720
2020-01-16,-338.7994490156485456095729
2020-01-17,129.6005510910388334604021
2020-01-20,-397.8794488022531295383718
2020-01-21,-1087.4494486955244306058889
2020-01-22,-110.2594485887750657413687
2020-01-23,523.5305515179949690567434
2020-01-24,1779.2605516247856777907771
2020-01-27,414.4505517315970644638372
2020-01-28,-1337.5694481615708669201965
2020-01-29,273.4105519452818876433311
2020-01-30,247.8805520521553321598504
2020-01-31,-968.6394478409505293644324
2020-02-01,-1361.3894477340356929225355
2020-02-03,-1749.0237276271001545067015
2020-02-04,1475.2380481036888449403800
2020-02-05,261.1980515983523043715023
2020-02-06,2431.6380550936924372584753
2020-02-07,-408.4619414102906253740768
2020-02-10,694.3180620864032475238402
2020-02-11,-62.3619344162258129724040
2020-02-12,846.8580690818223242379404
2020-02-13,929.1580725805477902810084
2020-02-14,-1526.1819239200492836916749
2020-02-17,-333.5019204199687665031897
2020-02-18,279.6780830807894730487836
2020-02-19,3950.2380865822255661919700
2020-02-20,161.0780900843396441795031
2020-02-24,4290.5780935871318382899324
2020-02-25,-5330.0219029093977201727743
2020-02-26,-1251.5018994052488998792238
2020-02-27,-1084.0218959004215694745940
2020-02-28,-5366.8418923949155975786285
2020-03-02,-2545.2218888887308527856315
2020-03-03,2443.0301946181327963355370
2020-03-04,4057.2559174064235679598672
2020-03-05,-217.1383790293683056651797
2020-03-06,4180.5673256392238474359672
2020-03-09,-2395.4269685875861302981780
2020-03-11,-1121.3212617095843550226813
2020-03-12,-874.7155537265569014781717
2020-03-13,-5477.9098446382898029828216
2020-03-16,-3875.0041344445690514243268
2020-03-17,-3422.8984231451805972518834
2020-03-18,2536.6072892600896505318349
2020-03-19,-915.7869972285441756212969
2020-03-20,3728.5187173891320982031711
2020-03-23,-4450.3755668866673126097076
2020-03-24,5660.2301499442718488037540
2020-03-25,2495.5358678821638807939080
2020-03-26,-1080.1584130727768767941955
2020-03-27,5989.0473070796639573872265
2020-03-30,6482.2530283397008061967260
2020-03-31,-6258.7412492924518659883385
2020-04-01,152.8644741834204467362377
2020-04-03,2253.7842587675322918095463
2020-04-07,3571.3348381471562879396713
2020-04-08,513.1006886615718691995061
2020-04-09,4054.2265403088255202917815
2020-04-13,6871.0323930891365932257919
2020-04-15,754.5582470027244824840718
2020-04-16,2404.4041020498086250306208
2020-04-17,-3148.7100417693914996808710
2020-04-20,-3671.8241844546563696987959
2020-04-21,2042.2616739942335794346008
2020-04-22,2283.7075335774979546914505
2020-04-23,30.2733942953564055664944
2020-04-24,352.1992561480286240853162
2020-04-27,-492.8348808642656551874220
2020-04-28,513.1709832586933448602569
2020-04-29,-1217.1431514828745561041164
2020-04-30,835.1027149112505041507823
2020-05-04,674.1485824412884304283124
2020-05-05,-4798.8111288925408298878882
2020-05-06,-670.1260205961071243182800
2020-05-07,-1137.7599533818031067748178
2020-05-08,1784.9961150072986897670483
2020-05-11,-1293.6278154285742580036473
2020-05-12,304.1482553108055706485563
2020-05-13,-1020.8256727743342594859250
2020-05-14,2057.8104003162338604468108
2020-05-15,1239.4464745827375833726830
2020-05-18,2915.1625500254046062981623
2020-05-19,-4528.1013733555373296811937
2020-05-20,2018.8647044401395606277961
2020-05-21,-1722.2492165873368934755247
2020-05-22,888.7468635622611814228900
2020-05-26,-1722.2370551108382971396691
2020-05-27,-2111.9309726064073674941231
2020-05-28,2135.8051110757819761689406
2020-05-29,-747.9688040640422161921855
2020-06-01,888.7772819743481495382205
2020-06-02,-93.4437708088187883581406
2020-06-03,-1144.7354822289419802784708
2020-06-04,-243.1294284645291139270591
2020-06-05,1520.8766264720772221861885
2020-06-08,-2085.5173174188959995234103
2020-06-09,1403.2887398627782373082458
2020-06-10,854.4947983173269930025519
2020-06-11,2069.7008579449773718467079
2020-06-12,305.7069187459565221022320
2020-06-15,-1497.4870192795083639865246
2020-06-16,1756.1190438688099498161385
2020-06-17,-752.6748918088612562542107
2020-06-18,776.1311736877053420463828
2020-06-19,-360.6627596412628870212174
2020-06-22,2187.3433082044614688292836
2020-06-23,-243.0506227748941340818627
2020-06-24,1912.9554474208978046080773
2020-06-25,-1497.4384812079351706871520
2020-06-26,109.7675913388345285057336
2020-06-29,658.5736650614345347280899
2020-06-30,501.7797399600925245978768
2020-07-01,1560.1858160350362188181933
2020-07-02,-2980.7477067135066178141868
2020-07-03,-123.4812482928846584181543
2020-07-06,303.3248934250753362236770
2020-07-07,613.7310363322592905101437
2020-07-08,2320.9371804288974744789462
2020-07-09,1273.3433257152202027550887
2020-07-10,-472.6505278085421654404867
2020-07-13,264.5556198578407737177345
2020-07-14,-511.4382312854005313315239
2020-07-15,419.7679187619644124723102
2020-07-16,-356.2259299998338571797033
2020-07-17,-899.4197775705647579573745
2020-07-20,768.9863760500023371172598
2020-07-21,768.9925308620980996785814
2020-07-22,2437.3986868659532460260376
2020-07-23,2437.4048440617985371327896
2020-07-24,1661.4110024498647786543627
2020-07-27,5968.2171620303828209372981
2020-07-28,-1675.3766771964164409721933
2020-07-29,2010.6294847696979326804240
2020-07-30,148.2356479289569263666673
2020-07-31,2321.0418122815915692836940
2020-08-03,613.8479778278329353629621
2020-08-04,-541.6631954320878567211082
2020-08-05,4323.1532578005628934338972
2020-08-06,2826.0932584313724666465413
2020-08-07,1920.8732590623041838363796
2020-08-10,-393.2667403066419313457882
2020-08-11,-4914.2967396754658552445818
2020-08-12,-6982.9167390441675642000417
2020-08-13,3026.0132615872529654523740
2020-08-14,40.5332622187957573817885
2020-08-17,-687.5667371495391647380914
2020-08-18,6525.6632634822482227710247
2020-08-19,-1706.4267358858420564079874
2020-08-20,-5127.8967352538099785876670
2020-08-21,888.8432653783444799240339
2020-08-24,-933.4167339893786571762494
2020-08-25,-1263.8667333569793661872934
2020-08-26,-447.6267327244576234032851
2020-08-27,1600.0532679081865948861786
2020-08-28,863.8532685409533123960919
2020-08-31,-5852.7567308261574471539591
2020-09-01,1121.5232698068543399602045
2020-09-02,199.9951704399886974673554
2020-09-03,-2129.1139886871887897351666
2020-09-04,-1238.8339875232152451056062
2020-09-07,323.4660136409836803110046
2020-09-08,-292.2539851945919698447379
2020-09-09,-241.7539840299421519237880
2020-09-10,3298.1660171349331777313526
2020-09-11,89.1060183000340627866349
2020-09-14,-532.2739805346394530835346
2020-09-15,3062.0660206309126738037073
2020-09-16,432.4460217966904871396817
2020-09-17,-2916.7939770373059693758295
2020-09-18,1222.8860241289233479654161
2020-09-21,-5055.6339747046215171198748
2020-09-22,-4195.5139735379405209065313
2020-09-23,-1008.7139723710336196609155
2020-09-24,-6810.4739712039007696409219
2020-09-25,3934.0860299634580729040253
2020-09-28,1445.8660311310429517329733
2020-09-29,3291.4060322988539106134421
2020-09-30,267.6260334668909933214267
2020-10-01,2041.1260346351542436413982
2020-10-05,1338.0444558036437053663061
2020-10-06,3933.0121137123606388996805
2020-10-07,-1338.0178858783601660213265
2020-10-08,1604.3021145309982779955276
2020-10-09,3028.6021149404359862952547
2020-10-12,1452.9321153499529742258382
2020-10-13,-185.1378842404507428617669
2020-10-14,-1630.2378838307751496136331
2020-10-15,-3040.0478834210202306728599
2020-10-16,1849.9321169888140293204267
2020-10-19,1763.1121173987276457290749
2020-10-20,-361.9578821912793660810924
2020-10-21,1632.0521182187930092587231
2020-10-22,-346.2478813710552128797047
2020-10-23,-10.1778809608240171216251
2020-10-26,-2183.6978805505133880893107
2020-10-27,1270.0421198598766895979435
2020-10-28,-1607.9678797296537686761789
2020-10-29,-1938.1178793191047475250161
2020-10-30,-322.7078789084762315589265
2020-11-02,872.6021215022317946147109
2020-11-03,2920.0020119130193463914981
2020-11-04,1555.9623062515683003260497
2020-11-05,3180.6223066981289597141204
2020-11-06,4712.0423071447760868688711
2020-11-09,3762.5223075915096985330993
2020-11-10,-4410.4376919616701885471558
2020-11-11,2374.7823084852364423773880
2020-11-12,-551.4576910677703919407445
2020-11-13,1037.1823093793093252542157
2020-11-17,2854.9423098264756107212821
2020-11-18,-573.7176897262715187772873
2020-11-19,-3618.7976892789320464759880
2020-11-20,953.2623111684940443939300
2020-11-23,1314.5823116160067706044643
2020-11-24,-2022.3176879363938510691404
2020-11-25,-3120.4576874887078038483910
2020-11-26,2172.0223129590649290484546
2020-11-27,-193.8376865930756355936124
2020-12-01,-186.7576861451294809863505
2020-12-02,1455.6328943029034096617324
2020-12-03,1185.4484744397837901421710
2020-12-04,2236.9484838259141199179538
2020-12-07,2975.0084932138618908639801
2020-12-08,794.2685026036274548923038
2020-12-09,2375.5085119952111639831207
2020-12-10,-704.6514786113866298152203
2020-12-11,726.9885307838344256137981
2020-12-14,2147.9485401808746824548726
2020-12-15,-1119.8914504202655070391055
2020-12-16,2516.3885589804142094529613
2020-12-17,397.7685683829141843203913
2020-12-18,1311.3285777872347700207355
2020-12-21,-10894.8714128066236809202082
2020-12-22,3413.2085966013391840916177
2020-12-23,4774.0886060111237177185437
2020-12-24,2052.2886154227302726911866
2020-12-28,3484.4886248361592018084623
2020-12-29,1254.3086342514108579375999
2020-12-30,1274.7286436684855940141536
2020-12-31,166.4086530873837630420173
2021-01-01,1691.2086625081057180934369
2021-01-04,3844.7838419306518123090242
2021-01-05,4265.3138958099703480761706
2021-01-06,58.1539043095382677973403
2021-01-07,768.0639128107519631602115
2021-01-08,3529.3539213136117528371553
2021-01-11,2661.4139298181179555622474
2021-01-12,1589.3039383242708901312806
2021-01-13,-1140.5960531679291245982243
2021-01-14,710.3239553415182302929945
2021-01-15,-4185.3960361473867262140490
2021-01-18,-5198.8660276346436750765761
2021-01-19,6499.8639808797477028099682
2021-01-20,2010.4939893957877266119271
2021-01-21,-2239.1660020865232844425555
2021-01-22,-3728.6659935671850110635237
2021-01-25,-4261.7959850461971338991971
2021-01-27,-5655.4259765235593335359592
2021-01-28,-2742.2859679992712904983452
2021-01-29,-6418.9359594733326852490303
2021-02-01,13151.9240490542568018111827
2021-02-02,8437.1223375834974903433754
2021-02-03,2591.9783807896730946295991
2021-02-04,3969.5883882213648405927020
2021-02-05,-64.5116043455044112069447
2021-02-08,4046.1784030890656178653909
2021-02-09,-90.3515894749247935016067
2021-02-10,847.2284179625246334347092
2021-02-11,2540.6384254014141774709589
2021-02-12,1009.9084328417441174577458
2021-02-15,4089.1484402835147322996673
2021-02-16,-286.0415522732736990446745
2021-02-17,-86.5715448286208975626626
2021-02-18,78.0484626174734158123450
2021-02-19,-4768.5215299349904797989737
2021-02-22,-6608.7215224860123052218942
2021-02-23,972.1484849644082187723644
2021-02-24,5421.3584924162713714666505
2021-02-25,3786.5284998695774321978899
2021-02-26,-6039.0014926756733196429032
2021-03-01,-2072.2914852194806046106163
2021-03-02,5614.3195522381558567939728
2021-03-03,7149.2230993865883301292155
2021-03-04,-1397.2769000132758747964941
2021-03-05,-4958.6768994130238751242081
2021-03-08,-36.2768988126556483531715
2021-03-09,386.4231017878288280217278
2021-03-10,1847.8231023884295765099593
2021-03-12,-3405.8968970108533803746486
2021-03-15,-2148.0968964100200201139084
2021-03-16,-331.8168958090703201852724
2021-03-17,-5262.9768952080042580618316
2021-03-18,-4045.7568946068218112123154
2021-03-19,3464.5031059944770428989096
2021-03-22,1317.9631065958923268118407
2021-03-23,3459.2431071974240630708390
2021-03-24,-5381.7968922009277257753685
2021-03-25,-7038.3368915991630171736888
2021-03-26,3928.0231090027182114333377
2021-03-30,5219.3431096047159826075388
2021-03-31,-392.3568897931696810848893
2021-04-01,3171.2031108090612429266193
2021-04-05,-3354.9308085885912227829993
2021-04-06,1560.9780616562935031402854
2021-04-07,3916.4180728988014220395616
2021-04-08,1570.4180841434862334420001
2021-04-09,598.0180953903483588603990
2021-04-12,-14791.5418933606117801108259
2021-04-13,3346.2181178906062382043747
2021-04-15,1268.4181291440028355636996
2021-04-16,3370.3381403995784338065126
2021-04-19,-6277.4218483426665451461415
2021-04-20,-390.5818370827316792915210
2021-04-22,1496.6181741793834534548283
2021-04-23,-34.0618145563207247409111
2021-04-26,2202.0981967101562083691880
2021-04-27,3816.1382079788146751148123
2021-04-28,3370.0182192496550979074248
2021-04-29,-62.4617694773221007597199
2021-04-30,-2484.6217582021164983115595
2021-05-03,1132.2582530752723279087916
2021-05-04,-2495.3902856451551993599418
2021-05-05,4053.6919440097597097594235
2021-05-06,2603.4919463224843696994580
2021-05-07,1826.1419486356568436868936
2021-05-10,3859.9519509492772184321913
2021-05-11,-670.8280467366544193373984
2021-05-12,-862.7880444221379828778319
2021-05-14,-3120.7380421071733854282690
2021-05-17,4179.5419602082394597889296
2021-05-18,5148.6219625241006395682063
2021-05-19,1477.2919648404102407208094
2021-05-20,-1767.9580328428316499252034
2021-05-21,3282.5519694743750544750382
2021-05-24,2922.5319717920304407832201
2021-05-25,-654.0980258898654041221526
2021-05-26,1103.8219764286876066542477
2021-05-27,1961.3519787476895600245739
2021-05-28,1160.8119810671405429178079
2021-05-31,3380.8319833870406422797637
2021-06-01,454.4419857073899450730906
2021-06-02,4270.5330880281885382772766
2021-06-03,3590.3457431216468903551025
2021-06-04,780.2057461699955094275509
2021-06-07,978.6757492189343817872333
2021-06-08,1166.6157522684636217251926
2021-06-09,-3546.6942446814166564453979
2021-06-10,3991.3257583692936616107696
2021-06-11,783.0657614205946902511413
2021-06-14,-134.9342355275134561446926
2021-06-15,1498.3357675249693368250045
2021-06-16,-2579.6642294219568164158787
2021-06-17,-3659.4942263682918014212972
2021-06-18,-1037.2142233140355037230466
2021-06-21,1664.9357797408121911692429
2021-06-22,2544.8057827962513977681094
2021-06-23,-3309.5042141477177693917358
2021-06-24,597.1257889089048042465962
2021-06-25,2225.4057919661192332621759
2021-06-28,-739.2842049760743677437403
2021-06-29,2.8657980823241158522945
2021-06-30,-1178.6841988586852013040784
2021-07-01,-385.5441957991022045450186
2021-07-02,719.3071272610732208195172
2021-07-05,1768.1255436523972413403759
2021-07-06,511.6455582799529212081104
2021-07-07,840.3055729103409420916397
2021-07-08,-1371.9644124564381475814111
2021-07-09,288.9656021796162007227762
2021-07-12,188.5056168185045356442323
2021-07-13,719.9956314602274059292216
2021-07-14,512.7856461047853604302620
2021-07-15,1631.3056607521789481061468
2021-07-16,903.9256754024087180219636
2021-07-19,-3056.3743099445247806508836
2021-07-20,-3061.8342952886209986346547
2021-07-22,4749.9657193701206134547474
2021-07-23,417.6757340317006051077969
2021-07-26,777.4357486961195259213670
2021-07-27,-2090.3542366366220744012514
2021-07-28,334.0857780334763539496728
2021-07-29,594.0457927064153608903300
2021-07-30,1113.7758073821954964433916
2021-08-02,3327.7258220608173107380298
2021-08-03,3826.3098167422813540099388
2021-08-04,557.3688735637398679877005
2021-08-05,721.5388791545426406711163
2021-08-06,250.7688847464279633273948
2021-08-09,-215.7811096606039544287644
2021-08-10,-1288.0711040665529029420737
2021-08-11,-1555.8510984714186725166504
2021-08-12,2747.8589071247989465839923
2021-08-13,2369.3289127221001641369526
2021-08-16,1267.0089183204851899599473
2021-08-17,1232.7789239199542339113208
2021-08-18,1109.5589295205075058900528
2021-08-20,-4721.8410648778547841642352
2021-08-23,48.4389407248675737287303
2021-08-24,3529.1989463286747895898803
2021-08-25,271.7389519335670734808129
2021-08-26,1541.8389575395446355038003
2021-08-27,3258.3989631466076858017969
2021-08-30,6346.9389687547564345584474
2021-08-31,5633.5689743639910919980942
2021-09-01,1984.4089799743118683857856
2021-09-02,2427.0477555857189740272837
2021-09-03,4937.2835753048209343261954
2021-09-06,687.1035876149394104979922
2021-09-07,-1456.9364000725584988540522
2021-09-08,597.9636122423276678105407
2021-09-09,1910.5436245595983721216174
2021-09-13,591.4836368792540757984105
2021-09-14,1287.4436492012952406495552
2021-09-15,2483.4436615257223285731069
2021-09-16,3422.0436738525358015565590
2021-09-17,-1879.7763138182638783231408
2021-09-20,-7139.0563014866762488995723
2021-09-21,4354.8637108472991520831742
2021-09-22,1240.8837231836627869705152
2021-09-23,4964.7837355224151181973915
2021-09-24,-574.5362521364433917117150
2021-09-27,-925.6962397929122801427628
2021-09-28,-2726.1162274469910843921350
2021-09-29,-1841.6762150986793416666207
2021-09-30,-1582.1762027479765890833983
2021-10-01,-1547.0361903948823636700179
2021-10-04,5625.6731119606037976356163
2021-10-05,3634.4066318567614462625118
2021-10-06,-4555.7433668591087696908672
2021-10-07,4459.8566344252696610563070
2021-10-08,306.2566357098967866496210
2021-10-11,1570.9566369947726552439839
2021-10-12,2476.4566382798973150036291
2021-10-13,5166.5066395652708141021158
2021-10-14,4117.2566408508932007223312
2021-10-18,3005.1566421367645230564924
2021-10-19,-3291.1933565771151706938524
2021-10-20,-6838.1933552907458323178215
2021-10-21,-2908.3933540041274135951979
2021-10-22,-4121.8933527172598662964283
2021-10-25,-2190.4933514301431421826200
2021-10-26,4707.7566498572228069944598
2021-10-27,473.5566511448380294923864
2021-10-28,-7032.2933475672974264219210
2021-10-29,-3679.6433462791835124721967
2021-11-01,6174.2566550091798196271720
2021-11-02,-291.4756437022073818288521
2021-11-03,-3.6167504705475953624888
2021-11-04,3411.4332617764908311813200
2021-11-08,4892.0032740259006579793255
2021-11-09,819.6732862776823442069598
2021-11-10,334.6632985318363491285658
2021-11-11,-2800.9466892116368679025859
2021-11-12,5456.2933230472631525557196
2021-11-15,1240.3833353085368700346597
2021-11-16,-1853.6966524278152558456092
2021-11-17,-1493.9566401617927653759339
2021-11-18,-5394.1966278933951987581480
2021-11-22,-9282.0466156226220961050537
2021-11-23,4693.4133966505270025595948
2021-11-24,-2694.7965910739474426988914
2021-11-25,3625.6234212039550282738820
2021-11-26,-12463.8365665157651242785914
2021-11-29,-3501.0065542331074400237005
2021-11-30,-973.0365419480714585396998
2021-12-01,3237.8334703393432806843080
2021-12-02,4836.2953026291372382483888
2021-12-03,-2538.7745327421038588097785
2021-12-06,-8248.1745258745607466504432
2021-12-07,6627.8354809943121313604129
2021-12-08,6576.0154878645150327060250
2021-12-09,972.8254947360482149194854
2021-12-10,1440.0355016089119355837522
2021-12-13,-2574.3244915168935476683404
2021-12-14,-137.7944846413679771540725
2021-12-15,-3403.1844777645110951408292
2021-12-16,66.3655291136773561539094
2021-12-17,-9507.2144640068023654374219
2021-12-20,-11563.1744571259500020324650
2021-12-21,5341.6155497562347043010733
2021-12-22,5972.8055566397520115454287
2021-12-23,2809.0155635246021777327909
2021-12-24,-2153.4644295892145390546880
2021-12-27,2077.3355772983021193151169
2021-12-28,4159.9855841871524110243128
2021-12-29,-737.9344089226634056950015
2021-12-30,-1592.9344020311450725607249
2021-12-31,5748.3356048617076687592541
2022-01-03,5391.7056117558950766470688
2022-01-04,3131.8737986514174095348825
2022-01-05,375.3278327736838825256649
2022-01-06,-1951.4321521555167233334318
2022-01-07,2367.5978629182008373281831
2022-01-10,2876.8678779948371295565713
2022-01-11,943.3078930743927185072046
2022-01-12,2772.2379081568681694449860
2022-01-13,2690.8279232422640477442710
2022-01-14,974.3379383305809188888893
2022-01-17,1835.4679534218193484721648
2022-01-18,-6773.3920314840200978030620
2022-01-19,-2396.9420163869368541244135
2022-01-20,-2747.3720012869303545699532
2022-01-21,-6021.3119861840000331081653
2022-01-24,-14725.9519710781453235979329
2022-01-25,3566.8280440306343402114833
2022-01-27,-6648.8719408576604753195342
2022-01-28,2632.5880742569707962790618
2022-01-31,5186.2080893745287215870045
2022-02-01,5331.3081044950138672937339
2022-02-02,6822.3592996184268001984190
2022-02-03,-3998.0554616658965023465666
2022-02-04,-638.8854452966960474936533
2022-02-07,-5734.7554289243260160649454
2022-02-08,-225.1054125487857943337249
2022-02-09,5472.3246038299252315455626
2022-02-10,2061.1746202118076755373301
2022-02-11,-6001.9053634031378482751268
2022-02-14,-14770.4853470149107256896071
2022-02-15,10724.1446693764896576150183
2022-02-16,-62.1953142289360839211702
2022-02-17,-492.3352978311873357391178
2022-02-18,-2120.3952814302634831607725
2022-02-21,-3190.4652650261639113890614
2022-02-22,-2034.0352486188880055078687
2022-02-23,1888.5747677915648495179882
2022-02-24,-20797.4152157948047311572184
2022-02-25,10663.7048006220038677398961
2022-02-28,3445.3748170419912616018524
2022-03-02,-2670.6051665348419340596706
2022-03-03,-2507.3538901084951036138115
2022-03-04,1336.2201445072153177590192
2022-03-07,7021.0287068761957022723110
2022-03-08,-317.5227290968880703252271
2022-03-09,-1351.1141634117149730765190
2022-03-10,-4400.2255960679639168638762
2022-03-11,2524.9029729346862496030385
2022-03-14,-3263.2484564034432602007510
2022-03-15,-1557.7998840820311706034927
2022-03-16,-472.5113101007561437246636
2022-03-17,44.2972655407032205370759
2022-03-21,-420.8141571573316154840703
2022-03-22,974.5544218054608727910165
2022-03-23,561.1230024294022721984220
2022-03-24,871.2115847148142318432539
2022-03-25,1129.6201686620184631116991
2022-03-28,-1506.0512457286632603169170
2022-03-29,-1557.7226584569091024580683
2022-03-30,-317.3940695223971650099640
2022-03-31,96.0545210751945126585178
2022-04-01,2369.9831133361879535198992
2022-04-04,-2294.5526627390947570998265
2022-04-05,-283.9542375054424916783723
2022-04-06,-884.0842363896477515505326
2022-04-07,-1261.7342352736369595219627
2022-04-08,1859.9457658425899262415764
2022-04-11,1619.9357669590329475824239
2022-04-12,-1567.1842319243078536489786
2022-04-13,1710.6857691925675644059134
2022-04-18,-1496.8842296903407563862499
2022-04-19,-4072.1642285730327741507121
2022-04-20,-1377.9342274555084470046081
2022-04-21,2571.3257736622322669430363
2022-04-22,-1733.0642252198105904086925
2022-04-25,-4835.2842241016369771525959
2022-04-26,1290.0357770167531486266398
2022-04-27,-2643.5442218646401711475559
2022-04-28,1391.5357792541831054563640
2022-04-29,1231.5457803732230203780660
2022-05-02,-3621.3642185075203844346626
2022-05-04,-6726.0936473880470670259123
2022-05-05,3291.2935698197014787604322
2022-05-06,-4758.6764236801573278488032
2022-05-09,-4261.1164171787575088261543
2022-05-10,-5683.6164106760988204633025
2022-05-11,-1301.1664041721810190047396
2022-05-12,-5254.9963976670038606477593
2022-05-13,-4190.2763911605671015424475
2022-05-16,1322.1036153471295022083272
2022-05-17,6545.9536218560861945489210
2022-05-18,316.8436283663032194709264
2022-05-19,-4629.1363651222191789868206
2022-05-20,4113.7436413905192432617692
2022-05-23,497.1736479045187303500483
2022-05-24,-2659.9263455802204735413598
2022-05-25,-3085.0063390636981241845508
2022-05-26,848.2936674540860226956701
2022-05-27,2372.2936739731322114217964
2022-05-30,4500.1536804934406863636300
2022-05-31,292.7636870150116919382901
2022-06-01,-4060.0763064621545273897770
2022-06-02,2747.2721000619422728912102
2022-06-03,864.4455551500470242980989
2022-06-06,-685.3064797515723001629888
2022-06-07,-636.8685131109055905004416
2022-06-08,138.0194550723457869117637
2022-06-09,380.1774247984805235242308
2022-06-10,-636.8446039322026313766602
2022-06-13,1881.5233688805951293424470
2022-06-14,-2961.4686567628273293269152
2022-06-15,234.9193191378289154761657
2022-06-16,573.9372965828628444931868
2022-06-17,1784.6952755725734963574380
2022-06-20,-1217.9567438927400323947891
2022-06-21,-152.4887618127785873129887
2022-06-22,-443.0607781872429560212277
2022-06-23,428.6872069841661317930715
2022-06-24,-443.0448062982519956096519
2022-06-27,1058.2931819658020479901245
2022-06-28,-297.7388282233722932177719
2022-06-29,-152.4408368654755170619833
2022-06-30,41.2871560397919366216052
2022-07-01,2947.0951504927296860010946
2022-07-04,1558.5587064936374072598038
2022-07-05,618.7903467557015560856773
2022-07-06,-2988.7016000843887934929996
2022-07-07,-2748.1935453651417104855889
2022-07-08,-54.5854890862552595951458
2022-07-11,-6.4774312474274470608411
2022-07-12,330.2306281516437793533595
2022-07-13,-824.1613108887394696299825
2022-07-14,-631.7532483682750247904531
2022-07-15,-872.2451842866606583984594
2022-07-18,2158.0628813564059157961002
2022-07-19,-727.9290514387729574248331
2022-07-20,41.6790173281051252638550
2022-07-21,-1689.9129123426573742582118
2022-07-22,3216.2951595492420644544368
2022-07-25,-391.1967669958939795755416
2022-07-26,-631.6886919777628687369601
2022-07-27,570.8193846039380931812422
2022-07-28,2206.2274627495116610013471
2022-07-29,234.1355424592606481682056
2022-08-01,811.3436237334879267605896
2022-08-02,-651.0526934275035724974548
2022-08-03,603.6005056568872337146772
2022-08-04,2344.1905057547978329272441
2022-08-05,381.2205058527273906187325
2022-08-08,1260.5205059506759104600823
2022-08-10,1494.0005060486433961229443
2022-08-11,1666.6205061466298512796801
2022-08-12,1025.0305062446352796033622
2022-08-16,-301.4594936573403152322252
2022-08-17,1412.0305064407030704474130
2022-08-18,-60.8694934612345596825163
2022-08-19,-3008.8894933631532019460947
2022-08-22,-5096.2694932650528526666922
2022-08-23,2179.8005068330664918330335
2022-08-24,1370.2605069312048352311364
2022-08-25,538.2805070293621812063830
2022-08-26,-1487.9994928724614665617483
2022-08-29,-4989.1894927742661043930663
2022-08-30,5317.9905073239482713933328
2022-09-01,-5042.9494925778183355209348
2022-09-02,-1140.9851324795659214535396
2022-09-05,1665.8668160241956682177590
2022-09-06,1074.4568192802909512824994
2022-09-07,531.9868225370167137262553
2022-09-08,2306.1268257943730776290685
2022-09-09,719.7268290523601650946186
2022-09-12,3395.4668323109780982502288
2022-09-13,2940.4768355702269992468696
2022-09-14,-98.9531611698930097408365
2022-09-15,1063.6268420906181934853901
2022-09-16,-10338.6931546482392688525099
2022-09-19,1427.2068486135347254910699
2022-09-20,3880.4968518759402987854069
2022-09-21,-3915.5031448610224266765470
2022-09-22,229.2168584026466714218402
2022-09-23,-7446.6031383330522845791156
2022-09-26,-9554.6631350681191723154094
2022-09-27,291.8368681974461306006568
2022-09-28,-3163.1231285363562534195205
2022-09-29,-893.1531252695262019408426
2022-09-30,4561.8368779979364074954966
2022-10-03,-7122.4931187339683026279852
2022-10-04,8764.7370445347597901949461
2022-10-06,1636.4739695963566821961509
2022-10-07,-289.1182243892895726242101
2022-10-10,-2001.2704168634533140385337
2022-10-11,-2400.3026078258418729221165
2022-10-12,578.5852027238374765194157
2022-10-13,-1950.2069852141224832389192
2022-10-14,-715.9591716394289130304840
2022-10-17,1209.6486434482110830139543
2022-10-18,2249.0164600490904574772044
2022-10-19,-284.4157218364977803333680
2022-10-20,2091.2720977917394356251434
2022-10-21,-2622.9600810659047718578287
2022-10-24,1334.9677415908627767646624
2022-10-25,-674.1444342376646821919323
2022-10-27,1956.7433914488061443673347
2022-10-28,-349.3287813494313936720990
2022-10-31,1214.3590473679161103766915
2022-11-01,2499.6468776011421200131164
2022-11-02,-1097.0684906494598444399281
2022-11-03,15.8897445184734969849543
2022-11-04,809.4897464053095450363194
2022-11-07,2774.4597482925109421074345
2022-11-09,-706.3102498199222410589850
2022-11-10,-3665.2102479319899337065252
2022-11-11,5615.2397539563079349349283
2022-11-14,984.2297558449714356491929
2022-11-15,1204.2597577340006392337921
2022-11-16,-1681.3302403766043835000421
2022-11-17,-2310.8302384868435617273663
2022-11-18,-1356.5002365967168246095236
2022-11-21,-2718.0702347062241012941402
2022-11-22,1094.4797671846346790848766
2022-11-23,824.0697690758595874073415
2022-11-24,3171.5897709674506945667938
2022-11-25,1254.5597728594080714704995
2022-11-28,1188.3997747517317890394549
2022-11-29,1477.5297766444219182083887
2022-11-30,3371.6097785374785299257643
2022-12-01,1773.0597804309016951537833
2022-12-02,-435.3834476753085151316121
2022-12-05,-505.9088026188179802643964
2022-12-06,-367.1687888328329973779746
2022-12-07,-911.6287750441786272361076
2022-12-08,1681.4512387471456470360112
2022-12-09,-2407.8887474588596575867288
2022-12-12,141.7312663378059759706633
2022-12-13,921.1112801371430648833004
2022-12-14,1474.4312939391521264264362
2022-12-15,-5067.8286922561663220245154
2022-12-16,-4415.1686784488117629939609
2022-12-19,3823.4513353612163210938925
2022-12-20,-526.5286508260815520849443
2022-12-21,-5327.3486370107048647542222
2022-12-22,-2491.9886231926530990374350
2022-12-23,-11109.6086093719257369577997
2022-12-26,6632.8714044514777395617626
2022-12-27,2472.7714182775578486986468
2022-12-28,940.7314321063151087305820
2022-12-29,967.2914459377500380356523
2022-12-30,-1072.2085402281368449076844
2023-01-02,873.7914736086549784794225
2023-01-03,736.3356574481260268762369
2023-01-04,-186.3719641734139217091183
2023-01-05,-1898.1619626174327493463948
2023-01-06,-2641.9319610611502915610936
2023-01-09,5355.5380404954335099848343
2023-01-10,-2913.4419579476812863592663
2023-01-11,262.3880436095053777672480
2023-01-12,-852.1019548330064392636791
2023-01-13,2274.4480467247833209311984
2023-01-16,1477.8180482828747167464317
2023-01-17,605.9080498412678065878787
2023-01-18,1064.0880513999626488727064
2023-01-19,-56.0719470410406979706066
2023-01-20,107.9880545182578244977317
2023-01-23,1083.2380560778582747288289
2023-01-24,591.2280576377607111851107
2023-01-25,-3154.9419408020348076596770
2023-01-27,-3104.5319392415282233204663
2023-01-30,218.7780623192805226991353
2023-01-31,-237.7919361196085110931529
2023-02-01,2910.5280654418047338217173
2023-02-02,4321.8300770035203159741249
2023-02-03,-1981.5168840186008474935882
2023-02-06,-2295.1368795426416599121602
2023-02-07,-356.3968750658157900859701
2023-02-08,2189.2431294118769298011040
2023-02-09,6.1631338904366675976786
2023-02-10,-2325.6768616301364088151292
2023-02-13,-933.4768571498421315236958
2023-02-14,2015.7831473313196674181161
2023-02-15,-1436.5968481866508440110368
2023-02-16,379.8231562962465022000277
2023-02-17,-2115.3968392199881259049758
2023-02-20,1025.2831652646454397502055
2023-02-21,-864.9368302498526327256308
2023-02-22,-3433.3768257634821751911362
2023-02-23,-1806.1768212762430194724047
2023-02-24,-938.2968167881349973629670
2023-02-27,-2412.3368122991579406237838
2023-02-28,-1068.3568078093116809832392
2023-03-01,3241.5431966814039498628644
2023-03-02,-1797.2926888270108797486857
2023-03-03,82.2361086372778225962175
2023-03-06,167.7437543524947132684917
2023-03-08,-3081.2485984518446857209137
2023-03-09,-174.2409497754537153064558
2023-03-10,1578.5167003819543390833481
2023-03-13,5981.7743520206662475366686
2023-03-14,1364.7820051409688356691138
2023-03-15,-815.4603402568510153655190
2023-03-16,3331.2973158274936311355105
2023-03-17,253.3049733942897674346417
2023-03-20,4998.5626324438244413647714
2023-03-21,-1798.6797070236152436599866
2023-03-22,-1841.4220450077421286335388
2023-03-23,1407.5856184917310010529520
2023-03-24,2348.0932834750914156218332
2023-03-27,-2097.8990500573735590802690
2023-03-28,82.3586178946234584283206
2023-03-29,1236.6162873313699052750992
2023-03-31,1450.3739582531532742441606
2023-04-03,-900.8683693397388862130279
2023-04-05,4520.3661245529810280331531
2023-04-06,-164.3260577796532918326439
2023-04-10,-1726.8780658853140950147526
2023-04-11,740.3299275564996509485831
2023-04-12,740.3379225460875843381782
2023-04-13,945.9459190837494014539599
2023-04-17,-781.0860828302151433737981
2023-04-18,-863.3180831955062377732395
2023-04-19,-1603.4700820118240113196866
2023-04-20,2179.5779207211314644756008
2023-04-21,-1397.8540749963398238233322
2023-04-24,-82.0060691639378315658900
2023-04-25,288.0819382186375439963208
2023-04-26,699.2899471516864637207405
2023-04-27,0.2579576355091465851085
2023-04-28,-863.2540303295941303012832
2023-05-02,288.1139832566769683136663
2023-05-03,2605.2811583946228358361248
2023-05-04,3748.5687126933811885153851
2023-05-05,-1767.4712817469654478402332
2023-05-08,661.4587238137644343011605
2023-05-09,811.2387293755710433863880
2023-05-10,570.3287349384545879026329
2023-05-11,131.0787405024152763774483
2023-05-12,-1987.6812539325466826212358
2023-05-15,2686.0487516335689195148965
2023-05-16,-1840.8412427992377085654469
2023-05-17,-2576.5212372309663581731564
2023-05-18,-889.3612316616168205787148
2023-05-19,214.3587739088111129878124
2023-05-22,3212.1087794803176513367834
2023-05-23,-1958.3512149470969966810115
2023-05-24,473.6087906265673778256580
2023-05-25,-736.6312037986890162115301
2023-05-26,1826.6788017771340301795579
2023-05-29,775.4388073540367260115186
2023-05-30,73.0088129320192803374204
2023-05-31,-796.3711814889180977491897
2023-06-01,-1298.3011759087751991142775
2023-06-02,1269.5073096724481854166857
2023-06-05,-1989.5902899246974636574508
2023-06-06,2440.2097119554693357538209
2023-06-07,1546.5697138360001928148499
2023-06-08,-2505.7102842831048219816966
2023-06-09,964.0897175981543618704981
2023-06-12,613.5697194797778148914027
2023-06-13,1738.0897213617656076146411
2023-06-14,-681.2302767558821894125059
2023-06-15,-1751.9902748731655056290967
2023-06-16,4827.3697270099157295394724
2023-06-19,-1280.5102711066384133185292
2023-06-20,1259.7697307771721363988359
2023-06-21,-2166.9502673386525506928240
2023-06-22,-4413.5902654541124039642277
2023-06-23,-1810.3102635692073527724177
2023-06-26,2007.0097383160626735392422
2023-06-27,-855.9502597983022543589310
2023-06-28,171.3697420876979342170643
2023-06-30,1346.4097439740633099649157
2023-07-03,1419.2497458607939435960005
2023-07-04,694.6014777478899058353874
2023-07-05,1394.9506262909055627198476
2023-07-06,2069.0606341573948497711025
2023-07-07,-3190.5093579745926708722673
2023-07-10,-1673.5293501050567042737641
2023-07-11,2276.8206577660030445602184
2023-07-12,1000.1306656385868706804064
2023-07-13,-5.5593264873049308053433
2023-07-14,2161.9906813883279352679682
2023-07-17,2015.7406892654857641224927
2023-07-18,179.0406971441688510375461
2023-07-19,1535.1907050243774913496189
2023-07-20,587.3807129061119804523886
2023-07-21,-2214.5492792106273862032710
2023-07-24,-1696.3692713258403131092770
2023-07-25,1657.8107365604734952996724
2023-07-26,1604.3307444483143346461095
2023-07-27,-29.0292476623174993901916
2023-07-28,1495.5607602285782889277956
2023-07-31,1768.8407681210019953943614
2023-08-01,143.0407760149539158610707
2023-08-02,-5413.5512160895656537632253
2023-08-03,-2859.0620657404728955144017
2023-08-04,3509.7279357958417957710316
2023-08-07,1463.5779373324539644483494
2023-08-08,304.2879388693636681182501
2023-08-09,885.9779404065709643925849
2023-08-10,-2260.1120580559240891056394
2023-08-11,-365.1420565181214347422586
2023-08-14,-3754.6920549800210148719486
2023-08-16,192.0179465583772281617767
2023-08-17,-1340.9620519029266479734331
2023-08-18,-2307.1420503639325855987614
2023-08-21,1796.5979511753594729757762
2023-08-22,444.4479527149495854513349
2023-08-23,2421.5679542548378095402425
2023-08-24,-1101.8120442049757970339983
2023-08-25,-1554.9820426644911765367078
2023-08-28,199.6779588762917287779729
2023-08-29,2923.4079604173729766670843
2023-08-30,395.4679619587526248988499
2023-08-31,-1113.2920364995692687473206
2023-09-01,2575.8479650424073535191701
2023-09-04,3209.5239765846825495001095
2023-09-05,761.0284457170427577850999
2023-09-06,1418.0284512250013577838555
2023-09-07,2374.8284567340264665963529
2023-09-08,2890.4284622441182907312336
2023-09-11,3913.8284677552770367371259
2023-09-12,-5051.3715267324970887973477
2023-09-13,2028.4284787807961207564367
2023-09-14,1569.4284842951568720671130
2023-09-15,964.2284898105853718433325
2023-09-18,119.0284953270818268337714
2023-09-20,-3286.3714991553535561728615
2023-09-21,-5229.3714936367205703478162
2023-09-22,-1112.3714881170190088222947
2023-09-25,-824.3714825962486646874428
2023-09-26,165.6285229255906690056573
2023-09-27,1469.8285284484991992459956
2023-09-28,-4355.7714660275228669373592
2023-09-29,2807.4285394975246775247493
2023-10-03,-1502.5714549763579602584278
2023-10-04,-3514.1058494491705731375369
2023-10-05,1100.9342742466550036973393
2023-10-06,2352.7742866921099412448368
2023-10-09,-3985.9957008600253014639370
2023-10-10,4731.2143115902497421856357
2023-10-11,2397.0343240429355388985234
2023-10-12,476.4243364980325554700630
2023-10-13,-710.2056510444587412140232
2023-10-16,332.8343614154621158223910
2023-10-17,1605.4143738777955936458525
2023-10-18,-2985.5856136574578405866541
2023-10-19,-1225.4056011902977196276873
2023-10-20,-3107.1655887207235761393332
2023-10-23,-6255.2055762487349426931865
2023-10-25,-3359.6455637743313517703335
2023-10-26,-3343.9955512975123357613349
2023-10-27,4606.4344611817225730337923
2023-10-30,1326.9144736633738424055921
2023-10-31,397.4044861474419402351869
2023-11-01,-2554.3455013660726655057047
2023-11-02,3571.3432511228304932452493
2023-11-03,1779.9084847652785242390622
2023-11-06,1821.3084864081879230273316
2023-11-07,-11.5315119485845608053057
2023-11-08,1279.0484896949611343383798
2023-11-09,-3011.1515086611749299324558
2023-11-10,3042.8284929830073080032735
2023-11-12,36.2084946275079097785849
2023-11-13,-907.8715037276730629615697
2023-11-15,4363.9884979174644514396972
2023-11-16,454.9884995629205146512123
2023-11-17,3485.0285012086951883537432
2023-11-20,-1404.1914971452114657599996
2023-11-21,976.5285045012006140146405
2023-11-22,259.3485061479314893942676
2023-11-23,187.7085077949812221074362
2023-11-24,115.7885094423498738946534
2023-11-28,2553.9085110900375065083810
2023-11-29,5257.7085127380441817130380
2023-11-30,3151.6085143863699612850029
2023-12-01,2816.0485160350149070126159
2023-12-04,6370.6845576839790806961817
2023-12-05,-705.1160782217396182228006
2023-12-06,2013.1539225376362928884834
2023-12-07,2663.1439232971592423420931
2023-12-08,-1962.4060759431707413908626
2023-12-11,-1345.4160751833536298337622
2023-12-12,-2228.5260744233893945044701
2023-12-13,1465.0039263367219930846642
2023-12-14,7714.1139270969805614268074
2023-12-15,666.4339278573863390206430
2023-12-18,-114.1760713820606456296268
2023-12-19,706.1439293786396359857192
2023-12-20,-5650.4160698605127876180774
2023-12-21,2794.8939309004821120797465
2023-12-22,3419.3539316616243636054762
2023-12-26,3708.1739324229139954909211
2023-12-27,1729.0739331843510362734146
2023-12-28,2122.9139339459355144958163
2023-12-29,1149.3439347076674587065123
2024-01-01,686.0239354695468974594166
2024-01-02,-597.8587337684261406860277
2024-01-03,669.0149492593250839104133
2024-01-04,4221.0549540902628049260192
2024-01-05,-236.2650410778640571403717
2024-01-08,-4113.3950362450553211635078
2024-01-09,1121.1549685886891940169340
2024-01-10,1336.0449734233696695963548
2024-01-11,2540.3149782589862868052409
2024-01-12,3163.2749830955392269091700
2024-01-15,2934.7849879330286712088188
2024-01-16,-1121.0450072285451989600311
2024-01-17,-7301.6850023891822022264856
2024-01-18,-2224.5149975488821571845320
2024-01-19,5330.6050072923551176069684
2024-01-20,-473.7349878654701963757131
2024-01-23,-10100.2549830223579176211663
2024-01-24,6397.1050218216921354171656
2024-01-25,894.2450266666801443209924
2024-01-29,5844.9250315126062907071830
2024-01-30,-2956.2949636405292437722264
2024-01-31,4128.3550412072737225699736
2024-02-01,695.2350460560153714561722
2024-02-02,3353.9421709056958846439460
2024-02-05,-2188.9974658705356188408475
2024-02-06,5197.0225384927592838771516
2024-02-07,4445.9425428568990535973653
2024-02-08,-1651.4174527781161460881810
2024-02-09,-29.3774484122861515557852
2024-02-12,-5835.5174440456107991500627
2024-02-13,2906.5225603219100748160596
2024-02-14,4535.7225646902766340613499
2024-02-15,3664.8025690594890423362770
2024-02-16,3337.0625734295474634230170
2024-02-19,1685.5225778004520611354594
2024-02-20,648.5825821722029993192126
2024-02-21,-3092.7574134551995581483890
2024-02-22,4786.9225909182445526417201
2024-02-23,574.3825952925354956303439
2024-02-26,-596.3174003323265652099704
2024-02-27,296.5426040436585341250751
2024-02-28,-5833.6573915795090423284657
2024-02-29,2881.1626127981708694972231
2024-03-01,5669.6026171766984337017268
2024-03-02,1908.1700415560738144164045
2024-03-04,939.1778137186428485357952
2024-03-05,110.7978171679222127842764
2024-03-06,600.9178206178694627432688
2024-03-07,2572.0078240684847277358214
2024-03-11,-1441.7121724802318628899770
2024-03-12,-4988.5921690282801797609910
2024-03-13,-12398.2121655756600934790350
2024-03-14,7319.9178378776285253791320
2024-03-15,-3801.9621586684141937381886
2024-03-18,1763.8478447862118786423697
2024-03-19,-7188.5021517584931279807565
2024-03-20,981.0478516974709159159441
2024-03-21,7821.2978551541041398810625
2024-03-22,1908.9278586114066734882743
2024-03-26,1447.3878620693786463363447
2024-03-27,2333.9878655280201880491328
2024-03-28,4825.9578689873314282755973
2024-04-01,6188.4778724473124966898004
2024-04-02,3267.3031359079635229909134
2024-04-03,759.9989280238424428074135
2024-04-04,-566.0210644385045818203671
2024-04-05,1584.4589431006079131156272
2024-04-08,3529.8589506411802102229086
2024-04-09,-754.3510418167874078362888
2024-04-10,3291.2689657267053416550009
2024-04-12,-3680.2710267283412585315139
2024-04-15,-6947.8310191819269255693713
2024-04-16,-1282.3110116340513765773457
2024-04-18,-2175.4010040847143286194371
2024-04-19,1583.1690034660845012951395
2024-04-22,5102.7790110183453962119650
2024-04-23,1184.4090185720686392314262
2024-04-24,2090.0790261272545135087271
2024-04-25,2909.2090336839033022538991
2024-04-26,1267.4890412420152887318113
2024-04-29,3070.2290488015907562621823
2024-04-30,1640.4490563626299882195893
2024-05-02,4950.3390639251332680334799
2024-05-03,-2405.0258085108991208118179
2024-05-06,-3956.5267976556153158210851
2024-05-07,-5573.5867931629336196045002
2024-05-08,3145.9032113306179968446644
2024-05-09,-9180.6067841749602980304961
2024-05-10,4013.1232203203316642457296
2024-05-13,1784.7532248164940521816742
2024-05-14,5422.9132293135270343182994
2024-05-15,1249.4532338114307792292011
2024-05-16,3934.0332383102054555206165
2024-05-17,4585.4032428098512318314297
2024-05-18,2662.8332473103682768331791
2024-05-21,3214.5032518117567592300623
2024-05-22,1366.2732563140168477589438
2024-05-23,5863.5632608171487111893603
2024-05-24,2213.5432653211525183235276
2024-05-27,-156.9467301739715620036533
2024-05-28,-2972.7167256682233609245896
2024-05-29,-3956.2467211616027095389910
2024-05-30,-4388.1167166541094389138624
2024-05-31,1028.6032878542566199165011
2024-06-03,19528.5032923634956359505222
2024-06-04,-12379.5015231263922217806536
2024-06-05,-9738.2606514523234524156379
2024-06-06,7361.9593561667557659681482
2024-06-07,9903.4593637873102705203892
2024-06-10,1881.4393714093403469014935
2024-06-11,708.6393790328462808271817
2024-06-12,2685.1593866578283580684977
2024-06-13,3435.1193942842868644518196
2024-06-14,4435.6994019122220858588697
2024-06-18,2739.8794095416343082267264
2024-06-19,-2796.4205828274761824521662
2024-06-20,677.0194248048908998700128
2024-06-21,-2977.8405675612641587035276
2024-06-24,2555.0994400740589279858193
2024-06-25,1340.4594477108604461520695
2024-06-26,1346.8394553491406820646589
2024-06-27,2180.6594629888999220484536
2024-06-28,1341.7194706301384524837613
2024-07-01,3532.4194782728565598063413
2024-07-02,736.6692359170545305074157
2024-07-03,3297.9824501571390145871280
2024-07-04,1908.0024545041743134087135
2024-07-05,2425.0224588520513308771749
2024-07-08,-252.3875367992297700250801
2024-07-09,2708.2824675503311737159152
2024-07-10,-436.3975280992656748543086
2024-07-11,568.0924762519798473413498
2024-07-12,74.2524806040679034115686
2024-07-15,3715.8924849569986564966089
2024-07-16,-1061.2375106892277302316799
2024-07-18,-1221.3375063346110935698524
2024-07-19,-9476.9975019791512702828630
2024-07-22,2471.2225023771519028959420
2024-07-23,-2012.5074932657014107351708
2024-07-24,-214.8074889077110478463153
2024-07-25,999.4125154511231549240207
2024-07-26,10019.4025198108013609689808
2024-07-29,3640.2825241713237337133465
2024-07-30,116.6025285326904366135436
2024-07-31,2769.5125328949016331576476
2024-08-01,-524.6374627420425131346092
2024-08-02,-6314.9773983781418387118325
2024-08-05,-12851.0564083970430115669934
2024-08-06,-8941.8264038289889808185106
2024-08-07,11686.6436007399495645458669
2024-08-08,-3101.2563946902272042048480
2024-08-09,5627.1436098804808842315208
2024-08-12,-1173.3863855479259988096813
2024-08-13,-5344.4163809754476819599333
2024-08-14,189.9436235979160061824682
2024-08-16,9335.6536281721652370524151
2024-08-19,2611.2936327473001821179940
2024-08-20,4458.1436373233210128804936
2024-08-21,1285.4836419002279008744100
2024-08-22,2522.1236464780210176674537
2024-08-23,-765.8463489432994651394439
2024-08-26,3916.7636556362666240878755
2024-08-27,101.9236602167194570168043
2024-08-28,938.4336647980592053479741
2024-08-29,668.3636693802860408152640
2024-08-30,2161.4336739634001351858053
2024-09-02,677.6536785474016602599888
2024-09-03,722.6536831322907878714712
2024-09-04,271.9336877180676898871816
2024-09-05,-1846.4463076952674617926726
2024-09-06,-5769.1263031077144952345988
2024-09-09,-45.8962985192732384718123
2024-09-10,2470.8137060700564804957687
2024-09-11,-3504.7462893397251662984686
2024-09-12,9510.7937152513819932121731
2024-09-13,814.8737198433781311277090
2024-09-16,88.5037244362634195814780
2024-09-17,238.3937290300380307401492
2024-09-18,-1749.2662663752978631962716
2024-09-19,-1457.8762617797440899944356
2024-09-20,7317.6337428166995226123562
2024-09-23,7067.6637474140331469241584
2024-09-24,305.8837520122569552743880
2024-09-25,-71.5062433886288799701682
2024-09-26,3594.7937612113758135906510
2024-09-27,2767.4237658122712083903896
2024-09-30,-4733.0262295859425231040204
2024-10-01,-926.7962249832652083922520
2024-10-03,-11695.2562203796966749405771
2024-10-04,-4532.4862157752367501818595
2024-10-07,-9458.2862111698852615155491
2024-10-08,5839.7037934363579636923255
2024-10-09,2620.5737980434930981091622
2024-10-10,96.9038026515203144357931
2024-10-11,-310.8061927395602145935097
2024-10-14,3368.8038118702516837889723
2024-10-15,-79.3961835190438176155890
2024-10-16,-2108.9161789074465459725620
2024-10-17,-8964.9361742949563284138496
2024-10-18,2127.1838303184270079621183
2024-10-21,-5451.3361650672963639096093
2024-10-22,-11947.5961604521262710604978
2024-10-23,-1391.1561558360625404885210
2024-10-24,-2488.7561512191049991581537
2024-10-25,-5384.8361466012534740003661
2024-10-28,2908.3238580174922080873831
2024-10-29,3752.3038626371322202411533
2024-10-30,-2694.0961327423332643694718
2024-10-31,-2972.5761281209040725413779
2024-11-01,5597.2338765014199689620875
2024-11-04,-11496.3654488753609665888800
2024-11-05,1202.4621547267362914097115
2024-11-06,5173.5921551439571208218891
2024-11-07,-8772.2578444387412630853933
2024-11-08,-555.0078440213588446693702
2024-11-11,-1294.3678436038956082842465
2024-11-12,-13822.5878431863515382811980
2024-11-13,-3580.4278427687266190083703
2024-11-14,-5184.9578423510208348108786
2024-11-18,4645.5521580667658299691939
2024-11-19,5143.7621584846333909927951
2024-11-21,-306.5278410974181360760945
2024-11-22,8515.0021593206112644295390
2024-11-25,1515.0921597387216081797426
2024-11-26,-3716.8478398430870891524020
2024-11-27,5196.3721605751851881092213
2024-11-28,688.7421609935384556437640
2024-11-29,3004.8321614119727291334139
2024-12-02,-386.0078381695119757366051
2024-12-03,4391.0603622490843567219684
2024-12-04,1085.8389122786849570455064
2024-12-05,1026.6389140043739932757451
2024-12-06,1601.9189157303971755482067
2024-12-09,605.5089174567545685637585
2024-12-10,3308.5489191834462370357961
2024-12-11,2277.3389209104722456902454
2024-12-12,1320.8189226378326592655651
2024-12-13,-4467.9510756344724574872502
2024-12-16,254.5989260935569601953311
2024-12-17,-5627.2710721780790229106186
2024-12-18,-2618.1910704493803420164846
2024-12-19,-5302.2110687203469323211068
2024-12-20,-9728.4310669909787290107783
2024-12-23,3563.1789347387243327407586
2024-12-24,-1155.7610635312376822276868
2024-12-26,2228.6289381991352909352500
2024-12-27,-1020.1010600701566829065094
2024-12-30,-3074.9210583391135388764841
2024-12-31,-1039.6620866077352120856304
