date,pnl
2008-04-22,0.000000
2008-04-23,19.3630506544079874259124
2008-04-24,19.3667999317144391218134
2008-04-25,19.3705499349953548401798
2008-04-28,19.3743006643913053842181
2008-04-29,19.3780521200428887759310
2008-04-30,19.3818043020907302613872
2008-05-02,19.3855572106754823159932
2008-05-05,-181.0609791540621753502345
2008-05-06,208.9361876957654859252382
2008-05-07,299.6173100145250415594079
2008-05-08,-513.04156744940025288974150
2008-05-09,-215.78044469596831857965205
2008-05-12,-5.26932172513706852001802
2008-05-13,-260.49819853686440757120851
2008-05-14,288.11292486889176755731063
2008-05-15,798.57404849217356830855495
2008-05-16,959.6851723330231142796003
2008-05-20,443.9762963914825332231608
2008-05-21,1007.8474206675939610491697
2008-05-22,-473.6914548386004581736433
2008-05-23,-576.7603301270585722161703
2008-05-26,-865.1992051977382206873461
2008-05-27,234.4019199494027649674320
2008-05-28,-709.4169546855934385321143
2008-05-29,-299.6958291026846462995638
2008-05-30,-657.06470330182866528021449
2008-06-02,-785.76357728298329424950169
2008-06-03,-47.21766104610632381141626
2008-06-04,-538.16031184799786002799245
2008-06-05,-58.55772113220358602966922
2008-06-06,253.18487008523229952567654
2008-06-09,876.66746180440692975739418
2008-06-10,-610.08994597458254340723179
2008-06-11,-346.30735325163894922934003
2008-06-12,-130.48476002666509815484977
2008-06-13,-130.48216629956378181081767
2008-06-16,181.26042792976222699820610
2008-06-17,349.12302266141017429382250
2008-06-18,-10.57438210452267507257113
2008-06-19,253.20821363206096258386503
2008-06-20,229.23080987125838978505996
2008-06-23,397.09340661316692789367926
2008-06-24,-466.18399614211608288322675
2008-06-25,-226.38139839449328349057411
2008-06-26,133.32119985613270397840427
2008-06-27,1116.50379860985927628580892
2008-06-30,756.8063978667838490527246
2008-07-01,-154.4310023729961432371276
2008-07-02,-138.0094021093832472337382
2008-07-03,384.9819154949637264136627
2008-07-04,-264.8954468866388831094705
2008-07-07,-218.4728087575181062759014
2008-07-08,245.7298298824249485423738
2008-07-09,-334.5175309667108078782042
2008-07-10,245.7351086951735543909481
2008-07-11,431.4177488681769844342670
2008-07-14,315.3703895523984504957500
2008-07-15,1011.6730307479369399826656
2008-07-16,-241.6643275451085405307357
2008-07-17,-613.0216853266389652995100
2008-07-18,-125.6090425965552894043090
2008-07-21,152.9136006452415512523342
2008-07-22,176.1262443988506399497177
2008-07-23,-1657.4611113356289208473150
2008-07-24,176.1315334419019905153401
2008-07-25,-9.5458212684574851152368
2008-07-28,13.6668245333918123047270
2008-07-29,60.0894708475490620194135
2008-07-30,-589.78788232588653752286795
2008-07-31,176.14476501318423133403789
2008-08-01,-172.00258713513939454214878
2008-08-04,5.88687122924184093157719
2008-08-05,-894.68593880984386550727040
2008-08-06,156.91667792466985211598350
2008-08-07,-273.28070483413680087824268
2008-08-08,-10.37808708616571585665604
2008-08-11,-344.97546883131876518913932
2008-08-12,-129.87285006949780224507251
2008-08-13,-177.67023080060466138965384
2008-08-14,348.13238897545884201978008
2008-08-18,-440.56499074120908836256526
2008-08-19,133.03763004948977013273892
2008-08-20,85.24025134765365919402663
2008-08-21,491.54287315338083953221979
2008-08-22,-201.55450453323040911548848
2008-08-25,-153.75188171208178798194976
2008-08-26,-392.74925838307497926637555
2008-08-27,491.55336545388835386934821
2008-08-28,-34.24401020109343269565262
2008-08-29,109.15861465207803596244649
2008-09-01,85.26124001350115381585642
2008-09-02,-569.15781411672566611113729
2008-09-04,88.75976388210628378965756
2008-09-05,-238.31766475048643819400330
2008-09-08,63.60490711481601340451548
2008-09-09,-11.87252052188995372011953
2008-09-10,-364.10994766050791320577100
2008-09-11,-414.42737430094142001921627
2008-09-12,113.93519955690598954746797
2008-09-15,516.49777391313079788052165
2008-09-16,340.38034876782950604811802
2008-09-17,63.62292412109863380398105
2008-09-18,2202.22549997303471959100353
2008-09-19,-741.49192367626567945513425
2008-09-22,667.47065317329401249765525
2008-09-23,340.3932305218103899814869
2008-09-24,-87.3241916306199337678768
2008-09-25,113.9583867160996731925974
2008-09-26,-87.3190344379341384831661
2008-09-29,592.0035449073753005732728
2008-09-30,88.8061247521246784484926
2008-10-01,-464.7112949035892980491649
2008-10-03,-496.9351440596699033859694
2008-10-06,567.6564008818753040351970
2008-10-07,856.7390316235601724838297
2008-10-08,688.1116628746368859601663
2008-10-10,808.5642946352040782651888
2008-10-13,-1793.1530730946395977016078
2008-10-14,-420.0204403147954699385173
2008-10-15,567.6721929748351526620755
2008-10-16,-155.0251732256490196826046
2008-10-17,-853.6325389161492576420234
2008-10-20,-82.7499040965668127686367
2008-10-21,-444.09726876680291749418806
2008-10-22,-709.08463292675878512600708
2008-10-23,-805.44199657633560984330577
2008-10-24,-877.70935971543456669347514
2008-10-27,302.70327765604318841161946
2008-10-28,1242.21591553819651869934355
2008-10-29,-58.64144606887569346000057
2008-10-31,-829.51880716507454654946715
2008-11-03,134.08383224969888009824039
2008-11-04,-619.42203782445647369552247
2008-11-05,18.93208605856804311626560
2008-11-06,18.93575188798149975909184
2008-11-07,18.93941842721136263371504
2008-11-10,18.94308567639507385042718
2008-11-11,18.94675363567010213250564
2008-11-12,18.95042230517394282136634
2008-11-14,18.95409168504411788171781
2008-11-17,18.95776177541817590671627
2008-11-18,18.96143257643369212312168
2008-11-19,18.96510408822826839645489
2008-11-20,18.96877631093953323615564
2008-11-21,18.97244924470514180074166
2008-11-24,18.97612288966277590296879
2008-11-25,18.97979724595014401499198
2008-11-26,18.98347231370498127352741
2008-11-28,18.98714809306504948501557
2008-12-01,18.99082458416813713078528
2008-12-02,-68.94177821284794062778117
2008-12-03,562.52913596880305168966676
2008-12-04,-440.42829084906777582379331
2008-12-05,-177.74571716869204423541083
2008-12-08,108.81685701002672218843691
2008-12-10,108.81943168718501786201784
2008-12-11,610.30200686287935588386216
2008-12-12,-58.33541746279373195961974
2008-12-15,228.22715871026230480948120
2008-12-16,132.70973538214403536419201
2008-12-17,347.63231255294804757627760
2008-12-18,275.99489022277094801986142
2008-12-19,-631.44253160829063802495322
2008-12-22,252.12004705985993343153896
2008-12-23,204.36262622731932509226789
2008-12-24,61.08520589418421837701164
2008-12-26,-82.19221393944868657397942
2008-12-29,1087.93036672651732910364222
2008-12-30,-225.4670521078209969980533
2008-12-31,61.0955295576330914443532
2009-01-01,419.2981117229763694892568
2009-01-02,-19.6198356116943690663438
2009-01-05,-393.3138301251087688756622
2009-01-06,-370.7011839377133762418975
2009-01-07,443.2614627620646221723022
2009-01-09,-167.2058900256755607295613
2009-01-12,81.5067576991653071666582
2009-01-13,-574.18059406331352281052822
2009-01-14,194.56205468698721988547532
2009-01-15,-348.07529604983317497692906
2009-01-16,330.22735372632460159618906
2009-01-19,330.2300040155598778280108
2009-01-20,-76.7473451820279988253088
2009-01-21,827.6553061336603383290842
2009-01-22,-189.7920420372757247755338
2009-01-23,330.2406103052632170382623
2009-01-27,465.9032631613765881957727
2009-01-28,-393.2740834688361676261005
2009-01-29,-144.5614295852755874951262
2009-01-30,1347.7012248121578107799852
2009-02-02,-31.5061202764364713466899
2009-02-03,-265.9901648509589131545580
2009-02-04,-206.9441632238611458900500
2009-02-05,278.8185196888324099669286
2009-02-06,102.1812031210197096906693
2009-02-09,-118.6161129271986568820561
2009-02-10,-96.5334284557220804372153
2009-02-11,676.2692565355500678202564
2009-02-12,698.3519420467184361702287
2009-02-13,-74.4453719221163076188516
2009-02-16,212.5973146291465237138133
2009-02-17,1162.0400017006076369251466
2009-02-18,1184.1226892923677582719719
2009-02-19,-383.5546225954723664852112
2009-02-20,212.6080660371880279215495
2009-02-24,-52.3492448095502737285637
2009-02-25,-1023.8665551355864671413608
2009-02-26,-118.5838649408197285038653
2009-02-27,300.9388257748507855194654
2009-03-02,875.0215170115259377905200
2009-03-03,-813.9988412306933892986859
2009-03-04,-320.6439218722392066730346
2009-03-05,14.2388346667798727456219
2009-03-06,746.7915917395489987371474
2009-03-09,-6.6856506538284784065725
2009-03-12,-592.7228925132491883818824
2009-03-13,160.7598661613902591305172
2009-03-16,35.1826253701932744694453
2009-03-17,-174.1146148867367120028821
2009-03-18,-195.0418546092962498969761
2009-03-19,160.7709062026181312078039
2009-03-20,767.7436675491099217671279
2009-03-23,56.1264294302826322755759
2009-03-24,-488.0508081537602067294830
2009-03-25,-362.4680452029150446640092
2009-03-26,391.0147182829216891065889
2009-03-27,14.2774823038535852713375
2009-03-30,14.2802468599842545775800
2009-03-31,-278.7369880485826721651380
2009-04-01,-27.5742224217435440811857
2009-04-02,-348.6411962593946902249599
2009-04-06,-1456.2084509000280649930618
2009-04-08,674.7942950805077423127504
2009-04-09,-305.4629584072508482728848
2009-04-13,14.1897886367991176751011
2009-04-15,142.0525362127606145168942
2009-04-16,-92.3547156792633634483420
2009-04-17,-539.8619670391698019786055
2009-04-20,142.0607821331443331148056
2009-04-21,525.6435318377820959711550
2009-04-22,-28.4137179251534393158680
2009-04-23,78.1390328444408213057145
2009-04-24,653.5117841466679918500344
2009-04-27,163.3845359816312062972418
2009-04-28,-198.8827116505663814026279
2009-04-29,-348.0499587498215973257880
2009-05-04,-262.8072053160312475708326
2009-05-05,-135.2833413490921182548682
2009-05-06,-1090.4081811088449093136416
2009-05-07,836.1718192433479063951147
2009-05-08,-1125.9881804043910826228224
2009-05-11,-671.7481800520618631627671
2009-05-12,1888.8118203003355779825224
2009-05-13,-246.0581793471987459771543
2009-05-14,115.7918210053351781705601
2009-05-15,1909.0018213579373636405813
2009-05-18,6076.9818217106078236503835
2009-05-19,5743.1118220633465714200006
2009-05-20,1098.2918224161536201720259
2009-05-21,-1377.4181772309710168683864
2009-05-22,1127.3418231219726735264779
2009-05-25,1184.3818234749847045868951
2009-05-26,-2260.3381761719349104542975
2009-05-27,3425.1118241812138416383003
2009-05-28,586.7718245344309741026512
2009-05-29,2144.2718248877165001792812
2009-06-01,2240.8818252410704331112802
2009-06-02,-1180.2032044055072138556979
2009-06-03,907.4115809995838790692025
2009-06-04,1352.0415813057136293416861
2009-06-05,975.1915816119026556727833
2009-06-08,-4768.9284180818490304598529
2009-06-09,1909.4515822244585824236535
2009-06-10,2927.9515825308255058054006
2009-06-11,-1.4784171627482488302894
2009-06-12,-1080.9784168562626699968711
2009-06-15,-1399.3184165497177462055749
2009-06-16,1452.4615837568865340345936
2009-06-17,-3410.6784159364498177831464
2009-06-18,-1645.5784156297267901633504
2009-06-19,1364.7915846770556283916526
2009-06-22,-1543.9684150161025506182409
2009-06-23,139.2315852907986843090928
2009-06-24,1442.5215855977593446780046
2009-06-25,-470.6084140952205580049274
2009-06-26,2617.4815862118589877691034
2009-06-29,831.5015865189979935111317
2009-06-30,-2471.2284131738035292655787
2009-07-01,123.5715871334544309544653
2009-07-02,483.1814874407718856889862
2009-07-03,1213.7922383272877839119069
2009-07-06,-4611.3877612393037695430578
2009-07-07,805.6222391941885980990226
2009-07-08,-3620.4977603722350969121677
2009-07-09,-224.5077599385748383237973
2009-07-10,-1506.6777595048306098798885
2009-07-13,-973.6577590710023953213155
2009-07-14,3159.1822413629098216141956
2009-07-15,2691.2622417969060571920676
2009-07-16,417.2922422309863276808727
2009-07-17,2087.1222426651506493523334
2009-07-20,2645.3322430993990384813227
2009-07-21,-474.7277564662684886541350
2009-07-22,-871.3477560318519157728634
2009-07-23,2163.9922444026487734094663
2009-07-24,810.8122448372335951803362
2009-07-27,320.5622452719025658303819
2009-07-28,403.6122457066557016533937
2009-07-29,-1759.1677538585069810536837
2009-07-30,249.7022465764145340092507
2009-07-31,2079.3922470114202631454538
2009-08-03,1945.9222474465102226613389
2009-08-04,-1198.2305321183155711335226
2009-08-05,1245.0500345819602910480936
2009-08-06,-2126.4599654113435864634636
2009-08-07,-1944.1999654046461674014314
2009-08-10,-1215.3699653979474515147536
2009-08-11,-123.6999653912474385523255
2009-08-12,319.1200346154538717370062
2009-08-13,3179.5800346221564796044440
2009-08-14,338.3600346288603853012381
2009-08-17,-3845.6299653644344109213117
2009-08-18,1342.4300346422720911881423
2009-08-19,-1643.2199653510201081190032
2009-08-20,1366.2000346556889914086974
2009-08-21,1046.6800346623993900227380
2009-08-24,2130.7600346691110879746613
2009-08-25,-26.7699653241759144839412
2009-08-26,1002.2400346825383828985707
2009-08-27,-168.8399653107460196261142
2009-08-28,730.9400346959708781937418
2009-08-31,-143.0699652973109233900748
2009-09-01,-1759.9499652905914241257292
2009-09-02,411.2597147161293762386628
2009-09-03,326.4415343766733687646604
2009-09-04,1833.9415366100805666992732
2009-09-07,2090.8215388439202204009414
2009-09-08,772.4115410781924136062939
2009-09-09,-356.7984566871027699318257
2009-09-10,-215.0784544519652464443574
2009-09-11,460.3315477836050678539795
2009-09-14,-91.7484499803917432353111
2009-09-15,1766.0615522560444041055012
2009-09-16,1372.2215544929135937103766
2009-09-17,896.4615567302159094295082
2009-09-18,-575.7884410320485648706755
2009-09-22,1165.2915612061202546924939
2009-09-23,-1213.1884365552775479820736
2009-09-24,791.9615656837581110207777
2009-09-25,-812.4584320767726843675479
2009-09-29,397.0915701631301498006052
2009-09-30,1337.0715724034666974891478
2009-10-01,56.2315746442370426782487
2009-10-05,-1100.1927731145587306356626
2009-10-06,229.6715501608528401966727
2009-10-07,648.1515504610112713569228
2009-10-08,445.0415507612278223462421
2009-10-09,-442.4584489384974955815978
2009-10-12,1521.1715513618353288293543
2009-10-14,1720.5315516622263068372290
2009-10-15,607.6215519626754497023366
2009-10-16,834.9515522631827686871679
2009-10-17,269.5215525637482750563944
2009-10-20,-297.1484471356280199231311
2009-10-21,-1537.4584468349461049823744
2009-10-22,-966.4084465342059688501189
2009-10-23,513.5415537665923997470338
2009-10-26,-875.4684459325509879153342
2009-10-27,-3761.0484456316361205594583
2009-10-28,34.7615546693370130946105
2009-10-29,-780.5084450296315756709952
2009-10-30,-313.0584447285418755719579
2009-11-03,-2104.5684444273938753217752
2009-11-04,3831.5258758738124363682408
2009-11-05,1774.5364723694799495321027
2009-11-06,766.3764755590331959159721
2009-11-09,2589.0364787492040371105883
2009-11-10,-218.1935180600074072988530
2009-11-11,1994.0364851313989822959998
2009-11-12,-411.8835116765766744733421
2009-11-13,365.3064915160657420477967
2009-11-16,1630.1464947093263515372608
2009-11-17,-176.9635020967947263039327
2009-11-18,637.3765010977026282484122
2009-11-19,-1349.2134957071814650583274
2009-11-20,1538.0765074885531135464130
2009-11-23,1000.9165106849064838563893
2009-11-24,-302.0934861181212343114477
2009-11-25,519.5365170794700788830541
2009-11-26,-718.2934797223194566967494
2009-11-27,-1799.4634765234897211642926
2009-11-30,1189.9065266759594053902036
2009-12-01,2797.4765298760280428997365
2009-12-02,181.7937030767163113205262
2009-12-03,1375.5014015696585118293018
2009-12-04,-1349.6585981589548452362396
2009-12-07,-2156.6285978875156535686403
2009-12-08,1703.5514023839760970071374
2009-12-09,-1119.8085973444795833318983
2009-12-10,-169.2385970728826844067689
2009-12-11,55.9314031987668039634753
2009-12-14,-1271.5785965295311080382452
2009-12-15,-915.7585962577764102270372
2009-12-16,362.1714040140309075839635
2009-12-17,-90.2485957141091444164056
2009-12-18,-1482.3785954421965560373345
2009-12-21,149.1714048297686829139602
2009-12-22,564.0214051017865826322353
2009-12-23,1725.1814053738571533142221
2009-12-24,1304.1314056459804051586256
2009-12-29,64.2014059181563483661263
2009-12-30,-566.1185938096150068606207
2009-12-31,531.1714064626663496830156
2010-01-04,1281.1514067350004282036419
2010-01-05,1240.2296170073872389098414
2010-01-06,635.2430799008047261483844
2010-01-07,-604.2269195028325209269722
2010-01-08,-874.9669189063542939803960
2010-01-11,1464.9030816902394293474063
2010-01-12,-827.6269177130513285799423
2010-01-13,85.9230828837734546055110
2010-01-14,552.8630834807138012760507
2010-01-15,127.7730840777697338082928
2010-01-18,176.3230846749412745831862
2010-01-19,-780.8869147277715540139864
2010-01-20,-259.0069141303687295936081
2010-01-21,-2823.6269135328502297617262
2010-01-22,-1510.2469129352160321200526
2010-01-25,-1392.2069123374661142659615
2010-01-27,-2945.2269117396004537924896
2010-01-28,165.2830888583809717116650
2010-01-29,340.4330894564781846621440
2010-02-01,704.2230900546912074789293
2010-02-02,-198.5371493469799374136564
2010-02-03,2048.3749442489410776868701
2010-02-04,-1889.7350547937014953722270
2010-02-05,-3927.3650538361586948278016
2010-02-06,4414.0849471215695152141308
2010-02-08,-2743.6350519205168293454949
2010-02-09,490.0349490375823074012080
2010-02-10,-846.9550500041330386309216
2010-02-11,1219.1549509543371684799101
2010-02-15,664.9349519129929646624522
2010-02-16,970.5549528718343858524103
2010-02-17,796.3749538308614679924490
2010-02-18,-958.6950452099257529678080
2010-02-19,-333.1050442505272410717760
2010-02-22,-38.9650432909429603559080
2010-02-23,-364.4850423311728748496932
2010-02-24,-507.2650413712169485756560
2010-02-25,-216.4650404110751455493544
2010-02-26,2438.4949605492525702206214
2010-03-02,1880.8949615097662347326501
2010-03-03,2405.5956624704658839920806
2010-03-04,197.5812555426925894624979
2010-03-05,263.7012557858039570163136
2010-03-08,365.7312560289623983473751
2010-03-09,-1166.2187437278320774293977
2010-03-10,-21.2187434845794611973211
2010-03-11,-351.2587432412797438379451
2010-03-12,318.5612570020670837689450
2010-03-15,-640.3787427545389692546692
2010-03-16,1486.3312574889021062149592
2010-03-17,387.5812577323903193033444
2010-03-18,98.9212579759256791377676
2010-03-19,741.7112582195081948472768
2010-03-22,-1594.3987415368621244373119
2010-03-23,-30.8087412931852695834145
2010-03-25,283.0312589505387685433214
2010-03-26,727.9212591943099990790168
2010-03-29,172.9712594381284311615615
2010-03-30,-80.7687403180059260693847
2010-03-31,88.2612599259069365276070
2010-04-01,868.0112601698670280957362
2010-04-05,1255.2639404138743577799721
2010-04-06,-76.7270213205482617463260
2010-04-07,888.5629792562149493261943
2010-04-08,-629.1770201669101606485697
2010-04-09,833.7029804100764299538347
2010-04-12,-418.5170190128252572379536
2010-04-13,-518.8270184356152005911070
2010-04-15,-514.9870178582933784686096
2010-04-16,-248.5870172808597692292556
2010-04-19,-1950.0870167033143512276491
2010-04-20,706.3829838743428971857973
2010-04-21,368.9929844521119976648629
2010-04-22,676.5829850299929718675198
2010-04-23,632.4829856079858414559336
2010-04-26,513.2329861860906280964648
2010-04-27,-192.6270132356926465403312
2010-04-28,-1306.5570126573639607797030
2010-04-29,902.7929879210767070572981
2010-04-30,896.3529884996293786538181
2010-05-03,-111.0570109217059243027982
2010-05-04,-1334.4067603429291801210068
2010-05-05,89.0343505861862006971792
2010-05-06,-409.8756466351025268643044
2010-05-07,-560.0356438558532111545661
2010-05-10,1918.7043589239342520079855
2010-05-11,-68.4556382957400331748861
2010-05-12,979.6543644851240375187602
2010-05-13,1520.5443672665265683310449
2010-05-14,-1062.3256299515323364757261
2010-05-16,134.5643728309474273809408
2010-05-17,-189.4856243860340357962679
2010-05-18,-1353.5656216024766216844701
2010-05-19,-1643.4656188183802259405833
2010-05-20,49.7743839662552557986789
2010-05-21,-1384.6256132485700720831891
2010-05-24,637.8643895371438948175188
2010-05-25,-2126.8856076766027390752752
2010-05-26,2339.5143951101901306825701
2010-05-27,711.4343978975226085554202
2010-05-28,831.8844006853947990278674
2010-05-31,1036.0744034738068066047361
2010-06-01,-591.0055937372412641889146
2010-06-02,223.8755490522506911922141
2010-06-03,342.1517300949915094994933
2010-06-04,173.6940133336628337765708
2010-06-07,271.7762970144388185431999
2010-06-08,680.0185811374050687487369
2010-06-09,-12.4591342973527940817328
2010-06-10,-23.0768492897491318441836
2010-06-11,-586.3945638396982898524414
2010-06-14,147.8877220528854031650289
2010-06-15,280.9500083880876350683335
2010-06-16,297.8722951659941103093629
2010-06-17,184.0745823866905499350037
2010-06-18,-307.4031299497373084096475
2010-06-21,860.9391581567962895219291
2010-06-22,-671.8585532936228854191080
2010-06-23,688.4237356990909542262527
2010-06-24,-88.0739748649763874719081
2010-06-25,785.0483150142609101707762
2010-06-28,262.4906053368886844561742
2010-06-29,148.4328961029927893068752
2010-06-30,301.6951873126590952694069
2010-07-01,65.4574789659734895174543
2010-07-02,-1165.9501789369781241449205
2010-07-05,-69.2974040020837079956737
2010-07-06,959.9925965005806835233229
2010-07-07,-1573.0874029966575937969290
2010-07-08,1604.0525975062014788898527
2010-07-09,44.7925980091579204335989
2010-07-12,321.5325985122117496878908
2010-07-13,867.0025990153629855099603
2010-07-14,41.0325995186116467606902
2010-07-15,198.8026000219577523046157
2010-07-16,-411.4973994745986789900753
2010-07-19,-114.2173989710576282515416
2010-07-20,-795.8473984674190766042875
2010-07-21,1393.7026020363169948308370
2010-07-22,467.5326025401506049366381
2010-07-23,318.6326030440817725995779
2010-07-26,-1082.5173964518894832902243
2010-07-27,361.3826040522368561610082
2010-07-28,-1252.6673954435391901492891
2010-07-29,36.1826050607823966799782
2010-07-30,114.0826055652016355535645
2010-08-02,865.7026060697185453798842
2010-08-03,512.2115565743331450710139
2010-08-04,298.4222564045165768868349
2010-08-05,-74.2277431585746736000329
2010-08-06,-149.5177427215813252244188
2010-08-09,762.5422577154966383945976
2010-08-10,-353.2977418473407663588912
2010-08-11,-119.0477414100935230976203
2010-08-12,324.1122590272383845688483
2010-08-13,882.4722594646549730341263
2010-08-16,176.9522599021562586949995
2010-08-17,171.3322603397422579514290
2010-08-18,1156.4822607774129872065510
2010-08-19,1178.8522612151684628666784
2010-08-20,-747.9777383469912986586999
2010-08-23,1328.9422620909337190430831
2010-08-24,-980.9077374710564676121280
2010-08-25,-500.6977370329618422053098
2010-08-26,270.4022634052176116857401
2010-08-27,-1338.6177361565180895135959
2010-08-30,-408.7977357181689293747548
2010-08-31,-385.3377352797348914659930
2010-09-01,1950.6922651587840406476153
2010-09-02,522.2669255973878834041780
2010-09-03,425.6035429634329392267693
2010-09-06,1642.0735436494587434139439
2010-09-07,407.2535443356173831250857
2010-09-08,-357.3964549780911159187958
2010-09-09,1154.3035457083332720082899
2010-09-13,1790.9035463948905726373140
2010-09-14,756.0835470815808117042305
2010-09-15,1559.9135477684040149499763
2010-09-16,-1141.9764515446397918795270
2010-09-17,1107.9335491424494169666267
2010-09-20,1962.0035498296716672443303
2010-09-21,-557.8764494829730152855363
2010-09-22,96.3535512045153951428943
2010-09-23,-255.5464481078630756995204
2010-09-24,725.7335525798915979630663
2010-09-27,962.0835532677794419114921
2010-09-28,-1068.7564460441995180684126
2010-09-29,24.9835546439547438141747
2010-09-30,-716.9264446677577466449293
2010-10-01,2745.1735560206630363550872
2010-10-04,1355.1973367092171186200314
2010-10-05,751.5812519904949007060270
2010-10-06,870.6112522329184544220240
2010-10-07,-198.2187475246110512664747
2010-10-08,-1448.2687472820936072703381
2010-10-11,2015.6712529604707955013254
2010-10-12,-1260.6887467969178338588328
2010-10-13,2450.7312534457405137435992
2010-10-14,-440.5387463115541525952053
2010-10-15,-2848.1987460688018237773121
2010-10-18,367.6012541739975092969749
2010-10-19,-300.2187455831561442708863
2010-10-20,-1354.3187453402627753776756
2010-10-21,2637.4812549026776250815902
2010-10-22,-1109.1087448543349337863430
2010-10-25,1187.0012553886995571270339
2010-10-26,-671.3387443682188930680059
2010-10-27,-960.5387441250902752594254
2010-10-28,-456.6987438819145803334233
2010-10-29,23.3812563613082008255665
2010-11-01,2975.8012566045780773348752
2010-11-02,482.3518468478950583135993
2010-11-03,452.7076373306917791754651
2010-11-04,1231.3076388095119896693149
2010-11-05,1094.4076402886185448696100
2010-11-08,253.2076417680115002214215
2010-11-09,1021.6076432476909111805553
2010-11-10,-16.8923552723431667864440
2010-11-11,-1354.4923537920906782022920
2010-11-12,-2965.2923523115515675789624
2010-11-15,-112.8923508307257794176844
2010-11-16,-2089.0923493496132582089412
2010-11-18,149.4076521317860515675324
2010-11-19,-2183.9923463865277945572480
2010-11-22,2085.7076550954452589584859
2010-11-23,-231.3923434222947323327433
2010-11-24,-1337.8923419397477128676562
2010-11-25,-2774.4923404569136270722146
2010-11-26,-1119.6923389737924193616197
2010-11-29,1820.7076625096159658596905
2010-11-30,415.7076639933115841980429
2010-12-01,2582.2076654772944912705313
2010-12-02,1012.8156269615647427050190
2010-12-03,-819.0341036680187175406322
2010-12-06,-8.8741025263089692528515
2010-12-07,-435.5941013843781511281835
2010-12-08,-2534.4341002422262203607638
2010-12-09,-3081.1940990998531341364393
2010-12-10,803.4859020427411503672333
2010-12-13,1645.3659031855566759809885
2010-12-14,1524.0459043285934855438549
2010-12-15,-1507.8340945281483780968446
2010-12-16,1053.7659066153311279145098
2010-12-20,-465.6340922409679535581640
2010-12-21,684.3659089029544203573515
2010-12-22,-225.4340899529017074584246
2010-12-23,-134.9540888085362941166703
2010-12-24,-8.8740876639492967202592
2010-12-27,649.5659134808593276362416
2010-12-28,-120.1540853741103781334275
2010-12-29,1099.7659157711416288927836
2010-12-30,177.0059169166153916452358
2010-12-31,1039.9659180623109530626026
2011-01-03,520.6059192082283560918722
2011-01-04,-567.8291096456323563116522
2011-01-05,-1516.1750979696970109612095
2011-01-06,-1612.9350970205144002990125
2011-01-07,-2393.1250960711479989271103
2011-01-10,-2660.9050951215977712580144
2011-01-11,-1552.5150941718636816973460
2011-01-12,3162.5949067780543053561663
2011-01-13,-1061.4150922718437744893129
2011-01-14,-1891.3050913215578856187241
2011-01-17,-775.9550903710879924101116
2011-01-18,854.7949105795659407653778
2011-01-19,270.3549115304039495434961
2011-01-20,-86.1050875185739304331046
2011-01-21,35.2849134326323364851295
2011-01-24,334.2149143840227859546549
2011-01-25,-1403.9150846644025463611677
2011-01-27,-1312.3550837126436247920722
2011-01-28,-3174.8950827607004136608853
2011-01-31,805.8449181914271227164741
2011-02-01,-1965.3950808562609799690032
2011-02-02,-818.3104699037646860194156
2011-02-03,-271.6841720888413080083133
2011-02-04,705.1199630509347978484280
2011-02-07,-100.7359010085998868168807
2011-02-08,143.4682357327096758529763
2011-02-09,192.3123732750185537352734
2011-02-10,167.8965116184818447331567
2011-02-11,-100.7193492367453232185423
2011-02-14,21.3847907094922078525086
2011-02-15,314.4289314573496259619584
2011-02-16,192.3330730069821491745902
2011-02-17,119.0772153585450256101395
2011-02-18,192.3413585121935334491139
2011-02-21,94.6655024680829809386139
2011-02-22,143.5096472263687063981543
2011-02-23,70.2537927872060782254876
2011-02-24,656.3379391507504949024277
2011-02-25,-296.0379136828426149993245
2011-02-28,45.8462342865822071876446
2011-03-01,143.5303830591804502322894
2011-03-03,403.6700926351076330109334
2011-03-04,-308.6434656234877756658247
2011-03-07,635.3607471052841920831762
2011-03-08,-237.8350393502310341188881
2011-03-09,-1.8308249898755073881878
2011-03-10,68.9733901865087497424418
2011-03-11,-308.6223938209202546705773
2011-03-14,116.1818229879955180243568
2011-03-15,-214.2139593865858629200500
2011-03-16,-379.4097409445062976440621
2011-03-17,-167.0055216856076556749881
2011-03-18,611.7986983902682240787469
2011-03-21,352.2029192832795333335302
2011-03-22,116.2071409935844944364912
2011-03-23,-48.9886364786586396285676
2011-03-24,210.6155868667084147647620
2011-03-25,-308.5801889701560281085734
2011-03-28,-190.5759639890936233191535
2011-03-29,-332.1717381899459952771495
2011-03-30,187.0324884274452622736132
2011-03-31,210.6367158632385862615929
2011-04-01,139.8409441175924442934706
2011-04-04,-266.9465168093346653399099
2011-04-05,-197.5747801368742892959765
2011-04-06,349.8270235738663772097805
2011-04-07,-167.5211723661395319102094
2011-04-08,140.1506320431756094615275
2011-04-11,-250.3575631981205594630555
2011-04-13,766.6842419100396136250095
2011-04-15,-281.6039526322762058657582
2011-04-18,-711.2021468250003394247525
2011-04-19,597.5496593319349045632570
2011-04-20,1558.4814658385972308206628
2011-04-21,343.2032726950543571795570
2011-04-25,718.8150799013740145842695
2011-04-26,-757.4531125423760529060924
2011-04-27,143.0986953638719118848951
2011-04-28,-64.5994963798143207464882
2011-04-29,-617.5776877733669673815651
2011-05-02,553.8141211832817685232786
2011-05-03,-1662.7530195098003033608632
2011-05-04,-310.9035801160585435735862
2011-05-05,-488.3393596642355685347142
2011-05-06,354.5048616047956308316999
2011-05-09,-399.6109163088067090319154
2011-05-10,265.7933065951156789562710
2011-05-11,221.4375303167210925234252
2011-05-12,-754.4782451438321399520172
2011-05-13,687.2259802136143405655831
2011-05-16,-377.4097936107810762249942
2011-05-17,44.0144333831400300441085
2011-05-18,-89.0613388044638895842356
2011-05-19,-89.0571101734343533861973
2011-05-20,265.8271192763871510489491
2011-05-23,554.1713495451591668247674
2011-05-24,265.8355806330402677436031
2011-05-25,288.0198125401890583125274
2011-05-26,-177.7559547332358262507177
2011-05-27,110.5882788129242799882276
2011-05-30,88.4125131788280736862882
2011-05-31,221.4967483646342822289031
2011-06-01,-355.1790156294983362640245
2011-06-02,413.5856211965890070678235
2011-06-03,-354.3050738746299244508794
2011-06-06,265.3391675873115416057384
2011-06-07,88.3034098705294318758652
2011-06-08,-354.2923470248172294704658
2011-06-09,66.1818969014306125287091
2011-06-10,221.0961416494320436332465
2011-06-13,-420.6696127806538195931405
2011-06-14,-243.6253663886678297769184
2011-06-15,-155.1011191744508087287669
2011-06-16,398.1531288621564525623878
2011-06-17,44.0773777213131939353408
2011-06-20,553.0716274031786860625779
2011-06-21,110.4758779079122304562459
2011-06-22,44.0901292356731594741241
2011-06-23,-88.6856186133791636744030
2011-06-24,-464.8913656390853449223721
2011-06-27,-464.8871118412859593392659
2011-06-28,-22.2828572198215511250370
2011-06-29,88.3713982254673663958694
2011-06-30,-155.0543455052596892195063
2011-07-01,-619.7800884118431695266583
2011-07-04,-75.7895604941234951876345
2011-07-05,113.1396575905247048203440
2011-07-06,616.0638593062157912067172
2011-07-07,387.4680618354872152123560
2011-07-08,-115.4477348215034891898521
2011-07-11,638.9364693354012424763635
2011-07-12,273.1806743063590051965626
2011-07-13,547.5048800915274244715019
2011-07-14,616.0890866910641563230437
2011-07-15,-366.8867058948731126999344
2011-07-18,821.8375023338733344843717
2011-07-19,21.7417113774612454966043
2011-07-20,-618.3340787639516014978423
2011-07-21,250.3501319097926022170919
2011-07-22,-412.5856566011483040859512
2011-07-25,936.1585557033835494281687
2011-07-26,-412.5772311764539368369923
2011-07-27,136.0669827594971680964573
2011-07-28,-69.6688024886051742133358
2011-07-29,21.7754130793970283779515
2011-08-01,113.2196294636617986067414
2011-08-02,353.4628466643471898074785
2011-08-03,1246.3773278305484809293173
2011-08-04,197.1016297829903659148695
2011-08-05,240.8259325684214813511529
2011-08-08,2055.2102361870031193648053
2011-08-09,2208.2345406388966033135409
2011-08-10,-524.2611540757367122078028
2011-08-11,1333.8431520432645586387838
2011-08-12,-874.0125410039381670594683
2011-08-16,503.1717667828165590399444
2011-08-17,765.4960754036902165408497
2011-08-18,415.7403848588443163144529
2011-08-19,2448.7246951484404005053911
2011-08-22,131.5690062726400425377886
2011-08-23,-65.1666817683951528786863
2011-08-24,-786.5423689745035497427633
2011-08-25,-3212.9980553455234807555117
2011-08-26,1639.9262591187067526857206
2011-08-29,765.5305744183488804933678
2011-08-30,-611.6451094464353361042911
2011-09-02,1683.6592075245158954429318
2011-09-05,1265.3915153313643990131974
2011-09-06,-360.9124693488163633620430
2011-09-07,-1207.0278827202575962562836
2011-09-08,-130.1432952035876179869066
2011-09-09,1523.6412932013655368697733
2011-09-12,-110.9041175052261329648069
2011-09-13,-283.9695273231905954650104
2011-09-14,696.7650637476442147054479
2011-09-15,-553.1803442925496038000488
2011-09-16,-1033.9257514435999190045679
2011-09-19,1408.2888422946654343988251
2011-09-20,-303.1765630775813449464795
2011-09-21,446.7980324398319749458188
2011-09-22,-226.2473711529223405886124
2011-09-23,-649.3027738556719928582816
2011-09-26,-3149.1981756682446498094142
2011-09-27,1292.9364234095320539805073
2011-09-28,-668.5189766221694826907958
2011-09-29,-822.3543757631768276439353
2011-09-30,619.9002259866824846886070
2011-10-03,831.4348286275809532689446
2011-10-04,243.9064321596911104602522
2011-10-05,-1742.7968450756454059360917
2011-10-07,986.7276787438770646580738
2011-10-10,183.9322034393490009022181
2011-10-11,264.2167290109400133350818
2011-10-12,444.8512554588197453371804
2011-10-13,-217.4542172168421268628371
2011-10-14,63.5303109841241058181724
2011-10-17,83.6048400618881853242079
2011-10-18,-237.5106299833801135335132
2011-10-19,-177.2960991515109830701906
2011-10-20,-317.7815674423345827210762
2011-10-21,204.0429651443189609648928
2011-10-24,966.7074986086195543314615
2011-10-25,-137.1379670492628633785733
2011-10-26,866.3665681708416799830064
2011-10-28,204.0611042691031894762121
2011-10-31,-558.5943587543082969207789
2011-11-01,364.6301791007772916947505
2011-11-02,754.6592778345300591564324
2011-11-03,240.4381709818169164392114
2011-11-04,417.8327461165328357778377
2011-11-08,1245.6573221371344076673304
2011-11-09,240.4518990437931665953333
2011-11-11,-291.7135231633193197362006
2011-11-14,654.3710555159685495954233
2011-11-15,-114.3143649181715912599272
2011-11-16,575.5402155344319250812232
2011-11-17,-193.1452031260492007576079
2011-11-18,-745.0206208994432349064239
2011-11-21,102.5139622144215897576877
2011-11-22,63.0985462157170736169946
2011-11-23,-212.8368688953849496804404
2011-11-24,220.7877168812873867856817
2011-11-25,-409.9276964540940167856614
2011-11-28,733.2568910986427730896310
2011-11-29,3.9914795396697231872269
2011-11-30,122.2560688691588335808082
2011-12-01,615.0106590872821376485183
2011-12-02,-29.2021498057882979205892
2011-12-05,-71.2346836929701742346387
2011-12-07,-280.8900239135835005438483
2011-12-08,481.5146367680786161722306
2011-12-09,-319.0007016478091160353265
2011-12-12,-528.6560391610719552866362
2011-12-13,81.2686242284648741335442
2011-12-14,-376.1667114790238182176328
2011-12-15,-1805.6620462833631889345514
2011-12-16,-338.0373801843783607565785
2011-12-19,290.9472868181055774384914
2011-12-20,310.0119547242635706409929
2011-12-21,653.0966235342705977159480
2011-12-22,-490.4987067516983285903752
2011-12-23,-33.0540361334681616439020
2011-12-26,-33.0493646108638209161892
2011-12-27,-185.5246921837101919778619
2011-12-28,-52.1000188518321264920501
2011-12-29,-909.7953446150544422078221
2011-12-30,519.7093305267980770463816
2012-01-02,195.6940065739006813693163
2012-01-03,509.1362335264286547935032
2012-01-04,441.0164686206579739671273
2012-01-05,-15.9889333385943749316593
2012-01-06,222.4556655924742352475566
2012-01-07,-75.5897345859638021969320
2012-01-09,-274.2851338737360605862302
2012-01-10,-353.7605322706700798543782
2012-01-11,242.3440702234066334581139
2012-01-12,162.8686736086666062107319
2012-01-13,-472.9667221147176013305751
2012-01-16,222.4878830534266045130734
2012-01-17,301.9724891132718508399597
2012-01-18,-313.9929039350092018257615
2012-01-19,43.6717039087561404724091
2012-01-20,-413.3336873552593948702108
2012-01-23,421.2109222731169529869896
2012-01-24,-254.3644672059420216636100
2012-01-25,-115.2698557922634910713834
2012-01-27,1176.2847565143254059790205
2012-01-30,401.3593697139975641741574
2012-01-31,361.6239838069259116782689
2012-02-01,123.1885987932834101397644
2012-02-02,-403.5840453267569453022948
2012-02-03,1017.9076744206444738164149
2012-02-06,-719.9303413169665579838637
2012-02-07,-24.8383566703638582918638
2012-02-08,1116.0536283605269683918649
2012-02-09,424.0956137757803319720103
2012-02-10,-611.7424004245293432387116
2012-02-13,-6.6904142403276185167675
2012-02-14,437.3815723284599592749835
2012-02-15,1758.3635592819078576900807
2012-02-16,-175.1144533799094412987458
2012-02-17,660.9875343430825587032156
2012-02-21,797.9995224509583685154514
2012-02-22,-1003.8684890562074866149841
2012-02-23,486.0834998216595329893243
2012-02-24,-474.7145109153660185610521
2012-02-27,-2078.3525212672095727195921
2012-02-28,1569.3294687662034534989708
2012-02-29,590.8214591849476575214445
2012-03-01,-2496.0665500109023487810256
2012-03-02,86.6657711787280609098404
2012-03-03,-461.3158496524098288611834
2012-03-05,-1289.0558488487759226423445
2012-03-06,-1096.5458480449864083831686
2012-03-07,-411.0258472410412559531918
2012-03-09,1867.5241535630595647838837
2012-03-12,630.7341543673160839701910
2012-03-13,1423.2641551717283317536998
2012-03-14,-102.7358440237036617117829
2012-03-15,-2025.4858432189798662666112
2012-03-16,-1177.4858424141002517452993
2012-03-19,-1017.6458416090647879765207
2012-03-20,238.2541591961265552168935
2012-03-21,2697.5541600014738080179551
2012-03-22,-2982.2758391930229993844796
2012-03-23,1977.8141616126361632042913
2012-03-26,-1747.6458375815486740151839
2012-03-27,566.7941632244225191634911
2012-03-28,-1002.0058359694502270474389
2012-03-29,272.1441648368331175701213
2012-03-30,2612.6041656432725832401178
2012-04-02,621.4641664498682001923493
2012-04-03,1653.6317372566199986624673
2012-04-04,-1806.5946435156839413597077
2012-04-09,-1140.9946424785051699458539
2012-04-10,758.6553585588744309188855
2012-04-11,-593.8646404035450998787811
2012-04-12,981.0753606342362765553840
2012-04-13,-1368.5646383277814008768498
2012-04-16,655.3153627104019067338190
2012-04-17,1531.7453637487862383042261
2012-04-18,-855.4546352126283672412576
2012-04-19,617.7753658261581290292765
2012-04-20,-738.3646331348542339447256
2012-04-23,-1326.4346320956654172162772
2012-04-24,854.9253689437246181691491
2012-04-25,-1512.6046300166840888263758
2012-04-26,951.1753710231085007667624
2012-04-27,-178.3646279368975740742756
2012-04-28,-78.4146268967022743647824
2012-04-30,1070.0953741436944388874984
2012-05-02,-330.4146248157073953176271
2012-05-03,-940.7388437749077379728007
2012-05-04,-2016.0031277078537656569942
2012-05-07,647.8868755591367091780623
2012-05-08,-2046.3831211732402269663643
2012-05-09,-1774.9031179049844516017414
2012-05-10,-103.8831146360958422158191
2012-05-11,-541.8131113665742762726252
2012-05-14,-2681.1331080964196312124608
2012-05-15,1426.3868951743682155481039
2012-05-16,-1859.2231015542106133837648
2012-05-17,724.7169017178440046228393
2012-05-18,1126.2869049905321922225681
2012-05-21,625.2569082638540720938225
2012-05-22,-827.3630884621902330612417
2012-05-23,-946.4830851876006005167102
2012-05-24,1963.7869180876230924770948
2012-05-25,48.3969213634809686936194
2012-05-28,1186.0169246399731509300822
2012-05-29,1163.5169279170997620074792
2012-05-30,-1785.2230688051390752294117
2012-05-31,329.2669344732567620879735
2012-06-01,-1963.6030622477126031480093
2012-06-04,-166.9938289680470480212094
2012-06-05,200.9891774393053062726216
2012-06-06,343.5535901192766018761593
2012-06-07,-636.5419963463226444614194
2012-06-08,-725.6375819573269891313445
2012-06-11,628.6868332864290435100840
2012-06-12,111.9112493851109611476987
2012-06-13,414.8556663388843035136690
2012-06-14,325.7600841479146423937066
2012-06-15,5.0045028123675816332719
2012-06-18,40.6489223324087571437817
2012-06-19,468.3333427082038369088184
2012-06-20,-244.4622360600814790096602
2012-06-21,-190.9978139722814584651093
2012-06-22,-137.5333910282303372201846
2012-06-25,-173.1689672277623189405285
2012-06-26,503.9954574292884248114448
2012-06-27,-315.7201170569122454172348
2012-06-28,-66.2356906861984369638753
2012-06-29,-672.1112634584042250439045
2012-07-02,521.8331646266363472553497
2012-07-03,-662.3537564309107310191193
2012-07-04,584.9541217915408963134985
2012-07-05,1208.5141225896454802463552
2012-07-06,-1077.6458766120953984259260
2012-07-09,-1099.7358758136817097801912
2012-07-10,1317.0241249848865761125080
2012-07-11,-1501.3558742163905108130855
2012-07-12,-852.2358734175129406164321
2012-07-13,-319.2658726184806833511946
2012-07-16,302.7541281807062909347620
2012-07-17,-995.7958710199519878006268
2012-07-18,657.5641297795445104063746
2012-07-19,1037.5541305791958155253040
2012-07-20,-417.4358686209980424684977
2012-07-23,-1886.5458678210370335938858
2012-07-24,519.7441329790788721360902
2012-07-25,239.6541337793497047141865
2012-07-26,-1553.2658654202245058610326
2012-07-27,324.4941353803562704148055
2012-07-30,2201.8741361810920635518835
2012-07-31,913.8241369819829035661946
2012-08-01,-250.7258622169711795204560
2012-08-02,159.1892385842298443195505
2012-08-03,-441.1451460509713275661030
2012-08-06,853.2048568252063470356835
2012-08-07,697.6248597019409373775141
2012-08-08,-373.1451374207674487047347
2012-08-09,-157.5751345429187033543054
2012-08-10,725.8148683354872813064432
2012-08-13,816.8648712144506131760412
2012-08-14,333.7048740939714001739111
2012-08-16,-103.2051230259502497596286
2012-08-17,94.7548798546857713366418
2012-08-21,627.9548827358795714448461
2012-08-22,-32.7951143823687414319828
2012-08-23,315.6648884999409407301001
2012-08-24,-175.4151086171912740240431
2012-08-27,99.2648942662347223713706
2012-08-28,239.3148971502190380030486
2012-08-29,-2402.0950999652382190213724
2012-08-30,1039.9649029198630594266770
2012-08-31,-773.0150941944770185032968
2012-09-03,784.5149086917416553591539
2012-09-04,275.1263615785191892054215
2012-09-05,356.5471598448328353377995
2012-09-06,263.4971612311972170967189
2012-09-07,926.7971626178300412931329
2012-09-08,1263.2571640047313599056867
2012-09-10,266.8371653919012249230900
2012-09-11,561.6671667793396883441195
2012-09-12,960.1471681670468021776199
2012-09-13,142.5871695550226184425066
2012-09-14,1835.0371709432671891677676
2012-09-17,560.5371723317805663924653
2012-09-18,311.4271737205628021657383
2012-09-20,-634.8328248903860514531967
2012-09-21,2360.8771764989340576049579
2012-09-24,34.6971778885231814195812
2012-09-25,87.3671792783813720801368
2012-09-26,169.2171806685086816861746
2012-09-27,-644.7028179410948376526679
2012-09-28,1412.2871834495708661833372
2012-10-01,779.3271848405058453240094
2012-10-03,1325.8319662317101519092626
2012-10-04,362.4412479647968869992656
2012-10-05,-1346.8387517935590572303248
2012-10-08,-1312.0187515518682117989933
2012-10-09,792.0112486898694323531662
2012-10-10,-764.9587510683461157121862
2012-10-11,2060.8212491734851530683639
2012-10-12,-671.6087505846367522400139
2012-10-15,-712.9987503427118225703946
2012-10-16,-1666.3387501007400488540976
2012-10-17,810.6312501412785779793133
2012-10-18,903.8312503833440670020311
2012-10-19,-492.5687493745435727119948
2012-10-22,321.2012508676156679129420
2012-10-23,-625.0787488901782020456945
2012-10-25,-274.1387486479251735086831
2012-10-26,-913.3887484056252373950443
2012-10-29,22.8412518367216153779599
2012-10-30,-1042.9187479208846061051742
2012-10-31,117.1612523215561072418091
2012-11-01,1658.4712525640437645069247
2012-11-02,476.5069528065783747799472
2012-11-05,-526.9686015449083212017209
2012-11-06,880.9214006621803120199911
2012-11-07,1759.9014028696963049317417
2012-11-08,-223.2685949223602597165961
2012-11-09,-215.6785927139892991591262
2012-11-11,221.4114094948092693860738
2012-11-12,620.2014117040355287169551
2012-11-13,-12.8385860863104383524991
2012-11-15,-1249.8485838762285489922696
2012-11-16,-559.7185816657187203562994
2012-11-19,-820.3085794547808695824898
2012-11-20,125.7114227565850862073027
2012-11-21,444.3414249683792299072689
2012-11-22,541.1314271806016444276512
2012-11-23,514.5114293932524126947451
2012-11-26,2144.4614316063316176509038
2012-11-27,1784.6414338198393422545402
2012-11-29,186.1314360337756694801310
2012-11-30,463.1314382481406823182187
2012-12-03,995.2014404629344637754157
2012-12-04,-350.9256173218429031255929
2012-12-05,57.5005305114284641110361
2012-12-06,122.9805306141516607319653
2012-12-07,833.0205307168947476974901
2012-12-10,-569.3994691803422711410122
2012-12-11,-558.1194690775593919314180
2012-12-12,406.4605310252433891791414
2012-12-13,-1586.5094688719339239557186
2012-12-14,800.4405312309086725183635
2012-12-17,-7.2494686662288175435050
2012-12-18,1851.9305314366536097145303
2012-12-19,-228.0194684604440418509300
2012-12-20,-86.1994683575217683825383
2012-12-21,-1817.2894682545795660222002
2012-12-24,191.0605318483825690889256
2012-12-26,898.0905319513646408104279
2012-12-27,-197.2994679456333469973575
2012-12-28,552.9305321573886095266530
2012-12-31,245.3005322604305142442905
2013-01-01,1685.9005323634923710181336
2013-01-02,714.1636724665741837115092
2013-01-03,790.0500142479182086028400
2013-01-04,-535.9199857493229597772296
2013-01-07,34.0900142534364060366648
2013-01-08,-383.0599857438036938520405
2013-01-09,-51.8499857410432593398893
2013-01-10,-462.9999857382822903234051
2013-01-11,-818.0299857355207866990917
2013-01-14,1469.9900142672412516365672
2013-01-15,958.6200142700038247871082
2013-01-16,-710.6399857272330671439123
2013-01-17,-443.2799857244694240529178
2013-01-18,-82.7299857217052458363117
2013-01-21,454.9100142810594676095227
2013-01-22,-454.3299857161752836117779
2013-01-23,-356.4899857134094993965568
2013-01-24,-1663.7099857106431796411371
2013-01-25,1220.2200142921236757581780
2013-01-28,372.6200142948910669051058
2013-01-29,-1046.0699857023410060966170
2013-01-30,-122.1899856995725431432329
2013-01-31,-129.9699856968035441309649
2013-02-01,645.8900143059659910439845
2013-02-04,-1370.8380956912639375145673
2013-02-05,-531.7091969145744635602059
2013-02-06,-53.4170919954664916671839
2013-02-07,-445.5249866687819666632516
2013-02-08,-959.5628809344419692939744
2013-02-11,-120.1907747923675650237429
2013-02-12,500.8113317575201959671865
2013-02-13,1155.3434387153002787856512
2013-02-14,-1992.6144539189483361714578
2013-02-15,-329.4023461451466532142355
2013-02-18,608.0597620367843386431987
2013-02-19,501.1018706269236656856628
2013-02-20,846.1039796253503694998740
2013-02-21,-2022.8139109678564930225877
2013-02-22,207.3681988473821503176834
2013-02-25,-204.6896909288546129691166
2013-02-26,-2089.0375802964876800590374
2013-02-27,1658.0445307445620671885913
2013-02-28,-2245.0433578056262377658741
2013-03-01,340.9387540530265538605741
2013-03-04,-949.6968536794003938234370
2013-03-05,1488.1724345471914442068348
2013-03-06,991.9644758841330246935183
2013-03-07,470.5665176163397112055742
2013-03-08,1066.1085597438880391257013
2013-03-11,298.3106022668545586561837
2013-03-12,-978.7873548146841651782406
2013-03-13,-1933.9153115006515525275087
2013-03-14,786.2767322090289912866372
2013-03-15,-68.2012236855659242264783
2013-03-18,-1201.9691791843596747235932
2013-03-19,-2401.9571342872756210246345
2013-03-20,-1283.6950889942371091098461
2013-03-21,-588.4930433051674701169155
2013-03-22,-11.6509972199900203380992
2013-03-25,-497.5189507386280612173486
2013-03-26,359.6030961389951206525651
2013-03-28,1170.4151434129562535329263
2013-04-01,1060.0871910833320805419522
2013-04-02,467.1532391501993596576682
2013-04-03,-788.0694855933109747479470
2013-04-04,-1892.7874543096924995844435
2013-04-05,-790.0254226327555484409026
2013-04-08,335.7366094375760371384129
2013-04-09,-384.1413580986215696441596
2013-04-10,1031.1806747587278191631733
2013-04-11,236.6227080097004062645164
2013-04-12,-487.9352583456275908808568
2013-04-15,485.8267756928200599443518
2013-04-16,2486.9088101251196057183236
2013-04-17,-32.4491550486526918170192
2013-04-18,862.5928801715794438468456
2013-04-22,1837.7549157858923039878986
2013-04-23,-99.8830482056378053435600
2013-04-25,989.5589881970654366779484
2013-04-26,-682.9589750059216343440569
2013-04-29,895.7230621854773319748445
2013-04-30,700.0450997713387008028371
2013-05-02,1692.9671377517388520947311
2013-05-03,-186.8954438732458194051737
2013-05-06,200.9522010064805351258699
2013-05-07,1599.0942984510484072437270
2013-05-08,259.5763963017455334867911
2013-05-09,-480.5215054413494471317394
2013-05-10,838.4605932218421196282463
2013-05-11,185.2826922913989032367191
2013-05-13,-1900.4552082326004116035408
2013-05-14,223.1468916499228750460058
2013-05-15,3449.3289919390474783626069
2013-05-16,574.0510926348521287651703
2013-05-17,639.3931937374155719172146
2013-05-20,-1364.8847047531834312701788
2013-05-21,-810.0426028368661046354135
2013-05-22,-368.3405005135536567634251
2013-05-23,-3690.7783977831672809827272
2013-05-24,1660.3637053543718446375419
2013-05-27,1919.7058088991425572905744
2013-05-28,370.9479128512237094348483
2013-05-29,-617.6699827893058312029172
2013-05-30,997.8521219776328183751955
2013-05-31,-1814.9257728478814435587417
2013-06-03,-344.1236672657697034555445
2013-06-04,178.9296387240469675140424
2013-06-05,79.1860960100265523903250
2013-06-06,-307.2817864281634114775201
2013-06-07,-986.2796684563288094296704
2013-06-10,-704.6675500743902482017321
2013-06-11,-1796.3154312822683191563532
2013-06-12,-1177.7933120798835982802474
2013-06-13,-1514.9811924671566461812165
2013-06-14,1869.1709275559919919148280
2013-06-17,1177.7830479896417861668421
2013-06-18,106.2951688338722221216293
2013-06-19,-72.8327099112371992831803
2013-06-20,-2329.0005882456069617161498
2013-06-21,-636.3984661691575334490548
2013-06-24,-1760.3163436818093673539019
2013-06-25,873.9957792165170991000529
2013-06-26,-812.3020974740985561507135
2013-06-27,1254.6600262464232602389924
2013-06-28,2491.4221503781621570260635
2013-07-01,1847.0742749211977583820765
2013-07-02,-598.4664001243902961037227
2013-07-03,-1558.2649131923883072647486
2013-07-04,1069.0571731931283070198427
2013-07-05,703.1992599826328057326897
2013-07-08,-274.7786528237965867475082
2013-07-09,400.7634347739183691045748
2013-07-10,-132.3544772241440720361769
2013-07-11,1774.5276111820943596576135
2013-07-12,945.2296999927119491687493
2013-07-15,562.8117892077869966383944
2013-07-16,-1519.4661211726021826309911
2013-07-17,-219.9440311483772581727154
2013-07-18,2101.1580592805401156470810
2013-07-19,-363.5998498857717003676374
2013-07-22,363.5622413527656697601361
2013-07-23,-254.6756670037693828166119
2013-07-24,-2458.7135749552984517659760
2013-07-25,-1008.4314825017431155741929
2013-07-26,-335.8893896430249375427022
2013-07-29,-1235.6472963790654657852055
2013-07-30,-1782.6452027097862332247261
2013-07-31,133.3568913648912424093325
2013-08-01,-1340.5810141549545414158710
2013-08-02,-1502.0806392692450720336743
2013-08-05,34.7452643652623169977542
2013-08-06,34.7519921084013707080842
2013-08-07,34.7587211542367363318421
2013-08-08,34.7654515030206556157768
2013-08-12,34.7721831550054191483345
2013-08-13,34.7789161104433663691156
2013-08-14,34.7856503695868855783342
2013-08-16,34.7923859326884139462788
2013-08-19,34.7991228000004375227750
2013-08-20,34.8058609717754912466501
2013-08-21,34.8126004482661589551996
2013-08-22,34.8193412297250733936553
2013-08-23,34.8260833164049162246555
2013-08-26,34.8328267085584180377167
2013-08-27,34.8395714064383583587076
2013-08-28,34.8463174102975656593244
2013-08-29,34.8530647203889173665686
2013-08-30,34.8598133369653398722257
2013-09-02,34.8665632602798085423467
2013-09-03,-106.8526555094146522732692
2013-09-04,-317.7887698555345792701407
2013-09-05,-930.1240450329814077593965
2013-09-06,-1146.2393192955584519471599
2013-09-10,-605.9345926430885651336748
2013-09-11,-173.6898650753945663181797
2013-09-12,24.4248634077007598077336
2013-09-13,-768.0104071936253371332366
2013-09-16,-209.6956768791955731974578
2013-09-17,510.7090543511673698862822
2013-09-18,-533.8662135023591552765776
2013-09-19,1303.1585195604022382602765
2013-09-20,-155.6467464603710282093174
2013-09-23,-425.7920115645014990373463
2013-09-24,-209.6672757518116842149700
2013-09-25,312.6274609778759406341317
2013-09-26,60.4921986247389342604142
2013-09-27,150.5469371889548897951236
2013-09-30,762.8916766707014347569538
2013-10-01,-587.8535829298437689412947
2013-10-03,-311.6109416125030249860551
2013-10-04,4.9587653185139251483062
2013-10-07,175.9634044663787197328226
2013-10-08,1448.9680445125240653104010
2013-10-09,-622.0273145428761036008512
2013-10-10,80.9773273003521811962025
2013-10-11,-641.0180299576170784157517
2013-10-14,517.9866136833901531380456
2013-10-15,-356.0087417764520548690501
2013-10-17,1087.9959036630304005414385
2013-10-18,385.0005500020116560596364
2013-10-21,423.0051972406658820938444
2013-10-22,480.0098453791672827770674
2013-10-23,822.0144944176900959735450
2013-10-24,-146.9808556435914067147172
2013-10-25,214.0237951954970800585846
2013-10-28,252.0284469351298953905870
2013-10-29,-1324.9669004245185878642056
2013-10-30,-127.9622468832739630873851
2013-10-31,-773.9575924409617898901011
2013-11-01,309.0470629025924058934774
2013-11-03,-176.3270908524368677872973
2013-11-05,-1076.9704827618072486979635
2013-11-06,-739.6704789826745310940669
2013-11-07,-1089.8504752028100581077633
2013-11-08,-637.4504714222136880488874
2013-11-11,-509.1004676408852791998383
2013-11-12,-345.1404638588246898155742
2013-11-13,-1168.4404600760317781236073
2013-11-14,2061.6095437074935976760020
2013-11-18,2434.7895474917515794106497
2013-11-19,-471.7804487232576910648060
2013-11-20,-1353.4704449375340718680389
2013-11-21,-2345.1704411510774210892512
2013-11-22,345.7995626361124032088343
2013-11-25,817.1895664240355429909771
2013-11-26,121.5695702126921402494259
2013-11-27,-741.5904259979176629960765
2013-11-28,562.2895777922062753017118
2013-11-29,2118.3795815830640972175376
2013-12-02,714.4395853746559448536575
2013-12-03,-190.3407808330180396601564
2013-12-04,-848.6049022913208914073080
2013-12-05,1836.4850986957510223426411
2013-12-06,106.0550996830140633272451
2013-12-09,476.0751006704682685545672
2013-12-10,-222.4348983418863249601635
2013-12-11,-389.4648973540496801945506
2013-12-12,-1683.2948963660217601190288
2013-12-13,-1146.4248953778025276968631
2013-12-16,167.2951056106080541158531
2013-12-17,-669.9048934007899776298008
2013-12-18,1598.4051075880034141244288
2013-12-19,-1116.9048914230117335560286
2013-12-20,2223.4751095661646164014328
2013-12-23,86.3651105555325010765981
2013-12-24,54.9251115450919575564314
2013-12-26,584.1651125348430229350784
2013-12-27,-101.0348864752142656861328
2013-12-30,-738.3548854850798711986901
2013-12-31,523.2251155052462435131039
2014-01-01,212.9051164957641155721334
2014-01-02,-252.0565625135262178915293
2014-01-03,-872.6765509428903807031929
2014-01-06,432.9234497249522945318516
2014-01-07,-809.3565496070757155176064
2014-01-08,-260.9565489389743858122930
2014-01-09,28.9634517292563086919139
2014-01-10,177.0834523976163930439861
2014-01-13,1571.0034530661058922977451
2014-01-14,-540.5965462652751684881359
2014-01-15,709.9234544034732357498680
2014-01-16,-455.9565449276488699198648
2014-01-17,-2244.4365442586414604241024
2014-01-20,1638.4434564104954893152424
2014-01-21,-371.2365429202379956188874
2014-01-22,754.2834577491581098613080
2014-01-23,183.8034584186838308484863
2014-01-24,-983.4365409116608075598366
2014-01-27,-2730.9165402418757802612844
2014-01-28,-386.7565395719610621486208
2014-01-29,955.9234610980833718902523
2014-01-30,-1998.5965382317424530277045
2014-01-31,212.8434624385614882193324
2014-02-03,-799.2765368910047792419484
2014-02-04,-493.4458962204412302799935
2014-02-05,437.3024384275119388167066
2014-02-06,404.9824427722760240060376
2014-02-07,855.2224471178813880659982
2014-02-10,-426.8175485356718061061575
2014-02-11,446.9824558116166044183661
2014-02-12,133.6624601597467825999128
2014-02-13,-1870.0975354912811085696196
2014-02-14,800.2224688585330939332269
2014-02-17,1094.2624732091895531634767
2014-02-18,1310.6624775606884322077265
2014-02-19,870.0224819130298941841515
2014-02-20,-903.5375137337858977574880
2014-02-21,961.4224906202412195641585
2014-02-24,-320.8975050248885906379615
2014-02-25,748.7024993308248348807029
2014-02-26,226.3825036873816593963113
2014-02-28,559.7825080447820462166388
2014-03-03,19.5425124030261586810815
2014-03-04,1211.0347967621141601606637
2014-03-05,886.7324014175887736388102
2014-03-06,683.0824018825764777769128
2014-03-07,1599.2424023476542177197045
2014-03-10,-325.9675971871779890991365
2014-03-11,-1329.7375967219201252425557
2014-03-12,1014.4024037434278267298773
2014-03-13,-734.0175957911341157380302
2014-03-14,-182.9775953256059351990926
2014-03-18,154.6024051400123857972530
2014-03-19,468.7624056057208647049495
2014-03-20,-1485.0775939284804810186813
2014-03-21,121.1324065374083660870631
2014-03-22,408.9324070033874234862657
2014-03-24,982.3924074694567086463915
2014-03-25,-829.5075920643837609617126
2014-03-26,482.1524084018660321361836
2014-03-27,130.7424088682061054176933
2014-03-28,914.4124093346364763638143
2014-03-31,1617.2424098011571624589292
2014-04-01,-98.2675897322318188091940
2014-04-02,565.8760007344695500505988
2014-04-03,-960.2469868162064626490769
2014-04-04,173.7550681869122742914385
2014-04-07,-401.7328764120576939373485
2014-04-09,2159.0091793869606804301400
2014-04-10,1468.6212355840444600782793
2014-04-11,-562.2567078207292773868681
2014-04-15,-1141.0146508272834394346645
2014-04-16,-853.4325934355409186070058
2014-04-17,692.7694643545754074845680
2014-04-21,1252.9915225431426761617638
2014-04-22,272.9835811302380396824277
2014-04-23,779.8956401159386652434360
2014-04-25,-726.9423004996782650164109
2014-04-28,-212.4402407165355540134967
2014-04-29,-1013.9481805345559897164942
2014-04-30,-1167.6961199536623451434718
2014-05-02,251.8459410262226216410023
2014-05-05,389.4443824051761675287541
2014-05-06,-168.1688327287586300531720
2014-05-07,-362.2167664652344829801140
2014-05-08,-484.8446998016186830729025
2014-05-09,3938.3073672621662396178646
2014-05-12,1417.7494347261977700421354
2014-05-13,2118.4315025905534081533077
2014-05-14,1045.5835708553106689111348
2014-05-15,734.0956395205470822846309
2014-05-16,1811.9577085863401932549771
2014-05-19,3574.9297780527675618184291
2014-05-20,390.2118479199067629892231
2014-05-21,-135.5660818121646131975145
2014-05-22,1459.6659888566310383171396
2014-05-23,2074.2280599263713376188166
2014-05-26,-1744.3898686028660801772369
2014-05-27,-1550.1477967310035649232467
2014-05-28,327.5642755420365485639982
2014-05-29,-912.8436517836680594939418
2014-05-30,-673.6715787080396938342464
2014-06-02,3280.2804947689993558500784
2014-06-03,1021.5581986475268149131126
2014-06-04,434.1335292043954992901943
2014-06-05,2213.0557818105482417372527
2014-06-06,972.3380348528742545841421
2014-06-09,2062.7802883314579942821509
2014-06-10,8.9125422463839336359133
2014-06-11,-1128.0652034022634381934251
2014-06-12,-685.6729486143996156850390
2014-06-13,-1771.9506933899400769552571
2014-06-16,-330.8984377288002837543919
2014-06-17,1496.9038183691043185364272
2014-06-18,-1279.6339250961416990915749
2014-06-19,-314.3816681244537492716497
2014-06-20,-473.6294107157472282583538
2014-06-23,-258.2171528699375159243780
2014-06-24,1459.3451054130600242426252
2014-06-25,-352.0726358666699548567860
2014-06-26,-161.6203767090427839306693
2014-06-27,11.5418828860262227074753
2014-06-30,2094.9241429186217671418805
2014-07-01,1466.3764033888285678576860
2014-07-02,1525.7205242967313597441152
2014-07-03,90.0662921986178551812694
2014-07-04,1141.4286227919731861134147
2014-07-07,-487.8590461633975110134448
2014-07-08,-2952.2867146674068557915320
2014-07-09,-1864.3143827199674508935574
2014-07-10,140.6879496790081179305576
2014-07-11,-3134.8097174703927181430430
2014-07-14,707.6826158319174889911278
2014-07-15,1933.7749495860262043711778
2014-07-16,1989.3472837920209099711143
2014-07-17,883.4396184499891047041241
2014-07-18,-321.5680464399816955741477
2014-07-21,523.4142891221960419376839
2014-07-22,929.7566251366098669900240
2014-07-23,39.7089616033473462855810
2014-07-24,347.8912985224960634826476
2014-07-25,-1554.6463641058563808016150
2014-07-28,-49.9840262816223689878938
2014-07-30,640.8383119952857334685604
2014-07-31,-454.3493492750444219187819
2014-08-01,-1469.3170100925251666644430
2014-08-04,1332.5066295429311846923475
2014-08-05,637.4928993680090586445872
2014-08-06,-1080.3447784408113815859946
2014-08-07,-112.3124557999847674262242
2014-08-08,-151.6701327094240334891933
2014-08-11,-158.6878091690420975294799
2014-08-12,1294.8045148212481395601183
2014-08-13,-198.7431607384662062481525
2014-08-14,948.9391641519019978862633
2014-08-18,2721.1514894924399016754982
2014-08-19,-245.3861847167653282934731
2014-08-20,205.6361415243734914444349
2014-08-21,148.5384682159435612356859
2014-08-22,756.0307953580320983113911
2014-08-25,-692.6268770492736632094217
2014-08-26,584.2854509941135276834618
2014-08-27,-273.1322205117190611052866
2014-08-28,1000.3501084333158552267334
2014-09-01,1261.2724378293055783829224
2014-09-02,2033.9370876763374269709546
2014-09-03,-41.2477229167568031268960
2014-09-04,-845.3753117760375475092148
2014-09-05,616.1670998315521069269889
2014-09-08,1830.8795119061025605335285
2014-09-09,147.2119244477042311664838
2014-09-10,-1121.8856625435524458104107
2014-09-11,-71.3832490675770175223744
2014-09-12,286.4191648757209864198085
2014-09-15,-1118.8484207135679460768185
2014-09-16,-3044.6660058353533095839928
2014-09-17,866.0864095104554188511603
2014-09-18,2556.0888253239487797095205
2014-09-19,539.3612416052173310033670
2014-09-22,569.7436583543516482797722
2014-09-23,-2000.0239244285576753760017
2014-09-24,-1694.5015067434200293371080
2014-09-25,-1800.5590885901447854317183
2014-09-26,1425.7033300313587020603745
2014-09-29,434.9657491211810964111544
2014-09-30,-45.6518313205869215522191
2014-10-01,65.7405887061453465559872
2014-10-07,-2367.9946507985313833165181
2014-10-08,119.0119217191602985117072
2014-10-09,1585.4742901923587870526341
2014-10-10,-2082.8833408758340592470258
2014-10-13,1081.5790285146705602408677
2014-10-14,-378.2386016360385366610342
2014-10-16,-2234.4362313278725149322408
2014-10-17,601.0461394392574776489091
2014-10-20,1809.3885106654403105085767
2014-10-21,1680.9708823507648702807560
2014-10-22,747.6932544953200608106044
2014-10-23,449.2356270991948031577763
2014-10-27,-441.7019998375219644002446
2014-10-28,604.5003736852587136351895
2014-10-29,947.0027476676258099872246
2014-10-30,1468.8651221096683146068402
2014-10-31,3554.4074970114752346761848
2014-11-03,199.5098723731355946119132
2014-11-05,-372.5663018052615639314775
2014-11-07,66.2031610646631499706273
2014-11-10,204.7456227204798771701492
2014-11-11,894.5980848529482670997394
2014-11-12,872.3405474621606140622973
2014-11-13,324.4230105482092302317152
2014-11-14,329.7654741111864456563381
2014-11-17,977.8879381511846082624251
2014-11-18,689.2004026682960838576113
2014-11-19,-1978.0971323373867438656305
2014-11-20,448.0053331342285266734740
2014-11-21,1004.4777990832343149474637
2014-11-24,764.1202655097230583241070
2014-11-25,-1610.0172675862127879301332
2014-11-26,911.6351997955192493533657
2014-11-27,1031.3976676550116612488528
2014-11-28,600.4501359923569567396711
2014-12-01,-571.1373951923523372782752
2014-12-02,878.8491741009763240069476
2014-12-03,610.9050841272544113401878
2014-12-04,783.8076139261120126295755
2014-12-05,-239.5098557851841518290646
2014-12-08,-2765.4773250065392328612655
2014-12-09,-1976.4147937378583629268666
2014-12-10,1418.6677380209533438835426
2014-12-11,-1199.8097297300092081478208
2014-12-12,-1505.8671969906510963623754
2014-12-15,-556.3646637608773797216172
2014-12-16,-2602.2621300405930988035610
2014-12-17,-573.1995958297032757991807
2014-12-18,2889.2729388718870854911515
2014-12-19,715.1354740642729996612251
2014-12-22,1870.7080097475494997025539
2014-12-23,-1520.4994540781883629920621
2014-12-24,-142.7569174128455186249738
2014-12-26,-422.4443802563268789901185
2014-12-29,929.6381573914626625305434
2014-12-30,143.3406955306182309705947
2014-12-31,1088.6332341612349697827261
2015-01-01,865.9257732834080408423035
2015-01-02,1415.0105428972326244509352
2015-01-05,45.3349628145071259827132
2015-01-06,-3905.0625132190403177574131
2015-01-07,-1267.6599887638708587888064
2015-01-08,2060.3425361801101333899614
2015-01-09,26.3450616129973076036703
2015-01-12,1190.8475875348853310040003
2015-01-13,-35.6498860541311109269200
2015-01-14,-454.0473591539573143729645
2015-01-15,3871.0551682355014428195414
2015-01-16,355.5576961143399011453703
2015-01-19,41.1602244826528194439451
2015-01-20,1808.5627533405349749028906
2015-01-21,550.2652826880811630615868
2015-01-22,345.2678125253861978147215
2015-01-23,1799.0703428525449114158455
2015-01-27,624.1728736696521544809264
2015-01-28,887.5754049768027959919049
2015-01-29,281.2779367740917233002507
2015-01-30,-718.2195309383861578694806
2015-02-02,-400.5169981605359234160900
2015-02-03,-890.1241248922626308581765
2015-02-04,-1466.2160226621715880865697
2015-02-05,-312.9460218920376496742403
2015-02-06,-434.5860211217545898373092
2015-02-09,-3894.6060203513223797013197
2015-02-10,1849.6439804192590096137764
2015-02-11,857.1239811899896069936189
2015-02-12,382.8339819608694413294412
2015-02-13,1738.6039827318985415180706
2015-02-16,838.2739835030769364619296
2015-02-18,-689.6860157255953449309625
2015-02-19,-789.2760149541182737469892
2015-02-20,-214.2360141824918210669354
2015-02-23,-1519.1560134107159579659863
2015-02-24,-1034.9460126387906555137266
2015-02-25,492.5139881332841152258612
2015-02-26,-1226.8960110944916168056028
2015-02-27,2815.9739896778821773391056
2015-02-28,477.1439904504055266128155
2015-03-02,1213.8739912230784599739626
2015-03-03,540.9738719959010063865892
2015-03-04,-1385.6271145143402791315475
2015-03-05,635.6854632664198724890092
2015-03-09,-2440.6519584536829815426926
2015-03-10,27.3006203254478069223976
2015-03-11,-474.9868003960910952526397
2015-03-12,1407.1257793817969975129296
2015-03-13,-1620.9016403407912104788822
2015-03-16,-986.9090595637589962011601
2015-03-17,1736.7435217129903821015397
2015-03-18,776.6261034895536849168162
2015-03-19,-1630.6413142339723085319495
2015-03-20,-538.0087314574908002819661
2015-03-23,-1379.5461481809049736274041
2015-03-24,-47.1235644041179931157655
2015-03-25,-544.3209801270330045442555
2015-03-26,-1236.5283953495531349561501
2015-03-27,-1351.2558100715814926371661
2015-03-30,1865.2567757069788328881713
2015-03-31,-25.1506380137752291398380
2015-04-01,1735.4319487662532692875629
2015-04-06,1657.2769660471612949512239
2015-04-07,1333.6403733899004575832962
2015-04-08,25.9429216396662532384868
2015-04-09,2759.0654703828509418455231
2015-04-10,-767.8519803804499356454144
2015-04-13,1268.6705693498591802154979
2015-04-15,-990.3268804261261326186925
2015-04-16,-1505.4843297083102776881299
2015-04-17,-2414.3017784965976400225681
2015-04-20,-2371.4592267908925861377856
2015-04-21,-1154.6566745910994640320008
2015-04-22,1222.0658781028773968177132
2015-04-23,-32.8915687088663145409849
2015-04-24,-2472.9690150262348905321172
2015-04-27,-2050.3264608491326050478000
2015-04-28,1312.0760938225362865553458
2015-04-29,-804.1813510111324525402174
2015-04-30,110.4012046499569593906464
2015-05-04,2053.5037608059003226193374
2015-05-05,174.6557174567934559671109
2015-05-06,-3402.5564538090161429185159
2015-05-07,-2193.0139591614410986634397
2015-05-08,1748.3485359691738191964160
2015-05-11,2950.2910315829221419164585
2015-05-12,-2173.2464723201025811374010
2015-05-13,2355.9760242601932175147604
2015-05-14,102.5785213239031234703834
2015-05-15,901.7210188711207404479360
2015-05-18,1512.0035169019396902904213
2015-05-19,-174.0539845835463870311128
2015-05-20,782.0285144147561665859368
2015-05-21,142.8710138969410273792392
2015-05-22,462.4535138631018897250404
2015-05-25,-791.5439856866675338583238
2015-05-26,-975.4614847522735127069149
2015-05-27,63.4610166663777019923207
2015-05-28,-848.5364814306201227949321
2015-05-29,1935.3460209568267980531555
2015-06-01,209.0085238288122678180737
2015-06-02,-2179.2889728145698920555105
2015-06-03,-2879.6264689732258419562365
2015-06-04,478.4360353529382758974680
2015-06-05,-169.8414598359836625390950
2015-06-08,-1784.0789545398977631333746
2015-06-09,228.0235512412898864279484
2015-06-10,1110.3860575076732166424819
2015-06-11,-1823.5914357406538238043561
2015-06-12,3.8310714964027319641839
2015-06-15,254.6335792189368690197052
2015-06-16,390.2960874270425906321882
2015-06-17,1148.3985961208139182735141
2015-06-18,1426.1811053003448916209892
2015-06-19,1081.1436149657295685608704
2015-06-22,1741.2061251170620251918904
2015-06-23,447.6886357544363558287851
2015-06-24,-97.2288531220533269941804
2015-06-25,819.3336584876871074803170
2015-06-26,-380.7038294162481917638131
2015-06-29,-1382.7613168337650575125465
2015-06-30,894.5811962352306956817875
2015-07-01,2548.3437097908332715040344
2015-07-02,415.1308638331368918797478
2015-07-03,-497.8387232294735451082744
2015-07-06,1377.1638310041294950832794
2015-07-07,34.0963857323100816634155
2015-07-08,-1760.2210590448360200670331
2015-07-09,-202.0885033272130262641505
2015-07-10,475.3640528852748654626539
2015-07-13,1376.4066095927234760542361
2015-07-14,52.5491667952286450053091
2015-07-15,660.3117244928862303680363
2015-07-16,1528.1642826857921087556236
2015-07-17,1121.3268413740421753459149
2015-07-20,23.6694005577323438849854
2015-07-21,-1867.7680397630414533092623
2015-07-22,1221.0645204118167346564975
2015-07-23,-124.6129189175971227453888
2015-07-24,-701.8703577511870374599580
2015-07-27,-2627.2677960888570028460308
2015-07-28,-65.1352339305109936726134
2015-07-29,501.1373287239470338847021
2015-07-30,1321.1198918746131422473382
2015-07-31,1909.7524555215834124373320
2015-08-03,656.2750196649539440809386
2015-08-04,330.1998843048208554122315
2015-08-05,1691.2052665548227230204910
2015-08-06,298.1078719049014189608251
2015-08-07,-527.1895222405446296362877
2015-08-10,-284.8369158814177409715928
2015-08-11,-1515.7843090176202143316602
2015-08-12,-2286.4317016490543300852205
2015-08-13,171.3709062243776503204968
2015-08-14,2306.6235146027734843634282
2015-08-17,-254.1238765137690515496602
2015-08-18,313.8287328748478379204929
2015-08-19,304.6313427687219670493103
2015-08-20,-1724.0160468320488309479583
2015-08-21,-1338.6134359273667039125672
2015-08-24,-10383.2108245171337807386086
2015-08-25,2070.1917873987478286306579
2015-08-26,-1390.3056001796239667935266
2015-08-27,2971.8470127478487609582510
2015-08-28,1133.9996261812639588172456
2015-08-31,-599.0477598792804073197739
2015-09-01,-2783.3451454336863525868520
2015-09-02,-983.0414004818558731451743
2015-09-03,-787.2381450895399103797130
2015-09-04,-534.9248607569816708039802
2015-09-07,-1651.5815757884764543171046
2015-09-08,-299.6082901839011221838117
2015-09-09,823.4949960568674881745886
2015-09-10,-486.3117170660474368151810
2015-09-11,240.1415704474773131262523
2015-09-14,936.8448585975649721355302
2015-09-15,-512.7918526156612017888172
2015-09-16,163.8614368079220732182486
2015-09-18,1686.7447268684381028928963
2015-09-21,-761.5719824339897831529531
2015-09-22,-1014.7386910992382314270040
2015-09-23,128.2846008728161354480393
2015-09-24,885.3478934822967187390958
2015-09-28,-1113.8588132706730563926654
2015-09-29,-437.8055193859697408871986
2015-09-30,1028.8377751365301382190458
2015-10-01,-371.4689297030499222022501
2015-10-05,1698.9371460954135986333575
2015-10-06,647.1305983465501796400812
2015-10-07,-19.1136642656827736730581
2015-10-08,-782.8579257669824274131401
2015-10-09,13.3978138428663289973683
2015-10-12,29.6535545640786477879701
2015-10-13,-165.3407036031302771517963
2015-10-14,-295.3349606585452102642909
2015-10-15,468.4207833980491256842965
2015-10-16,468.4265285668680496120160
2015-10-19,192.1822748481269221292287
2015-10-20,29.6880222420411455466799
2015-10-21,-230.3062292511738361164266
2015-10-23,-344.0504796313025371243525
2015-10-26,-2.7947288981294300167472
2015-10-27,-230.2889770514389456005689
2015-10-28,-409.0332240910154729420037
2015-10-29,-84.0274700166433593583833
2015-10-30,240.9782851718930895898986
2015-11-02,110.9840414748096101074720
2015-11-03,103.7812988923219801720776
2015-11-04,144.4282737809729647381374
2015-11-05,-331.1659892813667987860548
2015-11-06,-413.1602512328604171468497
2015-11-09,472.4454879267072033575331
2015-11-10,-954.3487718024488019224235
2015-11-11,1423.6569695798867440205306
2015-11-13,-1823.5372879260709401415221
2015-11-16,-150.7315443201065940635983
2015-11-17,-3.1257996020049157197449
2015-11-18,62.4799462284494386050310
2015-11-19,669.2856931714718543228355
2015-11-20,472.4914412272777585509609
2015-11-23,685.6971903960826201199611
2015-11-24,-298.2970593218980504182707
2015-11-26,242.9086920735512992175757
2015-11-27,13.3144445826462630463079
2015-11-30,-19.4798017943975231676872
2015-12-01,259.3259529426356180936393
2015-12-02,62.2145087939614061100837
2015-12-03,42.3982835454953680713458
2015-12-04,42.4064931466148818662663
2015-12-07,42.4147043373636189574882
2015-12-08,42.4229171180493800567355
2015-12-09,42.4311314889800254753402
2015-12-10,42.4393474504634751357821
2015-12-11,42.4475650028077085832316
2015-12-14,42.4557841463207649970946
2015-12-15,42.4640048813107432025592
2015-12-16,42.4722272080858016821451
2015-12-17,42.4804511269541585872551
2015-12-18,42.4886766382240917497288
2015-12-21,42.4969037422039386933985
2015-12-22,42.5051324392020966456473
2015-12-23,42.5133627295270225489700
2015-12-24,42.5215946134872330725350
2015-12-28,42.5298280913913046237500
2015-12-29,42.5380631635478733598285
2015-12-30,42.5462998302656351993597
2015-12-31,42.5545380918533458338796
2016-01-01,42.5627779486198207394453
2016-01-04,-125.0357805991260648117888
2016-01-05,259.4065409463608773026849
2016-01-06,-396.5876875980173519827342
2016-01-07,-1347.7819150248657057280124
2016-01-08,685.8238586660322039427294
2016-01-11,-35.7703665251071931953359
2016-01-12,-822.9645905980674254596284
2016-01-13,-462.1588135526319792520464
2016-01-14,-708.1530353885842990508507
2016-01-15,-790.1472561057077874025468
2016-01-18,-2003.7414757037858049137654
2016-01-19,292.2643058173983297568582
2016-01-20,-544.1299115419386600931935
2016-01-21,-888.5241277815800092021959
2016-01-22,1276.2816570986910896639428
2016-01-25,210.2874430990914857198090
2016-01-27,-281.7067697801619298313875
2016-01-28,95.4990184611477762103165
2016-01-29,899.1048078232375790497697
2016-02-01,554.7105983063244959048395
2016-02-02,-1435.6039500893744139854527
2016-02-03,134.0801839953849019501748
2016-02-04,527.9858070609220616100608
2016-02-05,370.4314312152562495607304
2016-02-08,948.1570564585982901222952
2016-02-09,1237.0226827911590484368866
2016-02-10,-653.6916897868505695234394
2016-02-11,1473.3739387247803830512031
2016-02-12,948.1795683262628938164377
2016-02-15,-1100.0948009821920087184651
2016-02-16,422.9908307996267448173220
2016-02-17,-417.3235363280697353359043
2016-02-18,2.8420976349297019395353
2016-02-19,764.3877326888362486466182
2016-02-22,-601.1266311661388623184639
2016-02-23,764.3990060702156428416135
2016-02-24,239.2046443981110788332272
2016-02-25,449.2902838177588012797279
2016-02-26,-75.9040756706297932706377
2016-02-29,370.5215659331567326631982
2016-03-01,107.9272086293298575030497
2016-03-02,-1082.7570275818988993805950
2016-03-03,432.5776866403555242649028
2016-03-04,1062.0834370184628836586992
2016-03-08,231.1491885100188688004823
2016-03-09,-675.3250588847609226883335
2016-03-10,-398.3393051656608514400570
2016-03-11,961.3864496675347636673626
2016-03-14,-171.7077943849583544815786
2016-03-15,-1153.7220373229244412318533
2016-03-16,-146.5162791461476901498148
2016-03-17,1036.9494801455877469848930
2016-03-18,-650.1047594475022398125741
2016-03-21,-347.9389979252017187241667
2016-03-22,54.9467647127052838791513
2016-03-23,-750.8074715335652165545003
2016-03-28,-977.4217066637971627498214
2016-03-29,256.4040593222255444037680
2016-03-30,684.4698264247190458602280
2016-03-31,-96.1044053561004755749989
2016-04-01,407.5013639799832047631160
2016-04-04,-759.4668655668136465927072
2016-04-05,1108.1245373147642267758169
2016-04-06,55.2502619111002259240629
2016-04-07,671.5759876158927133722077
2016-04-08,286.3817144293563201115628
2016-04-11,80.9474423517057186925474
2016-04-12,722.9531713831556232327353
2016-04-13,-484.0010984760792105750963
2016-04-18,389.1246327742160145450833
2016-04-20,209.3703651342561374606102
2016-04-21,748.6560986042560386381793
2016-04-22,-329.8981668155693598481009
2016-04-25,-638.0524311250050943086521
2016-04-26,80.9933056761638405696324
2016-04-27,440.5190435881524917314470
2016-04-28,671.6447826111759477611347
2016-04-29,800.0505227454493388907503
2016-05-02,825.7362639911878370081241
2016-05-03,-177.0969936513933443350716
2016-05-04,-1703.7231190075475516514986
2016-05-05,-527.6897659311092195353111
2016-05-06,774.7735877945870018161435
2016-05-09,432.8769421696668285368351
2016-05-10,47.0502971942560011032130
2016-05-11,459.3336528684802843389186
2016-05-12,-9.1129908075345325805008
2016-05-13,-230.3496338336626361228753
2016-05-16,232.9337237902218116053023
2016-05-17,-206.8029179357553271364054
2016-05-18,-224.9295590114681657176627
2016-05-19,-575.5061994367907931326421
2016-05-20,-384.2228392115972739953042
2016-05-23,-233.3594783357616485346768
2016-05-24,-584.9461168091579325901339
2016-05-25,-263.9627546316601176066721
2016-05-26,1292.2506081968578293698119
2016-05-27,873.7939716765219656972464
2016-05-30,-901.3926641925416268578903
2016-05-31,-88.8992994102068421158439
2016-06-01,489.1040660236524505211441
2016-06-02,-754.8172778908375939264372
2016-06-03,-320.0576823938144294518236
2016-06-06,609.4723180549448302298945
2016-06-07,827.7423185037909833943809
2016-06-08,122.8323189527240468668652
2016-06-09,-327.2676805982559625241662
2016-06-10,-4.9476801491490279469674
2016-06-13,-376.8176796999551325665341
2016-06-14,241.7723207493257404553983
2016-06-15,953.4523211986936079603546
2016-06-16,502.8523216481484867931204
2016-06-17,-950.0476779023096061982567
2016-06-20,797.2423225473193458375330
2016-06-21,459.0423229970353597550625
2016-06-22,-869.2576765531615475878324
2016-06-23,516.0823238967286406699492
2016-06-24,580.2323243467059413927722
2016-06-27,553.4923247967703714482675
2016-06-28,1327.9923252469219477073320
2016-06-29,546.2223256971606870441292
2016-06-30,1651.3623261474866063360898
2016-07-01,1788.3923265978997224639129
2016-07-04,1826.8152870484000523115660
2016-07-05,-1171.0303372042781981176010
2016-07-07,1145.1096646667338321268655
2016-07-08,-165.5703334618918526215018
2016-07-11,2579.4396684098448177867266
2016-07-12,373.5996702819439135145633
2016-07-13,-184.1703278455944952613934
2016-07-14,542.2696740272296616490429
2016-07-15,780.1696759004164544496497
2016-07-18,-1629.2303222260340466422019
2016-07-19,399.1196796478782286044557
2016-07-20,816.2996815221533504341883
2016-07-21,-784.5203166032086108948361
2016-07-22,1343.0296852717924148891540
2016-07-25,1963.9496871471564980715375
2016-07-26,-369.6003109771162910486980
2016-07-27,433.3196908989741178410478
2016-07-28,1412.9496927754277950669894
2016-07-29,-109.6203053477551890310414
2016-08-01,1067.3296965294252359004077
2016-08-02,804.5877884069691402284107
2016-08-03,-2118.5646993700663546602682
2016-08-04,-11.3746983437026956058085
2016-08-05,3492.4253026828596987638522
2016-08-08,-1005.2746962903791330700661
2016-08-09,-439.6746952634191526188926
2016-08-10,-670.6046942362603213865039
2016-08-11,-149.9446932089026008693224
2016-08-12,701.4353078186540474436848
2016-08-16,97.9953088464096620710075
2016-08-17,169.3953098743642815385941
2016-08-18,1283.0453109025179443798526
2016-08-19,398.2453119308706891356521
2016-08-22,-1363.7046870405774456456754
2016-08-23,-570.3146860118264214083336
2016-08-24,1004.9153150171238004109390
2016-08-25,-1056.8046839537267416171290
2016-08-26,-358.3546829243780089143403
2016-08-29,-180.1146818948299628950277
2016-08-30,2291.5453191349174350339469
2016-08-31,357.8853201648642234731950
2016-09-01,-870.5046788049895589691980
2016-09-02,529.3972422253561263223292
2016-09-06,3024.2453062009263015682596
2016-09-07,583.1953072283686747526981
2016-09-08,564.5153082560099921243012
2016-09-09,-1384.2946907161497077952675
2016-09-12,-2697.2246896881103864768852
2016-09-14,174.9953113401279946160313
2016-09-15,-346.5546876314345259724732
2016-09-16,527.9953133972020903091098
2016-09-19,414.9353144260378820197530
2016-09-20,374.0353154550728877258959
2016-09-21,-524.7346835156928539985547
2016-09-22,1832.1153175137406954277771
2016-09-23,193.3753185433735745937378
2016-09-26,-1199.1246804267941779043542
2016-09-27,-834.4846793967625234627070
2016-09-28,423.8553216334685765299463
2016-09-29,-2654.7946773361008393076515
2016-09-30,-0.5446763054707323492793
2016-10-03,3233.3853247253589360387627
2016-10-04,508.8412257563882044976554
2016-10-05,-882.3657079931729105411944
2016-10-06,-919.2057071621094545212134
2016-10-07,-359.5257063308850792632731
2016-10-10,1756.1142945005002463915002
2016-10-13,-4350.3457046679534463919865
2016-10-14,585.6342961637538735572079
2016-10-17,-1435.1257030043777625839396
2016-10-18,2833.3542978276516763675850
2016-10-19,-228.2257013401577783991666
2016-10-20,428.0242994921939043108964
2016-10-21,77.4043003247067556989053
2016-10-24,-301.5756988426191930279669
2016-10-25,-38.2256980097839106565050
2016-10-26,-1416.6756971767873659674498
2016-10-27,-511.4156963436295277354970
2016-10-28,1520.6043044896896352707038
2016-10-30,837.0943053231701542885505
2016-11-01,-305.6356938431879394385108
2016-11-02,-1651.1525930093846146609842
2016-11-03,-665.2562744029899675170965
2016-11-04,-1742.1562736816007312853975
2016-11-07,833.8337270399281879095286
2016-11-08,1928.5837277615968171145646
2016-11-09,-2678.5662715165948166181694
2016-11-10,2433.3437292053533137686845
2016-11-11,-5910.5262700725587646622760
2016-11-15,-6748.5462693503310248432139
2016-11-16,888.3237313720365602989497
2016-11-17,-966.0162679054559821574648
2016-11-18,-1970.6562671828086251288931
2016-11-21,-797.6762664600213415265272
2016-11-22,2014.3137342629058957436861
2016-11-23,533.6137349859731137810467
2016-11-24,-1485.4162642908196603098989
2016-11-25,1537.5537364325276005806448
2016-11-28,907.1137371560149235677220
2016-11-29,374.0937378796423357716272
2016-11-30,886.3037386034098643179069
2016-12-01,-1473.1262606726824636626410
2016-12-02,-2663.0046899486346210339646
2016-12-05,939.7871472220947895576711
2016-12-06,502.3896812930406207195681
2016-12-07,-923.2077841453401072586114
2016-12-08,2902.9947509070476149700341
2016-12-09,66.6472864502988151491137
2016-12-12,-1694.6501775154914605774928
2016-12-13,454.4023590097718523379272
2016-12-14,-1411.1451039738161631495176
2016-12-15,-3.0925664661604056737571
2016-12-16,-825.8400284671657554541959
2016-12-19,-290.1874899767370742921472
2016-12-20,-668.7849509947792055672667
2016-12-21,-1151.4824115211969742339854
2016-12-22,-1263.3798715558951868179418
2016-12-23,-245.6273310987786314124141
2016-12-26,-2036.4747901497520776747509
2016-12-27,2241.8277512912797231771994
2016-12-28,295.7302932244120383686576
2016-12-29,1481.3328356497401535714860
2016-12-30,1874.7853785673593729077595
2017-01-02,792.0879219773650189533387
2017-01-03,160.7280158798524327414428
2017-01-04,46.2814787305649801142589
2017-01-05,511.2874389638837552321015
2017-01-06,294.2934003512855269852725
2017-01-09,170.2993628929937610490043
2017-01-10,588.8053265892319663683011
2017-01-11,573.3112914402236951663176
2017-01-12,743.8172574461925429527384
2017-01-13,387.3232246073621485321601
2017-01-16,278.8291929239561940124743
2017-01-17,-542.6648376038015951867477
2017-01-18,402.8411330243125496741320
2017-01-19,526.8471048085224406632054
2017-01-20,-961.1469222509480668145912
2017-01-23,542.3590518461249259909140
2017-01-24,681.8650270999653611835211
2017-01-25,1255.3710035107972242290530
2017-01-27,526.8769810788445439637523
2017-01-30,15.3829598043313926026782
2017-01-31,-418.6110603125181142518933
2017-02-01,1146.8949207285201823979311
2017-02-02,291.1003029276704849540652
2017-02-03,-12.5307119347755590048127
2017-02-06,1307.1519154933459529412451
2017-02-07,-174.9954565697822970361787
2017-02-08,408.4871718759382006292189
2017-02-09,239.0398008306059745781986
2017-02-10,19.0724302943195725296711
2017-02-13,-74.9849397328224387156076
2017-02-14,-171.4323092507214732713423
2017-02-15,-1664.3696782592789261620025
2017-02-16,1209.3029532416038266808735
2017-02-17,1017.1155852520254284223756
2017-02-20,1497.9482177720845413279204
2017-02-21,624.8608508018798467669481
2017-02-22,32.7234843415100452166228
2017-02-23,-391.3838816089261437344677
2017-02-27,-357.3312470493299813826124
2017-02-28,352.7713880203972900947258
2017-03-01,1109.7040236003544476426106
2017-03-02,-1437.0529703093597126676645
2017-03-03,-196.9080356641184084367028
2017-03-06,984.2146310083120553184518
2017-03-07,-320.2227018029083474285640
2017-03-08,-1000.1400340976796357334775
2017-03-09,510.6626341240981907073450
2017-03-10,107.5853028625251515606464
2017-03-14,2499.3479721177012858600290
2017-03-15,118.0306418897266520097030
2017-03-16,1810.4733121787013277882386
2017-03-17,-61.3240170152745896476830
2017-03-20,30.2786543078990162404821
2017-03-21,36.8013261483222813768945
2017-03-22,-1791.5160014939046389249161
2017-03-23,1510.0866713813184300417047
2017-03-24,-75.5106552259083176197102
2017-03-27,-664.8679813154846684049922
2017-03-28,639.9746931126896105944184
2017-03-29,596.0173680587147716952304
2017-03-30,761.1000435226910866260595
2017-03-31,159.9027195047188465311866
2017-04-03,1174.1453960048983619743182
2017-04-05,656.1760830233299629423459
2017-04-06,157.6771977497080894190100
2017-04-07,-89.5800571123102590143144
2017-04-10,48.3826885572138504729469
2017-04-11,1235.4254347583833407161711
2017-04-12,-250.1918185086988455202644
2017-04-13,-421.1490712439297455391223
2017-04-17,-482.5563234472063767064463
2017-04-18,-1107.5035751184257364477004
2017-04-19,483.1591737425151977560925
2017-04-20,735.3419231357194683722110
2017-04-21,-259.6453269387098621799001
2017-04-24,1725.1274235193302884752319
2017-04-25,1904.0701745099430226729724
2017-04-26,321.9329260332314627124443
2017-04-27,-148.5143219107012491396065
2017-04-28,-359.4615693217519506449449
2017-05-02,496.6211838001825404100208
2017-05-03,-88.9901625447945737818934
2017-05-04,866.3096099064987895205333
2017-05-05,-1664.2075922082156507642225
2017-05-08,150.6952062188258540461771
2017-05-09,809.7480051877282044298038
2017-05-10,1822.5608046985963211766627
2017-05-11,227.3936047515351453926239
2017-05-12,-540.3435946533503614966424
2017-05-15,1089.2492064840447822582677
2017-05-16,783.0520081638255787344275
2017-05-17,49.5948103860970503405157
2017-05-18,-2564.4823868490357601792470
2017-05-19,-452.8095835414677897411599
2017-05-22,-511.9367796910939549181041
2017-05-23,-1447.7739752978091519356040
2017-05-24,-1356.5711703615082566678862
2017-05-25,2207.3016351179138753660599
2017-05-26,2499.0644411405624090064242
2017-05-29,-354.9327522934574705434821
2017-05-30,604.1500548159594422867164
2017-05-31,474.9228624689183734384028
2017-06-01,-149.4243293344754307720870
2017-06-02,812.0581194058832963504796
2017-06-05,1215.5927686226094223700360
2017-06-06,-1192.9443941543799085679604
2017-06-07,763.1784436180036892284131
2017-06-08,301.4512819398665911176287
2017-06-09,311.1941208113151930556736
2017-06-12,-730.2030397675440883999624
2017-06-13,444.8198002033951839137025
2017-06-14,-517.0173592757605322308683
2017-06-15,-109.4945182049047584477387
2017-06-16,167.4183234160690042664911
2017-06-19,970.1511655872672755366766
2017-06-20,94.3840083087965956131227
2017-06-21,-292.5131484192364746244233
2017-06-22,-523.2303045967253536627772
2017-06-23,-1122.0874602235634393513221
2017-06-27,-1664.8746152996441088980126
2017-06-28,274.7782301751392811346215
2017-06-29,135.3610762008933948334736
2017-06-30,1015.7139227777249169388581
2017-07-03,1552.6367699057405528485098
2017-07-04,268.5789575850470286215836
2017-07-05,642.6951841652458975347852
2017-07-06,999.1480296011995726394921
2017-07-07,-92.2491244118835472069534
2017-07-10,1578.5537221261032212799292
2017-07-11,-28.6934307847334179582405
2017-07-12,444.5094168557132596812945
2017-07-13,1689.0622650475499994664308
2017-07-14,-128.2348862091164326657951
2017-07-17,595.2679630858207498947959
2017-07-18,-1138.4791870675316455644715
2017-07-19,1728.7236633309332089248761
2017-07-20,-521.8234857186778379835338
2017-07-21,465.2293657837420830530849
2017-07-24,826.9822178382998620706835
2017-07-25,510.0850704451024098023849
2017-07-26,300.6379236042566576824919
2017-07-27,-44.2592226841304421495059
2017-07-28,-43.4063684199519168449207
2017-07-31,1284.9964863968992271581411
2017-08-01,334.0493417665300041387913
2017-08-02,-291.1641323109525509026293
2017-08-03,-802.7120587654304059140514
2017-08-04,1782.7508898285444672774958
2017-08-07,923.7338389934570854165610
2017-08-08,-1689.0232112705820005320964
2017-08-09,-1932.3802609634622181976780
2017-08-10,-3826.3573100850729737992007
2017-08-11,-1023.3543586353036521413521
2017-08-14,2787.4885933859563833896569
2017-08-16,1937.3515459788177908302386
2017-08-17,-11.7655008566087503564228
2017-08-18,-710.4425471202125392762225
2017-08-21,-1974.8795928118828535999857
2017-08-22,-266.6366379315089495593170
2017-08-23,1688.1863175210199380575514
2017-08-24,1172.4892735458145959099107
2017-08-28,920.5522301429858321087298
2017-08-29,-1981.6648126873555237791923
2017-08-30,2096.6181450549013792729288
2017-08-31,425.2011033698674137560178
2017-09-01,1495.0840622576534736292964
2017-09-04,-1247.1217682816295256755608
2017-09-05,540.7216646034569789448833
2017-09-06,447.2616649257749895147429
2017-09-07,296.0616652481554106842573
2017-09-08,-159.8283344294017454619772
2017-09-11,1033.2916658931035331629751
2017-09-12,819.8716662156712586483908
2017-09-13,-256.8783334616985569141130
2017-09-14,-97.7283331390059014305779
2017-09-15,304.0516671837492371952967
2017-09-18,268.2316675065668710621530
2017-09-19,358.0916678294470122709764
2017-09-20,54.1616681523896729250951
2017-09-21,-1702.1683315246051348698192
2017-09-22,-3097.8383312015373990057503
2017-09-25,-1979.0183308784071073723380
2017-09-26,780.7016694447857521431229
2017-09-27,-2824.4883302319588083443167
2017-09-28,35.3616700913592232827396
2017-09-29,558.3316704147398591440347
2017-10-03,1571.7016707381831113616582
2017-10-04,405.4593610616889920600468
2017-10-05,-295.5484336225024905539716
2017-10-06,1756.2915666807959777280307
2017-10-09,639.4915669841531738460805
2017-10-10,740.2315672875691091716783
2017-10-11,-639.8084324089562049214732
2017-10-12,2351.2515678945772429425307
2017-10-13,1492.2915681981694641417977
2017-10-16,699.4815685018204700566383
2017-10-17,-244.6384311944697279304333
2017-10-18,-810.3084308907011184346985
2017-10-19,216.6515694131263099307649
2017-10-23,-694.0184302829874314449151
2017-10-24,-167.6084299790423311704061
2017-10-25,1635.1315703249616221478308
2017-10-26,980.7715706290244399055401
2017-10-27,-142.4184290668538664993269
2017-10-30,1561.7515712373267143333878
2017-10-31,-380.2684284584338061939499
2017-11-01,2024.8115718458645833232334
2017-11-02,-2.7802478497781057082806
2017-11-03,254.2348173495202949889660
2017-11-06,135.6848182823061228035648
2017-11-07,-1420.3351807847274335894993
2017-11-08,-1353.0651798515803392174994
2017-11-09,548.8248210817474408990641
2017-11-10,550.9948220152559417464631
2017-11-13,-1182.3151770510548016822556
2017-11-14,-889.0751761171847543872695
2017-11-15,-1347.7651751831338813619795
2017-11-16,1080.2148257510978524069923
2017-11-17,1936.5348266855104819398035
2017-11-20,1113.2248276201040422633923
2017-11-21,-564.4351714451214315885207
2017-11-22,-67.3151705101659045754311
2017-11-23,523.5048304249706583499503
2017-11-24,611.6948313602882922416987
2017-11-27,103.2848322957870321606772
2017-11-28,-128.8051667685330868254623
2017-11-29,-131.8551658326720296422782
2017-11-30,-2013.5351648966297612085366
2017-12-01,-2024.5851639604062464362118
2017-12-04,-737.9637830240014502304829
2017-12-05,-32.8968429464722599591518
2017-12-06,-1385.6438604253696073660098
2017-12-07,2652.3091226732401171121614
2017-12-08,1421.7121063494687364622239
2017-12-11,641.5650906034280953233810
2017-12-12,-1346.7819245647699400086298
2017-12-13,-1471.0289391550134815773432
2017-12-14,367.8740468328093802386278
2017-12-15,1558.5770333988105767297862
2017-12-18,1288.7300205431020608599484
2017-12-19,1982.0830082657958072704392
2017-12-20,-35.6640034329961877157096
2017-12-21,396.5889854468380939104382
2017-12-22,925.0919749054106918479227
2017-12-26,759.5449649428336674900879
2017-12-27,-410.8520444407808960712181
2017-12-28,-437.7990532453208940414413
2017-12-29,974.4539385293258000808806
2018-01-01,-304.7930691167286654916791
2018-01-02,-1238.8819461833721208312316
2018-01-03,537.7816584975334468093222
2018-01-04,1495.7416588186691643127348
2018-01-05,1557.8016591398670634877972
2018-01-08,1242.9016594611271563747777
2018-01-09,314.7816597824494550162763
2018-01-10,-0.9383398961660285427753
2018-01-11,89.4816604252807177448870
2018-01-12,865.2216607467897059288600
2018-01-15,1395.7916610683609480610736
2018-01-16,-1590.4283386100055438042089
2018-01-17,1013.2916617116902423896103
2018-01-18,-1413.1183379665516812985366
2018-01-19,1523.5216623552686971926173
2018-01-22,1629.2616626771513899266748
2018-01-23,2013.8916629990964089695740
2018-01-24,4.8216633211037663895900
2018-01-25,-612.2283363568265257426660
2018-01-29,-404.1283360346944553542450
2018-01-30,-1496.9383357125000103698606
2018-01-31,-983.0383353902431787118882
2018-02-01,204.3416649320760516996354
2018-02-02,-3592.5573847455423070529874
2018-02-05,-2000.7664857984119534003088
2018-02-06,-1992.5264754364299926048422
2018-02-07,-429.7664650724416359935059
2018-02-08,1356.8535452935535049331378
2018-02-09,-1346.8264443384441812502473
2018-02-12,2593.9335660315656941062420
2018-02-14,-286.7264235964164802722362
2018-02-15,1067.6135867776096844147449
2018-02-16,-1464.5864028463554229571042
2018-02-19,-1877.8263924683114134367746
2018-02-20,-140.7263820882578979979448
2018-02-21,-493.1263717061944875389660
2018-02-22,-847.3463613221207928828472
2018-02-23,2358.1736490639635752227588
2018-02-26,1676.8336594520590061055708
2018-02-27,-515.8463301578341108313072
2018-02-28,-1087.8863197657153861093705
2018-03-01,-1289.4663093715844301746998
2018-03-05,-1132.0777489754408533979459
2018-03-06,-2229.4130310722863654244532
2018-03-07,-1483.2730219776691004011189
2018-03-08,507.3869871187091599700662
2018-03-09,-291.3030037831512433284762
2018-03-12,2533.7570053167500307516993
2018-03-13,712.2170144184133233250761
2018-03-14,522.5470235218389755721875
2018-03-15,-700.2829673729726712603700
2018-03-16,-2528.2529582660212758599246
2018-03-19,-2472.2429491573064968477154
2018-03-20,752.6270599531720072211194
2018-03-21,209.5270690654145778575562
2018-03-22,90.6170781794215566386977
2018-03-23,-881.4829127048067147922132
2018-03-26,1806.1770964127301052742191
2018-03-27,1559.4071055320323586135551
2018-03-28,-700.6528853468996129324662
2018-04-02,2057.8471237759345325440849
2018-04-03,1227.6155329005351370173425
2018-04-04,-1532.8729262436254343912518
2018-04-05,2128.7770751260695955853011
2018-04-06,514.4570764960298403043192
2018-04-09,1333.1070778662553511194674
2018-04-10,696.5570792367461793943546
2018-04-11,1006.2870806075023765025344
2018-04-12,620.6870819785239938275089
2018-04-13,-309.8129166501889172372712
2018-04-16,1645.7670847213636947115967
2018-04-17,277.3370860931818810874680
2018-04-18,-34.5429125347343066863463
2018-04-19,774.1870888376151828234217
2018-04-20,-874.7629097897695989400011
2018-04-23,741.7770915831113994765734
2018-04-24,249.8070929562582295362962
2018-04-25,131.2970943296709427122826
2018-04-26,-24.4329042966504095123845
2018-04-27,899.2370970772942243553459
2018-04-30,989.3570984515048958184956
2018-05-02,-1651.1429001740183436099409
2018-05-03,-1349.0456187992754424069950
2018-05-04,-826.4751972656960687830192
2018-05-07,1520.3248056005648727246099
2018-05-08,-226.3151915326191902097693
2018-05-09,39.4948113347518498779142
2018-05-10,-506.1451857973218995274604
2018-05-11,861.0148170711596690797987
2018-05-14,-245.0251800598033367738003
2018-05-15,-825.5751771902108095409291
2018-05-16,-1463.9751743200626416534347
2018-05-17,-819.9351714493587255223357
2018-05-18,-1929.7851685780989535378181
2018-05-21,-2010.0451657062832180692316
2018-05-22,1753.9848371660885885349151
2018-05-23,-1462.0951599609834260530427
2018-05-24,869.7848429125008458600797
2018-05-25,1920.9548457865415119883189
2018-05-28,2433.8048486611386800665689
2018-05-29,216.0448515362924578505841
2018-05-30,-837.7451455879970468830164
2018-05-31,760.3048572882702736632558
2018-06-01,-1693.9851398349054726922385
2018-06-04,-2357.8255869575241781102613
2018-06-05,-211.8114017049726309696839
2018-06-06,846.5316496403976598532441
2018-06-07,1093.8747015766015003665172
2018-06-08,609.3477541037532939696450
2018-06-11,-33.8291927780325337858743
2018-06-12,302.5538609313584648077345
2018-06-13,75.1569152320407596188148
2018-06-14,104.9399701241288426805680
2018-06-15,361.9530256077372281953464
2018-06-18,-973.5139183170195474610550
2018-06-19,-597.2908616500269257351047
2018-06-20,55.2021956088296741087598
2018-06-21,-953.6047465403351450075737
2018-06-22,985.0283119025932420284052
2018-06-25,-290.6786290622705174758752
2018-06-26,-261.3055694348117540137700
2018-06-27,-844.4625092149157758751198
2018-06-28,-844.6694484024678691419512
2018-06-29,747.5436130026467023158233
2018-07-02,-142.4133249994573031552941
2018-07-03,559.4620375913348950119162
2018-07-04,626.2606568101387579815746
2018-07-05,85.0537221082358306369795
2018-07-06,598.2767879998681265371668
2018-07-09,654.2598544851505722080651
2018-07-10,506.8529215641981164288845
2018-07-11,-74.3340107628742697635746
2018-07-12,18.1790575040484069293883
2018-07-13,-157.4778736349188379273154
2018-07-16,-189.8648041796609664982529
2018-07-17,114.5782658699370813268440
2018-07-18,-1248.1686634860096120626101
2018-07-19,106.0444077526140580062615
2018-07-20,929.0974795859232184941111
2018-07-23,988.4005520140330186536833
2018-07-24,77.5036250370586300341301
2018-07-25,281.5866986551152464853295
2018-07-26,10.3597728683180841622026
2018-07-27,770.5328476767823815290334
2018-07-30,597.6359230806233993637877
2018-07-31,214.5789990799564207624340
2018-08-01,-41.4679243251032488567342
2018-08-02,-1331.5731271344402817487777
2018-08-03,1639.5348604481118390486928
2018-08-06,264.6779614136526396940913
2018-08-07,-322.7289370203650312195447
2018-08-08,922.8641651461750901050871
2018-08-09,161.5972679133892899775065
2018-08-10,-579.7096287186061227761892
2018-08-13,-1734.5665247496948168089658
2018-08-14,1443.2665798202395617515079
2018-08-16,-965.6003150086866106927767
2018-08-17,2143.2027907636430647941926
2018-08-20,1571.5458971373450096868135
2018-08-21,754.9790041125356680022327
2018-08-23,658.8521116893315063047105
2018-08-24,-309.2347801321509862900124
2018-08-27,1856.3783286482047018896507
2018-08-28,72.1814380305151050755009
2018-08-29,663.4445480148967800639214
2018-08-30,-311.6023413985336937797531
2018-08-31,926.9407697903402854831339
2018-09-03,-1591.5161184183646576310692
2018-09-04,-3130.4964760245318760239489
2018-09-05,-998.7707166950489916814620
2018-09-06,1104.8324335345184551241988
2018-09-07,1450.4355843740664488047222
2018-09-10,-2385.8412641762868997976183
2018-09-11,-3186.5181121164234569706873
2018-09-12,993.0850405537749338719416
2018-09-14,2410.3281938344264521954141
2018-09-17,-1270.8286522743506996519741
2018-09-18,-2107.4654977724382964343472
2018-09-19,-722.9423426597180900238163
2018-09-21,-2541.4191869360718093960487
2018-09-24,-4016.0960306013811606258322
2018-09-25,1468.6271263444721731173573
2018-09-26,166.3902839016065315737920
2018-09-27,-1834.6865579298597226020722
2018-09-28,-1723.8033991498082038371584
2018-10-01,753.3597602418794963646685
2018-10-03,-2467.7374897546781905729589
2018-10-04,-3190.3091526290541583294177
2018-10-05,-2355.9061724914815794660942
2018-10-08,-326.8031917768634528532806
2018-10-09,-464.6502104850880448692675
2018-10-10,1766.2527713839563997426928
2018-10-11,-1573.4442461696183421214252
2018-10-12,2911.3587368542995280777698
2018-10-15,1413.6117204558218305272772
2018-10-16,7.0147046350604070658958
2018-10-17,-1029.3823106078728788115839
2018-10-19,-1107.1293252728661419501860
2018-10-22,-862.5263393598074755305555
2018-10-23,-484.2733528685849510647634
2018-10-24,393.1796342009133816078894
2018-10-25,-787.8673781512005056749317
2018-10-26,-652.5643899248146193943981
2018-10-29,1598.9385988801830556536813
2018-10-30,-578.0084117360954436369425
2018-10-31,1890.6445782264619413212429
2018-11-01,335.7475687679672908137100
2018-11-02,521.2057098885327068280946
2018-11-05,707.3580378751353523348680
2018-11-06,-300.2750692587589098660699
2018-11-07,-20.3681750579840164724786
2018-11-09,-776.0912795222815348196915
2018-11-12,-832.0643826513929822025943
2018-11-13,7.6425155549401741340644
2018-11-14,63.6294150969765170053644
2018-11-15,-216.2636840250253207040931
2018-11-16,-244.2467818108066560304904
2018-11-19,91.6401217398912440789035
2018-11-20,35.6670266273271627754318
2018-11-21,-20.3060671482400666812499
2018-11-22,7.6908404134484390865295
2018-11-26,-552.1022506873483864158397
2018-11-27,-76.2653404503715595455410
2018-11-28,-636.0584288753620465126244
2018-11-29,315.6084840379392366297046
2018-11-30,-300.1646017102085760052042
2018-12-03,791.4523138804536998722690
2018-12-04,390.8363808101852987377291
2018-12-05,-862.0612147087897200471733
2018-12-06,-1469.2553401944258509208272
2018-12-07,858.3505354574232101819710
2018-12-10,-1837.2435877530222849048699
2018-12-11,674.3622901744579583000329
2018-12-12,1483.9681692400842769337946
2018-12-13,379.9740494440770507975216
2018-12-14,122.3799307866567023645728
2018-12-17,941.1858132680436967888223
2018-12-18,278.7916968884585419129238
2018-12-19,609.9975816481217882765760
2018-12-20,21.2034675472540291247905
2018-12-21,-1745.1906454139240995838393
2018-12-24,-668.7847572351919191688679
2018-12-26,527.2211320836712917802754
2018-12-27,591.6270225428862974125594
2018-12-28,564.0329141426739046236271
2018-12-31,131.6388068832549630640724
2019-01-01,315.6447007648503651477192
2019-01-02,-1100.5597542123189539400990
2019-01-03,-540.1271822392210532124856
2019-01-04,145.3857556811676674267145
2019-01-07,-141.5013058295725988799280
2019-01-08,126.3616332286682986500028
2019-01-09,892.0845728560005321274746
2019-01-10,660.7875130525342949961369
2019-01-11,-640.5995461816201979635486
2019-01-14,-243.9266048463527106301768
2019-01-15,1364.1863370584470144627342
2019-01-16,753.9492795328892561308748
2019-01-17,310.3822225770843145432785
2019-01-18,-713.9548338088574887735437
2019-01-21,412.8781103751741890685326
2019-01-22,51.4210551292897123233807
2019-01-23,-677.7859995464005333852394
2019-01-24,-233.5630536517861410595437
2019-01-25,-271.6201071867566823235851
2019-01-28,-180.3671601512017074191142
2019-01-29,559.4357874549892547985609
2019-01-30,24.1187356319266968647162
2019-01-31,2047.4816843797211327093527
2019-02-01,707.6346336984830976613402
2019-02-04,381.3035835883231484525599
2019-02-05,477.9522788359031793075188
2019-02-06,1082.6252689321763701642224
2019-02-07,-699.5017403925765829855628
2019-02-08,-1177.6087491382435731408254
2019-02-11,-140.8157573047124715932179
2019-02-12,-823.3727648918711279228546
2019-02-13,-388.7597718996073699941071
2019-02-14,-249.9167783278090039513994
2019-02-15,151.9862158236361857849971
2019-02-18,71.6092105548404365231712
2019-02-19,-37.6677941340839926962220
2019-02-20,1295.7252017569751789042477
2019-02-21,-188.6318017718697461570055
2019-02-22,-377.9488047205064436163742
2019-02-25,911.7741929111774325391531
2019-02-26,-93.6228088767057499237965
2019-02-27,-482.3898100840436014807683
2019-02-28,153.9931892892762891547326
2019-03-01,-823.0138107566336449645442
2019-03-05,-526.5187502216609490153802
2019-03-06,770.5138991797070374888059
2019-03-07,-393.4831355822376308682533
2019-03-08,496.7198302299782474523360
2019-03-11,1395.9227966164658474480643
2019-03-12,766.9257635773363656432939
2019-03-13,1013.7287311127010200934256
2019-03-14,-743.8683007773289496109307
2019-03-15,1054.7346679073577176602130
2019-03-18,-559.8623628331276954196066
2019-03-19,1372.5406070013261153708679
2019-03-20,-660.6564225891695241952136
2019-03-22,103.3465483954967332113652
2019-03-25,-1061.0504800445637435199405
2019-03-26,1366.9524920907604360647398
2019-03-27,-177.2445351984193160121339
2019-03-28,463.5584380880084338446650
2019-03-29,536.3614119501551408073063
2019-04-01,61.5643863881322816290816
2019-04-02,-72.6692285979486453514175
2019-04-03,-625.7993064797149586019806
2019-04-04,-136.0393063454282745108200
2019-04-05,752.2406937888844115790032
2019-04-08,303.2106939232231047022694
2019-04-09,218.0806940575878098947334
2019-04-10,-470.6693058080214678068745
2019-04-11,1.5606943263952766351511
2019-04-12,699.9406944608380482594910
2019-04-15,391.1706945953068521058017
2019-04-16,1322.1506947298016932147155
2019-04-18,-1052.7793051356774233721591
2019-04-22,-2501.3293050011304926122378
2019-04-23,-445.7993048665575094619594
2019-04-24,1455.4106952680415311232134
2019-04-25,102.5906954026666341887953
2019-04-26,852.6306955373178047812771
2019-04-30,-703.5993043280049520518724
2019-05-02,-1254.1893041933016312622076
2019-05-03,-1109.8739640585722278003051
2019-05-06,-980.4912689418234374579379
2019-05-07,-779.9252608329112227066030
2019-05-08,-1163.5992515606458359111251
2019-05-09,-901.9932411248020164075116
2019-05-10,65.9327704748455400855666
2019-05-13,-1085.1012167614778185247794
2019-05-14,589.1447971664532993027909
2019-05-15,-282.8491877411356712477035
2019-05-16,528.1168285159807486588851
2019-05-17,1391.4028459380280815172855
2019-05-20,3780.6888645252318934902615
2019-05-21,-718.8251157221822055829329
2019-05-22,249.1009051960114378219038
2019-05-23,-596.7330727199614790776205
2019-05-24,1731.5129505301247846379683
2019-05-27,458.3989749464960135984731
2019-05-28,153.2050005293780361524891
2019-05-29,-335.1089727210032756241310
2019-05-30,658.9770551955779940801897
2019-05-31,-169.4169157206521951787785
2019-06-03,1382.7491145305321599073978
2019-06-04,-587.3615340506428935917130
2019-06-06,-2114.1473694757353489214737
2019-06-07,95.0626310336143969194079
2019-06-10,577.6926315430627684095847
2019-06-11,-406.5773679473902153540087
2019-06-12,-757.0773674377445352707404
2019-06-13,348.7726330719998277637206
2019-06-14,36.8326335818428928574039
2019-06-17,-3303.5373659082153208779608
2019-06-18,439.1326346018252056730570
2019-06-19,-630.5673648880355083704111
2019-06-20,4358.7826356222025561144685
2019-06-21,-675.3573638674605817457675
2019-06-24,561.1926366429750971791206
2019-06-25,2018.3926371535096120230772
2019-06-26,-510.8673623358570180762488
2019-06-27,305.5726381748752260224975
2019-06-28,13.1626386857063634643769
2019-07-01,-349.7673608033635866018423
2019-07-02,901.3944497076653949763159
2019-07-03,1487.5326164129616951949419
2019-07-04,27.4326188558841277372776
2019-07-05,-1058.4673787007204154123257
2019-07-08,-3954.9873762568518426619317
2019-07-09,-535.7773738125100624018687
2019-07-10,-642.5873713676949830047272
2019-07-11,2773.1226310775934871746446
2019-07-12,-766.5473664766445602008564
2019-07-15,669.4026359695909665494157
2019-07-16,1786.9426384163001591238583
2019-07-17,83.6726408634831092386253
2019-07-18,120.6526433111399086276291
2019-07-19,-2448.2073542407293509574554
2019-07-22,-1634.7873517921245777471873
2019-07-23,-508.0273493430456799543561
2019-07-24,-1491.8573468934925657739789
2019-07-25,383.6926555565348566167035
2019-07-26,589.2426580070366790582306
2019-07-29,-1960.9373395419870065910760
2019-07-30,-1647.2973370905361084551073
2019-07-31,314.3326653613894653600355
2019-08-01,-2392.6873321862101932339555
2019-08-02,1894.7268702666650076924088
2019-08-05,1804.5008298339069510339146
2019-08-06,541.0077232406210800278198
2019-08-07,1248.5746179821090428928832
2019-08-08,-90.7284859413707074373207
2019-08-09,364.1384114704403320151545
2019-08-13,1501.2953102178007142823183
2019-08-14,-1303.6677896990309575400655
2019-08-16,338.8891117202039697172152
2019-08-19,136.7360144757641993065169
2019-08-20,667.4129185679084845730379
2019-08-21,-570.8101760031043710354824
2019-08-22,667.4267307629844860409383
2019-08-23,-242.2863611335660405157720
2019-08-26,2234.1805483075030031079661
2019-08-27,10.4274590864506208670898
2019-08-28,692.7243712035358668676034
2019-08-29,60.9812846590178453762891
2019-08-30,-1025.6218005468442891695808
2019-09-03,1678.2751155862086678474713
2019-09-04,322.0671730584359712348443
2019-09-05,-128.3510254023871545502851
2019-09-06,-2299.5438903167701888431630
2019-09-09,438.0632461504170191124078
2019-09-11,-812.7296160005580165377402
2019-09-12,-387.9224767694277298488744
2019-09-13,-33.9153361559245030673332
2019-09-16,343.6918058402193333795064
2019-09-17,296.4989492192715008932624
2019-09-18,-529.4939060185002272854167
2019-09-19,-718.2867598728280260668143
2019-09-20,84.1203876565559814978943
2019-09-23,650.5275365699197242266829
2019-09-24,60.5346868675311828167179
2019-09-25,626.9418385496583898544042
2019-09-26,-789.0510083834305701745682
2019-09-27,107.7561460685324391248258
2019-09-30,-81.0366980941843939330030
2019-10-01,-741.8295408713128291042044
2019-10-03,1242.5218677374154257945659
2019-10-04,-1785.9659005778330277815338
2019-10-07,-1789.9458997840598370526736
2019-10-09,3013.7441010098670523811886
2019-10-10,-1009.1058981960523297191891
2019-10-11,969.8041025981820464127138
2019-10-14,923.2441033925702105491820
2019-10-15,1695.6241041871121924682644
2019-10-16,351.9341049818080219537764
2019-10-17,2571.8741057766577287953002
2019-10-18,1802.0241065716613427881860
2019-10-22,-207.3058926331811062664462
2019-10-23,701.5741081621304114382934
2019-10-24,-960.8658910424040742849335
2019-10-25,1013.1341097532154663823074
2019-10-27,876.3541105489890632642240
2019-10-29,920.9141113449167461907994
2019-10-30,1017.7941121409985449977921
2019-10-31,1396.9941129372344895267385
2019-11-01,1143.9641137336246096249526
2019-11-04,-60.3078754698310648544720
2019-11-05,-1417.5649536957207350511850
2019-11-06,605.8850472813977187184449
2019-11-07,259.6350482587053724292319
2019-11-08,-2177.9449507637977372839438
2019-11-11,863.5450502138884262208920
2019-11-13,-413.9849488082361004071915
2019-11-14,-522.5349478301712805120290
2019-11-15,-321.7949468519170774303573
2019-11-18,-628.2649458734734544918140
2019-11-19,1032.2950551051596249810636
2019-11-20,1236.9150560839821976728405
2019-11-21,-1102.5349429370056997248155
2019-11-22,-326.6449419578040305131320
2019-11-25,1711.2850590215872420137699
2019-11-26,-834.0049399988318454311240
2019-11-27,516.5450609809387438722811
2019-11-28,1419.4850619608990466511899
2019-11-29,-1149.3949370589509003600811
2019-12-02,377.9150639213889395798975
2019-12-03,-1074.3641750980813967803313
2019-12-04,1237.2817026678986416209771
2019-12-05,-1039.1982970024129106887019
2019-12-06,-1830.4582966726606252572527
2019-12-09,-1348.9582963428444897237414
2019-12-10,-1240.9182960129644917248404
2019-12-11,891.3617043169793811051720
2019-12-12,1390.8717046469871411344115
2019-12-13,1014.6117049770588007333889
2019-12-16,116.6317053071943722750105
2019-12-17,1297.0517056373938681345777
2019-12-18,1071.6817059676573006897888
2019-12-19,1159.7317062979846823207388
2019-12-20,497.0017066283760254099191
2019-12-23,60.4517069588313423422196
2019-12-24,-261.5482927106493544950720
2019-12-26,-533.4982923800660527122697
2019-12-27,1938.0017079505812600827119
2019-12-30,1007.7017082812925962843573
2019-12-31,-1306.6482913879320317104486
2020-01-01,-87.1982910570926115024209
2020-01-02,1219.2141092738108693101265
2020-01-03,2004.9489191232921509512156
2020-01-06,-1603.8510714044732262972994
2020-01-07,-663.5010619304044899577068
2020-01-08,1016.8489475454987151103369
2020-01-09,388.6989570232367441159404
2020-01-10,186.1989665028099523369924
2020-01-13,649.8489759842186951201739
2020-01-14,641.4489854674633278809721
2020-01-15,1049.7489949525442061036931
2020-01-16,75.7990044394616853414759
2020-01-17,296.9990139282161212163055
2020-01-20,-1207.0709765811921305809742
2020-01-21,-1120.2009670887627142906462
2020-01-22,-301.6909575944952740841081
2020-01-23,1351.3190519016105459361422
2020-01-24,2168.5390613995551017365193
2020-01-27,-840.5509291006612506476366
2020-01-28,-1095.4309195990381551120452
2020-01-29,756.8890899044247445165254
2020-01-30,-1606.2309005902721955197259
2020-01-31,-1309.2108910831286189096214
2020-02-01,-3720.8608815741441692729907
2020-02-03,-943.4072720633184901606569
2020-02-04,2862.6970139247408719378303
2020-02-05,1830.7570191554608032565154
2020-02-06,2318.9970243871935615250918
2020-02-07,59.8470296199393428577550
2020-02-10,228.3770348536983434066741
2020-02-11,-2.8029599115292406380009
2020-02-12,628.4670453242567869518685
2020-02-13,404.8170505610566224424165
2020-02-14,-1960.0729442011295378622194
2020-02-17,-1235.1929389623014976198916
2020-02-18,-355.1629337224590604504343
2020-02-19,4219.3970715183979700643433
2020-02-20,179.6370767602697903806645
2020-02-24,82.1870820031565969927928
2020-02-25,-3673.8129127529414135669614
2020-02-26,-2177.7929075080240447282327
2020-02-27,-925.9129022620910998825940
2020-02-28,-6601.8828970151423823835486
2020-03-02,-1862.8128917671776955465229
2020-03-03,2851.1754534818031573511404
2020-03-04,2245.6109839646236667072311
2020-03-05,-97.5017217836692493018661
2020-03-06,2313.2155738804274875917291
2020-03-09,-1291.5771290428126408880539
2020-03-11,-593.1398305531161000628814
2020-03-12,-457.9525306502093022897611
2020-03-13,-2981.3052293338186069507869
2020-03-16,-2102.6279266036703204428813
2020-03-17,-1854.7906224594906961675355
2020-03-18,1412.0666830989940654794514
2020-03-19,-480.4460099279421828817634
2020-03-20,2065.4512984599744643951989
2020-03-23,-2418.0113917369820340067940
2020-03-24,3124.3759194814623336418843
2020-03-25,1389.5732321155816321278901
2020-03-26,-570.5294538343500206948168
2020-03-27,3304.6378616319415461053022
2020-03-30,3575.0051785147305565476422
2020-03-31,-3409.2875031857087122502660
2020-04-01,105.3998165308980699375258
2020-04-03,1242.2569976648252864556661
2020-04-07,1962.8734604793807184984687
2020-04-08,300.7608791341407975723183
2020-04-09,2225.3282992253787557159282
2020-04-13,3756.2357207533727388686623
2020-04-15,432.0031437184009468274231
2020-04-16,1328.6805681207416332570812
2020-04-17,-1689.3720060393268942990950
2020-04-20,-1973.6745787615262744090066
2020-04-21,1131.8728499544219082587106
2020-04-22,1263.1002801087961229451224
2020-04-23,38.3877117018748928114347
2020-04-24,213.3551447339367949494343
2020-04-27,-245.9074207947395396080686
2020-04-28,300.8500151161245741232041
2020-04-29,-639.5525475331921249105547
2020-04-30,475.8248912575891562092111
2020-05-04,388.3523314887472643838719
2020-05-05,-2601.7896068394388994919355
2020-05-06,-336.9798725862775937100402
2020-05-07,-587.7722783731397512871751
2020-05-08,979.7353173104694278198247
2020-05-11,-671.3570855351653282792602
2020-05-12,185.5505130902407636573990
2020-05-13,-525.0418868130274579856455
2020-05-14,1126.0657147553149003295593
2020-05-15,687.1733177955527873050462
2020-05-18,1585.8809223079712068176097
2020-05-19,-2406.0114717071447820705106
2020-05-20,1105.1961357504899348990552
2020-05-21,-901.1962553188394728085044
2020-05-22,499.1113550851522194895070
2020-05-26,-901.1810330372497082960146
2020-05-27,-1110.1734196857599210152792
2020-05-28,1167.9341951399069717310925
2020-05-29,-378.6581885599635843972325
2020-06-01,499.1494292149139115304005
2020-06-02,-30.8541915351749842736640
2020-06-03,-593.1803118918213682251980
2020-06-04,-108.3327177637464807710147
2020-06-05,840.2748778347832725842445
2020-06-08,-1099.0775250959473832388857
2020-06-09,777.0500734443463318115597
2020-06-10,481.9376734559492529296519
2020-06-11,1135.4252749391462704622446
2020-06-12,186.8328778942223299196539
2020-06-15,-782.8395176785375680136608
2020-06-16,966.8080882211516325315870
2020-06-17,-382.3043044064249573798039
2020-06-18,439.8233044390178285231651
2020-06-19,-171.4890852422347882716178
2020-06-22,1198.7185265501024689513168
2020-06-23,-108.2338601836850678542869
2020-06-24,1051.1737545566879885142862
2020-06-25,-782.7786292284929194805803
2020-06-26,81.5089884610577058938658
2020-06-29,376.6366076256254176514473
2020-06-30,292.3242282654958240977618
2020-07-01,861.4918503809545888408878
2020-07-02,-1594.7877260277125691979073
2020-07-03,-43.4937454431167989565366
2020-07-06,185.0939274086254949910610
2020-07-07,351.3416017460659584366615
2020-07-08,1265.6692775694922678693964
2020-07-09,704.6169548791921554813415
2020-07-10,-230.4753663245465908216972
2020-07-13,164.3523139585638725906041
2020-07-14,-251.2400042711885549161228
2020-07-15,247.4876789864840817698542
2020-07-16,-168.1046362681302064828392
2020-07-17,-459.0169500347433530378864
2020-07-20,434.5307376869327645195175
2020-07-21,434.5384268971863243934668
2020-07-22,1328.0861175963055605881474
2020-07-23,1328.0938097845787629186413
2020-07-24,912.5015034622942770217335
2020-07-27,3219.0891986297405043667208
2020-07-28,-874.5631047127940977337776
2020-07-29,1099.5445934349789838869932
2020-07-30,102.1122930733483182607386
2020-07-31,1265.7999942026025302949321
2020-08-03,351.4876968230303007836337
2020-08-04,-579.9064390650796335816877
2020-08-05,2317.3148021311064230579158
2020-08-06,2455.6748049972505671264941
2020-08-07,1365.1448078639496841375165
2020-08-10,407.3348107312038815506755
2020-08-11,-2060.0851864009867331535300
2020-08-12,-3760.7151835326220524737888
2020-08-13,1737.3548193362980311120258
2020-08-14,-1262.1151777942263748531406
2020-08-17,307.9848250758048371944818
2020-08-18,4496.0048279463917748394905
2020-08-19,-688.4551691824654543126859
2020-08-20,-3457.2351663107667426357826
2020-08-21,1184.3748365614880175173046
2020-08-24,436.2348394342989338145239
2020-08-25,-714.8651576923338860553288
2020-08-26,587.7948451815896656173943
2020-08-27,991.7648480560696965631966
2020-08-28,1633.9648509311063145334420
2020-08-31,-6141.7251461933003726996425
2020-09-01,1717.5948566828497426570391
2020-09-02,1066.1222595595567684174538
2020-09-03,-721.9151971714334695476299
2020-09-04,-3076.0851962414593413659614
2020-09-07,34.5148046886948581772198
2020-09-08,-1024.5551943809708360507772
2020-09-09,-206.6551934504563891758925
2020-09-10,2932.1648074802382336826874
2020-09-11,801.8048084111130674125291
2020-09-14,-332.4751906578318530920449
2020-09-15,2896.7148102734035070700443
2020-09-16,671.8448112048191828066334
2020-09-17,-1889.7951878635847909676815
2020-09-18,881.0348130681916206684560
2020-09-21,-5871.9851859998515473568354
2020-09-22,-4122.7051850677142601086744
2020-09-23,-749.8751841353964826454149
2020-09-24,-5771.4651832028981800186452
2020-09-25,4526.3948177297806827268138
2020-09-28,2642.8448186626401405529089
2020-09-29,1703.0748195956802284283575
2020-09-30,513.0348205289009813286473
2020-10-01,2034.0048214623024342360385
2020-10-05,1003.2487423958846221395654
2020-10-06,3011.4306087525517010689669
2020-10-07,-847.8593911295752339851540
2020-10-08,1662.7506089883206547819986
2020-10-09,1985.6006091062393717898126
2020-10-12,136.5906092241809214585317
2020-10-13,-125.7693906578546917907440
2020-10-14,-235.4693905398674635360592
2020-10-15,-3482.6493904218573893546015
2020-10-16,1745.1906096961755351772970
2020-10-19,1841.2306098142313144841617
2020-10-20,-485.2793900676900470086261
2020-10-21,1018.5506100504114551251724
2020-10-22,-58.6993898314641746873474
2020-10-23,53.8606102866830679817674
2020-10-26,-2743.2993895951468124386729
2020-10-27,2602.0706105230461884809993
2020-10-28,-2017.7093893587379248286905
2020-10-29,-1270.4593892404991479363588
2020-10-30,-174.8293891222374764097643
2020-11-02,740.5006109960470941841926
2020-11-03,2458.2787711143545682794699
2020-11-04,1661.8029073342124310570861
2020-11-05,3688.1629078971610273030452
2020-11-06,3219.9329084602186275708536
2020-11-09,3900.4029090233852529670156
2020-11-10,-2530.1470904133390753978785
2020-11-11,2675.5429101500456635908502
2020-11-12,202.8629107135394910519685
2020-11-13,1518.5829112771424281083325
2020-11-17,3287.5529118408544958868885
2020-11-18,117.8129124046757155186735
2020-11-19,-2410.5870870313938918611840
2020-11-20,1588.8629135326456948865372
2020-11-23,1845.6929140967944969051513
2020-11-24,-558.3170853389474646579335
2020-11-25,-2774.9370847745801686512142
2020-11-26,1933.4029157898964060809077
2020-11-27,355.7429163544822806981274
2020-12-01,1707.9329169191774763642367
2020-12-02,1805.0908074839820142471260
2020-12-03,717.8293320726122620815068
2020-12-04,1533.0530206044308083807542
2020-12-07,1915.2367098504616391090777
2020-12-08,593.8603998108430475528912
2020-12-09,1702.5840904857133537764078
2020-12-10,-510.3522181247890953731751
2020-12-11,450.3314739794740737395096
2020-12-14,1308.2951667986412615431863
2020-12-15,-539.4811396671491047348754
2020-12-16,1702.9425545822414289363283
2020-12-17,411.6462495469513433967251
2020-12-18,843.4499452271191463003579
2020-12-21,-7092.0263583771166278794229
2020-12-22,2229.0773387343825821552332
2020-12-23,2984.3810365617553645318707
2020-12-24,1487.5847351051403342129240
2020-12-28,2255.0684343646761330009124
2020-12-29,947.5521343405014295436379
2020-12-30,846.0758350327549193393830
2020-12-31,65.9395364415753247421097
2021-01-01,1078.6432385671013949666596
2021-01-04,2131.4692214094719060939553
2021-01-05,3510.6138859356411001229477
2021-01-06,455.2838866880767867068583
2021-01-07,-1328.7461125593418322060961
2021-01-08,961.9938881933852715949852
2021-01-11,-64.6261110537418736735352
2021-01-12,1581.3538896992767602101694
2021-01-13,-965.5061095475587985266100
2021-01-14,-435.8061087942485216511166
2021-01-15,-1894.8361080407923809251269
2021-01-18,-4332.2061072871903481049497
2021-01-19,4789.9638934665576050585752
2021-01-20,1859.2538942204515068200775
2021-01-21,-854.6861050255086145603414
2021-01-22,-2935.8161042713227308171089
2021-01-25,-3239.5361035169908136791787
2021-01-27,-4302.6961027625128348700308
2021-01-28,-1883.8161020078887661076697
2021-01-29,-3681.1161012531185791046237
2021-02-01,7925.5538995017977544320559
2021-02-02,4155.4255302568602628007967
2021-02-03,1745.0447342708965191493259
2021-02-04,2365.0286155429469343199041
2021-02-05,62.6524975665300226477512
2021-02-08,2612.6963803417913037850553
2021-02-09,15.8802638688763255610481
2021-02-10,522.3041481479306639874612
2021-02-11,1506.4680331790999232639835
2021-02-12,582.6319189625297357837184
2021-02-15,2587.2158054983657621386435
2021-02-16,-216.0403072132463088749293
2021-02-17,-221.9164191721607602508928
2021-02-18,-120.9525303782318467678821
2021-02-19,-2832.2486408313137949838111
2021-02-22,-4215.9047505312608032304084
2021-02-23,628.5391405220729583922483
2021-02-24,3473.4630323288333480211987
2021-02-25,2461.1269248891662520360674
2021-02-26,-4149.8091817967824149354673
2021-03-01,-1027.4252877288667100122039
2021-03-02,3339.0451470930593379460531
2021-03-03,4540.7226670243291229838488
2021-03-04,-1114.4733397982086662756759
2021-03-05,-2927.5693458475454808069314
2021-03-08,86.2346488764683946864791
2021-03-09,542.2386443739827044904013
2021-03-10,1145.1426406451472218857429
2021-03-12,-2109.5533623098882508459123
2021-03-15,-1257.1493644909738824166887
2021-03-16,-191.5453658979598125268027
2021-03-17,-3169.8413665306961518589448
2021-03-18,-2496.9373663890329820726612
2021-03-19,2230.6666345271796442012663
2021-03-22,592.7706362180917033664408
2021-03-23,2065.2746386838532008664724
2021-03-24,-3310.2213580753858288093986
2021-03-25,-4173.8173540594753221206780
2021-03-26,2385.0866507317348135300079
2021-03-30,3477.8906562983946998025385
2021-03-31,-430.5053373593455125750738
2021-04-01,1971.8986697586643561989448
2021-04-05,-2106.1350623474254849942406
2021-04-06,942.1428690675839686540966
2021-04-07,2411.3868274306767392397764
2021-04-08,862.3107865602293605640153
2021-04-09,316.6747464563902426359576
2021-04-12,-8853.3412928806921757985474
2021-04-13,2107.5426685491305727486195
2021-04-15,787.4066307460069845134121
2021-04-16,1912.6905937100855844851858
2021-04-19,-3820.3854425584850735877353
2021-04-20,-364.7614780595564071924892
2021-04-22,1030.9224872070201949538929
2021-04-23,-89.0935467586066270899418
2021-04-26,1477.7904200437117955159034
2021-04-27,2409.7343876141241603981482
2021-04-28,2265.2783559527791939759090
2021-04-29,7.5223250598256514662742
2021-04-30,-1738.1137050645876831101201
2021-05-03,612.7302655796880030764879
2021-05-04,-1634.5571030071984483294366
2021-05-05,2448.4012600571153990155447
2021-05-06,1561.7952142360445266557605
2021-05-07,1210.1691691806233233088887
2021-05-10,2323.3331248910000421081754
2021-05-11,-504.3929186326770351068038
2021-05-12,-719.4089613902595977845855
2021-05-14,-1678.3450033815993066562594
2021-05-17,2694.4089553934522062700929
2021-05-18,3160.9729149350433377149590
2021-05-19,641.9168752433225131329587
2021-05-20,-1147.6391636815618132815920
2021-05-21,2313.6647981605388414108834
2021-05-24,1639.5187607697729889007883
2021-05-25,-302.3972758537108303650798
2021-05-26,814.9566882902359528220382
2021-05-27,1206.6806532017619364384327
2021-05-28,867.7946188810157472334955
2021-05-31,2179.3085853281460407352914
2021-06-01,281.0325525433015012561299
2021-06-02,2054.9542405266308418981397
2021-06-03,1891.6340278212566869908485
2021-06-04,-623.9259713988342428078372
2021-06-07,1031.5040293812258415817987
2021-06-08,928.7840301614369694007097
2021-06-09,-1812.9459690582008301044885
2021-06-10,1891.7640317223124723184832
2021-06-11,1301.0640325029769059275672
2021-06-14,-1590.0359667162075000136280
2021-06-15,984.2540340647592837641719
2021-06-16,-1355.5759651541227134640912
2021-06-17,-4027.7859643728534624178069
2021-06-18,-1583.6059635914329338106952
2021-06-21,922.0840371901389016491947
2021-06-22,1336.1940379718620732594851
2021-06-23,-1686.9859612462633896765281
2021-06-24,270.0940395357625421501241
2021-06-25,1440.0540403179398980540866
2021-06-28,-845.1459588997312926443200
2021-06-29,-350.8859581172510006190973
2021-06-30,-1202.8959573346191965385692
2021-07-01,775.8940434481641489346206
2021-07-02,777.2430242310990651435087
2021-07-05,1097.3109643142424907515173
2021-07-06,292.0051140027183856243776
2021-07-07,514.2792644947005620848929
2021-07-08,-894.8665842096553965386216
2021-07-09,82.9775678898061232078278
2021-07-12,111.4517207932407649097471
2021-07-13,634.1058745008042022899883
2021-07-14,376.8400290126521392145851
2021-07-15,1003.5341843289403096985900
2021-07-16,512.3283404498244779119115
2021-07-19,-1897.6575026245395618148467
2021-07-20,-1811.9033448939959849845459
2021-07-22,2846.5508136416110630723292
2021-07-23,280.6549729824374672035122
2021-07-26,356.8791331286391424407989
2021-07-27,-1178.4167059196279659941083
2021-07-28,119.0874558377921173162452
2021-07-29,457.3616184010553979909130
2021-07-30,535.5857817703179118563961
2021-08-02,2008.2299459457357249524911
2021-08-03,2427.0565709274649335381414
2021-08-04,611.8978746897156073036683
2021-08-05,487.5021302767245392490043
2021-08-06,86.7863866877449393762386
2021-08-09,36.5506439229363614433535
2021-08-10,-579.5250980175416098971940
2021-08-11,-820.4808391335293590924895
2021-08-12,1585.0434205751327603168216
2021-08-13,1607.8876811086044257025187
2021-08-16,806.8919424670453453547916
2021-08-17,712.4562046506152584882273
2021-08-18,548.8604676594739352477977
2021-08-20,-2678.2952685062188232851512
2021-08-23,218.4289961536968149130911
2021-08-24,2102.8332616393807128145907
2021-08-25,161.3575279509927643457619
2021-08-26,811.1217950886928943933610
2021-08-27,1825.0860630526410588104813
2021-08-30,3738.6503318429972444225488
2021-08-31,3301.4946014599214690333194
2021-09-01,970.5388719035737814308778
2021-09-02,1564.7973131741142613936362
2021-09-03,2684.2472635143741417400006
2021-09-06,501.1417106772423613691840
2021-09-07,-783.5438412987830201442426
2021-09-08,314.4606075864647336679197
2021-09-09,1034.1750573331523915591370
2021-09-13,251.7795079414467545743934
2021-09-14,755.6339594115146560564438
2021-09-15,1572.2984117435229616520677
2021-09-16,1984.6628649376385693183246
2021-09-17,-998.4026810059715906711903
2021-09-20,-3949.6582260871405557200883
2021-09-21,2574.6662296942986690970715
2021-09-22,647.5206863385131110410419
2021-09-23,3048.4051438456698297141488
2021-09-24,-191.0103977840640829334463
2021-09-27,-404.1659385505215025974833
2021-09-28,-1621.7314784535352726133380
2021-09-29,-956.0270174929382039497569
2021-09-30,-986.0225556685630752025894
2021-10-01,-936.6580929802426325885199
2021-10-04,3165.5794805721904100612019
2021-10-05,2068.9147029920028763823119
2021-10-06,-2654.4607670798063337997185
2021-10-07,2574.1837637255167462091908
2021-10-08,334.2682954081419559786958
2021-10-11,908.4728279682391679645740
2021-10-12,1369.6373614059782875150930
2021-10-13,2980.8218957215292528773788
2021-10-14,2387.7264309150620352037864
2021-10-18,1889.1309669867466385582709
2021-10-19,-1711.7644960632469000772394
2021-10-20,-3596.7199582347485107964691
2021-10-21,-1672.8754195275880907624211
2021-10-22,-2102.3508799415955042009996
2021-10-25,-1055.4663394766005823946325
2021-10-26,2653.0782018675668763241071
2021-10-27,134.5227440910771065788810
2021-10-28,-4059.2927128058996240440323
2021-10-29,-2327.1481688231930149893554
2021-11-01,3643.4563760393672672735719
2021-11-02,-582.8315782180484107428225
2021-11-03,-1133.7949166529413670399310
2021-11-04,2661.2850843313496988625276
2021-11-08,3204.7250853158313535426636
2021-11-09,800.8450863005036339042787
2021-11-10,470.7250872853665768583202
2021-11-11,978.6850882704202193228824
2021-11-12,2433.7250892556645982232080
2021-11-15,1211.8450902410997504916899
2021-11-16,-699.0749087732742869321283
2021-11-17,-1696.7149077874574771015497
2021-11-18,-2758.1149068014497830627240
2021-11-22,-6463.6749058152511678546452
2021-11-23,-95.3949048288615945091506
2021-11-24,-1984.6349038422810260509193
2021-11-25,2351.7650971444905745025292
2021-11-26,-5844.9149018685467558591640
2021-11-29,-2164.8349008813929801391950
2021-11-30,-981.2348998940480613335963
2021-12-01,1148.7251010934880375687643
2021-12-02,2149.7311120812153535861861
2021-12-03,-1848.5684584734462049854185
2021-12-06,-3601.6084543023495066413426
2021-12-07,3614.0015498695548432692781
2021-12-08,4566.2215540422670011324254
2021-12-09,269.5415582157871233643624
2021-12-10,469.4515623901153664116390
2021-12-13,-706.6084334347481132489018
2021-12-14,-187.3284292588031591101186
2021-12-15,-2145.0984250820496146345653
2021-12-16,839.9215790955126767455145
2021-12-17,-4079.3484167261161283718063
2021-12-20,-7347.9984125469358733581327
2021-12-21,2467.5915916330535984452581
2021-12-22,2855.4915958138524437274232
2021-12-23,2048.7015999954608192077592
2021-12-24,-1144.2483958221211183639917
2021-12-27,908.6416083611067877922647
2021-12-28,2484.8516125451446944869793
2021-12-29,-724.2683832700072414390332
2021-12-30,-1602.2983790843488631145889
2021-12-31,3951.4116251021199863618708
2022-01-03,4012.9216292893994639222855
2022-01-04,1109.1096534774897265289820
2022-01-05,664.0058991854725014256459
2022-01-06,-2200.3740919270449655732310
2022-01-07,834.8959169621584551726589
2022-01-10,1769.0259258530830968796812
2022-01-11,947.4859347457292928287224
2022-01-12,2038.7459436400973763652025
2022-01-13,1760.7559525361876808990873
2022-01-14,879.1559614340005399049009
2022-01-17,1047.4859703335362869217382
2022-01-18,-3807.6640207652047444467225
2022-01-19,-1326.8140118622222205322070
2022-01-20,-460.4040029575158076018330
2022-01-21,-3912.4239940510851718580967
2022-01-24,-7707.1539851429299794388619
2022-01-25,2089.4860237669501035826545
2022-01-27,-4352.2939673214445888021067
2022-01-28,108.5760415918862774629665
2022-01-31,2566.9860505069430364986696
2022-02-01,3947.3860594237260224904941
2022-02-02,3713.5517183422355696886398
2022-02-03,-2276.2692908274202169324098
2022-02-04,-287.9492751996622475554526
2022-02-07,-3434.2692595688782674867367
2022-02-08,543.0807560649323092017211
2022-02-09,3669.2107717017700685513572
2022-02-10,1772.1707873416355967170838
2022-02-11,-3352.9291970154705200326895
2022-02-14,-6195.1991813695476953160340
2022-02-15,5656.7408342794046573625213
2022-02-16,-359.6991500686128753879904
2022-02-17,1900.1108655864002931550506
2022-02-18,-1720.8691187555552501721291
2022-02-21,-1882.6291030944789184196735
2022-02-22,-404.1190874303701245240754
2022-02-23,39.5809282367717186918465
2022-02-24,-7225.4690560930528014810318
2022-02-25,2876.3209595801569023618834
2022-02-28,1823.7409752564014177389253
2022-03-02,645.4109909356813322821885
2022-03-03,-1397.2406933820027662624488
2022-03-04,719.8350478578453124261599
2022-03-07,3652.4453751501785797562068
2022-03-08,-133.2642955578093071944006
2022-03-09,-666.4539642657311495978402
2022-03-10,-2239.3836309731996736527848
2022-03-11,1333.0667043201724694301153
2022-03-14,-1652.8429583852272965572481
2022-03-15,-773.0526190890114728059179
2022-03-16,-213.1822777907924854753466
2022-03-17,53.4280655098173143211326
2022-03-21,-186.5015891867943494691633
2022-03-22,533.3287581197603221762669
2022-03-23,320.0591074298692033696457
2022-03-24,480.0294587439202433274564
2022-03-25,613.3398120623014663849857
2022-03-28,-746.3098326145990279891314
2022-03-29,-772.9594752863930651783629
2022-03-30,-133.1091159526923954037293
2022-03-31,80.1812453868913062907503
2022-04-01,1253.2316087327464400526147
2022-04-04,-1536.1888859147385187644801
2022-04-05,600.1794826719596115836704
2022-04-06,-490.3605116192956826037986
2022-04-07,-1294.6805059094455896621503
2022-04-08,3133.9794998015101044452850
2022-04-11,1994.4495055135716137966211
2022-04-12,-3032.1104887732608474885760
2022-04-13,1399.8395169410129347507192
2022-04-18,-2252.8504773436068252829988
2022-04-19,-4352.9504716271199133457603
2022-04-20,49.0195340904738848478893
2022-04-21,3119.6195398091747836248965
2022-04-22,-1869.0004544710170026462922
2022-04-25,-5414.5704487501012595557215
2022-04-26,3747.3895569719222273480798
2022-04-27,-2963.3904373049463274418925
2022-04-28,2323.3895684192932906088894
2022-04-29,-696.0304258553587039235057
2022-05-02,-2688.2004201289020964214610
2022-05-04,-7316.9243044013366722258030
2022-05-05,1730.7020727743721028585069
2022-05-06,-2449.7722844313148510320936
2022-05-09,-2187.4066405443846837635227
2022-05-10,-2927.6609955646258313291516
2022-05-11,-644.0353494918266887571058
2022-05-12,-2707.1297023257756101023329
2022-05-13,-2139.7640540662609084386688
2022-05-16,724.2015952869291441490972
2022-05-17,3429.6672457340063165731594
2022-05-18,197.6328972751824187506336
2022-05-19,-2386.5814500893306983885027
2022-05-20,2164.4042036406788571065309
2022-05-23,280.6298584654230182152606
2022-05-24,-1352.1844856148862410460973
2022-05-25,-1578.8388286000369056166904
2022-05-26,476.7668295101830806169173
2022-05-27,1260.0924887159858148286947
2022-05-30,2375.5181490175834352610937
2022-05-31,182.4038104151881212330016
2022-06-01,-2075.7505270909879068523053
2022-06-02,1417.4092764992676125007935
2022-06-03,481.6365425965215707911323
2022-06-06,-330.1937087769327216427102
2022-06-07,-304.8139582627555179221331
2022-06-08,101.1157941394186849956327
2022-06-09,227.9755484299554609258953
2022-06-10,-304.7846953907795455297939
2022-06-13,1014.4650626775793810300658
2022-06-14,-1522.5251773646019731793666
2022-06-15,151.9045844830422488844384
2022-06-16,329.5043482208779751050944
2022-06-17,963.7641138492712042210166
2022-06-20,-609.1661186314119941608587
2022-06-21,-51.0163492208054795513516
2022-06-22,-203.2265779185430405653141
2022-06-23,253.4431952757416050920980
2022-06-24,-203.2070296375851893608450
2022-06-27,583.2727473418430002312867
2022-06-28,-127.0774737856073310251824
2022-06-29,-50.9576930195696170592949
2022-06-30,50.5320896403227791782809
2022-07-01,1572.7418741944365657289940
2022-07-04,830.8887006431385216401576
2022-07-05,352.5456800954056278453833
2022-07-06,-1533.6944939928525749313762
2022-07-07,-1407.9346661785145098865173
2022-07-08,0.4751635387882236590474
2022-07-11,25.6349951594240977180150
2022-07-12,201.6948286837616556505053
2022-07-13,-401.8953358878304878221244
2022-07-14,-301.2854985549836466034617
2022-07-15,-427.0256593173290632082185
2022-07-18,1157.4341818255020912515919
2022-07-19,-351.5559751261212829195193
2022-07-20,50.8538698281697860133118
2022-07-21,-854.5362833112556587708668
2022-07-22,1710.7735654559714973650104
2022-07-25,-175.4665838697795594701368
2022-07-26,-301.2067312881395716816955
2022-07-27,327.5531232012607898244825
2022-07-28,1182.6629795987909256559250
2022-07-29,151.5228379048203079473862
2022-08-01,453.3326981197184803746973
2022-08-02,-677.2417997561449418313816
2022-08-03,-14.9260110916902724335108
2022-08-04,1829.9039896806840641369273
2022-08-05,256.5039904532079559413973
2022-08-08,1465.5839912258814319383547
2022-08-10,700.1539919987045210918627
2022-08-11,1758.4639927716772523715922
2022-08-12,1377.3039935447996547528244
2022-08-16,1556.8639943180717572164502
2022-08-17,2250.8239950914935887489724
2022-08-18,841.2739958650651783425064
2022-08-19,-3579.3660033612134450052183
2022-08-22,-5088.0360025873422522908580
2022-08-23,2145.6739981866787854945476
2022-08-24,1139.5539989608496973655752
2022-08-25,192.9439997351705123424202
2022-08-26,4.9740005096412594508967
2022-08-29,-3575.9059987157380322775605
2022-08-30,6033.8640020590326661941043
2022-09-01,-3312.0959971660466160914301
2022-09-02,-535.2476763909758500858622
2022-09-05,1181.3308676528353792712653
2022-09-06,503.8151063926276871986083
2022-09-07,286.9393459531693282190831
2022-09-08,1575.7435863346192244418024
2022-09-09,524.3878275371363287480472
2022-09-12,2048.3920695608796247972254
2022-09-13,1855.5163124060081270328314
2022-09-14,-161.9994439273191193115931
2022-09-15,482.6448005610569617935029
2022-09-16,-6268.2309541287045228203578
2022-09-19,953.0532920035555644862843
2022-09-20,2434.2575389579963921667903
2022-09-21,-2265.0982132652228405056105
2022-09-22,33.7860353340570965681473
2022-09-23,-4614.3697152440045356810663
2022-09-26,-5777.2454649992484454846065
2022-09-27,148.1987860684846897699172
2022-09-28,-1983.3169620406457764553863
2022-09-29,-535.3927093264804598427169
2022-09-30,3006.4515442111400547873921
2022-10-03,-4305.4642014276247865179508
2022-10-04,5415.8255437573844931619815
2022-10-06,907.2634113562158543919398
2022-10-07,-126.0767709165597286802539
2022-10-10,-1044.8769512883238161769945
2022-10-11,-1259.0071297587083142794476
2022-10-12,339.5826936726549421054138
2022-10-13,-1017.4574809938658106413900
2022-10-14,-355.1076537579022648370414
2022-10-17,678.2521753809139585168802
2022-10-18,1236.0220064229513097482074
2022-10-19,-123.5081606314216894720035
2022-10-20,1151.3816742181635538843417
2022-10-21,-1378.4484890279242957838081
2022-10-24,745.5313496306834973071702
2022-10-25,-332.6288098056442596606037
2022-10-27,1079.2110326634613119073117
2022-10-28,-158.3091229616308379684936
2022-10-31,680.8307233194483121725504
2022-11-01,1370.5705715070678552448256
2022-11-02,-637.2311783984030443696380
2022-11-03,26.4914283948940103067088
2022-11-04,529.6956440076023017977644
2022-11-07,1676.2298604365818173889618
2022-11-09,-415.3759223180093879090990
2022-11-10,-2228.2317042560132284815465
2022-11-11,3683.4425146227284118966886
2022-11-14,541.5567343183736800668004
2022-11-15,810.7909548310807534920361
2022-11-16,-890.0548238389921597363752
2022-11-17,-1348.9306016916868208932911
2022-11-18,-761.1963787268449606137249
2022-11-21,-1701.6421549443082788869127
2022-11-22,740.3120696560815549496210
2022-11-23,518.4862950744829022159977
2022-11-24,2149.6305213110541548959218
2022-11-25,816.8647483659537356426176
2022-11-28,792.7489762393400977847681
2022-11-29,890.9432049313717253324545
2022-11-30,2077.6674344422071329830972
2022-12-01,1135.8416647720048661273977
2022-12-02,-638.5321140790764991447181
2022-12-05,183.6214301740386168424885
2022-12-06,-926.0685695490360596139398
2022-12-07,-674.8085692720571148796955
2022-12-08,1590.0114310049754614279198
2022-12-09,-1378.8385687179383203063854
2022-12-12,299.6414315592015503041086
2022-12-13,634.4914318363950836481326
2022-12-14,1846.4414321136422901164286
2022-12-15,-4505.0785676090568198982489
2022-12-16,-2458.0485673317022360011335
2022-12-19,3129.7814329457060522045543
2022-12-20,455.1514332231680551176068
2022-12-21,-2920.0985664993162168611698
2022-12-22,-1469.9685662217467533289558
2022-12-23,-7041.0985659441235438809169
2022-12-26,3945.0114343335534218897959
2022-12-27,1918.6114346112841543920465
2022-12-28,-295.1385651109313359632857
2022-12-29,815.1414351669069612366948
2022-12-30,-263.6885645552009435931006
2023-01-02,1657.5914357227449599642564
2023-01-03,2071.7219460007446823277111
2023-01-04,-1800.2552698725129549354198
2023-01-05,-344.5852650840058427192109
2023-01-06,-2741.2352602945715294452735
2023-01-09,4487.3347444957901644208026
2023-01-10,-2394.0652507129205815518086
2023-01-11,-445.4352459207035877591633
2023-01-12,-320.1652411275586745625408
2023-01-13,1936.1047636665143377115632
2023-01-16,796.4147684615156287714431
2023-01-17,648.3847732574453783601905
2023-01-18,597.5647780543037662557005
2023-01-19,-508.6152171479090277293210
2023-01-20,-359.7352123491928237473512
2023-01-23,1032.3747924504525580839570
2023-01-24,91.7647972510272976817811
2023-01-25,-4972.1651979474684250018638
2023-01-27,-6500.1551931450344299801182
2023-01-30,-1144.0851883416705372312722
2023-01-31,1068.4248164626234333012424
2023-02-01,-52.4551787321523382911422
2023-02-02,1709.1774060740023281178777
2023-02-03,-596.2283620630586996881085
2023-02-06,-1310.6941948174033114579742
2023-02-07,-251.0000267648420360814008
2023-02-08,1463.7041420947813680372733
2023-02-09,92.2283117616231727468489
2023-02-10,-1280.5075177641603198448758
2023-02-13,-641.6633464824127773652464
2023-02-14,1349.2308256070221628291081
2023-02-15,-523.1150014956991063418636
2023-02-16,273.6391722095798383242275
2023-02-17,-1295.0066532769845496819254
2023-02-20,424.7375220447642134245391
2023-02-21,-497.6083018250173582714826
2023-02-22,-2316.8241248861727203791929
2023-02-23,-1026.1199471385452981960243
2023-02-24,-578.6357685819784867017706
2023-02-27,-1422.4715892163156505527159
2023-02-28,-706.8774090414001240757635
2023-03-01,2033.4367719429247887374370
2023-03-02,-973.9032762631841857636368
2023-03-03,2020.1663703497650948409164
2023-03-06,1069.9704533143370959229401
2023-03-08,-1520.7454629305044047169344
2023-03-09,-1096.3613783846063254145787
2023-03-10,-605.8372930478155548645840
2023-03-13,1175.7267930800210478854780
2023-03-14,-198.9491200009433465592043
2023-03-15,-1055.3450322905555379349405
2023-03-16,1876.2990562113377036862044
2023-03-17,1046.6631455048896379021540
2023-03-20,1731.4072355902535539865654
2023-03-21,5.8913264675827708945755
2023-03-22,-660.3445818629693627314519
2023-03-23,7.7195105987505314438223
2023-03-24,310.1636038528958614544620
2023-03-27,-735.8523021003799349609936
2023-03-28,-316.0682072609233903537782
2023-03-29,1716.6358883714189924408542
2023-03-31,2864.7399847968007403093835
2023-04-03,86.4040820153754098657783
2023-04-05,3297.4441800272965874572523
2023-04-06,-57.7326304638263638004572
2023-04-10,-881.9428100338724912139360
2023-04-11,419.4670122976162078215890
2023-04-12,419.4768365310079284577745
2023-04-13,527.9366626666709371400906
2023-04-17,-383.0335092950264283783740
2023-04-18,-426.4036793537157590231049
2023-04-19,-816.8138475090285743843521
2023-04-20,1178.6759862394036772966828
2023-04-21,-708.3441781080503808583380
2023-04-24,-14.2543405510220543510705
2023-04-25,180.9654989108574227073317
2023-04-26,397.8753402779568876100410
2023-04-27,29.1551835506452490683814
2023-04-28,-426.3249712707085127743420
2023-05-02,181.0048758142646536709874
2023-05-03,1295.8294248059338714531329
2023-05-04,2332.3287388928172550067357
2023-05-05,-1214.2670421426339720940947
2023-05-08,726.3471776388350434754867
2023-05-09,447.4113982373824823958743
2023-05-10,379.4656196531665559760678
2023-05-11,157.4998418863455061596028
2023-05-12,-1042.8559350629223944695176
2023-05-15,1642.9582888055211573191106
2023-05-16,-1106.3274865081655045917741
2023-05-17,-1478.8032610038240156611633
2023-05-18,-582.0390346812959806838422
2023-05-19,281.3651924595770262155478
2023-05-22,1889.7594204189534615884477
2023-05-23,-956.9363508030081873316790
2023-05-24,122.9478787938505973765942
2023-05-25,-278.8078907903116356714003
2023-05-26,1393.7863404446636928395180
2023-05-29,676.0705724989351929303233
2023-05-30,102.2048053726615053337280
2023-05-31,-531.0909609339986984998696
2023-06-01,-789.8967264208867163964383
2023-06-02,1063.3877189121561845476357
2023-06-05,-724.0613397410927859309766
2023-06-06,1109.2386619357975330757631
2023-06-07,1782.0086636130125492043912
2023-06-08,-1939.5613347094476746738247
2023-06-09,152.2286669684169243245580
2023-06-12,643.1886686466064090951570
2023-06-13,1652.4986703251208425457691
2023-06-14,-62.9713279960397124036282
2023-06-15,-1327.0313263168751928208743
2023-06-16,3573.5286753626144642383775
2023-06-19,-1263.5613229575706782693389
2023-06-20,1259.2986787225694426247011
2023-06-21,-913.4413195969651100985850
2023-06-22,-2855.4813179161742734460852
2023-06-23,-1869.9413162350579844124896
2023-06-26,1237.5686854463838200197110
2023-06-27,329.2686871281512028802282
2023-06-28,1569.6086888102442272109780
2023-06-30,2427.3986904926629560660832
2023-07-03,1835.3586921754074525118759
2023-07-04,1530.2552938584777796268997
2023-07-05,808.2162512665376919640272
2023-07-06,1182.3262524769735981993787
2023-07-07,-1590.2137463123561182476065
2023-07-10,-988.4237451014514119943294
2023-07-11,1694.2762561096877623505962
2023-07-12,345.5162573210614501873455
2023-07-13,1110.7562585326696969248848
2023-07-14,1527.0062597445125479809729
2023-07-17,1152.5162609565900487821628
2023-07-18,465.8262621689022447638036
2023-07-19,1878.8362633814491813700418
2023-07-20,631.5862645942309040538235
2023-07-21,-2379.8737341927525417231040
2023-07-24,-1187.1637329795011104901911
2023-07-25,735.0462682339852432319169
2023-07-26,1751.4262694477065649313804
2023-07-27,-228.8837293383370998948321
2023-07-28,472.4262718758542942590575
2023-07-31,987.5262730902807929076385
2023-08-01,76.9762743049424415743136
2023-08-02,-3273.6447644801607142087006
2023-08-03,-2228.3014405627322010044955
2023-08-04,2068.3385610946359728916989
2023-08-07,928.3685627523250638269351
2023-08-08,234.3285644103351339405416
2023-08-09,224.8185660686662453838794
2023-08-10,-1733.2114322726815396796563
2023-08-11,-506.9814306137081590746333
2023-08-14,-2144.1414289544135506135806
2023-08-16,173.3185727052023479030142
2023-08-17,-1617.8314256348604013132925
2023-08-18,-1553.8414239746017360388988
2023-08-21,941.1985776859784059618465
2023-08-22,740.3885793468800869366442
2023-08-23,1145.6785810081033691452490
2023-08-24,-152.0314173303516851405293
2023-08-25,-956.2614156684850136368231
2023-08-28,-326.9114140062965540477051
2023-08-29,2098.5085876562137559348150
2023-08-30,1047.8785893190459786307917
2023-08-31,-606.5914090177998236276531
2023-09-01,1511.2985926456764115036717
2023-09-04,2104.0319943094747463810290
2023-09-05,242.3421952073926183419844
2023-09-06,734.5021956324517377439827
2023-09-07,1138.9121960575931615585821
2023-09-08,1844.8421964828169057224276
2023-09-11,2337.6221969081229861752501
2023-09-12,-3063.7278026664885811401331
2023-09-13,984.8621977589822197221824
2023-09-14,857.6421981845354047111887
2023-09-15,1267.8621986101709897789658
2023-09-18,692.8321990358889908806828
2023-09-20,-2323.6178005383105760254020
2023-09-21,-3415.4178001124276949779401
2023-09-22,-862.3277996864623500124925
2023-09-25,-442.7077992604145251615292
2023-09-26,-421.4477988342842044544277
2023-09-27,219.2322015919286280825259
2023-09-28,-3429.7777979817760115738608
2023-09-29,1494.0822024446018925563134
2023-10-03,-2096.0577971289376435439567
2023-10-04,-3518.7547367023946038885807
2023-10-05,808.9536985958181799758402
2023-10-06,1468.6080172722750947330405
2023-10-09,-2302.7876632150404805573627
2023-10-10,2834.6666571340333732609689
2023-10-11,1587.9209783196586066968616
2023-10-12,247.6753003419972016177011
2023-10-13,-449.9203767987888287444962
2023-10-16,169.4339468974625602129904
2023-10-17,992.5882714309134444696602
2023-10-18,-1807.1574031982740686121336
2023-10-19,-724.3030769899378402811072
2023-10-20,-1875.4487499439157003909680
2023-10-23,-3686.8444220600454473943360
2023-10-25,-2066.6400933381648483366634
2023-10-26,-2244.4357637781116388501532
2023-10-27,2800.1685666202764768523233
2023-10-30,897.4728978571618259833102
2023-10-31,138.2772299327067671868522
2023-11-01,-1513.6184371529263094554198
2023-11-02,2457.2645366004250175817992
2023-11-03,1708.2039729599631735285427
2023-11-06,2323.9339737292494236771819
2023-11-07,-56.7460255013153688878851
2023-11-08,927.3839752682688246760162
2023-11-09,-1987.3960239619979667828542
2023-11-10,1577.1239768078842855893489
2023-11-12,685.3839775779156106520581
2023-11-13,-925.1260216519039627297059
2023-11-15,4076.2739791184255943146665
2023-11-16,1103.9039798889043106613752
2023-11-17,1754.7039806595322151922116
2023-11-20,-1232.9260185696906632054407
2023-11-21,1273.0239822012357043613955
2023-11-22,239.4339829723113467912917
2023-11-23,121.7239837435362929884156
2023-11-24,3.7239845149105718625310
2023-11-28,2142.1239852864342123289999
2023-11-29,4320.5539860581072433087830
2023-11-30,2018.8339868299296937284411
2023-12-01,2672.7039876019015925201361
2023-12-04,6590.6988683740229686216319
2023-12-05,994.1044877216125411966824
2023-12-06,1713.3544885905723502618493
2023-12-07,1339.8844894597004164550119
2023-12-08,-662.9855096710032276441169
2023-12-11,-395.8755088015385494495155
2023-12-12,-1788.7455079319055163688533
2023-12-13,920.0244929378959041965118
2023-12-14,6163.2344938078657448515339
2023-12-15,2259.8344946780040382074799
2023-12-18,-93.2755044516891831180680
2023-12-19,469.9444964187861134987874
2023-12-20,-5517.6755027105700393117391
2023-12-21,2469.3344981602423910868852
2023-12-22,2473.3144990312234373375125
2023-12-26,3011.9744999023731320893155
2023-12-27,2354.6745007736915079977892
2023-12-28,2035.9545016451785977247510
2023-12-29,246.6245025168344339383434
2024-01-01,872.1245033886590493130339
2024-01-02,-632.3807357393475234703831
2024-01-03,-1050.3937396531147512113039
2024-01-04,1975.6562615590793873210718
2024-01-05,-403.8637372284917563814788
2024-01-08,-3270.0737360158281368704359
2024-01-09,1024.0162651970702913115206
2024-01-10,656.3662664102035736305125
2024-01-11,1191.9262676235717555614652
2024-01-12,2572.4962688371748825881097
2024-01-15,2617.3862700510130002029839
2024-01-16,-1227.8537287349138460925656
2024-01-17,-5702.3037275206056107883819
2024-01-18,-1779.3037263060622483654954
2024-01-19,3989.4262749087162867038767
2024-01-20,-282.6937238762699600436669
2024-01-23,-6117.2937226610209430627101
2024-01-24,3988.9462785544633832009818
2024-01-25,-179.5137202298169356895353
2024-01-29,4437.4062809861381458376162
2024-01-30,-1553.1137177976713266368611
2024-01-31,3124.1862834187546924765604
2024-02-01,592.9062846354162487762361
2024-02-02,2284.9711258523133878693510
2024-02-05,-2819.7271489348733503725011
2024-02-06,2970.9328516171798342908275
2024-02-07,3073.8028521693399132919417
2024-02-08,-1640.8071472783930926711536
2024-02-09,75.2028532739808371035540
2024-02-12,-3987.2671461735382766779144
2024-02-13,1816.1828543790495866944717
2024-02-14,832.7928549317444479347526
2024-02-15,2321.4428554845463277609797
2024-02-16,2435.8128560374552468952163
2024-02-19,1792.2028565904712260635374
2024-02-20,206.7928571435942859960320
2024-02-21,-1711.4071423031755525731977
2024-02-22,3075.3328582501617310939662
2024-02-23,-400.4771411963938422603439
2024-02-26,197.3928593571577481100214
2024-02-27,467.1128599108165229552285
2024-02-28,-3990.8271395354174969705386
2024-02-29,1996.9528610184557090909229
2024-03-01,3944.9128615724361619018353
2024-03-02,2678.9682221265238822284411
2024-03-04,1416.8166278956256228300272
2024-03-05,1811.9366291789884101406670
2024-03-06,797.9666304625996956378936
2024-03-07,3166.5366317464595274385365
2024-03-11,466.8066330305679536687429
2024-03-12,-2780.1733656850749775360225
2024-03-13,-8317.4733644004692180309735
2024-03-14,5051.5166368843852803379979
2024-03-15,-2546.5833618305114342656761
2024-03-18,370.5266394548406863307627
2024-03-19,-3898.2433592595583096905999
2024-03-20,785.0266420262916258616514
2024-03-21,6985.4866433123905411882634
2024-03-22,-662.3733554012615155006842
2024-03-26,1363.9466458853355040142236
2024-03-27,1226.0366471721816479617381
2024-03-28,3861.3366484592769645799494
2024-04-01,7764.0366497466215021162880
2024-04-02,2553.2822210342153088275267
2024-04-03,704.3519579558175985035680
2024-04-04,808.7119622075477061376918
2024-04-05,444.2019664601010784262456
2024-04-08,5034.0419707134778747783812
2024-04-09,417.1319749676782546341174
2024-04-10,2069.8019792227023774643450
2024-04-12,775.2519834785504027708336
2024-04-15,-5828.7480122647775099137632
2024-04-16,653.9019919927187989740991
2024-04-18,-1283.6280037489605109711393
2024-04-19,1814.5320005101847198758649
2024-04-22,1837.1820047701546511713627
2024-04-23,-2863.6679909690505573974801
2024-04-24,2286.0220132925692538874222
2024-04-25,2106.6420175550142447750819
2024-04-26,1645.9820218182845750454435
2024-04-29,1962.1420260823804045093896
2024-04-30,-242.6479696526981069912525
2024-05-02,2698.5820346130492004162940
2024-05-03,-2607.3719511203775133642369
2024-05-06,-1592.7654538880932565460421
2024-05-07,-3289.2654452626070434740394
2024-05-08,1259.2745633645493268625895
2024-05-09,-5774.3954280066238221427583
2024-05-10,6003.7445806238738329659330
2024-05-13,-863.4154107439573842926894
2024-05-14,3246.1645978898828496626645
2024-05-15,1870.8246065253948584759396
2024-05-16,3116.6546151625789658537489
2024-05-17,2437.7146238014354955653841
2024-05-18,3699.6946324419647714428291
2024-05-21,1211.7946410841671173807712
2024-05-22,962.5946497280428573366136
2024-05-23,1321.6146583735923153304878
2024-05-24,-444.2453329791841845547347
2024-05-27,130.4146756697136818265698
2024-05-28,-1386.4153156797137613172103
2024-05-29,-2255.3153070274661897149099
2024-05-30,-3814.3952983735432790325754
2024-05-31,2016.5047102820552951265479
2024-06-03,10008.0547189393298572220279
2024-06-04,-8129.5658924017192682237424
2024-06-05,-4644.9102393395397278305494
2024-06-06,6061.7497625504219012967225
2024-06-07,5376.1697644407494846515914
2024-06-10,-1449.7502336685569069060407
2024-06-11,1246.9897682225027974974497
2024-06-12,1936.2097701139286687494089
2024-06-13,1977.2697720057207777509090
2024-06-14,2415.4897738978791954167514
2024-06-18,955.0097757904039926754678
2024-06-19,-573.0302223167047595306751
2024-06-20,1201.4097795765530097543250
2024-06-21,-507.0902185298226284997897
2024-06-24,-725.6302166358316033095352
2024-06-25,1397.9297852585261563223167
2024-06-26,277.1097871532507214067418
2024-06-27,1181.5297890483421629684658
2024-06-28,1562.3697909438005520459667
2024-07-01,1815.4897928396259596914779
2024-07-02,909.1129847358184569709907
2024-07-03,2816.5670015106077483571239
2024-07-04,1598.4470144841441865539793
2024-07-05,1731.5270274601926971830308
2024-07-08,4.2570404387537666581359
2024-07-09,1171.0270534198278814873369
2024-07-10,92.5270664034155282728784
2024-07-11,615.1170793895171937112265
2024-07-12,798.1770923781333645930863
2024-07-15,2211.5371053692645278034205
2024-07-16,858.7271183629111703214679
2024-07-18,936.5271313590737792207608
2024-07-19,-6576.7928556422471583308560
2024-07-22,276.9271573589488449287930
2024-07-23,-5866.2428296373377236437678
2024-07-24,-1673.2228166311063765976475
2024-07-25,-61.8628036223566263875689
2024-07-26,7527.9672093889120146261479
2024-07-29,-1071.0127775972999658223948
2024-07-30,-949.0927645809920799046542
2024-07-31,2388.2372484378361603023701
2024-08-01,879.5472614591852428161561
2024-08-02,-2350.8317055169443442513234
2024-08-05,-10151.9507511010805185201312
2024-08-06,-5236.0707493102115357659393
2024-08-07,5541.1192524810042138565374
2024-08-08,-2203.5307457274332025080567
2024-08-09,4782.0392560644762822979240
2024-08-12,306.5692578567327354451287
2024-08-13,-2106.6107403506637758827868
2024-08-14,608.8392614422868155108420
2024-08-16,5249.0492632355845768356908
2024-08-19,3711.3092650292295753144494
2024-08-20,3399.7392668232218781828236
2024-08-21,-41.2307313824384473104615
2024-08-22,1539.4192704122486660963401
2024-08-23,-888.7207277927167143220010
2024-08-26,3929.2892740026654787223115
2024-08-27,-701.2307242016046874698966
2024-08-28,524.9992775944728544152319
2024-08-29,611.0092793908981717045880
2024-08-30,1522.9092811876713317380995
2024-09-02,-648.8407170152075981312670
2024-09-03,635.3243447822614494624970
2024-09-04,-1332.4068079284971026229536
2024-09-05,785.9931926895853194079879
2024-09-06,-3139.1968066922125789486069
2024-09-09,-1359.1968060738907745191137
2024-09-10,2067.2631945445507558745783
2024-09-11,-1179.4268048368879645849317
2024-09-12,5551.2731957817930872894445
2024-09-13,3202.5931964005939346892841
2024-09-16,1133.8731970195146008106558
2024-09-17,-495.3968023614448911458809
2024-09-18,-1225.7568017422845179752738
2024-09-19,698.9331988769957435320224
2024-09-20,4951.2031994963959165900469
2024-09-23,5013.8632001159160244173341
2024-09-24,619.5832007355560902369143
2024-09-25,1866.8832013553161372763140
2024-09-26,2392.3732019751961887675578
2024-09-27,728.0732025951962679471684
2024-09-30,-2840.6967967846836019438321
2024-10-01,-447.8467961644433976599214
2024-10-03,-6802.4168455440830959510762
2024-10-04,-2059.7171160748622480319299
2024-10-07,-5733.6371038986159701290185
2024-10-08,2357.2029082799880005084886
2024-10-09,124.1329204609501204018301
2024-10-10,136.6329326442708461606408
2024-10-11,1073.7729448299506344829691
2024-10-14,3243.7029570179899421552942
2024-10-15,-525.2770307916107739474570
2024-10-16,131.2229814011489431381076
2024-10-17,-4959.1570064037304495361384
2024-10-18,3135.0030057937515051701782
2024-10-21,-1458.8669820064047355140531
2024-10-22,-6857.6969698041987142714094
2024-10-23,285.6930424003700263040826
2024-10-24,-2508.0669453926980562930356
2024-10-25,-3847.3169331834025044796380
2024-10-28,2621.3130790282571394160036
2024-10-29,3562.7830912422813331542366
2024-10-30,166.4831034586705345840447
2024-10-31,-2076.0768843225747983569346
2024-11-01,2450.6231278985457923576065
2024-11-04,-7603.7525098779672351573359
2024-11-05,2438.2722037651179650926457
2024-11-06,5172.2822293637999719187842
2024-11-07,-7175.2377450325613354912347
2024-11-08,-808.5277194239649973718359
2024-11-11,-748.8876938104100537716041
2024-11-12,-9537.5176681918955445532484
2024-11-13,-4647.7976425684205093935659
2024-11-14,-2831.6376169399839877834058
2024-11-18,1634.3024086934149809723665
2024-11-19,3214.5724343317773577549054
2024-11-21,-1534.6175400248958963685786
2024-11-22,8862.6024856233961798552168
2024-11-25,3797.8325112766545478657219
2024-11-26,-2137.6474630651198307114688
2024-11-27,3550.2225625980740059354387
2024-11-28,-2623.5074117337629801955249
2024-11-29,3309.0826139393701730799431
2024-12-02,951.8226396174744281324532
2024-12-03,3543.2693253005507475189610
2024-12-04,932.8978219008140558962629
2024-12-05,2470.0978234153726726594567
2024-12-06,834.2378249302245541748052
2024-12-09,-248.2921735546302427726892
2024-12-10,1423.6278279608083386129712
2024-12-11,1445.1978294765403551387817
2024-12-12,34.8378309925658636227374
2024-12-13,-870.0721674911150791061657
2024-12-16,-322.5221659745024162079267
2024-12-17,-5538.4321644575960908315397
2024-12-18,-2586.9921629403960461149901
2024-12-19,-4627.9521614229022251852533
2024-12-20,-8503.3121599051145711582925
2024-12-23,3073.3178416129669728609441
2024-12-24,-749.3021568686575362214758
2024-12-26,1335.0678446500119585115348
2024-12-27,0.7778461689755139880837
2024-12-30,-3210.0821523117668128526986
2024-12-31,-988.3540407922149650606560
