date,pnl
2002-01-08,0
2002-01-09,19.3630506544079874259124
2002-01-10,19.3667999317144391218134
2002-01-11,19.3705499349953548401798
2002-01-14,19.3743006643913053842181
2002-01-15,19.3780521200428887759310
2002-01-16,19.3818043020907302613872
2002-01-17,19.3855572106754823159932
2002-01-18,19.3893108459378246497655
2002-01-21,19.3930652080184642126040
2002-01-22,19.3968202970581351995667
2002-01-23,19.4005761131975990561451
2002-01-24,19.4043326565776444835405
2002-01-25,19.4080899273390874439420
2002-01-28,19.4118479256227711658046
2002-01-29,19.4156066515695661491291
2002-01-30,19.4193661053203701707424
2002-01-31,19.4231262870161082895795
2002-02-01,19.4268871967977328519657
2002-02-04,19.4306488348062234969007
2002-02-05,19.4344112011825871613432
2002-02-06,19.4381742960678580854963
2002-02-07,19.4419381196030978180945
2002-02-08,19.4457026719293952216917
2002-02-11,19.4494679531878664779494
2002-02-12,19.4532339635196550929269
2002-02-13,19.4570007030659319023723
2002-02-14,19.4607681719678950770139
2002-02-15,19.4645363703667701278534
2002-02-18,19.4683052984038099114598
2002-02-19,19.4720749562202946352641
2002-02-20,19.4758453439575318628555
2002-02-21,19.4796164617568565192784
2002-02-22,19.4833883097596308963304
2002-02-25,19.4871608881072446578609
2002-02-26,19.4909341969411148450720
2002-02-27,19.4947082364026858818187
2002-02-28,19.4984830066334295799117
2002-03-01,19.5022585077748451444203
2002-03-04,19.5060347399684591789763
2002-03-05,19.5098117033558256910798
2002-03-06,19.5135893980785260974048
2002-03-07,19.5173678242781692291068
2002-03-08,19.5211469820963913371311
2002-03-11,19.5249268716748560975219
2002-03-12,19.5287074931552546167328
2002-03-13,19.5324888466793054369381
2002-03-14,19.5362709323887545413453
2002-03-15,19.5400537504253753595082
2002-03-18,19.5438373009309687726419
2002-03-19,19.5476215840473631189376
2002-03-20,19.5514065999164141988798
2002-03-21,19.5551923486800052805633
2002-03-22,19.5589788304800471050121
2002-03-26,19.5627660454584778914986
2002-03-27,19.5665539937572633428649
2002-03-28,19.5703426755183966508438
2002-04-01,19.5741320908838985013817
2002-04-02,19.5779222399958170799625
2002-04-03,19.5817131229962280769322
2002-04-04,19.5855047400272346928246
2002-04-05,19.5892970912309676436882
2002-04-08,19.5930901767495851664141
2002-04-09,19.5968839967252730240649
2002-04-10,19.6006785513002445112043
2002-04-11,19.6044738406167404592285
2002-04-12,19.6082698648170292416979
2002-04-15,19.6120666240434067796698
2002-04-16,19.6158641184381965470333
2002-04-17,19.6196623481437495758435
2002-04-18,19.6234613133024444616580
2002-04-19,19.6272610140566873688740
2002-04-22,19.6310614505489120360665
2002-04-23,19.6348626229215797813274
2002-04-24,19.6386645313171795076057
2002-04-25,19.6424671758782277080491
2002-04-26,19.6462705567472684713458
2002-04-29,19.6500746740668734870682
2002-04-30,19.6538795279796420510172
2002-05-02,19.6576851186282010705675
2002-05-03,19.6614914461552050700142
2002-05-06,19.6652985107033361959202
2002-05-07,19.6691063124153042224647
2002-05-08,19.6729148514338465567927
2002-05-09,19.6767241279017282443657
2002-05-10,19.6805341419617419743133
2002-05-13,19.6843448937567080847857
2002-05-14,19.6881563834294745683077
2002-05-15,19.6919686111229170771332
2002-05-16,19.6957815769799389286009
2002-05-17,19.6995952811434711104913
2002-05-20,19.7034097237564722863846
2002-05-21,19.7072249049619288010191
2002-05-22,19.7110408249028546856519
2002-05-23,19.7148574837222916634191
2002-05-24,19.7186748815633091546981
2002-05-27,19.7224930185690042824709
2002-05-28,19.7263118948825018776876
2002-05-29,19.7301315106469544846321
2002-05-30,19.7339518660055423662878
2002-05-31,19.7377729611014735097048
2002-06-03,19.7415947960779836313687
2002-06-04,19.7454173710783361825690
2002-06-05,19.7492406862458223547701
2002-06-06,19.7530647417237610849824
2002-06-07,19.7568895376554990611344
2002-06-10,19.7607150741844107274467
2002-06-11,19.7645413514538982898060
2002-06-12,19.7683683696073917211408
2002-06-13,19.7721961287883487667979
2002-06-14,19.7760246291402549499201
2002-06-17,19.7798538708066235768246
2002-06-18,19.7836838539309957423829
2002-06-19,19.7875145786569403354012
2002-06-20,19.7913460451280540440026
2002-06-21,19.7951782534879613610096
2002-06-24,19.7990112038803145893279
2002-06-25,19.8028448964487938473315
2002-06-26,19.8066793313371070742485
2002-06-27,19.8105145086889900355480
2002-06-28,19.8143504286482063283281
2002-07-01,19.8181870913585473867052
2002-07-02,19.8220244969638324872038
2002-07-03,19.8258626456079087541479
2002-07-04,19.8297015374346511650528
2002-07-05,19.8335411725879625560189
2002-07-08,19.8373815512117736271255
2002-07-09,19.8412226734500429478260
2002-07-10,19.8450645394467569623451
2002-07-11,19.8489071493459299950750
2002-07-12,19.8527505032916042559750
2002-07-15,19.8565946014278498459702
2002-07-16,19.8604394438987647623523
2002-07-17,19.8642850308484749041814
2002-07-18,19.8681313624211340776882
2002-07-19,19.8719784387609240016782
2002-07-22,19.8758262600120543129359
2002-07-23,19.8796748263187625716310
2002-07-24,19.8835241378253142667249
2002-07-25,19.8873741946760028213787
2002-07-26,19.8912249970151495983622
2002-07-29,19.8950765449871039054638
2002-07-30,19.8989288387362430009015
2002-07-31,19.9027818784069720987348
2002-08-01,19.9066356641437243742780
2002-08-02,19.9104901960909609695144
2002-08-05,19.9143454743931709985113
2002-08-06,19.9182014991948715528363
2002-08-07,19.9220582706406077069748
2002-08-08,19.9259157888749525237482
2002-08-09,19.9297740540425070597330
2002-08-12,19.9336330662879003706818
2002-08-13,19.9374928257557895169445
2002-08-14,19.9413533325908595688908
2002-08-16,19.9452145869378236123338
2002-08-19,19.9490765889414227539549
2002-08-20,19.9529393387464261267292
2002-08-21,19.9568028364976308953524
2002-08-22,19.9606670823398622616683
2002-08-23,19.9645320764179734700983
2002-08-26,19.9683978188768458130706
2002-08-27,19.9722643098613886364515
2002-08-28,19.9761315495165393449774
2002-08-29,19.9799995379872634076878
2002-08-30,19.9838682754185543633593
2002-09-02,19.9877377619554338259410
2002-09-03,19.9916079977429514899904
2002-09-04,19.9954789829261851361110
2002-09-05,19.9993507176502406363903
2002-09-06,20.0032232020602519598395
2002-09-09,20.0070964363013811778335
2002-09-11,20.0109704205188184695529
2002-09-12,20.0148451548577821274258
2002-09-13,20.0187206394635185625724
2002-09-16,20.0225968744813023102485
2002-09-17,20.0264738600564360352922
2002-09-18,20.0303515963342505375699
2002-09-19,20.0342300834601047574245
2002-09-20,20.0381093215793857811242
2002-09-23,20.0419893108375088463123
2002-09-24,20.0458700513799173474581
2002-09-25,20.0497515433520828413093
2002-09-26,20.0536337868995050523446
2002-09-27,20.0575167821677118782283
2002-09-30,20.0614005293022593952649
2002-10-01,20.0652850284487318638560
2002-10-03,20.0691702797527417339571
2002-10-04,20.0730562833599296505363
2002-10-07,20.0769430394159644590333
2002-10-08,20.0808305480665432108203
2002-10-09,20.0847188094573911686635
2002-10-10,20.0886078237342618121853
2002-10-11,20.0924975910429368433283
2002-10-14,20.0963881115292261918199
2002-10-16,20.1002793853389680206380
2002-10-17,20.1041714126180287314779
2002-10-18,20.1080641935123029702202
2002-10-21,20.1119577281677136323995
2002-10-22,20.1158520167302118686749
2002-10-23,20.1197470593457770903004
2002-10-24,20.1236428561604169745975
2002-10-25,20.1275394073201674704283
2002-10-28,20.1314367129710928036695
2002-10-29,20.1353347732592854826879
2002-10-30,20.1392335883308663038167
2002-10-31,20.1431331583319843568329
2002-11-01,20.1470334834088170304359
2002-11-04,20.1509345637075700177267
2002-11-05,20.1548363993744773216889
2002-11-07,20.1587389905558012606701
2002-11-08,20.1626423373978324738646
2002-11-11,20.1665464400468899267975
2002-11-12,20.1704512986493209168091
2002-11-13,20.1743569133515010785411
2002-11-14,20.1782632842998343894235
2002-11-15,20.1821704116407531751625
2002-11-18,20.1860782955207181152299
2002-11-20,20.1899869360862182483528
2002-11-21,20.1938963334837709780053
2002-11-22,20.1978064878599220779005
2002-11-25,20.2017173993612456974838
2002-11-26,20.2056290681343443674275
2002-11-27,20.2095414943258490051260
2002-11-28,20.2134546780824189201928
2002-11-29,20.2173686195507418199576
2002-12-02,20.2212833188775338149653
2002-12-03,20.2251987762095394244754
2002-12-04,20.2291149916935315819632
2002-12-05,20.2330319654763116406214
2002-12-06,20.2369496977047093788631
2002-12-09,20.2408681885255830058256
2002-12-10,20.2447874380858191668759
2002-12-11,20.2487074465323329491163
2002-12-12,20.2526282140120678868920
2002-12-13,20.2565497406719959672992
2002-12-16,20.2604720266591176356942
2002-12-17,20.2643950721204618012042
2002-12-18,20.2683188772030858422385
2002-12-19,20.2722434420540756120010
2002-12-20,20.2761687668205454440040
2002-12-23,20.2800948516496381575827
2002-12-24,20.2840216966885250634107
2002-12-26,20.2879493020844059690173
2002-12-27,20.2918776679845091843050
2002-12-30,20.2958067945360915270686
2002-12-31,20.2997366818864383285150
2003-01-01,20.3036673301828634387845
2003-01-02,20.3075987395727092324727
2003-01-03,20.3115309102033466141539
2003-01-06,20.3154638422221750239053
2003-01-07,20.3193975357766224428324
2003-01-08,20.3233319910141453985953
2003-01-09,20.3272672080822289709362
2003-01-10,20.3312031871283867972080
2003-01-13,20.3351399283001610779041
2003-01-14,20.3390774317451225821887
2003-01-15,20.3430156976108706534290
2003-01-16,20.3469547260450332147275
2003-01-17,20.3508945171952667744566
2003-01-20,20.3548350712092564317929
2003-01-21,20.3587763882347158822538
2003-01-22,20.3627184684193874232342
2003-01-23,20.3666613119110419595450
2003-01-24,20.3706049188574790089523
2003-01-27,20.3745492894065267077175
2003-01-28,20.3784944237060418161391
2003-01-29,20.3824403219039097240949
2003-01-30,20.3863869841480444565856
2003-01-31,20.3903344105863886792795
2003-02-03,20.3942826013669137040584
2003-02-04,20.3982315566376194945640
2003-02-05,20.4021812765465346717458
2003-02-06,20.4061317612417165194104
2003-02-07,20.4100830108712509897711
2003-02-10,20.4140350255832527089993
2003-02-11,20.4179878055258649827763
2003-02-12,20.4219413508472598018468
2003-02-14,20.4258956616956378475733
2003-02-17,20.4298507382192284974909
2003-02-18,20.4338065805662898308646
2003-02-19,20.4377631888851086342461
2003-02-20,20.4417205633240004070328
2003-02-21,20.4456787040313093670273
2003-02-24,20.4496376111554084559983
2003-02-25,20.4535972848446993452424
2003-02-26,20.4575577252476124411469
2003-02-27,20.4615189325126068907540
2003-02-28,20.4654809067881705873256
2003-03-03,20.4694436482228201759096
2003-03-04,20.4734071569651010589073
2003-03-05,20.4773714331635874016413
2003-03-06,20.4813364769668821379252
2003-03-07,20.4853022885236169756338
2003-03-10,20.4892688679824524022751
2003-03-11,20.4932362154920776905622
2003-03-12,20.4972043312012109039877
2003-03-13,20.5011732152585989023980
2003-03-17,20.5051428678130173475695
2003-03-19,20.5091132890132707087850
2003-03-20,20.5130844790081922684126
2003-03-21,20.5170564379466441274836
2003-03-22,20.5210291659775172112740
2003-03-24,20.5250026632497312748845
2003-03-25,20.5289769299122349088238
2003-03-26,20.5329519661140055445915
2003-03-27,20.5369277720040494602627
2003-03-28,20.5409043477314017860736
2003-03-31,20.5448816934451265100082
2003-04-01,20.5488598092943164833860
2003-04-02,20.5528386954280934264508
2003-04-03,20.5568183519956079339607
2003-04-04,20.5607987791460394807788
2003-04-07,20.5647799770285964274658
2003-04-08,20.5687619457925160258726
2003-04-09,20.5727446855870644247348
2003-04-10,20.5767281965615366752681
2003-04-11,20.5807124788652567367646
2003-04-15,20.5846975326475774821900
2003-04-16,20.5886833580578807037828
2003-04-17,20.5926699552455771186533
2003-04-21,20.5966573243601063743850
2003-04-22,20.6006454655509370546357
2003-04-23,20.6046343789675666847409
2003-04-24,20.6086240647595217373177
2003-04-25,20.6126145230763576378698
2003-04-28,20.6166057540676587703937
2003-04-29,20.6205977578830384829860
2003-04-30,20.6245905346721390934516
2003-05-02,20.6285840845846318949131
2003-05-05,20.6325784077702171614216
2003-05-06,20.6365735043786241535680
2003-05-07,20.6405693745596111240959
2003-05-08,20.6445660184629653235149
2003-05-09,20.6485634362385030057163
2003-05-12,20.6525616280360694335880
2003-05-13,20.6565605940055388846323
2003-05-14,20.6605603342968146565840
2003-05-15,20.6645608490598290730289
2003-05-16,20.6685621384445434890250
2003-05-19,20.6725642026009482967231
2003-05-20,20.6765670416790629309899
2003-05-21,20.6805706558289358750309
2003-05-22,20.6845750452006446660159
2003-05-23,20.6885802099442959007038
2003-05-26,20.6925861502100252410701
2003-05-27,20.6965928661479974199345
2003-05-28,20.7006003579084062465900
2003-05-29,20.7046086256414746124330
2003-05-30,20.7086176694974544965944
2003-06-02,20.7126274896266269715720
2003-06-03,20.7166380861793022088637
2003-06-04,20.7206494593058194846021
2003-06-05,20.7246616091565471851901
2003-06-06,20.7286745358818828129371
2003-06-09,20.7326882396322529916975
2003-06-10,20.7367027205581134725087
2003-06-11,20.7407179788099491392315
2003-06-12,20.7447340145382740141911
2003-06-13,20.7487508278936312638190
2003-06-16,20.7527684190265932042963
2003-06-17,20.7567867880877613071978
2003-06-18,20.7608059352277662051378
2003-06-19,20.7648258605972676974161
2003-06-20,20.7688465643469547556659
2003-06-23,20.7728680466275455295020
2003-06-24,20.7768903075897873521712
2003-06-25,20.7809133473844567462027
2003-06-26,20.7849371661623594290600
2003-06-27,20.7889617640743303187943
2003-06-30,20.7929871412712335396981
2003-07-01,20.7970132979039624279609
2003-07-02,20.8010402341234395373254
2003-07-03,20.8050679500806166447445
2003-07-04,20.8090964459264747560404
2003-07-07,20.8131257218120241115640
2003-07-08,20.8171557778883041918552
2003-07-09,20.8211866143063837233055
2003-07-10,20.8252182312173606838199
2003-07-11,20.8292506287723623084817
2003-07-14,20.8332838071225450952173
2003-07-15,20.8373177664190948104623
2003-07-16,20.8413525068132264948288
2003-07-17,20.8453880284561844687738
2003-07-18,20.8494243314992423382687
2003-07-21,20.8534614160937030004699
2003-07-22,20.8574992823908986493905
2003-07-23,20.8615379305421907815727
2003-07-24,20.8655773606989702017621
2003-07-25,20.8696175730126570285827
2003-07-28,20.8736585676347007002125
2003-07-29,20.8777003447165799800611
2003-07-30,20.8817429044098029624476
2003-07-31,20.8857862468659070782803
2003-08-01,20.8898303722364591007370
2003-08-04,20.8938752806730551509466
2003-08-05,20.8979209723273207036715
2003-08-06,20.9019674473509105929919
2003-08-07,20.9060147058955090179901
2003-08-08,20.9100627481128295484368
2003-08-11,20.9141115741546151304781
2003-08-12,20.9181611841726380923236
2003-08-13,20.9222115783187001499356
2003-08-14,20.9262627567446324127196
2003-08-18,20.9303147196022953892159
2003-08-19,20.9343674670435789927917
2003-08-20,20.9384209992204025473353
2003-08-21,20.9424753162847147929505
2003-08-22,20.9465304183884938916527
2003-08-25,20.9505863056837474330657
2003-08-26,20.9546429783225124401200
2003-08-27,20.9587004364568553747518
2003-08-28,20.9627586802388721436032
2003-08-29,20.9668177098206881037241
2003-09-01,20.9708775253544580682741
2003-09-02,20.9749381269923663122263
2003-09-03,20.9789995148866265780722
2003-09-04,20.9830616891894820815273
2003-09-05,20.9871246500532055172381
2003-09-08,20.9911883976300990644899
2003-09-09,20.9952529320724943929166
2003-09-10,20.9993182535327526682099
2003-09-11,21.0033843621632645578315
2003-09-12,21.0074512581164502367252
2003-09-15,21.0115189415447593930305
2003-09-16,21.0155874126006712337971
2003-09-17,21.0196566714366944907010
2003-09-18,21.0237267182053674257610
2003-09-19,21.0277975530592578370568
2003-09-22,21.0318691761509630644484
2003-09-23,21.0359415876331099952958
2003-09-24,21.0400147876583550701804
2003-09-25,21.0440887763793842886279
2003-09-26,21.0481635539489132148310
2003-09-29,21.0522391205196869833748
2003-09-30,21.0563154762444803049619
2003-10-01,21.0603926212760974721397
2003-10-03,21.0644705557673723650282
2003-10-06,21.0685492798711684570488
2003-10-07,21.0726287937403788206550
2003-10-08,21.0767090975279261330631
2003-10-09,21.0807901913867626819849
2003-10-10,21.0848720754698703713614
2003-10-13,21.0889547499302607270967
2003-10-14,21.0930382149209749027946
2003-10-15,21.0971224705950836854948
2003-10-16,21.1012075171056875014109
2003-10-17,21.1052933546059164216699
2003-10-20,21.1093799832489301680518
2003-10-21,21.1134674031879181187312
2003-10-22,21.1175556145760993140195
2003-10-23,21.1216446175667224621086
2003-10-24,21.1257344123130659448154
2003-10-25,21.1298249989684378233274
2003-10-27,21.1339163776861758439497
2003-10-28,21.1380085486196474438530
2003-10-29,21.1421015119222497568223
2003-10-30,21.1461952677474096190075
2003-10-31,21.1502898162485835746746
2003-11-03,21.1543851575792578819577
2003-11-04,21.1584812918929485186130
2003-11-05,21.1625782193432011877733
2003-11-06,21.1666759400835913237036
2003-11-07,21.1707744542677240975578
2003-11-10,21.1748737620492344231374
2003-11-11,21.1789738635817869626495
2003-11-12,21.1830747590190761324681
2003-11-13,21.1871764485148261088946
2003-11-14,21.1912789322227908339206
2003-11-15,21.1953822102967540209913
2003-11-17,21.1994862828905291607704
2003-11-18,21.2035911501579595269056
2003-11-19,21.2076968122529181817955
2003-11-20,21.2118032693293079823580
2003-11-21,21.2159105215410615857988
2003-11-24,21.2200185690421414553823
2003-11-25,21.2241274119865398662025
2003-11-27,21.2282370505282789109555
2003-11-28,21.2323474848214105057136
2003-12-01,21.2364587150200163956992
2003-12-02,21.2405707412782081610614
2003-12-03,21.2446835637501272226525
2003-12-04,21.2487971825899448478062
2003-12-05,21.2529115979518621561169
2003-12-08,21.2570268099901101252197
2003-12-09,21.2611428188589495965721
2003-12-10,21.2652596247126712812366
2003-12-11,21.2693772277055957656641
2003-12-12,21.2734956279920735174789
2003-12-15,21.2776148257264848912644
2003-12-16,21.2817348210632401343504
2003-12-17,21.2858556141567793926011
2003-12-18,21.2899772051615727162042
2003-12-19,21.2940995942321200654618
2003-12-22,21.2982227815229513165812
2003-12-23,21.3023467671886262674682
2003-12-24,21.3064715513837346435203
2003-12-26,21.3105971342628961034221
2003-12-29,21.3147235159807602449408
2003-12-30,21.3188506966920066107237
2003-12-31,21.3229786765513446940963
2004-01-01,21.3271074557135139448616
2004-01-02,21.3312370343332837751006
2004-01-05,21.3353674125654535649740
2004-01-06,21.3394985905648526685250
2004-01-07,21.3436305684863404194830
2004-01-08,21.3477633464848061370684
2004-01-09,21.3518969247151691317993
2004-01-12,21.3560313033323787112982
2004-01-13,21.3601664824914141861004
2004-01-14,21.3643024623472848754639
2004-01-15,21.3684392430550301131794
2004-01-16,21.3725768247697192533825
2004-01-19,21.3767152076464516763665
2004-01-20,21.3808543918403567943959
2004-01-21,21.3849943775065940575223
2004-01-22,21.3891351648003529593999
2004-01-23,21.3932767538768530431034
2004-01-27,21.3974191448913439069461
2004-01-28,21.4015623379991052102996
2004-01-29,21.4057063333554466794148
2004-01-30,21.4098511311157081132435
2004-02-03,21.4139967314352593892614
2004-02-04,21.4181431344695004692922
2004-02-05,21.4222903403738614053331
2004-02-06,21.4264383493038023453809
2004-02-09,21.4305871614148135392597
2004-02-10,21.4347367768624153444492
2004-02-11,21.4388871958021582319151
2004-02-12,21.4430384183896227919392
2004-02-13,21.4471904447804197399519
2004-02-16,21.4513432751301899223655
2004-02-17,21.4554969095946043224079
2004-02-18,21.4596513483293640659584
2004-02-19,21.4638065914902004273844
2004-02-20,21.4679626392328748353786
2004-02-23,21.4721194917131788787982
2004-02-24,21.4762771490869343125045
2004-02-25,21.4804356115099930632042
2004-02-26,21.4845948791382372352917
2004-02-27,21.4887549521275791166918
2004-03-01,21.4929158306339611847051
2004-03-03,21.4970775148133561118527
2004-03-04,21.5012400048217667717234
2004-03-05,21.5054033008152262448214
2004-03-08,21.5095674029497978244155
2004-03-09,21.5137323113815750223888
2004-03-10,21.5178980262666815750903
2004-03-11,21.5220645477612714491871
2004-03-12,21.5262318760215288475179
2004-03-15,21.5304000112036682149479
2004-03-16,21.5345689534639342442243
2004-03-17,21.5387387029586018818332
2004-03-18,21.5429092598439763338578
2004-03-19,21.5470806242763930718377
2004-03-22,21.5512527964122178386287
2004-03-23,21.5554257764078466542650
2004-03-24,21.5595995644197058218211
2004-03-25,21.5637741606042519332758
2004-03-26,21.5679495651179718753773
2004-03-29,21.5721257781173828355086
2004-03-30,21.5763027997590323075553
2004-03-31,21.5804806301994980977733
2004-04-01,21.5846592695953883306587
2004-04-02,21.5888387181033414548178
2004-04-05,21.5930189758800262488391
2004-04-06,21.5972000430821418271662
2004-04-07,21.6013819198664176459716
2004-04-08,21.6055646063896135090315
2004-04-12,21.6097481028085195736028
2004-04-13,21.6139324092799563562995
2004-04-15,21.6181175259607747389719
2004-04-16,21.6223034530078559745860
2004-04-17,21.6264901905781116931042
2004-04-19,21.6306777388284839073674
2004-04-20,21.6348660979159450189779
2004-04-21,21.6390552679974978241836
2004-04-22,21.6432452492301755197633
2004-04-23,21.6474360417710417089134
2004-04-27,21.6516276457771904071353
2004-04-28,21.6558200614057460481241
2004-04-29,21.6600132888138634896587
2004-04-30,21.6642073281587280194927
2004-05-03,21.6684021795975553612464
2004-05-04,21.6725978432875916803007
2004-05-05,21.6767943193861135896907
2004-05-06,21.6809916080504281560021
2004-05-07,21.6851897094378729052673
2004-05-10,21.6893886237058158288640
2004-05-11,21.6935883510116553894132
2004-05-12,21.6977888915128205266804
2004-05-13,21.7019902453667706634762
2004-05-14,21.7061924127309957115593
2004-05-17,21.7103953937630160775393
2004-05-18,21.7145991886203826687825
2004-05-19,21.7188037974606768993167
2004-05-20,21.7230092204415106957390
2004-05-21,21.7272154577205265031236
2004-05-24,21.7314225094553972909312
2004-05-25,21.7356303758038265589195
2004-05-26,21.7398390569235483430547
2004-05-27,21.7440485529723272214241
2004-05-28,21.7482588641079583201506
2004-05-31,21.7524699904882673193069
2004-06-01,21.7566819322711104588323
2004-06-02,21.7608946896143745444496
2004-06-03,21.7651082626759769535840
2004-06-04,21.7693226516138656412824
2004-06-07,21.7735378565860191461341
2004-06-08,21.7777538777504465961931
2004-06-09,21.7819707152651877149007
2004-06-10,21.7861883692883128270100
2004-06-11,21.7904068399779228645111
2004-06-14,21.7946261274921493725577
2004-06-15,21.7988462319891545153947
2004-06-16,21.8030671536271310822870
2004-06-17,21.8072888925643024934492
2004-06-18,21.8115114489589228059771
2004-06-21,21.8157348229692767197798
2004-06-22,21.8199590147536795835128
2004-06-23,21.8241840244704774005130
2004-06-24,21.8284098522780468347340
2004-06-25,21.8326364983347952166830
2004-06-28,21.8368639627991605493590
2004-06-29,21.8410922458296115141916
2004-06-30,21.8453213475846474769817
2004-07-01,21.8495512682227984938424
2004-07-02,21.8537820079026253171422
2004-07-05,21.8580135667827194014480
2004-07-06,21.8622459450217029094707
2004-07-07,21.8664791427782287180109
2004-07-08,21.8707131602109804239058
2004-07-09,21.8749479974786723499782
2004-07-12,21.8791836547400495509854
2004-07-13,21.8834201321538878195702
2004-07-14,21.8876574298789936922125
2004-07-15,21.8918955480742044551821
2004-07-16,21.8961344868983881504934
2004-07-19,21.9003742465104435818600
2004-07-20,21.9046148270693003206513
2004-07-21,21.9088562287339187118502
2004-07-22,21.9130984516632898800119
2004-07-23,21.9173414960164357352232
2004-07-26,21.9215853619524089790642
2004-07-27,21.9258300496302931105700
2004-07-28,21.9300755592092024321943
2004-07-29,21.9343218908482820557739
2004-07-30,21.9385690447067079084939
2004-08-02,21.9428170209436867388551
2004-08-03,21.9470658197184561226415
2004-08-04,21.9513154411902844688896
2004-08-05,21.9555658855184710258587
2004-08-06,21.9598171528623458870020
2004-08-09,21.9640692433812699969398
2004-08-10,21.9683221572346351574323
2004-08-11,21.9725758945818640333556
2004-08-12,21.9768304555824101586767
2004-08-13,21.9810858403957579424313
2004-08-16,21.9853420491814226747021
2004-08-17,21.9895990820989505325980
2004-08-18,21.9938569393079185862353
2004-08-19,21.9981156209679348047190
2004-08-20,22.0023751272386380621260
2004-08-23,22.0066354582796981434893
2004-08-24,22.0108966142508157507834
2004-08-25,22.0151585953117225089103
2004-08-26,22.0194214016221809716878
2004-08-27,22.0236850333419846278376
2004-08-30,22.0279494906309579069758
2004-08-31,22.0322147736489561856037
2004-09-01,22.0364808825558657931000
2004-09-02,22.0407478175116040177144
2004-09-03,22.0450155786761191125624
2004-09-06,22.0492841662093903016204
2004-09-07,22.0535535802714277857231
2004-09-08,22.0578238210222727485615
2004-09-09,22.0620948886219973626820
2004-09-10,22.0663667832307047954870
2004-09-13,22.0706395050085292152360
2004-09-14,22.0749130541156357970490
2004-09-15,22.0791874307122207289097
2004-09-16,22.0834626349585112176708
2004-09-17,22.0877386670147654950606
2004-09-20,22.0920155270412728236895
2004-09-21,22.0962932151983535030593
2004-09-22,22.1005717316463588755726
2004-09-23,22.1048510765456713325435
2004-09-24,22.1091312500567043202100
2004-09-27,22.1134122523399023457467
2004-09-28,22.1176940835557409832796
2004-09-29,22.1219767438647268799013
2004-09-30,22.1262602334273977616877
2004-10-01,22.1305445524043224397162
2004-10-04,22.1348297009561008160842
2004-10-05,22.1391156792433638899294
2004-10-06,22.1434024874267737634515
2004-10-07,22.1476901256670236479343
2004-10-08,22.1519785941248378697695
2004-10-09,22.1562678929609718764815
2004-10-11,22.1605580223362122427534
2004-10-12,22.1648489824113766764544
2004-10-14,22.1691407733473140246678
2004-10-15,22.1734333953049042797205
2004-10-18,22.1777268484450585852141
2004-10-19,22.1820211329287192420562
2004-10-20,22.1863162489168597144938
2004-10-21,22.1906121965704846361472
2004-10-25,22.1949089760506298160456
2004-10-26,22.1992065875183622446634
2004-10-27,22.2035050311347800999579
2004-10-28,22.2078043070610127534083
2004-10-29,22.2121044154582207760556
2004-11-01,22.2164053564875959445437
2004-11-02,22.2207071303103612471620
2004-11-03,22.2250097370877708898888
2004-11-04,22.2293131769811103024357
2004-11-05,22.2336174501516961442942
2004-11-08,22.2379225567608763107820
2004-11-09,22.2422284969700299390915
2004-11-10,22.2465352709405674143394
2004-11-11,22.2508428788339303756166
2004-11-12,22.2551513208115917220409
2004-11-16,22.2594605970350556188090
2004-11-17,22.2637707076658575032509
2004-11-18,22.2680816528655640908853
2004-11-19,22.2723934327957733814759
2004-11-22,22.2767060476181146650888
2004-11-23,22.2810194974942485281514
2004-11-24,22.2853337825858668595126
2004-11-25,22.2896489030546928565033
2004-11-29,22.2939648590624810309992
2004-11-30,22.2982816507710172154841
2004-12-01,22.3025992783421185691145
2004-12-02,22.3069177419376335837851
2004-12-03,22.3112370417194420901965
2004-12-06,22.3155571778494552639227
2004-12-07,22.3198781504896156314806
2004-12-08,22.3241999598018970764007
2004-12-09,22.3285226059483048452984
2004-12-10,22.3328460890908755539473
2004-12-13,22.3371704093916771933528
2004-12-14,22.3414955670128091358276
2004-12-15,22.3458215621164021410679
2004-12-16,22.3501483948646183622311
2004-12-17,22.3544760654196513520144
2004-12-20,22.3588045739437260687349
2004-12-21,22.3631339205990988824103
2004-12-22,22.3674641055480575808416
2004-12-24,22.3717951289529213756963
2004-12-27,22.3761269909760409085932
2004-12-28,22.3804596917797982571878
2004-12-29,22.3847932315266069412599
2004-12-30,22.3891276103789119288011
2004-12-31,22.3934628284991896421047
2005-01-03,22.3977988860499479638556
2005-01-04,22.4021357831937262432227
2005-01-05,22.4064735200930953019513
2005-01-06,22.4108120969106574404571
2005-01-07,22.4151515138090464439218
2005-01-10,22.4194917709509275883893
2005-01-11,22.4238328684989976468631
2005-01-12,22.4281748066159848954054
2005-01-13,22.4325175854646491192371
2005-01-14,22.4368612052077816188384
2005-01-17,22.4412056660082052160517
2005-01-18,22.4455509680287742601848
2005-01-19,22.4498971114323746341157
2005-01-20,22.4542440963819237603984
2005-01-24,22.4585919230403706073699
2005-01-25,22.4629405915706956952586
2005-01-27,22.4672901021359111022934
2005-01-28,22.4716404548990604708146
2005-01-31,22.4759916500232190133856
2005-02-01,22.4803436876714935189057
2005-02-02,22.4846965680070223587244
2005-02-03,22.4890502911929754927568
2005-02-04,22.4934048573925544755997
2005-02-07,22.4977602667689924626499
2005-02-08,22.5021165194855542162226
2005-02-09,22.5064736157055361116717
2005-02-10,22.5108315555922661435109
2005-02-11,22.5151903393091039315361
2005-02-14,22.5195499670194407269495
2005-02-15,22.5239104388866994184838
2005-02-16,22.5282717550743345385283
2005-02-17,22.5326339157458322692563
2005-02-18,22.5369969210647104487536
2005-02-21,22.5413607711945185771476
2005-02-22,22.5457254662988378227381
2005-02-23,22.5500910065412810281297
2005-02-24,22.5544573920854927163644
2005-02-25,22.5588246230951490970562
2005-02-28,22.5631926997339580725264
2005-03-01,22.5675616221656592439403
2005-03-02,22.5719313905540239174453
2005-03-03,22.5763020050628551103095
2005-03-04,22.5806734658559875570625
2005-03-07,22.5850457730972877156363
2005-03-08,22.5894189269506537735083
2005-03-09,22.5937929275800156538448
2005-03-10,22.5981677751493350216464
2005-03-11,22.6025434698226052898938
2005-03-14,22.6069200117638516256953
2005-03-15,22.6112974011371309564355
2005-03-16,22.6156756381065319759248
2005-03-17,22.6200547228361751505507
2005-03-18,22.6244346554902127254296
2005-03-21,22.6288154362328287305602
2005-03-22,22.6331970652282389869783
2005-03-23,22.6375795426406911129121
2005-03-24,22.6419628686344645299396
2005-03-28,22.6463470433738704691461
2005-03-29,22.6507320670232519772840
2005-03-30,22.6551179397469839229331
2005-03-31,22.6595046617094730026620
2005-04-01,22.6638922330751577471916
2005-04-04,22.6682806540085085275586
2005-04-05,22.6726699246740275612810
2005-04-06,22.6770600452362489185245
2005-04-07,22.6814510158597385282701
2005-04-08,22.6858428367090941844831
2005-04-11,22.6902355079489455522829
2005-04-12,22.6946290297439541741145
2005-04-13,22.6990234022588134759205
2005-04-15,22.7034186256582487733153
2005-04-18,22.7078147001070172777594
2005-04-19,22.7122116257699081027358
2005-04-20,22.7166094028117422699268
2005-04-21,22.7210080313973727153928
2005-04-22,22.7254075116916842957515
2005-04-25,22.7298078438595937943591
2005-04-26,22.7342090280660499274921
2005-04-27,22.7386110644760333505303
2005-04-28,22.7430139532545566641417
2005-04-29,22.7474176945666644204673
2005-05-02,22.7518222885774331293088
2005-05-03,22.7562277354519712643157
2005-05-04,22.7606340353554192691752
2005-05-05,22.7650411884529495638022
2005-05-06,22.7694491949097665505307
2005-05-09,22.7738580548911066203072
2005-05-10,22.7782677685622381588838
2005-05-11,22.7826783360884615530144
2005-05-12,22.7870897576351091966501
2005-05-13,22.7915020333675454971372
2005-05-16,22.7959151634511668814163
2005-05-17,22.8003291480514018022216
2005-05-18,22.8047439873337107442825
2005-05-19,22.8091596814635862305259
2005-05-20,22.8135762306065528282798
2005-05-23,22.8179936349281671554778
2005-05-24,22.8224118945940178868655
2005-05-25,22.8268310097697257602074
2005-05-26,22.8312509806209435824953
2005-05-27,22.8356718073133562361581
2005-05-30,22.8400934900126806852722
2005-05-31,22.8445160288846659817739
2005-06-01,22.8489394240950932716721
2005-06-02,22.8533636758097758012632
2005-06-03,22.8577887841945589233465
2005-06-04,22.8622147494153201034408
2005-06-06,22.8666415716379689260027
2005-06-07,22.8710692510284471006457
2005-06-08,22.8754977877527284683605
2005-06-09,22.8799271819768190077366
2005-06-10,22.8843574338667568411856
2005-06-13,22.8887885435886122411645
2005-06-14,22.8932205113084876364013
2005-06-15,22.8976533371925176181216
2005-06-16,22.9020870214068689462760
2005-06-17,22.9065215641177405557688
2005-06-20,22.9109569654913635626885
2005-06-21,22.9153932256940012705387
2005-06-22,22.9198303448919491764707
2005-06-23,22.9242683232515349775172
2005-06-24,22.9287071609391185768269
2005-06-27,22.9331468581210920899012
2005-06-28,22.9375874149638798508308
2005-06-29,22.9420288316339384185346
2005-06-30,22.9464711082977565829993
2005-07-01,22.9509142451218553715204
2005-07-04,22.9553582422727880549443
2005-07-05,22.9598030999171401539114
2005-07-06,22.9642488182215294451011
2005-07-07,22.9686953973526059674771
2005-07-08,22.9731428374770520285347
2005-07-11,22.9775911387615822105487
2005-07-12,22.9820403013729433768231
2005-07-13,22.9864903254779146779412
2005-07-14,22.9909412112433075580181
2005-07-15,22.9953929588359657609530
2005-07-18,22.9998455684227653366839
2005-07-19,23.0042990401706146474428
2005-07-20,23.0087533742464543740125
2005-07-21,23.0132085708172575219843
2005-07-22,23.0176646300500294280174
2005-07-25,23.0221215521118077660985
2005-07-26,23.0265793371696625538041
2005-07-27,23.0310379853906961585626
2005-07-29,23.0354974969420433039186
2005-08-01,23.0399578719908710757978
2005-08-02,23.0444191107043789287736
2005-08-03,23.0488812132497986923341
2005-08-04,23.0533441797943945771516
2005-08-05,23.0578080105054631813521
2005-08-08,23.0622727055503334967867
2005-08-09,23.0667382650963669153040
2005-08-10,23.0712046893109572350234
2005-08-11,23.0756719783615306666105
2005-08-12,23.0801401324155458395528
2005-08-16,23.0846091516404938084372
2005-08-17,23.0890790362038980592279
2005-08-18,23.0935497862733145155471
2005-08-19,23.0980214020163315449549
2005-08-22,23.1024938836005699652323
2005-08-23,23.1069672311936830506638
2005-08-24,23.1114414449633565383226
2005-08-25,23.1159165250773086343559
2005-08-26,23.1203924717032900202722
2005-08-29,23.1248692850090838592295
2005-08-30,23.1293469651625058023246
2005-08-31,23.1338255123314039948839
2005-09-01,23.1383049266836590827550
2005-09-02,23.1427852083871842186002
2005-09-05,23.1472663576099250681905
2005-09-06,23.1517483745198598167014
2005-09-08,23.1562312592849991750092
2005-09-09,23.1607150120733863859896
2005-09-12,23.1651996330530972308161
2005-09-13,23.1696851223922400352613
2005-09-14,23.1741714802589556759979
2005-09-15,23.1786587068214175869015
2005-09-16,23.1831468022478317653552
2005-09-19,23.1876357667064367785544
2005-09-20,23.1921256003655037698136
2005-09-21,23.1966163033933364648739
2005-09-22,23.2011078759582711782122
2005-09-23,23.2056003182286768193512
2005-09-26,23.2100936303729548991707
2005-09-27,23.2145878125595395362205
2005-09-28,23.2190828649568974630340
2005-09-29,23.2235787877335280324436
2005-09-30,23.2280755810579632238963
2005-10-03,23.2325732450987676497721
2005-10-04,23.2370717800245385617020
2005-10-05,23.2415711860039058568884
2005-10-06,23.2460714632055320844259
2005-10-07,23.2505726117981124516241
2005-10-10,23.2550746319503748303311
2005-10-11,23.2595775238310797632580
2005-10-13,23.2640812876090204703056
2005-10-14,23.2685859234530228548911
2005-10-17,23.2730914315319455102771
2005-10-18,23.2775978120146797259011
2005-10-19,23.2821050650701494937065
2005-10-20,23.2866131908673115144748
2005-10-21,23.2911221895751552041590
2005-10-24,23.2956320613627027002185
2005-10-25,23.3001428063990088679546
2005-10-26,23.3046544248531613068479
2005-10-27,23.3091669168942803568966
2005-10-28,23.3136802826915191049558
2005-10-31,23.3181945224140633910787
2005-11-01,23.3227096362311318148584
2005-11-02,23.3272256243119757417709
2005-11-07,23.3317424868258793095201
2005-11-08,23.3362602239421594343832
2005-11-09,23.3407788358301658175575
2005-11-10,23.3452983226592809515089
2005-11-11,23.3498186845989201263211
2005-11-14,23.3543399218185314360461
2005-11-16,23.3588620344875957850563
2005-11-17,23.3633850227756268943975
2005-11-18,23.3679088868521713081430
2005-11-21,23.3724336268868083997494
2005-11-22,23.3769592430491503784134
2005-11-23,23.3814857355088422954296
2005-11-24,23.3860131044355620505497
2005-11-25,23.3905413499990203983432
2005-11-26,23.3950704723689609545590
2005-11-28,23.3996004717151602024882
2005-11-29,23.4041313482074274993285
2005-11-30,23.4086631020156050825492
2005-12-01,23.4131957333095680762584
2005-12-02,23.4177292422592244975702
2005-12-05,23.4222636290345152629744
2005-12-06,23.4267988938054141947064
2005-12-07,23.4313350367419280271189
2005-12-08,23.4358720580140964130547
2005-12-09,23.4404099577919919302207
2005-12-12,23.4449487362457200875634
2005-12-13,23.4494883935454193316447
2005-12-14,23.4540289298612610530204
2005-12-15,23.4585703453634495926190
2005-12-16,23.4631126402222222481213
2005-12-19,23.4676558146078492803427
2005-12-20,23.4721998686906339196152
2005-12-21,23.4767448026409123721716
2005-12-22,23.4812906166290538265308
2005-12-23,23.4858373108254604598836
2005-12-26,23.4903848854005674444811
2005-12-27,23.4949333405248429540228
2005-12-28,23.4994826763687881700472
2005-12-29,23.5040328931029372883229
2005-12-30,23.5085839908978575252412
2006-01-02,23.5131359699241491242099
2006-01-03,23.5176888303524453620484
2006-01-04,23.5222425723534125553839
2006-01-05,23.5267971960977500670489
2006-01-06,23.5313527017561903124800
2006-01-09,23.5359090894994987661179
2006-01-10,23.5404663594984739678088
2006-01-12,23.5450245119239475292062
2006-01-13,23.5495835469467841401757
2006-01-16,23.5541434647378815751989
2006-01-17,23.5587042654681706997803
2006-01-18,23.5632659493086154768542
2006-01-19,23.5678285164302129731940
2006-01-20,23.5723919670039933658215
2006-01-23,23.5769563012010199484183
2006-01-24,23.5815215191923891377384
2006-01-25,23.5860876211492304800215
2006-01-27,23.5906546072427066574080
2006-01-30,23.5952224776440134943553
2006-01-31,23.5997912325243799640549
2006-02-01,23.6043608720550681948510
2006-02-02,23.6089313964073734766606
2006-02-03,23.6135028057526242673946
2006-02-06,23.6180751002621821993797
2006-02-07,23.6226482801074420857824
2006-02-08,23.6272223454598319270338
2006-02-10,23.6317972964908129172553
2006-02-13,23.6363731333718794506864
2006-02-14,23.6409498562745591281130
2006-02-15,23.6455274653704127632970
2006-02-16,23.6501059608310343894080
2006-02-17,23.6546853428280512654547
2006-02-20,23.6592656115331238827192
2006-02-21,23.6638467671179459711913
2006-02-22,23.6684288097542445060049
2006-02-23,23.6730117396137797138750
2006-02-24,23.6775955568683450795362
2006-02-27,23.6821802616897673521827
2006-02-28,23.6867658542499065519091
2006-03-01,23.6913523347206559761527
2006-03-02,23.6959397032739422061374
2006-03-03,23.7005279600817251133176
2006-03-06,23.7051171053159978658250
2006-03-07,23.7097071391487869349156
2006-03-08,23.7142980617521521014181
2006-03-09,23.7188898732981864621837
2006-03-10,23.7234825739590164365370
2006-03-13,23.7280761639068017727287
2006-03-14,23.7326706433137355543885
2006-03-16,23.7372660123520442069801
2006-03-17,23.7418622711939875042573
2006-03-20,23.7464594200118585747211
2006-03-21,23.7510574589779839080783
2006-03-22,23.7556563882647233617010
2006-03-23,23.7602562080444701670882
2006-03-24,23.7648569184896509363272
2006-03-27,23.7694585197727256685577
2006-03-28,23.7740610120661877564366
2006-03-29,23.7786643955425639926034
2006-03-30,23.7832686703744145761482
2006-03-31,23.7878738367343331190797
2006-04-03,23.7924798947949466527951
2006-04-04,23.7970868447289156345512
2006-04-05,23.8016946867089339539366
2006-04-07,23.8063034209077289393451
2006-04-10,23.8109130474980613644508
2006-04-12,23.8155235666527254546836
2006-04-13,23.8201349785445488937073
2006-04-17,23.8247472833463928298971
2006-04-18,23.8293604812311518828202
2006-04-19,23.8339745723717541497165
2006-04-20,23.8385895569411612119811
2006-04-21,23.8432054351123681416474
2006-04-24,23.8478222070584035078726
2006-04-25,23.8524398729523293834232
2006-04-26,23.8570584329672413511624
2006-04-27,23.8616778872762685105391
2006-04-28,23.8662982360525734840771
2006-04-29,23.8709194794693524238667
2006-05-02,23.8755416176998350180569
2006-05-03,23.8801646509172844973487
2006-05-04,23.8847885792949976414907
2006-05-05,23.8894134030063047857742
2006-05-08,23.8940391222245698275315
2006-05-09,23.8986657371231902326340
2006-05-10,23.9032932478755970419923
2006-05-11,23.9079216546552548780573
2006-05-12,23.9125509576356619513225
2006-05-15,23.9171811569903500668280
2006-05-16,23.9218122528928846306651
2006-05-17,23.9264442455168646564826
2006-05-18,23.9310771350359227719941
2006-05-19,23.9357109216237252254871
2006-05-22,23.9403456054539718923327
2006-05-23,23.9449811867003962814966
2006-05-24,23.9496176655367655420522
2006-05-25,23.9542550421368804696938
2006-05-26,23.9588933166745755132517
2006-05-29,23.9635324893237187812088
2006-05-30,23.9681725602582120482178
2006-05-31,23.9728135296519907616201
2006-06-01,23.9774553976790240479660
2006-06-02,23.9820981645133147195359
2006-06-05,23.9867418303288992808626
2006-06-06,23.9913863952998479352557
2006-06-07,23.9960318596002645913264
2006-06-08,24.0006782234042868695138
2006-06-09,24.0053254868860861086128
2006-06-12,24.0099736502198673723029
2006-06-13,24.0146227135798694556780
2006-06-14,24.0192726771403648917785
2006-06-15,24.0239235410756599581235
2006-06-16,24.0285753055600946832449
2006-06-19,24.0332279707680428532227
2006-06-20,24.0378815368739120182214
2006-06-21,24.0425360040521434990277
2006-06-22,24.0471913724772123935898
2006-06-23,24.0518476423236275835572
2006-06-25,24.0565048137659317408229
2006-06-26,24.0611628869787013340656
2006-06-27,24.0658218621365466352942
2006-06-28,24.0704817394141117263930
2006-06-29,24.0751425189860745056683
2006-06-30,24.0798042010271466943963
2006-07-03,24.0844667857120738433723
2006-07-04,24.0891302732156353394613
2006-07-05,24.0937946637126444121492
2006-07-06,24.0984599573779481400964
2006-07-07,24.1031261543864274576915
2006-07-10,24.1077932549129971616070
2006-07-11,24.1124612591326059173562
2006-07-12,24.1171301672202362658510
2006-07-13,24.1217999793509046299614
2006-07-14,24.1264706956996613210762
2006-07-17,24.1311423164415905456642
2006-07-18,24.1358148417518104118383
2006-07-19,24.1404882718054729359190
2006-07-20,24.1451626067777640490006
2006-07-21,24.1498378468439036035180
2006-07-24,24.1545139921791453798149
2006-07-25,24.1591910429587770927131
2006-07-26,24.1638689993581203980836
2006-07-27,24.1685478615525308994182
2006-07-28,24.1732276297173981544034
2006-07-31,24.1779083040281456814943
2006-08-01,24.1825898846602309664907
2006-08-02,24.1872723717891454691145
2006-08-03,24.1919557655904146295877
2006-08-04,24.1966400662395978752122
2006-08-07,24.2013252739122886269508
2006-08-08,24.2060113887841143060092
2006-08-09,24.2106984110307363404197
2006-08-10,24.2153863408278501716261
2006-08-11,24.2200751783511852610692
2006-08-14,24.2247649237765050967745
2006-08-16,24.2294555772796071999410
2006-08-17,24.2341471390363231315305
2006-08-18,24.2388396092225184988590
2006-08-21,24.2435329880140929621893
2006-08-22,24.2482272755869802413244
2006-08-23,24.2529224721171481222027
2006-08-24,24.2576185777805984634939
2006-08-25,24.2623155927533672031970
2006-08-28,24.2670135172115243652387
2006-08-29,24.2717123513311740660737
2006-08-30,24.2764120952884545212858
2006-08-31,24.2811127492595380521910
2006-09-01,24.2858143134206310924409
2006-09-04,24.2905167879479741946280
2006-09-05,24.2952201730178420368927
2006-09-06,24.2999244688065434295302
2006-09-07,24.3046296754904213216000
2006-09-08,24.3093357932458528075364
2006-09-11,24.3140428222492491337597
2006-09-12,24.3187507626770557052890
2006-09-13,24.3234596147057520923569
2006-09-14,24.3281693785118520370244
2006-09-15,24.3328800542719034597977
2006-09-18,24.3375916421624884662465
2006-09-19,24.3423041423602233536229
2006-09-20,24.3470175550417586174821
2006-09-21,24.3517318803837789583043
2006-09-22,24.3564471185630032881176
2006-09-25,24.3611632697561847371229
2006-09-26,24.3658803341401106603187
2006-09-27,24.3705983118916026441292
2006-09-28,24.3753172031875165130315
2006-09-29,24.3800370082047423361857
2006-10-03,24.3847577271202044340657
2006-10-04,24.3894793601108613850912
2006-10-05,24.3942019073537060322607
2006-10-06,24.3989253690257654897871
2006-10-09,24.4036497453041011497328
2006-10-10,24.4083750363658086886472
2006-10-11,24.4131012423880180742053
2006-10-12,24.4178283635478935718476
2006-10-13,24.4225564000226337514209
2006-10-16,24.4272853519894714938208
2006-10-17,24.4320152196256739976357
2006-10-18,24.4367460031085427857910
2006-10-19,24.4414777026154137121962
2006-10-20,24.4462103183236569683918
2006-10-21,24.4509438504106770901985
2006-10-23,24.4556782990539129643669
2006-10-26,24.4604136644308378352294
2006-10-27,24.4651499467189593113523
2006-10-30,24.4698871460958193721903
2006-10-31,24.4746252627389943747414
2006-11-01,24.4793642968260950602036
2006-11-02,24.4841042485347665606327
2006-11-03,24.4888451180426884056013
2006-11-06,24.4935869055275745288594
2006-11-07,24.4983296111671732749961
2006-11-08,24.5030732351392674061023
2006-11-09,24.5078177776216741084354
2006-11-10,24.5125632387922449990844
2006-11-13,24.5173096188288661326372
2006-11-14,24.5220569179094580078484
2006-11-15,24.5268051362119755743091
2006-11-16,24.5315542739144082391173
2006-11-17,24.5363043311947798735501
2006-11-20,24.5410553082311488197369
2006-11-21,24.5458072052016078973341
2006-11-22,24.5505600222842844102011
2006-11-23,24.5553137596573401530772
2006-11-24,24.5600684174989714182604
2006-11-27,24.5648239959874090022870
2006-11-28,24.5695804953009182126126
2006-11-29,24.5743379156177988742949
2006-11-30,24.5790962571163853366767
2006-12-01,24.5838555199750464800713
2006-12-04,24.5886157043721857224487
2006-12-05,24.5933768104862410261231
2006-12-06,24.5981388384956849044417
2006-12-07,24.6029017885790244284748
2006-12-08,24.6076656609148012337074
2006-12-11,24.6124304556815915267318
2006-12-12,24.6171961730580060919415
2006-12-13,24.6219628132226902982269
2006-12-14,24.6267303763543241056715
2006-12-15,24.6314988626316220722499
2006-12-18,24.6362682722333333605274
2006-12-19,24.6410386053382417443598
2006-12-20,24.6458098621251656155959
2006-12-21,24.6505820427729579907802
2006-12-22,24.6553551474605065178573
2006-12-26,24.6601291763667334828778
2006-12-27,24.6649041296705958167052
2006-12-28,24.6696800075510851017240
2006-12-29,24.6744568101872275785496
2007-01-02,24.6792345377580841527391
2007-01-03,24.6840131904427504015033
2007-01-04,24.6887927684203565804204
2007-01-05,24.6935732718700676301508
2007-01-08,24.6983547009710831831531
2007-01-09,24.7031370559026375704013
2007-01-10,24.7079203368439998281040
2007-01-11,24.7127045439744737044238
2007-01-12,24.7174896774733976661992
2007-01-15,24.7222757375201449056666
2007-01-16,24.7270627242941233471845
2007-01-17,24.7318506379747756539589
2007-01-18,24.7366394787415792347693
2007-01-19,24.7414292467740462506969
2007-01-22,24.7462199422517236218537
2007-01-23,24.7510115653541930341126
2007-01-24,24.7558041162610709458392
2007-01-25,24.7605975951520085946253
2007-01-29,24.7653920022066920040226
2007-01-31,24.7701873376048419902784
2007-02-01,24.7749836015262141690731
2007-02-02,24.7797807941505989622576
2007-02-05,24.7845789156578216045935
2007-02-06,24.7893779662277421504937
2007-02-07,24.7941779460402554807643
2007-02-08,24.7989788552752913093487
2007-02-09,24.8037806941128141900715
2007-02-12,24.8085834627328235233855
2007-02-13,24.8133871613153535631181
2007-02-14,24.8181917900404734232207
2007-02-15,24.8229973490882870845186
2007-02-19,24.8278038386389334014619
2007-02-20,24.8326112588725861088784
2007-02-21,24.8374196099694538287274
2007-02-22,24.8422288921097800768551
2007-02-23,24.8470391054738432697509
2007-02-26,24.8518502502419567313052
2007-02-27,24.8566623265944686995688
2007-02-28,24.8614753347117623335130
2007-03-01,24.8662892747742557197918
2007-03-02,24.8711041469624018795045
2007-03-05,24.8759199514566887749604
2007-03-06,24.8807366884376393164442
2007-03-07,24.8855543580858113689834
2007-03-08,24.8903729605817977591163
2007-03-09,24.8951924961062262816614
2007-03-12,24.9000129648397597064890
2007-03-13,24.9048343669630957852928
2007-03-14,24.9096567026569672583639
2007-03-15,24.9144799721021418613652
2007-03-16,24.9193041754794223321079
2007-03-19,24.9241293129696464173291
2007-03-20,24.9289553847536868794702
2007-03-21,24.9337823910124515034571
2007-03-22,24.9386103319268831034822
2007-03-23,24.9434392076779595297861
2007-03-26,24.9482690184466936754426
2007-03-28,24.9530997644141334831435
2007-03-29,24.9579314457613619519856
2007-03-30,24.9627640626694971442584
2007-04-02,24.9675976153196921922336
2007-04-03,24.9724321038931353049556
2007-04-04,24.9772675285710497750337
2007-04-05,24.9821038895346939854349
2007-04-09,24.9869411869653614162788
2007-04-10,24.9917794210443806516334
2007-04-11,24.9966185919531153863123
2007-04-12,25.0014586998729644326733
2007-04-13,25.0062997449853617274178
2007-04-16,25.0111417274717763383926
2007-04-17,25.0159846475137124713919
2007-04-18,25.0208285052927094769612
2007-04-19,25.0256733009903418572023
2007-04-20,25.0305190347882192725801
2007-04-23,25.0353657068679865487298
2007-04-24,25.0402133174113236832662
2007-04-25,25.0450618665999458525943
2007-04-26,25.0499113546156034187205
2007-04-27,25.0547617816400819360660
2007-04-30,25.0596131478552021582809
2007-05-03,25.0644654534428200450600
2007-05-04,25.0693186985848267689597
2007-05-07,25.0741728834631487222162
2007-05-08,25.0790280082597475235652
2007-05-09,25.0838840731566200250629
2007-05-10,25.0887410783357983189081
2007-05-11,25.0935990239793497442657
2007-05-14,25.0984579102693768940919
2007-05-15,25.1033177373880176219601
2007-05-16,25.1081785055174450488886
2007-05-17,25.1130402148398675701694
2007-05-18,25.1179028655375288621984
2007-05-21,25.1227664577927078893067
2007-05-22,25.1276309917877189105938
2007-05-23,25.1324964677049114867615
2007-05-24,25.1373628857266704869493
2007-05-25,25.1422302460354160955715
2007-05-28,25.1470985488136038191548
2007-05-29,25.1519677942437244931784
2007-05-30,25.1568379825083042889142
2007-05-31,25.1617091137899047202692
2007-06-01,25.1665811882711226506286
2007-06-04,25.1714542061345902997011
2007-06-05,25.1763281675629752503643
2007-06-06,25.1812030727389804555127
2007-06-07,25.1860789218453442449057
2007-06-08,25.1909557150648403320185
2007-06-11,25.1958334525802778208927
2007-06-12,25.2007121345745012129895
2007-06-13,25.2055917612303904140435
2007-06-14,25.2104723327308607409180
2007-06-15,25.2153538492588629284619
2007-06-18,25.2202363109973831363674
2007-06-19,25.2251197181294429560297
2007-06-20,25.2300040708380994174071
2007-06-21,25.2348893693064449958838
2007-06-22,25.2397756137176076191324
2007-06-25,25.2446628042547506739791
2007-06-26,25.2495509411010730132692
2007-06-27,25.2544400244398089627351
2007-06-28,25.2593300544542283278641
2007-06-29,25.2642210313276364007689
2007-07-02,25.2691129552433739670590
2007-07-03,25.2740058263848173127127
2007-07-04,25.2788996449353782309517
2007-07-05,25.2837944110785040291161
2007-07-06,25.2886901249976775355409
2007-07-09,25.2935867868764171064344
2007-07-10,25.2984843968982766327567
2007-07-11,25.3033829552468455471012
2007-07-12,25.3082824621057488305761
2007-07-13,25.3131829176586470196873
2007-07-16,25.3180843220892362132240
2007-07-17,25.3229866755812480791435
2007-07-18,25.3278899783184498614595
2007-07-19,25.3327942304846443871300
2007-07-20,25.3376994322636700729474
2007-07-23,25.3426055838394009324302
2007-07-24,25.3475126853957465827149
2007-07-25,25.3524207371166522514507
2007-07-26,25.3573297391860987836939
2007-07-27,25.3622396917881026488056
2007-07-30,25.3671505951067159473488
2007-07-31,25.3720624493260264179877
2007-08-01,25.3769752546301574443891
2007-08-02,25.3818890112032680621236
2007-08-03,25.3868037192295529655690
2007-08-06,25.3917193788932425148152
2007-08-07,25.3966359903786027425703
2007-08-08,25.4015535538699353610671
2007-08-09,25.4064720695515777689729
2007-08-10,25.4113915376079030582983
2007-08-13,25.4163119582233200213096
2007-08-14,25.4212333315822731574407
2007-08-16,25.4261556578692426802074
2007-08-17,25.4310789372687445241226
2007-08-20,25.4360031699653303516133
2007-08-21,25.4409283561435875599381
2007-08-22,25.4458544959881392881070
2007-08-23,25.4507815896836444238020
2007-08-24,25.4557096374147976102988
2007-08-27,25.4606386393663292533907
2007-08-28,25.4655685957230055283128
2007-08-29,25.4704995066696283866686
2007-08-30,25.4754313723910355633568
2007-08-31,25.4803641930721005835006
2007-09-03,25.4852979688977327693773
2007-09-04,25.4902327000528772473501
2007-09-05,25.4951683867225149548005
2007-09-06,25.5001050290916626470629
2007-09-07,25.5050426273453729043595
2007-09-10,25.5099811816687341387373
2007-09-11,25.5149206922468706010067
2007-09-12,25.5198611592649423876800
2007-09-13,25.5248025829081454479133
2007-09-14,25.5297449633617115904477
2007-09-17,25.5346883008109084905535
2007-09-18,25.5396325954410396969748
2007-09-19,25.5445778474374446388756
2007-09-20,25.5495240569854986327876
2007-09-21,25.5544712242706128895589
2007-09-24,25.5594193494782345213041
2007-09-25,25.5643684327938465483562
2007-09-26,25.5693184744029679062195
2007-09-27,25.5742694744911534525235
2007-09-28,25.5792214332439939739790
2007-10-01,25.5841743508471161933347
2007-10-03,25.5891282274861827763357
2007-10-04,25.5940830633468923386831
2007-10-05,25.5990388586149794529950
2007-10-08,25.6039956134762146557690
2007-10-09,25.6089533281164044543457
2007-10-10,25.6139120027213913338738
2007-10-11,25.6188716374770537642765
2007-10-12,25.6238322325693062072194
2007-10-15,25.6287937881840991230796
2007-10-16,25.6337563045074189779156
2007-10-17,25.6387197817252882504400
2007-10-18,25.6436842200237654389919
2007-10-19,25.6486496195889450685119
2007-10-22,25.6536159806069576975174
2007-10-23,25.6585833032639699250805
2007-10-24,25.6635515877461843978060
2007-10-25,25.6685208342398398168114
2007-10-26,25.6734910429312109447084
2007-10-29,25.6784622140066086125853
2007-10-30,25.6834343476523797269908
2007-10-31,25.6884074440549072769199
2007-11-01,25.6933815034006103407998
2007-11-02,25.6983565258759440934785
2007-11-05,25.7033325116673998132138
2007-11-06,25.7083094609615048886643
2007-11-07,25.7132873739448228258813
2007-11-08,25.7182662508039532553024
2007-11-09,25.7232460917255319387459
2007-11-12,25.7282268968962307764075
2007-11-13,25.7332086665027578138572
2007-11-14,25.7381914007318572490386
2007-11-15,25.7431750997703094392690
2007-11-16,25.7481597638049309082408
2007-11-19,25.7531453930225743530246
2007-11-20,25.7581319876101286510732
2007-11-21,25.7631195477545188672276
2007-11-22,25.7681080736427062607237
2007-11-23,25.7730975654616882922008
2007-11-26,25.7780880233984986307111
2007-11-27,25.7830794476402071607310
2007-11-28,25.7880718383739199891734
2007-11-29,25.7930651957867794524013
2007-11-30,25.7980595200659641232433
2007-12-03,25.8030548113986888180096
2007-12-04,25.8080510699722046035105
2007-12-05,25.8130482959737988040748
2007-12-06,25.8180464895907950085711
2007-12-07,25.8230456510105530774293
2007-12-10,25.8280457804204691496638
2007-12-11,25.8330468780079756498985
2007-12-12,25.8380489439605412953928
2007-12-13,25.8430519784656711030684
2007-12-14,25.8480559817109063965386
2007-12-17,25.8530609538838248131383
2007-12-18,25.8580668951720403109550
2007-12-19,25.8630738057632031758624
2007-12-20,25.8680816858450000285537
2007-12-24,25.8730905356051538315778
2007-12-26,25.8781003552314238963757
2007-12-27,25.8831111449116058903192
2007-12-28,25.8881229048335318437502
2007-12-31,25.8931356351850701570217
2008-01-01,25.8981493361541256075404
2008-01-02,25.9031640079286393568102
2008-01-03,25.9081796506965889574771
2008-01-04,25.9131962646459883603760
2008-01-07,25.9182138499648879215784
2008-01-08,25.9232324068413744094414
2008-01-09,25.9282519354635710116584
2008-01-10,25.9332724360196373423107
2008-01-11,25.9382939086977694489214
2008-01-14,25.9433163536861998195092
2008-01-15,25.9483397711731973896450
2008-01-16,25.9533641613470675495092
2008-01-17,25.9583895243961521509499
2008-01-18,25.9634158605088295145437
2008-01-21,25.9684431698735144366568
2008-01-22,25.9734714526786581965078
2008-01-23,25.9785007091127485632318
2008-01-24,25.9835309393643098029464
2008-01-25,25.9885621436219026858182
2008-01-28,25.9935943220741244931312
2008-01-29,25.9986274749096090243566
2008-01-30,26.0036616023170266042237
2008-01-31,26.0086967044850840897924
2008-02-01,26.0137327816025248775268
2008-02-04,26.0187698338581289103705
2008-02-05,26.0238078614407126848232
2008-02-06,26.0288468645391292580184
2008-02-07,26.0338868433422682548026
2008-02-08,26.0389277980390558748161
2008-02-11,26.0439697288184548995751
2008-02-12,26.0490126358694646995547
2008-02-13,26.0540565193811212412740
2008-02-14,26.0591013795424970943818
2008-02-15,26.0641472165427014387445
2008-02-18,26.0691940305708800715350
2008-02-19,26.0742418218162154143223
2008-02-20,26.0792905904679265201638
2008-02-21,26.0843403367152690806979
2008-02-22,26.0893910607475354332384
2008-02-25,26.0944427627540545678704
2008-02-26,26.0994954429241921345472
2008-02-27,26.1045491014473504501887
2008-02-28,26.1096037385129685057814
2008-02-29,26.1146593543105219734797
2008-03-03,26.1197159490295232137084
2008-03-04,26.1247735228595212822664
2008-03-05,26.1298320759901019374326
2008-03-07,26.1348916086108876470721
2008-03-10,26.1399521209115375957445
2008-03-11,26.1450136130817476918135
2008-03-12,26.1500760853112505745575
2008-03-13,26.1551395377898156212821
2008-03-14,26.1602039707072489544334
2008-03-17,26.1652693842533934487133
2008-03-18,26.1703357786181287381956
2008-03-19,26.1754031539913712234437
2008-03-24,26.1804715105630740786300
2008-03-25,26.1855408485232272586563
2008-03-26,26.1906111680618575062754
2008-03-27,26.1956824693690283592147
2008-03-28,26.2007547526348401573007
2008-03-31,26.2058280180494300495849
2008-04-01,26.2109022658029720014713
2008-04-02,442.0079774960856768018453
2008-04-03,659.0323830453134586781463
2008-04-04,365.4349220026845227277973
2008-04-07,130.5574614516751886304055
2008-04-08,1187.5200013923806489385050
2008-04-09,-1396.1574581751038853631886
2008-04-10,1716.0050827493168151457919
2008-04-11,-456.6323758342620016747651
2008-04-15,365.4501660742549304778194
2008-04-16,776.4927084749628963526875
2008-04-17,1422.4152513679571991490152
2008-04-21,-2511.8222052466668394804145
2008-04-22,-104.2996613688138794256391
2008-04-23,13.1428830016114378840580
2008-04-24,-1513.5745721352955105162782
2008-04-25,-456.6120267794393291236992
2008-04-28,600.3505190692753960362228
2008-04-29,-45.5669345890559025870276
2008-04-30,-985.0843877543377740653330
2008-05-02,-691.4818404264747489883637
2008-05-05,-502.1444926053713394600004
2008-05-06,751.0694643456237689545756
2008-05-07,638.3494855412604606011913
2008-05-08,-867.5704932589987258830651
2008-05-09,-208.8904720551529958149974
2008-05-12,-33.0904508472015543575340
2008-05-13,-474.6104296351436065196990
2008-05-14,472.2295915810216428434183
2008-05-15,1355.2696128012949890306927
2008-05-16,1889.0696340256772274949930
2008-05-20,1202.8696552541691538432125
2008-05-21,2175.2296764867715638362977
2008-05-22,-698.9703022765147466107212
2008-05-23,-1018.2102810356889814287003
2008-05-26,-1559.3302597907503443943526
2008-05-27,543.9497614583019608697819
2008-05-28,-1871.6102172885312691046337
2008-05-29,-349.2501960312492376317034
2008-05-30,-1593.1301747698511478712686
2008-06-02,-1250.2501535043362028288783
2008-06-03,192.3198677652963946442415
2008-06-04,-1338.7472051326474933188830
2008-06-05,-164.3449178151936265461879
2008-06-06,599.0173699451546774458455
2008-06-09,2125.7396581484831765314414
2008-06-10,-1514.8980532051223548098351
2008-06-11,-868.9757641155761254898632
2008-06-12,-340.4934745827923278087501
2008-06-13,-340.4911846066851374516147
2008-06-16,422.8711058128312865146297
2008-06-17,833.9133966758428016444931
2008-06-18,-46.8843120175647178828725
2008-06-19,599.0379797326946187395453
2008-06-20,540.3202719267067189498398
2008-06-23,951.3625645645575068204047
2008-06-24,-1162.5551423536670769388444
2008-06-25,-575.3528488278810749772487
2008-06-26,305.4494451420014866998156
2008-06-27,2712.9717395560665987341610
2008-06-30,1832.1740344144002684180110
2008-07-01,-399.1836702829114803027751
2008-07-02,-281.7413745357826068254776
2008-07-03,951.3809216558729461127082
2008-07-04,-692.7767817078587475621012
2008-07-07,-575.3344846268915972572514
2008-07-08,599.0678128988605042896767
2008-07-09,-868.9298891305163189859045
2008-07-10,599.0724092850640735276383
2008-07-11,1068.8347081456878391213889
2008-07-14,775.2370074514411517691107
2008-07-15,2536.8393072024102021304778
2008-07-16,-634.0383926013188024456952
2008-07-17,-1573.5560919596596379182206
2008-07-18,-340.4337908725260635503061
2008-07-21,364.2085106601681780936779
2008-07-22,422.9308126385093611514324
2008-07-23,-4215.9468849374162235340370
2008-07-24,422.9354179324777315888154
2008-07-25,-46.8222787517224492166904
2008-07-28,11.9000250100695750277770
2008-07-29,129.3423292179401620187959
2008-07-30,-1514.8153661280243138255703
2008-07-31,422.9469389722625386374634
2008-08-01,-457.8507554811128727213564
2008-08-04,11.9115505119358766999157
2008-08-05,-2219.4461430485047717623346
2008-08-06,364.2361638376516399659579
2008-08-07,-692.7215288295084133002215
2008-08-08,-46.7992210498984400017241
2008-08-11,-868.8769128234319318319981
2008-08-12,-340.3946041500223637338435
2008-08-13,-457.8322950295831938961700
2008-08-14,834.0100145379721362492472
2008-08-18,-1103.7476754472697979689871
2008-08-19,305.5346350147775955413559
2008-08-20,188.0969459242009256393761
2008-08-21,1186.3392572810868179542909
2008-08-22,-516.5384309144780851113185
2008-08-25,-399.0961186624071243782580
2008-08-26,-986.2938059626136238874730
2008-08-27,1186.3485071849891091032009
2008-08-28,-105.4891792195122158777122
2008-08-29,246.8331348239691274879218
2008-09-01,188.1154493155198823110976
2008-09-02,-1397.3222357447731915010770
2008-09-04,188.1200796431766827578697
2008-09-05,-575.2376045205437014029721
2008-09-08,129.4047117641524663313585
2008-09-09,-46.7529715026479869150524
2008-09-10,-868.8306543208582172057386
2008-09-11,-986.2683366903913637885984
2008-09-12,246.8539813888394509073614
2008-09-15,1186.3762999169211212752818
2008-09-16,775.3386188939405585337093
2008-09-17,129.4209383199846907298537
2008-09-18,5120.6232581951404627428467
2008-09-19,-1749.6144214805051637129994
2008-09-22,1538.7078992931347899150691
2008-09-23,775.3502205161473190215065
2008-09-24,-222.8874578113805641542699
2008-09-25,246.8748643106381694753803
2008-09-26,-222.8828131177094341504154
2008-09-29,1362.5595099036636877622194
2008-09-30,188.1618333748446148651743
2008-10-01,-1103.6758427040795563283846
2008-10-03,-1103.6735183330217124407485
2008-10-06,1362.5688064881052767735982
2008-10-07,2067.2111317593885584312453
2008-10-08,1656.1734574809152965231222
2008-10-10,1949.7757836527726719177668
2008-10-13,-4391.9818897249521176354079
2008-10-14,-1044.9395626521718575028441
2008-10-15,1362.5827648712006838364294
2008-10-16,-399.0149071547472452059324
2008-10-17,-2101.8925787299283793243206
2008-10-20,-222.8502498542554363159006
2008-10-21,-1103.6479205276411170773410
2008-10-22,-1749.5655907499981056015408
2008-10-23,-1984.4432605212390689743559
2008-10-24,-2160.6009298412766573713262
2008-10-27,716.6814012899764959455991
2008-10-28,3006.7637328726077746313369
2008-10-29,-164.1139350932954207390548
2008-10-31,-2043.1516026076456726671002
2008-11-03,305.6507303296444532723709
2008-11-04,-173.9808562813375915654995
2008-11-05,25.2199263800272580972314
2008-11-06,25.2248097271472271778842
2008-11-07,25.2296940198321727287238
2008-11-10,25.2345792582651849751142
2008-11-11,25.2394654426293895942729
2008-11-12,25.2443525731079477221349
2008-11-14,25.2492406498840559602187
2008-11-17,25.2541296731409463824936
2008-11-18,25.2590196430618865422480
2008-11-19,25.2639105598301794789598
2008-11-20,25.2688024236291637251671
2008-11-21,25.2736952346422133133409
2008-11-24,25.2785889930527377827590
2008-11-25,25.2834836990441821863814
2008-11-26,25.2883793528000270977263
2008-11-28,25.2932759545037886177485
2008-12-01,25.2981735043390183817184
2008-12-02,-2390.2249279975106964338976
2008-12-03,1188.4153316091562886600480
2008-12-04,-958.6222179325737471023151
2008-12-05,-396.2997669998203067863731
2008-12-08,217.1426844075084840836935
2008-12-10,217.1451362895045177734062
2008-12-11,1290.6675886462597043414318
2008-12-12,-140.6899585221340283569713
2008-12-15,472.7524947844152653334922
2008-12-16,268.2749485659995488716018
2008-12-17,728.3574028227108035230675
2008-12-18,574.9998575546410283639791
2008-12-19,-1367.5576872381177597157465
2008-12-22,523.8847684445264739910850
2008-12-23,421.6472246026657820123946
2008-12-24,114.9296812363922347002810
2008-12-26,-191.7878616542020797655280
2008-12-29,2313.0945959309749446257760
2008-12-30,-498.5029460079845682804649
2008-12-31,114.9395125290115231990783
2009-01-01,881.7419715420553785891750
2009-01-02,12.7044310312391752594907
2009-01-05,-907.4531090033448915719588
2009-01-06,-856.3306485616046088353506
2009-01-07,983.9918123565522543944011
2009-01-09,-396.2457262487820530988965
2009-01-12,166.0767356224847353307421
2009-01-13,-1316.4008020295550958050600
2009-01-14,421.6816607951907558744168
2009-01-15,-805.1958759031853893775510
2009-01-16,728.4065878754088065683308
2009-01-19,728.4090521310656997208344
2009-01-20,-191.7484831361223360283264
2009-01-21,1853.0539820739370910989648
2009-01-22,-447.3435522386636092293078
2009-01-23,728.4189139261679905481698
2009-01-27,1035.1413805685243358895078
2009-01-28,-907.4161523115021098469230
2009-01-29,-345.0936847138188653990248
2009-01-30,3028.8287833616665684024938
2009-02-02,-89.4887480849532913624148
2009-02-03,-549.5662790535859096996690
2009-02-04,-498.4438095441387336975898
2009-02-05,626.1986604434808074765694
2009-02-06,217.2411309093653025800921
2009-02-09,-293.9563981463926417017298
2009-02-10,-242.8339267237004007521256
2009-02-11,1546.3685451775346679806273
2009-02-12,1597.4910175574052249866756
2009-02-13,-191.7065095839960513019364
2009-02-16,472.8559637534235354922074
2009-02-17,2671.0184375697566996953696
2009-02-18,2722.1409118650961735861346
2009-02-19,-907.3766133604652926011147
2009-02-20,472.8658618931650693272789
2009-02-24,-140.5716623739199544722745
2009-02-25,-2389.8491861616275598771350
2009-02-26,-293.9267094698649247949526
2009-02-27,677.3557677014607908398106
2009-03-02,2006.4782453524424450693622
2009-03-03,-1827.5192765168270860839411
2009-03-04,-805.1167979062549086141109
2009-03-05,12.8056811842518894719545
2009-03-06,1802.0081607547862381579529
2009-03-09,-38.3093591945589145783377
2009-03-12,-1469.6668786636906027615758
2009-03-13,370.6556023474841575846296
2009-03-16,63.9380838390583684412034
2009-03-17,-447.2594341888749502029083
2009-03-18,-498.3769517362227603472524
2009-03-19,370.6655311971079940236198
2009-03-20,1853.1480146112103869436403
2009-03-23,115.0704985061775104687133
2009-03-24,-1214.0470171178975253197949
2009-03-25,-907.3245322609215923115659
2009-03-26,932.9979530771984556361621
2009-03-27,12.8404388965557827020852
2009-03-30,12.8429251972435711043274
2009-03-31,-702.8345880206449788960680
2009-04-01,-89.3921007570166489916434
2009-04-02,-856.1896130117782028250335
2009-04-06,-3514.4271247848363859854696
2009-04-08,1597.5753639239020739947158
2009-04-09,-753.9421468854695323564149
2009-04-13,12.8603427871421035530931
2009-04-15,319.5828329418303083825846
2009-04-16,-242.7346764213115731377075
2009-04-17,-1316.2521853021901782031629
2009-04-20,319.5903062992878740687262
2009-04-21,1239.7527983832159826418548
2009-04-22,-89.3647090503124354349933
2009-04-23,166.2377839987960549753563
2009-04-24,1546.4802775306349071019708
2009-04-27,370.7227715452975922693135
2009-04-28,-498.3147339571224000992523
2009-04-29,-856.1522389765315624779591
2009-05-04,-651.6697435128363692351296
2009-05-05,166.2527524340567233703290
2009-05-06,217.3752488642412771924310
2009-05-07,779.6977457778108722016205
2009-05-08,-89.3397568251408935117217
2009-05-11,64.0227410554795962662307
2009-05-12,-89.3347605802340241237405
2009-05-13,1035.3077382678118977896108
2009-05-14,115.1502375997110326115063
2009-05-15,-38.2072625844429309153454
2009-05-18,12.9152377154437140927628
2009-05-19,-2747.5622615005353073359507
2009-05-20,-140.4397602322862520252426
2009-05-21,881.9627415202846413526692
2009-05-22,575.2452437572711522806198
2009-05-25,217.4077464787670784000132
2009-05-26,12.9302496848662355143387
2009-05-27,370.7727533756624575926863
2009-05-28,319.6552575512495967732656
2009-05-29,728.6177622117215233669231
2009-06-01,728.6202673571721258606611
2009-06-02,-702.7372270123046890788429
2009-06-03,421.9052791033850033982844
2009-06-04,-344.8922142956648536713680
2009-06-05,524.1502927906397009390271
2009-06-08,-1622.8871996376073533499432
2009-06-09,-89.2846915803120189204092
2009-06-10,728.6378169626197200463054
2009-06-11,-140.3996740087181024267929
2009-06-12,-395.9971644942314341088413
2009-06-15,-651.5946544938262045575970
2009-06-16,64.0878559925916748840912
2009-06-17,-140.3896330348836889081918
2009-06-18,575.2928784238418291631014
2009-06-19,-191.5046096311376275789923
2009-06-22,-293.7420971997278975824157
2009-06-23,64.1004157181651989374369
2009-06-24,268.5829291226358600012504
2009-06-25,626.4254430137783018693209
2009-06-26,421.9479573916867590450857
2009-06-29,-651.5695277435445157213423
2009-06-30,12.9929876081787485703568
2009-07-01,-651.5644965530491588257548
2009-07-02,-280.8743802271339303983399
2009-07-03,986.4132675252632046383055
2009-07-06,-3338.9867299057391580610039
2009-07-07,800.6532726637559155535081
2009-07-08,-2910.5867247662514781993136
2009-07-09,-655.9067221957612429819731
2009-07-10,-1214.6267196247732824383208
2009-07-13,-787.3067170532875001935498
2009-07-14,2585.1732855186962001458083
2009-07-15,2698.2132880911779149918861
2009-07-16,1055.1732906641577407754850
2009-07-17,738.3732932376357739460781
2009-07-20,2531.1732958116121109718140
2009-07-21,-194.3867016139131516604793
2009-07-22,-378.3466990389399174452911
2009-07-23,1674.7333035365319101415756
2009-07-24,635.7733061125024276430079
2009-07-27,677.8933086889717316205867
2009-07-28,582.1333112659399186545899
2009-07-29,-2119.6666861565929146560036
2009-07-30,-452.8666835786266716935101
2009-07-31,2428.9333189998387441784616
2009-08-03,1964.5333215788034296150151
2009-08-04,-2359.1514758417325187100312
2009-08-05,1497.7849290989660658524652
2009-08-06,-3297.7550273478985648447310
2009-08-07,-3388.0749837863299798787864
2009-08-10,-1563.9749402163265463218800
2009-08-11,21.7051033621133690699932
2009-08-12,239.4051469489913998570846
2009-08-13,4734.6251905443091799159523
2009-08-14,334.4252341480683434395228
2009-08-17,-5665.3347222397294750628474
2009-08-18,2149.7053213809173592346886
2009-08-19,-2566.0746349899895185254701
2009-08-20,2014.9454086475515271156895
2009-08-21,1611.5054522935421319338545
2009-08-24,2776.5654959479839320214488
2009-08-25,100.5255396108785637876929
2009-08-26,1435.7055832822276639586669
2009-08-27,-176.4743730379671304226298
2009-08-28,1038.2656706502958180037842
2009-08-31,-648.4742856529818530850669
2009-09-01,-2569.4742419477985056950552
2009-09-02,847.1540017658474984851138
2009-09-03,1288.1805374717430154314558
2009-09-04,1258.9306092191013625942167
2009-09-07,1875.3906809803521870969385
2009-09-08,1262.6707527554981789470454
2009-09-09,-843.5491754554579713271704
2009-09-10,-361.3591036525135726764486
2009-09-11,204.4609681643340664695403
2009-09-14,161.7510399950876382022960
2009-09-15,1683.3211118397498351345893
2009-09-16,1479.7411836983233504005630
2009-09-17,1006.4712555708108776558326
2009-09-18,-1067.4286725427848889224124
2009-09-22,1105.8313993575387453646927
2009-09-23,-869.0285287282155242622120
2009-09-24,934.2215431999549979393909
2009-09-25,-1182.8683848579469917660034
2009-09-29,300.8816870980812034081796
2009-09-30,840.3917590680422807706942
2009-10-01,-138.4381689480610618474238
2009-10-05,-688.4980969502261260927563
2009-10-06,-291.8580249384502130894014
2009-10-07,2286.6420470872693765611270
2009-10-08,677.2221191269353427800012
2009-10-09,307.0521911805503860111809
2009-10-12,660.3422632481172072215134
2009-10-14,1921.1723353296385079008362
2009-10-15,1044.4524074251169900620775
2009-10-16,1008.4224795345553562413574
2009-10-17,517.4725516579563094980898
2009-10-20,-22.5173762046774465849170
2009-10-21,-2090.0873040533432079013583
2009-10-22,-389.1072318880382698213322
2009-10-23,617.1528402912400728087625
2009-10-26,-1073.7570875155054743336733
2009-10-27,-4753.9770153082722050473366
2009-10-28,675.1130569129425873930785
2009-10-29,-351.4468708518583897630174
2009-10-30,265.0132013973275712579925
2009-11-03,-1052.1467263394968212459677
2009-11-04,3671.9990859376711415474353
2009-11-05,2837.9932989092754671776931
2009-11-06,1345.7933557008918390125297
2009-11-09,3775.0734125035048002929019
2009-11-10,-65.5865306828835197060060
2009-11-11,2601.6535261417290087032835
2009-11-12,-1115.1664170226554843793802
2009-11-13,1244.2736398239651315583052
2009-11-16,1723.2536966815929874411737
2009-11-17,-679.5662464497697853933285
2009-11-18,408.5338104298789448049370
2009-11-19,-2035.3261326794586898011199
2009-11-20,1892.6339242222194433642626
2009-11-23,377.0339811349154772897781
2009-11-24,-926.8859619413684546228681
2009-11-25,753.0540949933697814411208
2009-11-26,-1640.4058480608676802902866
2009-11-27,-1771.2657911040787051758703
2009-11-30,1679.3342658637388418389219
2009-12-01,3153.1743228425870962220531
2009-12-02,-533.4056201675318061450212
2009-12-03,2264.1544368333842710327261
2009-12-04,-1470.1255061546625355360261
2009-12-07,-331.4454491316700887288668
2009-12-08,1484.9346079023637489904269
2009-12-09,-282.3053350525588844280295
2009-12-10,226.9147220035641493798514
2009-12-11,-400.5652209292650108077900
2009-12-14,-1471.9251638510442257986811
2009-12-15,-983.4051067617713559863361
2009-12-16,-340.4450496614442613499760
2009-12-17,9.8350074499391985455512
2009-12-18,-1201.9249354276188354501491
2009-12-21,30.8951217058837779270631
2009-12-22,1961.2151788504491803559410
2009-12-23,3170.6352360060795139299323
2009-12-24,1015.3152931727769211572600
2009-12-29,229.6153503505435449610010
2009-12-30,-93.4845924606184713208315
2009-12-31,84.5354647392930160647905
2010-01-04,2157.2355219502801512859916
2010-01-05,1481.6955791723450789260725
2010-01-06,1594.9156364054899439835904
2010-01-07,-955.1443063502831081275598
2010-01-08,-1146.6642490949719315780660
2010-01-11,1197.2958081714256198768820
2010-01-12,-1324.1441345510883071023272
2010-01-13,1185.0559227374884345603541
2010-01-14,803.2759800371579923567130
2010-01-15,72.6560373479225141943563
2010-01-18,488.4560946697841483967917
2010-01-19,-1549.3238479972549562964928
2010-01-20,-303.1837906531926507299471
2010-01-21,-3510.2437332980267853318793
2010-01-22,-1893.3036759317552101143746
2010-01-25,-2653.0836185543757746732155
2010-01-27,-4781.5835611658863281877999
2010-01-28,660.1764962337152805789383
2010-01-29,1081.7365536444312032806102
2010-02-01,1190.4566110662635919874532
2010-02-02,-1684.5033315007854008135893
2010-02-03,3025.3767259432863777812135
2010-02-04,-2382.3632166015189189075398
2010-02-05,-3952.6831591351991371423024
2010-02-06,6447.7168983422478772315024
2010-02-08,-4860.9630441691757212144392
2010-02-09,1009.0170133305322225087503
2010-02-10,-1610.3429291586261361927805
2010-02-11,1848.8971283633513585044697
2010-02-15,109.0171858964668628414353
2010-02-16,862.4972434407225334765647
2010-02-17,1210.9773009961205274859011
2010-02-18,-949.2026414373369976368361
2010-02-19,-788.6425838596478839801717
2010-02-22,-678.4825262708099732147924
2010-02-23,-116.1624686708211065934666
2010-02-24,-50.2824110596791249509636
2010-02-25,-468.7823534373818687039723
2010-02-26,2784.3577041960728221489797
2010-03-02,2832.9577618406871080276068
2010-03-03,3259.1978194964631497699468
2010-03-04,391.0778771634031086324412
2010-03-05,876.5379348415091462900173
2010-03-08,889.3179925307834248361682
2010-03-09,-1122.5419497687718932169658
2010-03-10,-336.3018920571546449385155
2010-03-11,189.1181656656373330211968
2010-03-12,123.5982233996062044307401
2010-03-15,-504.2417188552458665223456
2010-03-16,1750.6183389010832847685331
2010-03-17,38.9983966685958233291028
2010-03-18,464.3384544472939146043053
2010-03-19,1118.6385122371797244583791
2010-03-22,-1538.8814299617445808250606
2010-03-23,-66.1213721494768345429397
2010-03-25,1045.3786856739851304273559
2010-03-26,1361.9987435086434816280609
2010-03-29,-198.9611986454996129788872
2010-03-30,112.6188592115580149882323
2010-03-31,423.8389170798185343310050
2010-04-01,1060.8589749592841142709629
2010-04-05,2068.1390328499569244496653
2010-04-06,184.0790907518391349287800
2010-04-07,890.2191486649329161901656
2010-04-08,-1767.3007934107595608640485
2010-04-09,1060.8592645247638750886205
2010-04-12,-1162.1406775284946042089106
2010-04-13,-359.1606195705328265932091
2010-04-15,-855.9605616013486194802456
2010-04-16,-593.8805036209398098653116
2010-04-19,-1837.3204456293042243229391
2010-04-20,478.0196123735603109931816
2010-04-21,559.9196703876559703502832
2010-04-22,1116.2997284129849284366030
2010-04-23,1407.5397864495493603614638
2010-04-26,56.2798444973514416553562
2010-04-27,-121.2000974436066517299797
2010-04-28,-2896.9800393733227434214740
2010-04-29,1205.0400187082053433753561
2010-04-30,1553.5200768009797858764867
2010-05-03,-680.8198650949972382805301
2010-05-04,-2547.9598069797235510364855
2010-05-05,548.0402511468030260895678
2010-05-06,-1543.3796907154153279996019
2010-05-07,-2776.3796325663764339793248
2010-05-10,4518.6604255939218878970528
2010-05-11,-1680.3595162345181822017498
2010-05-12,-371.3994580516944636848665
2010-05-13,3213.6606001423952244607984
2010-05-14,-2502.0593416522469363293497
2010-05-16,0.3007165643812358024879
2010-05-17,123.6007747922819231365839
2010-05-18,-1146.6591669685426916242334
2010-05-19,-3548.0391087180904253544973
2010-05-20,731.4609495436409054939784
2010-05-21,-2587.0189921833465151078187
2010-05-24,1024.8610661009494972339828
2010-05-25,-4669.9788756034688726637811
2010-05-26,2744.2211827034005604387736
2010-05-27,1702.3812410215599822046595
2010-05-28,2094.0612993510115787201002
2010-05-31,1716.4213576917575364946126
2010-06-01,-2719.4985839561999575389115
2010-06-02,403.8104344071412839758762
2010-06-03,679.7614808111619503990698
2010-06-04,352.6514810978921657836530
2010-06-07,399.7314813846779008850827
2010-06-08,1169.4714816715191664536697
2010-06-09,5.0914819584159732418064
2010-06-10,-7.1785177546316679960325
2010-06-11,-1138.2485174676237465032903
2010-06-14,256.5814828194397484786727
2010-06-15,542.7914831065588277105793
2010-06-16,512.6614833937335019552361
2010-06-17,348.0614836809637819775335
2010-06-18,-633.7685160317503214555535
2010-06-21,1626.8714842555912024250346
2010-06-22,-1270.1285154570116356095570
2010-06-23,1261.9514848304411752139019
2010-06-24,-165.0985148820503543292718
2010-06-25,1439.8214854055137865383247
2010-06-28,471.7614856931336085961813
2010-06-29,290.3014859808091226258752
2010-06-30,533.6114862685403394110709
2010-07-01,95.0714865563272697375213
2010-07-02,-1757.2485131558300756069325
2010-07-05,-389.4585128679316858323603
2010-07-06,790.6914874200224498532572
2010-07-07,-1530.7985122919676577559710
2010-07-08,1411.1914879960980021361540
2010-07-09,-268.3485117157805596720781
2010-07-12,94.5714885723966676197132
2010-07-13,1088.6714888606296948139994
2010-07-14,-273.4385108510814672846560
2010-07-15,418.0914894372631921304023
2010-07-16,-359.8285102743363161320774
2010-07-19,-376.1885099858799812612545
2010-07-20,-322.5185096973677924441947
2010-07-21,1377.9714905912002611341299
2010-07-22,-318.4285091201758097091587
2010-07-23,492.2114911685040058451561
2010-07-26,-1870.6785085427602813816143
2010-07-27,340.3814917460313394339369
2010-07-28,-1244.5885079651211208826877
2010-07-29,107.3414923237823484961107
2010-07-30,347.5614926127417584000273
2010-08-02,405.8214929017571196608540
2010-08-03,968.5614931908284431124810
2010-08-04,645.0414934799557395908950
2010-08-05,-823.9085062308609800658179
2010-08-06,555.0614940583782949825260
2010-08-09,1021.7314943476735755782099
2010-08-10,-558.6485053629751274343835
2010-08-11,247.9014949264321967912278
2010-08-12,632.7714952158955591036267
2010-08-13,1348.8414955054149703534959
2010-08-16,1137.7514957949904413936198
2010-08-17,-252.4885039153780169211160
2010-08-18,1797.0614963743096062662758
2010-08-19,1262.4514966640533218148849
2010-08-20,-1383.0585030461468594140963
2010-08-23,1436.7314972437090734426276
2010-08-24,-591.8685024663788687495449
2010-08-25,-21.9485021764106751231105
2010-08-26,248.4014981136136651915371
2010-08-27,-1204.6885015963058369338897
2010-08-30,-910.7985013061691706255748
2010-08-31,-443.1285010159763250075954
2010-09-01,2305.1314992742727107980763
2010-09-02,836.6814995645779476715752
2010-09-03,923.0714998549393964951421
2010-09-06,1201.1015001453570681531257
2010-09-07,239.7215004358309735319818
2010-09-08,-903.1184992736388764797258
2010-09-09,1313.0315010169475290086751
2010-09-13,779.4215013075902008899657
2010-09-14,690.5315015982891500590358
2010-09-15,1543.0715018890443874128856
2010-09-16,-1684.6284978201440761493757
2010-09-17,790.6915024707237702734725
2010-09-20,1826.1915027616479375847608
2010-09-21,-1444.9084969473715633100684
2010-09-22,335.2915033436652784965385
2010-09-23,-306.6584963652415260857525
2010-09-24,699.7115039259080338548367
2010-09-27,894.4415042171139692321973
2010-09-28,-1655.4984954916237090376664
2010-09-29,206.0015047996950099633639
2010-09-30,-956.2884949089298628444801
2010-10-01,2409.8815053825016834611486
2010-10-04,2115.4915056739896598047113
2010-10-05,1150.0215059655340771127851
2010-10-06,1605.4215062571349463140621
2010-10-07,368.0115065487922783393514
2010-10-08,-1745.4784931594939158784219
2010-10-11,2383.3415071322763745957842
2010-10-12,-1428.5484925758968393008707
2010-10-13,1912.0815077159864533708908
2010-10-14,400.7315080079262635524641
2010-10-15,-3116.7684917000773978126367
2010-10-18,29.6315085919754802212212
2010-10-19,1063.1315088840849086017906
2010-10-20,-1724.5284908237491017210564
2010-10-21,2470.7315094684734602046727
2010-10-22,-884.7584902392473946669089
2010-10-25,640.9515100530883446204330
2010-10-26,-881.1684896545193109749459
2010-10-27,-422.1784893620703504925682
2010-10-28,-1022.2284890695647629698339
2010-10-29,115.5215112229974625579792
2010-11-01,3231.2915115156163370577171
2010-11-02,939.9387618082918714983487
2010-11-03,712.4418639760620940801186
2010-11-04,1777.8018643369847231694345
2010-11-05,708.0018646979772378902444
2010-11-08,-28.3181349409603482254618
2010-11-09,412.8018654201719783569264
2010-11-10,194.0418657813742311746403
2010-11-11,-2435.8781338573535762324680
2010-11-12,-3883.5581334960114303219240
2010-11-15,-348.8381331345993175486318
2010-11-16,-3247.3181327731172243648722
2010-11-18,454.3218675884348627796974
2010-11-19,-3750.7181320499430425619573
2010-11-22,3039.2418683117490731657542
2010-11-23,-702.4781313264887764789527
2010-11-24,-3128.7581309646565779352381
2010-11-25,-4758.5981306027543176396354
2010-11-26,-1842.1181302407819820260522
2010-11-29,3080.7618701212604424742308
2010-11-30,702.6018704833729694325601
2010-12-01,4635.6018708455556124229105
2010-12-02,1355.0418712078083850218845
2010-12-03,-1714.7981284298686991912862
2010-12-06,-947.7581280674756266347405
2010-12-07,-1275.8381277050123837239877
2010-12-08,-3030.5981273424789568719063
2010-12-09,-4718.1581269798753324887446
2010-12-10,681.7218733827985030178813
2010-12-13,2697.3618737455425632429865
2010-12-14,2112.3618741083568617842191
2010-12-15,-1722.2381255287585877581404
2010-12-16,1552.3218748341962282188221
2010-12-20,-1006.6781248027786766793449
2010-12-21,1211.4018755603167111555406
2010-12-22,-212.3981240765175946657034
2010-12-23,60.9618762867184194703758
2010-12-24,-558.9581233499752328201328
2010-12-27,748.4418770134014620814963
2010-12-28,-82.7981226231514822033745
2010-12-29,1252.8018777403659479492547
2010-12-30,136.2018781039537661660221
2010-12-31,1874.7618784676119860762039
2011-01-03,203.6418788313406213117160
2011-01-04,-371.9209208048603144928867
2011-01-05,-2111.5770250344891865317444
2011-01-06,-1470.7770244584451077217653
2011-01-07,-2677.3170238822894892050143
2011-01-10,-2138.9370233060223093840018
2011-01-11,-1650.0570227296435466570559
2011-01-12,2537.2829778468468205816782
2011-01-13,252.3629784234488139422384
2011-01-14,-1673.8170209998375449611526
2011-01-17,-1009.4370204230122345100871
2011-01-18,-145.7970198460752330819717
2011-01-19,1107.9029807309734809499743
2011-01-20,-691.9170186918660707832809
2011-01-21,618.8429818854061333534188
2011-01-24,-323.2770175372098850005807
2011-01-25,-1259.9970169597141042017435
2011-01-27,-837.7170163821065026023433
2011-01-28,-3531.0570158043870585504616
2011-01-31,2141.2829847734442496100122
2011-02-01,-1839.4170146486125564606179
2011-02-02,421.5209859294425449021463
2011-02-03,-503.1261981774366924788839
2011-02-04,1232.0771775384411995572719
2011-02-07,-199.4594460920393330214440
2011-02-08,234.3439309312482747343084
2011-02-09,321.1073086084306122807045
2011-02-10,277.7306869396342935855001
2011-02-11,-199.4459340750140428672221
2011-02-14,17.4574455646122659276942
2011-02-15,538.0208258586399075012273
2011-02-16,321.1242068071955939149261
2011-02-17,190.9875884104060617656605
2011-02-18,321.1309706683980721903717
2011-02-21,147.6143535812984108708237
2011-02-22,234.3777371492338880383569
2011-02-23,104.2411213723313384786406
2011-02-24,1145.3645062507176215364281
2011-02-25,-546.4521082154803788796884
2011-02-28,60.8712779738642457074793
2011-03-01,234.3946648188784283484716
2011-03-03,754.9580523196891266719401
2011-03-04,-589.8185595235766771105939
2011-03-07,1145.3848292892080238000211
2011-03-08,-459.6717812418297392046726
2011-03-09,-25.8683911165629101359801
2011-03-10,104.2749996651355915967087
2011-03-11,-589.8016088966071288093164
2011-03-14,191.0417831983360584546779
2011-03-15,-416.2748240499076921863662
2011-03-16,-719.9314306412112016865302
2011-03-17,-329.5080365754472663741530
2011-03-18,1102.0353581475113420529383
2011-03-21,624.8587535277918765321966
2011-03-22,191.0621495655216146411264
2011-03-23,-112.5944537391721413979469
2011-03-24,364.5889436138379352868965
2011-03-25,-589.7676583753208037780571
2011-03-28,-372.8642597065209824073809
2011-03-29,-633.1408603796351997517326
2011-03-30,321.2225396054639697069207
2011-03-31,364.6059402489039761600801
2011-04-01,234.4693415508122944774913
2011-04-04,138.9167435113164242119238
2011-04-05,-298.9478862710210259980332
2011-04-06,698.7921683548032192399684
2011-04-07,-267.0777770087953095030368
2011-04-08,334.9322776381854358465834
2011-04-11,-271.4976677042524962409700
2011-04-13,977.6423869638929431011511
2011-04-15,-213.9475583573761968634826
2011-04-18,-905.3675036680578664745003
2011-04-19,1044.9425510318499843253458
2011-04-20,2205.5526057423494059902567
2011-04-21,466.8326604634424493714641
2011-04-25,1275.1227151951311657173072
2011-04-26,-1273.6672300625823933266907
2011-04-27,207.4428246903038242822547
2011-04-28,241.1028794537918709842661
2011-04-29,-885.8970657721162003831188
2011-05-02,1125.5129890125816634151293
2011-05-03,-770.8754561921124839883909
2011-05-04,-633.6456993319088842414933
2011-05-05,-980.6823970990317667189319
2011-05-06,667.7609057732583755264098
2011-05-09,-807.1557907149146476376004
2011-05-10,494.2475134365729976302729
2011-05-11,407.4908182278451691492744
2011-05-12,-1501.2258763409742512786986
2011-05-13,1318.4774297302386421355468
2011-05-16,-763.7592635583922208268555
2011-05-17,60.4640437932571136118148
2011-05-18,-199.8126482146893767694896
2011-05-19,-199.8093395821076901859355
2011-05-20,494.2739696911261991578385
2011-05-23,1058.2172796051363410723714
2011-05-24,494.2805901600468093880300
2011-05-25,537.6639013559817019596594
2011-05-26,-373.3127868069348593287642
2011-05-27,190.6305256714212714405179
2011-05-30,147.2538387911742642237020
2011-05-31,407.5371525524483130200753
2011-06-01,-720.3395330446323641233274
2011-06-02,841.3437820000564748929319
2011-06-03,-720.3329023133609037746487
2011-06-06,494.3104140152397900921486
2011-06-07,147.2737309859828707779189
2011-06-08,-720.3229514010073233617045
2011-06-09,103.9003668543935701046100
2011-06-10,407.5636857523099376885555
2011-06-13,-850.4529947071338100131526
2011-06-14,-503.4096745238132383141115
2011-06-15,-329.8863536976038884335671
2011-06-16,754.6169677716187225082512
2011-06-17,60.5402898839791014947973
2011-06-20,1058.2836126396017796178756
2011-06-21,190.6869360386113120823083
2011-06-22,60.5502600811322782106053
2011-06-23,-199.7264152327107185523658
2011-06-24,-937.1830899027930506347100
2011-06-27,-937.1797639289900663328318
2011-06-28,-69.5764373111770898067636
2011-06-29,147.3268899507705789245087
2011-06-30,-329.8497821430223360122810
2011-07-01,-1240.8264535924310863400023
2011-07-04,-156.3231243973308996264529
2011-07-05,190.7202054424030207203186
2011-07-06,1145.0835359268954954566908
2011-07-07,711.2868670562713695081492
2011-07-08,-243.0698011693444880260352
2011-07-11,1188.4735312501728161318757
2011-07-12,494.3968643149481994427689
2011-07-13,1014.9601980251066035553625
2011-07-14,1145.1035323807729943108890
2011-07-15,-720.2331326179276382522194
2011-07-18,1535.5302030291297201063535
2011-07-19,17.2335393220701078334949
2011-07-20,-1197.4031237389814124126504
2011-07-21,451.0402138461002462420083
2011-07-22,-806.9764479225598051078036
2011-07-25,1752.4468909551635688579642
2011-07-26,-806.9697695206044723106229
2011-07-27,234.1535706502612551712080
2011-07-28,-156.2630885321140406723711
2011-07-29,17.2602529323948724269053
2011-08-01,190.7835950439132509860903
2011-08-02,711.3469378025663757757196
2011-08-03,2446.5502812084795518245081
2011-08-04,364.3136252617781084240469
2011-08-05,451.0769699625873991335011
2011-08-08,4051.6203153110328017843094
2011-08-09,4355.2836613072397184848831
2011-08-10,-1067.2129920486664243746925
2011-08-11,2620.0903552434398238820430
2011-08-12,-1761.2862968163160617773715
2011-08-16,971.6570517721914179103844
2011-08-17,1492.2204010090877865091165
2011-08-18,798.1437508944985918878222
2011-08-19,4832.4871014285494062253968
2011-08-22,234.2104526113658260153392
2011-08-23,-156.2061955569265279295382
2011-08-24,-1587.7428430762020104724017
2011-08-25,-6402.9194899463349521476861
2011-08-26,3227.4438638328003408436162
2011-08-29,1492.2472182613295866386666
2011-08-30,-1240.6894266606214722825070
2011-09-02,3314.2139290670729309077039
2011-09-05,2576.7572854445385873892017
2011-09-06,-850.2593575280986873011010
2011-09-07,-2758.9759998507130532645654
2011-09-08,-329.6926415231786462361094
2011-09-09,3400.9907174546304224205103
2011-09-12,-286.3059229171599342825824
2011-09-13,-676.7225626384237789526633
2011-09-14,1535.6607982909648501883127
2011-09-15,-1284.0358401288680606915659
2011-09-16,-2368.5324778977965010294455
2011-09-19,3140.7308849843055641370167
2011-09-20,-720.0857514824358058256228
2011-09-21,971.7376127021054728581314
2011-09-22,-546.5590224619444916225598
2011-09-23,-1500.9156569744595666601432
2011-09-26,-7140.3122908353135952239447
2011-09-27,2880.4710759556196041445594
2011-09-28,-1544.2855566015337626635275
2011-09-29,-1891.3221885066474653197910
2011-09-30,1362.1811802404047509462252
2011-10-03,1839.3645496397491653517529
2011-10-04,537.9679196915120815655325
2011-10-05,-3800.0287096041801722874519
2011-10-07,2099.6546617527987563787621
2011-10-10,364.4580337625752446158526
2011-10-11,537.9814064252756939459501
2011-10-12,928.4047797410265303663756
2011-10-13,-503.1318462900457956456197
2011-10-14,104.1915283321851908718854
2011-10-17,147.5749036078459893702228
2011-10-18,-546.5017204629368762051228
2011-10-19,-416.3583438800368574097706
2011-10-20,-720.0149666433273812957008
2011-10-21,407.8684112473181495934903
2011-10-24,2056.3117897920263572273366
2011-10-25,-329.5848310090761119067526
2011-10-26,1839.4185488441374132012563
2011-10-28,407.8819293517936280887677
2011-10-31,-1240.5546894859807471746918
2011-11-01,754.9286923309410320172749
2011-11-02,1665.9120748026857348126875
2011-11-03,494.6554579293801549059399
2011-11-04,885.0788417111511105425535
2011-11-08,2707.0422261481254445239307
2011-11-09,494.6656112404300242121099
2011-11-11,-676.5910030118082584654794
2011-11-14,1405.6523833915375129887413
2011-11-15,-286.1642295494057203527446
2011-11-16,1232.1391581654890071622110
2011-11-17,-459.6774534636513142298204
2011-11-18,-1674.3140644366996697030835
2011-11-21,191.0293252464709801621219
2011-11-22,104.2727155859876993842034
2011-11-23,-503.0438934180224234149611
2011-11-24,451.3194982345677249947404
2011-11-25,-936.8371094561147175435811
2011-11-28,1579.2062835100574114309507
2011-11-29,-25.8503228667887009982565
2011-11-30,234.4330714134741568795046
2011-12-01,1318.9364663509732214070091
2011-12-02,-25.8401380541642464361303
2011-12-05,-199.3567418018109610286927
2011-12-07,-676.5333448918396121030785
2011-12-08,1058.6700526758771352594640
2011-12-09,-763.2865490985333593663887
2011-12-12,-1240.4631502149437117452615
2011-12-13,147.7002493267734870236953
2011-12-14,-893.4163504732543294884193
2011-12-15,-4146.9129496148997030354788
2011-12-16,-806.6495480980351506915522
2011-12-19,624.8938540774668351538752
2011-12-20,668.2772569117337868006809
2011-12-21,1449.1206604048932612428868
2011-12-22,-1153.6759354429271598265603
2011-12-23,-112.5525306315998700110054
2011-12-26,-112.5491251609972382053028
2011-12-27,-459.5857190309916085910305
2011-12-28,-155.9223122414553006317064
2011-12-29,-2108.0189047922606090680013
2011-12-30,1145.4845033167201960870486
2012-01-02,408.0279120856148695528282
2012-01-03,1145.4913215145511907859344
2012-01-04,928.5947316036569639849643
2012-01-05,-69.1418576469399819046928
2012-01-06,451.4215537628882068139355
2012-01-07,-199.2750341667305914058022
2012-01-09,-633.0716214356684733493873
2012-01-10,-806.5882080437975110363375
2012-01-11,494.8152060090102482845894
2012-01-12,321.2986207228827821401919
2012-01-13,-1066.8579639020519071623786
2012-01-16,451.4454521343342074691811
2012-01-17,624.9688688321691779171250
2012-01-18,-719.8077138084189191415423
2012-01-19,61.0357042126980177697358
2012-01-20,-936.7008771043518850681302
2012-01-23,885.2625422405595234349266
2012-01-24,-589.6540377524395808170662
2012-01-25,-285.9906170832209971013160
2012-01-27,2533.7128042483435001285411
2012-01-30,841.8962262423821612472460
2012-01-31,755.1396488990232614627251
2012-02-01,234.5830722183951008208977
2012-02-02,-459.4935037993739957895132
2012-02-03,277.9699208458443213678276
2012-02-06,-2151.3066538458215731183191
2012-02-07,321.3567721257567201980430
2012-02-08,1579.3801987607076256249608
2012-02-09,-329.3363739408404076626553
2012-02-10,-329.3329459787589056182160
2012-02-13,-459.4695173529193693186375
2012-02-14,-329.3260880631932749595242
2012-02-15,798.5573418905479261496488
2012-02-16,-69.0392274915671924096456
2012-02-17,17.7242037905899678398333
2012-02-21,408.1476357371480302759144
2012-02-22,798.5710683482356431818364
2012-02-23,1449.2745016239814797510703
2012-02-24,61.1179355645142380921428
2012-02-27,-459.4386298300373587665397
2012-02-28,234.6448054404554371281347
2012-02-29,625.0682413761213986588091
2012-03-01,-3756.3083220229106763575150
2012-03-02,408.1751152434880348353508
2012-03-03,191.2785531754463799376101
2012-03-05,-546.1780082269067684016881
2012-03-06,234.6654310365574874201821
2012-03-07,-372.6511290340319300355462
2012-03-09,61.1523115614539267557017
2012-03-12,625.0957528231440302866748
2012-03-13,-502.7808052488326219768690
2012-03-14,-1587.2773626543470075913271
2012-03-15,-68.9739193932700791304156
2012-03-16,1015.5295245345272358196679
2012-03-19,234.6929691291740346650822
2012-03-20,-199.1035856092005601908170
2012-03-21,885.3998603195325986573618
2012-03-22,61.1833069155026836218878
2012-03-23,798.6467541788388921267498
2012-03-26,668.5102021096704466124994
2012-03-27,538.3736507081265945410946
2012-03-28,-329.2229000256633915992550
2012-03-29,104.5805499084297857107577
2012-03-30,-199.0759994894645509736163
2012-04-02,-285.8325482192170540563338
2012-04-03,-68.9290962806983508957113
2012-04-04,-936.5256436737790437995751
2012-04-09,798.6778096016702899795893
2012-04-10,61.2212635457790982494883
2012-04-11,928.8247181586768538828732
2012-04-12,-199.0518265595069451776070
2012-04-13,1189.1116293913572240854490
2012-04-16,-546.0849139886010902309500
2012-04-17,-68.9014566992523149453316
2012-04-18,-68.8979987404668517869027
2012-04-19,321.5254598878849226093090
2012-04-20,842.0889191859326567073129
2012-04-23,625.1923791538060240750170
2012-04-24,451.6758397916347233890871
2012-04-25,-546.0606989004515215601898
2012-04-26,581.8227630776770381359562
2012-04-27,408.3062257261501765096417
2012-04-28,538.4496890450976927211953
2012-04-30,61.2731530346494110640226
2012-05-02,191.4166176949351809694727
2012-05-03,408.3200830260848770117061
2012-05-04,-25.4764509717716010874371
2012-05-07,-806.3129842985043284535680
2012-05-08,-546.0295169539833550548785
2012-05-09,-1587.1460489380787056972697
2012-05-10,-285.7425802506603800194804
2012-05-11,-459.2591108915983524882135
2012-05-14,-632.7756408607625723932619
2012-05-15,-285.7321701580229638426335
2012-05-16,-589.3886987832494257576759
2012-05-17,1145.8147732636881681318018
2012-05-18,2577.3582459829199692924055
2012-05-21,581.8817193745761543920360
2012-05-22,-68.8148065612130746952323
2012-05-23,17.9486681756825091157304
2012-05-24,364.9921435853931581259899
2012-05-25,-806.2643803319508501425685
2012-05-28,842.1790964237807870576424
2012-05-29,321.6225738527183977047976
2012-05-30,-719.4939480450076649874562
2012-05-31,798.8095307307329774348870
2012-06-01,-849.6269898199292713289209
2012-06-04,3141.3364903031360176705063
2012-06-05,451.7799711000592986375784
2012-06-06,798.8234525709710510366189
2012-06-07,-1587.0730652839982204032439
2012-06-08,-1803.9695824647179856831852
2012-06-11,1492.9139010289423104702102
2012-06-12,234.8973851971132486098406
2012-06-13,972.3608700399254345729833
2012-06-14,755.4643555575094994861897
2012-06-15,-25.3721582500039002298170
2012-06-18,61.3913286175159171447545
2012-06-19,1102.5148161601996586336637
2012-06-20,-632.6816956218219434304628
2012-06-21,-502.5382067284181314012306
2012-06-22,-372.3947171594581223135764
2012-06-25,-459.1512269148111078788643
2012-06-26,1189.2922640056537455200159
2012-06-27,-806.1842443979327031664455
2012-06-28,-198.8607521254395696494734
2012-06-29,-1673.7772591767359442971017
2012-07-02,1232.6862344483091078707340
2012-07-03,-892.9302712501734528128951
2012-07-04,-198.8467762720526406570023
2012-07-05,1015.7967193828025553922244
2012-07-06,-632.6397842854768282436655
2012-07-09,148.2037127232402702295254
2012-07-10,-372.3527895909150620164433
2012-07-11,-1196.5692912278117124273370
2012-07-12,148.2142078126814569384695
2012-07-13,-25.3022924693043905850927
2012-07-16,234.9812079263619337331306
2012-07-17,234.9847089998116440264334
2012-07-18,-285.5717892488240201648303
2012-07-19,234.9917131805862061116712
2012-07-20,-68.6647837118263867748303
2012-07-23,451.8987200740695169667170
2012-07-24,104.8622245384052585541087
2012-07-25,1319.5057296813122046368062
2012-07-26,625.4292355029217473008624
2012-07-27,104.8727420033653040738460
2012-07-30,495.2962491827743179297684
2012-07-31,61.4997570412802572940103
2012-08-01,-589.1967344209853839517494
2012-08-02,-242.1532252038910864646051
2012-08-03,-112.0097153073053054354945
2012-08-06,-112.0062047310964705842665
2012-08-07,148.2773065248670138452492
2012-08-08,-719.3191815392832309098237
2012-08-09,582.0843310765844418735248
2012-08-10,278.4278443726017044091273
2012-08-13,1146.0313583489002544065728
2012-08-14,-68.6051269943881849238549
2012-08-16,-285.5016116571318648662400
2012-08-17,321.8219043608009888059036
2012-08-21,451.9654210595421758345723
2012-08-22,582.1089384392235214822134
2012-08-23,1059.2924564999768765366666
2012-08-24,799.0159752419341173161061
2012-08-27,278.4594946652271456739849
2012-08-28,-111.9569852300121109960218
2012-08-29,191.7065355563483002449297
2012-08-30,-372.2299429755596421142030
2012-08-31,18.1935791743960659705999
2012-09-03,1796.7771020063474541033677
2012-09-04,1012.1778255204265774530890
2012-09-05,-128.6974321219640111545158
2012-09-06,1410.0025683752555136974212
2012-09-07,877.2625688725713154178191
2012-09-08,2147.1625693699834126488164
2012-09-10,867.9025698674918240361616
2012-09-11,-459.4174296349034317707862
2012-09-12,1414.3825708627976638809429
2012-09-13,-382.5574286394048703520696
2012-09-14,3732.7825718584889841903708
2012-09-17,-579.0574276435207538279285
2012-09-18,-1201.2574271454340657395463
2012-09-20,-235.2574266472509328734467
2012-09-21,1662.1825738510286634450214
2012-09-24,-1909.0174256505952581058746
2012-09-25,713.8825748478773211557488
2012-09-26,7.8625753464464199153931
2012-09-27,-1291.7974241548879431378227
2012-09-28,1128.4825763438742506888397
2012-10-01,-441.3574231572669799082621
2012-10-03,27.9625773416883837708493
2012-10-04,505.4425778407403604297730
2012-10-05,-548.8174216601110312242711
2012-10-08,-1527.0574211608657724804404
2012-10-09,865.8625793384761553757306
2012-10-10,-270.7774201620852289376689
2012-10-11,1894.5025803374500933010747
2012-10-12,-1012.3174191629178591827000
2012-10-15,-997.7374186631890676600285
2012-10-16,-1637.3974181633635133983198
2012-10-17,757.2625823365588223386443
2012-10-18,1170.1225828365779582907099
2012-10-19,218.3425833366939132013515
2012-10-22,-634.3774161630932941823266
2012-10-23,-591.8974156627836451095907
2012-10-25,0.3025848376228791739240
2012-10-26,-1067.3374146618737025737862
2012-10-29,1096.4425858387266284089068
2012-10-30,-1006.4974136605761091127359
2012-10-31,-92.5774131597818963698197
2012-11-01,1043.7625873411092854101843
2012-11-02,-408.4823721579025449965602
2012-11-05,-939.2443125928149105501031
2012-11-06,1288.8656885084406236212066
2012-11-07,2919.6256896099093944594322
2012-11-08,354.7556907115914432536978
2012-11-09,882.7156918134868113011220
2012-11-11,520.5656929155955399068196
2012-11-12,737.7756940179176703839040
2012-11-13,821.9656951204532440534873
2012-11-15,-1623.0443037767976977553168
2012-11-16,-27.9543026738351137053925
2012-11-19,-1557.4643015706589624516193
2012-11-20,737.4656995327307973591285
2012-11-21,-38.2342993636657929120160
2012-11-22,395.5657017401513081040890
2012-11-23,1472.6657028441821417845958
2012-11-26,4132.3157039484267495146686
2012-11-27,1235.5157050528851726874845
2012-11-29,-2579.6642938424425472957637
2012-11-30,-285.6642927375563690258670
2012-12-03,1725.8557083675437489144017
2012-12-04,-822.5502705271421520497110
2012-12-05,679.5912270749012707904539
2012-12-06,1194.7616300639540171771823
2012-12-07,1092.1320331310377379789125
2012-12-10,-1574.7975637238324576272535
2012-12-11,-881.6971605006414575386157
2012-12-12,778.3732428006258532736894
2012-12-13,-2255.7463538200154072347435
2012-12-14,1315.0040496374498818189775
2012-12-17,-25.2455468269631557543917
2012-12-18,2377.7248567867606067843366
2012-12-19,1608.3152604786362991033475
2012-12-20,-80.5043357513209461996081
2012-12-21,-2968.8839319030959935966470
2012-12-24,-9.6535279766737046291859
2012-12-26,2290.6868760279610620926261
2012-12-27,-456.4027198891765491095258
2012-12-28,836.4776842719286090184470
2012-12-31,559.3580885112916866636033
2013-01-01,2719.8284928289278369465402
2013-01-02,1339.4988972248522159219615
2013-01-03,702.0693016990799825792451
2013-01-04,412.1997062516262988430120
2013-01-07,-269.1598891174936704263054
2013-01-08,-236.9694844082647574318957
2013-01-09,-139.6090796206717914399989
2013-01-10,-459.8386747546995987793383
2013-01-11,-2050.4782698103330028405515
2013-01-14,2779.9521352124431759243786
2013-01-15,1390.3125403136441200026924
2013-01-16,-1756.1570545067149851785768
2013-01-17,-616.3066492486189512520339
2013-01-18,-140.2062439120525869093524
2013-01-21,1105.3041615029993020992947
2013-01-22,-1769.3154330034480870341948
2013-01-23,-694.0350274313795541752840
2013-01-24,-2548.0346217807798962462252
2013-01-25,2646.5557839483660927745080
2013-01-28,610.1761897560736218527923
2013-01-29,-1635.9134043576420971005762
2013-01-30,-145.0629983927658492293112
2013-01-31,-137.1725923492824167310662
2013-02-01,1752.6478137728234211431361
2013-02-04,-1948.2517800264331119105255
2013-02-05,-1013.6613737470367892481006
2013-02-06,-92.2309673889723812772954
2013-02-07,-812.2505609522246554569032
2013-02-08,-1683.2801544367783762962317
2013-02-11,-352.3397478426183053545339
2013-02-12,888.3106588302707987595651
2013-02-13,2200.8210655819041803886382
2013-02-14,-3756.8985275877029131729720
2013-02-15,-643.6281206785352316785815
2013-02-18,1141.5422863094224780714067
2013-02-19,771.9226933761854722300743
2013-02-20,1461.1731005217690099045598
2013-02-21,-3607.7164922538116468433699
2013-02-22,389.7439150494587670032533
2013-02-25,-443.2256775684044805828303
2013-02-26,-3696.1752701073861186725341
2013-02-27,2990.6851374325291266201452
2013-02-28,-4090.6944549486434678612980
2013-03-01,909.9659527491113776846932
2013-03-04,-1992.3636394741910539816884
2013-03-05,2518.4367683814645228589584
2013-03-06,1766.2271763160933968858168
2013-03-07,688.3275843297108597384241
2013-03-08,1819.4679924223322060172461
2013-03-11,608.7684005939727332842494
2013-03-12,-1872.5311911553522579365245
2013-03-13,-3243.9607828256274641583860
2013-03-14,1323.3296255831624210685765
2013-03-15,39.3500340710327071580703
2013-03-18,-2172.1195573620012935118282
2013-03-19,-4326.3091487159242655980983
2013-03-20,-2408.7487399907208907922026
2013-03-21,-971.5483311863758478195111
2013-03-22,-49.7079223028738124387279
2013-03-25,-915.8775133401994574413168
2013-03-26,714.8428957016625473490743
2013-03-28,2035.0533048227275350771863
2013-04-01,1915.8237140230108418567257
2013-04-02,792.9841233025278067709378
2013-04-03,-1303.9254673387062281268175
2013-04-04,-3449.4050579006759178124906
2013-04-05,-1219.3146483833659142907672
2013-04-08,529.0257612132391334055072
2013-04-09,-595.6438291108454207840977
2013-04-10,1686.4865806443957800529794
2013-04-11,514.4469904789780958028662
2013-04-12,-817.0925996070831106741669
2013-04-15,848.2478103862275264568686
2013-04-16,4320.2182204589253760062563
2013-04-17,-34.5213693889741902398504
2013-04-18,1297.8390408425442024811489
2013-04-22,3260.5294511534959319088779
2013-04-23,-189.9801384561036212394406
2013-04-25,1643.9802720137609267315927
2013-04-26,-1239.9493174368950375038707
2013-04-29,1605.9210931919438757076509
2013-04-30,1261.8015039002930589995449
2013-05-02,2917.8319146881679079856826
2013-05-03,-57.3976744444161787390044
2013-05-06,247.4627365025562004020532
2013-05-07,2797.5931475291004499676398
2013-05-08,359.4035586352319774993326
2013-05-09,-834.6960301790338064779216
2013-05-10,1391.7643810863185115447720
2013-05-11,288.5547924313043480608340
2013-05-13,-3221.4747961440608774512121
2013-05-14,348.6756153602382574728388
2013-05-15,6075.0360269442171782834519
2013-05-16,1075.5764386078913134179292
2013-05-17,1169.9068503512760943009898
2013-05-20,-2606.7027378256130446546534
2013-05-21,-1405.1223259227606660477137
2013-05-22,-703.7219139401513294877530
2013-05-23,-6762.0515018777695915946024
2013-05-24,3168.2289102643999940022164
2013-05-27,3391.5093224863728766640704
2013-05-28,545.6397347881645087437942
2013-05-29,-1165.6498528302096544137307
2013-05-30,1823.9405596312658455290033
2013-05-31,-3179.9690278273935300972901
2013-06-03,-448.4686152061723169681122
2013-06-04,526.2017974949449522354006
2013-06-05,139.9822102759737478270572
2013-06-06,-690.5573768630704568838096
2013-06-07,-1784.4569639221721855917614
2013-06-10,-1398.8365509013159589946756
2013-06-11,-3215.1861378004862947931644
2013-06-12,-2276.7457246196677076899940
2013-06-13,-2780.1753113588447093895053
2013-06-14,3250.2251019819981914029677
2013-06-17,2086.8955154028764889816779
2013-06-18,322.3659289038056806410469
2013-06-19,-100.4936575151987333237555
2013-06-20,-3958.0832438541212496162290
2013-06-21,-1260.9828301129463619379625
2013-06-24,-3247.9724162916585609880518
2013-06-25,1556.5479976097576655374800
2013-06-26,-1349.8515884086821670537340
2013-06-27,2058.9688256530374595501760
2013-06-28,3985.2392397949320666658981
2013-07-01,3544.1396540170171786155208
2013-07-02,-998.4399316806916772728846
2013-07-03,-2948.3795172981789706646829
2013-07-04,2052.2808971645708317819080
2013-07-05,1226.6013117075732664163989
2013-07-08,-409.3882736691561274033883
2013-07-09,623.3821410343981926892625
2013-07-10,-78.4274441817482279294571
2013-07-11,2985.2629706824201591267046
2013-07-12,1473.3633856269189052546404
2013-07-15,950.9038006517635648624681
2013-07-16,-2643.7357842430303046298862
2013-07-17,-530.2253690574471427901055
2013-07-18,3817.8250462085286138271013
2013-07-19,-733.0545384450874683194164
2013-07-22,685.5258769817201802433316
2013-07-23,-724.3437075110328679969390
2013-07-24,-4408.8632919233310375372044
2013-07-25,-1682.2228762551587498585478
2013-07-26,-515.4524605065004234255762
2013-07-29,-2226.3320446773404736858356
2013-07-30,-3253.8316287676633130692279
2013-07-31,275.4187872225466490125749
2013-08-01,-2558.3007967066949938332864
2013-08-02,3848.3747694446273550197276
2013-08-05,45.2147083095919118297694
2013-08-06,45.2234632564651409291223
2013-08-07,45.2322198985631678583339
2013-08-08,45.2409782362142398537141
2013-08-12,45.2497382697466677102515
2013-08-13,45.2584999994888257939201
2013-08-14,45.2672634257691520539888
2013-08-16,45.2760285489161480353330
2013-08-19,45.2847953692583788907485
2013-08-20,45.2935638871244733932682
2013-08-21,45.3023341028431239484808
2013-08-22,45.3111060167430866068518
2013-08-23,45.3198796291531810760477
2013-08-26,45.3286549404022907332610
2013-08-27,45.3374319508193626375395
2013-08-28,45.3462106607334075421167
2013-08-29,45.3549910704734999067446
2013-08-30,45.3637731803687779100298
2013-09-02,45.3725569907484434617710
2013-09-03,45.3813425019417622152995
2013-09-04,45.3901297142780635798220
2013-09-05,45.3989186280867407327652
2013-09-06,45.4077092436972506321238
2013-09-10,45.4165015614391140288103
2013-09-11,45.4252955816419154790067
2013-09-12,45.4340913046353033565199
2013-09-13,45.4428887307489898651384
2013-09-16,45.4516878603127510509916
2013-09-17,45.4604886936564268149118
2013-09-18,45.4692912311099209247983
2013-09-19,45.4780954730032010279842
2013-09-20,45.4869014196662986636054
2013-09-23,45.4957090714293092749716
2013-09-24,45.5045184286223922219407
2013-09-25,45.5133294915757707932944
2013-09-26,45.5221422606197322191174
2013-09-27,45.5309567360846276831777
2013-09-30,45.5397729183008723353107
2013-10-01,45.5485908075989453038044
2013-10-03,45.5574104043093897077879
2013-10-04,45.5662317087628126696219
2013-10-07,45.5750547212898853272917
2013-10-08,45.5838794422213428468024
2013-10-09,45.5927058718879844345770
2013-10-10,45.6015340106206733498563
2013-10-11,45.6103638587503369171016
2013-10-14,45.6191954166079665383997
2013-10-15,45.6280286845246177058703
2013-10-17,45.6368636628314100140755
2013-10-18,45.6457003518595271724324
2013-10-21,45.6545387519402170176277
2013-10-22,45.6633788634047915260341
2013-10-23,45.6722206865846268261303
2013-10-24,45.6810642218111632109228
2013-10-25,45.6899094694159051503696
2013-10-28,45.6987564297304213038073
2013-10-29,45.7076051030863445323801
2013-10-30,45.7164554898153719114707
2013-10-31,45.7253075902492647431350
2013-11-01,45.7341614047198485685375
2013-11-03,-170.6696830664409868196095
2013-11-05,-352.5775718984888992153619
2013-11-06,-2561.1775636831141119172762
2013-11-07,-1420.2775554661485774376765
2013-11-08,-1692.5575472475919877593803
2013-11-11,-588.0775390274440348055635
2013-11-12,-1983.2275308057044104397490
2013-11-13,-1916.9875225823728064657949
2013-11-14,4022.2924856425510853721164
2013-11-18,4341.5224938690675733894910
2013-11-19,-522.9174979028230340384665
2013-11-20,-2593.8474896731204284768402
2013-11-21,-3918.2874814418243014309917
2013-11-22,743.6825267910656556534509
2013-11-25,2674.2725350255497513906054
2013-11-26,-646.9974567383717055456533
2013-11-27,-1229.2374485006984064216818
2013-11-28,1692.8225597385699575559438
2013-11-29,2939.7725679794336952404390
2013-12-02,1935.4625762218931155448227
2013-12-03,129.1325844659485274419291
2013-12-04,-2009.1174072883997600355816
2013-12-05,3200.9826009588485622047897
2013-12-06,927.2226092076938033153911
2013-12-09,1854.2226174581362725084324
2013-12-10,-930.8873742898237209440035
2013-12-11,-1173.8873660361858677099496
2013-12-12,-2509.2173577809498583975427
2013-12-13,-1924.1273495241153835550117
2013-12-16,787.9626587343178663293337
2013-12-17,-757.8773330056497991728853
2013-12-18,3112.7826752559819295698950
2013-12-19,-1327.7873164807866377508076
2013-12-20,4856.9826917840448086164904
2013-12-23,-99.5872999495234215167500
2013-12-24,766.0027083185089817209210
2013-12-26,809.5627165881423282609537
2013-12-27,301.4227248593769280948108
2013-12-30,-695.2072668677869087260214
2013-12-31,1383.7627414066511279099790
2014-01-01,213.5827496826913481743809
2014-01-02,-768.0472420396659377011883
2014-01-03,-2856.1372337604204194250307
2014-01-06,1310.7427745204282133546335
2014-01-07,-1692.9172171971197289503222
2014-01-08,312.8527910869360641320806
2014-01-09,-3.5272006274040968660627
2014-01-10,-84.7671923401399013525281
2014-01-13,2593.7528159487289613250485
2014-01-14,-1549.1871757607971981208174
2014-01-15,1898.3228325312819310825539
2014-01-16,-1354.5771591750333402319838
2014-01-17,-4688.3571508797427011713891
2014-01-20,2583.0428574171541592175773
2014-01-21,-503.9871342843424480516354
2014-01-22,1883.8628740157677880946444
2014-01-23,618.3428823174851787903207
2014-01-24,-2321.3871093791899647704567
2014-01-27,-6108.1371010742573313332817
2014-01-28,-566.8370927677166095834799
2014-01-29,264.6429155404325118539034
2014-01-30,-2479.7570761498096555858857
2014-01-31,1096.8429321615571995927026
2014-02-03,-1287.6170595254666110544672
2014-02-04,-1188.3470512108807759112039
2014-02-05,868.4829571053150166990226
2014-02-06,850.2729654231210785130918
2014-02-07,1445.8929737425377213282457
2014-02-10,-1530.9770179364347429979011
2014-02-11,459.9729903862039974526520
2014-02-12,334.8129987104542546583019
2014-02-13,-3407.1169929636836593421458
2014-02-14,823.8430153637905675505348
2014-02-17,467.1130236928772474960013
2014-02-18,2421.4630320235766927143553
2014-02-19,1608.1930403558892154861534
2014-02-20,-1442.2369513101848718475807
2014-02-21,2307.1930570253547431146556
2014-02-24,-1435.8169346374916271651446
2014-02-25,1821.7330737012763298355137
2014-02-26,113.7730820416589266996395
2014-02-28,1206.8230903836564760707675
2014-03-03,-72.7969012727307093470301
2014-03-04,2965.6631070724976832108674
2014-03-05,2127.0431154193419665696419
2014-03-06,1548.7331237678024536150477
2014-03-07,2836.0331321178794572934234
2014-03-10,136.6331404695732906117035
2014-03-11,-2755.9668511771157333625701
2014-03-12,1825.4831571778126984987645
2014-03-13,-1582.2168344656411006155001
2014-03-14,-1119.0768261074768174559281
2014-03-18,1273.4231822523058612875706
2014-03-19,1836.5531906137072489857529
2014-03-20,-1431.1668010232723409299465
2014-03-21,-180.4667926586325949674027
2014-03-22,1048.9932157076268004262105
2014-03-24,2818.3632240755061588644330
2014-03-25,-765.7367675549942059784704
2014-03-26,1222.1832408161260196325022
2014-03-27,794.5632491888671494931011
2014-03-28,1471.4232575632294974598375
2014-03-31,2694.2832659392133774499944
2014-04-01,897.9432743168191034416387
2014-04-02,3161.1732826960469894736335
2014-04-03,-2104.9967089231026503543512
2014-04-04,574.6032994593704981181745
2014-04-07,-901.6066921565332508874690
2014-04-09,4356.7033162291864169108818
2014-04-10,3445.2433246165298158562452
2014-04-11,-1295.4766669945027396474947
2014-04-15,-2546.7166586039109351355747
2014-04-16,-1707.1966502116944560823427
2014-04-17,1073.8033581821470120987561
2014-04-21,2564.8333665776137840551895
2014-04-22,729.0433749747061744953507
2014-04-23,1519.6333833734244981885704
2014-04-25,-1357.4266082262309300348723
2014-04-28,-323.4765998242597952837369
2014-04-29,-2101.0665914206617826058110
2014-04-30,-2646.1665830154365769878974
2014-05-02,788.1434253914161366441970
2014-05-05,772.6034337998966734256735
2014-05-06,-526.4865577899946514472470
2014-05-07,-529.3365493782575227173119
2014-05-08,-1059.7965409648916250662251
2014-05-09,7501.7534674501033568853645
2014-05-12,2468.2334758667277385778753
2014-05-13,4493.2934842849818355128044
2014-05-14,2278.0934927048659632527400
2014-05-15,1626.7635011263804374213721
2014-05-16,3639.1335095495255737035059
2014-05-19,8030.6235179743016878450723
2014-05-20,1089.8835264007090956531404
2014-05-21,-556.1264651712518870040709
2014-05-22,3412.0335432584190558028192
2014-05-23,4165.3035516897222400643649
2014-05-26,-4096.4864398773420181676941
2014-05-27,-3149.6564314427734027804209
2014-05-28,618.1635769934284024003305
2014-05-29,-1935.5564145687362863900728
2014-05-30,-1180.6664061292671528550312
2014-06-02,6759.7336023118361193633001
2014-06-03,2001.3436107545738466840218
2014-06-04,1207.5436191989463455875035
2014-06-05,4931.2636276449539326153947
2014-06-06,1448.7436360925969243706373
2014-06-09,4297.7836445418756375174769
2014-06-10,11.1136529927903887814755
2014-06-11,-2587.0663385546585050504781
2014-06-12,-1833.0763301004707271301545
2014-06-13,-4077.5563216446459605479734
2014-06-16,-599.5063131871838883329911
2014-06-17,3050.2936952719158065471115
2014-06-18,-2593.8462962673465588139593
2014-06-19,-728.5962878049706672610984
2014-06-20,-952.8462793409562015777898
2014-06-23,-397.0362708753028444860944
2014-06-24,2891.9237375919897213533611
2014-06-25,-824.2962539390781866586029
2014-06-26,19.1537545314937489402922
2014-06-27,62.7137630037058456737954
2014-06-30,4478.2937714775584211271378
2014-07-01,3422.7437799530517929470453
2014-07-02,3237.9437884301862788417492
2014-07-03,117.7037969089621965809991
2014-07-04,2439.6738053893798639960747
2014-07-07,-1343.5061861285604010202027
2014-07-08,-6332.5661776448582805134582
2014-07-09,-4320.3761691595134564677509
2014-07-10,220.7238393274743891944377
2014-07-11,-7050.6761521838944253877848
2014-07-14,1954.7538563063804179862911
2014-07-15,4268.6838647982992375789879
2014-07-16,4121.0238732918623517142537
2014-07-17,2175.2538817870700787776736
2014-07-18,-1204.0661097160772627835180
2014-07-21,1185.0438987824206455395742
2014-07-22,1655.3239072825641223175190
2014-07-23,-276.5260842156465138174305
2014-07-24,673.3339242877890558286763
2014-07-25,-3724.3960672071288499885013
2014-07-28,55.5739412996000875484166
2014-07-30,1273.0639498079761873185431
2014-07-31,-654.3160416820002317372646
2014-08-01,-2994.8560331703288506163918
2014-08-04,2980.6639753429906497455441
2014-08-05,1158.7939838579585884747067
2014-08-06,-2104.2760076254247152409480
2014-08-07,-169.0359991071589421516593
2014-08-08,8.0840094127562270541496
2014-08-11,-755.0259820656788882501155
2014-08-12,2571.7940264575360313707913
2014-08-13,-839.6559650175986945860317
2014-08-14,1942.7840435089172534383784
2014-08-18,6219.4640520370841950648606
2014-08-19,-828.4059394330975500238576
2014-08-20,718.1540690983723379168516
2014-08-21,312.8540776314941786935284
2014-08-22,1486.4240861662682921746370
2014-08-25,-1663.4559052973050017094216
2014-08-26,1265.9241032407746170337014
2014-08-27,-968.3858882194925315416848
2014-08-28,2307.5541203218938726807016
2014-09-01,2590.3641288649341498791263
2014-09-02,4787.8941374096286202938513
2014-09-03,-405.2558540440223957728529
2014-09-04,-1843.4258454960185779566955
2014-09-05,1601.2341630536403941686464
2014-09-08,3944.6241716049548410915399
2014-09-09,438.1941801579250833624089
2014-09-10,-2498.5058112874485584062548
2014-09-11,-84.4058027311657635398788
2014-09-12,666.1942058267737886982016
2014-09-15,-2384.2357856136295808932446
2014-09-16,-7139.4157770523755514533317
2014-09-17,2116.3342315105361979409541
2014-09-18,5213.5342400751059882747674
2014-09-19,1295.5642486413341405954152
2014-09-22,1037.3842572092209760123690
2014-09-23,-4190.7457342212331843027231
2014-09-24,-4169.8657256500280191160243
2014-09-25,-3904.0057170771632071314971
2014-09-26,3079.9342914973615730091085
2014-09-29,1299.6743000735466427262675
2014-09-30,-195.1056913486076764973083
2014-10-01,280.0043172308989368833415
2014-10-07,-5088.8256741879331955245616
2014-10-08,47.5343343948962479484772
2014-10-09,3348.4643429793875890342368
2014-10-10,-4761.9156484344588504732056
2014-10-13,2580.0143601533572512825352
2014-10-14,-816.7956312571637837798334
2014-10-16,-4871.8956226660216336792717
2014-10-17,1376.4443859267840236276064
2014-10-20,3660.9143945212535102465436
2014-10-21,3974.8044031173871483456525
2014-10-22,1508.5644117151852601554270
2014-10-23,805.6344203146481679687551
2014-10-27,-927.1355710842238058590699
2014-10-28,1228.9644375185696610896632
2014-10-29,1931.7144461230288912950958
2014-10-30,2685.3444547291542072998109
2014-10-31,7952.4144633369459317088459
2014-11-03,279.4644719464043871897040
2014-11-05,-865.0055194424701035276328
2014-11-07,18.2544891703227823493075
2014-11-10,644.4144977847833676754992
2014-11-11,2046.1645064009119753684318
2014-11-12,2083.1245150187089284081209
2014-11-13,1023.6445236381745498371210
2014-11-14,529.6045322593091627605378
2014-11-17,2193.2845408821130903460396
2014-11-18,1866.3745495065866558238700
2014-11-19,-4706.9254418672698175131400
2014-11-20,982.5745667605439936904397
2014-11-21,1935.1045753900284128526506
2014-11-24,1449.4645840211837634541584
2014-11-25,-3812.5954073459896309617365
2014-11-26,2167.7546012885085532109153
2014-11-27,2211.4946099246786396407223
2014-11-28,1007.7446185625209520589655
2014-12-01,-1092.4653727979641857403898
2014-12-02,2470.0346358432235500993178
2014-12-03,1442.6846444860844834974587
2014-12-04,1714.7846531306189384361234
2014-12-05,-607.1853382231727610398643
2014-12-08,-6274.0053295752902908229360
2014-12-09,-4397.1453209257333267427658
2014-12-10,3595.9346877254984554337410
2014-12-11,-2704.5453036215946199975391
2014-12-12,-3341.0552949670122286779361
2014-12-15,-1376.3552863107540461859745
2014-12-16,-5791.7552776528197480373607
2014-12-17,-1081.3952689932090096849708
2014-12-18,6657.0747396680784934811606
2014-12-19,1106.8347483310430861338541
2014-12-22,3970.1547569956850930087963
2014-12-23,-3285.7052343379951610954471
2014-12-24,-47.2652256699973513174199
2014-12-26,-783.4052170003211527327622
2014-12-29,1857.9747916710337596458004
2014-12-30,375.5248003440677108684704
2014-12-31,2413.9648090187810260483898
2015-01-01,2330.0548176951740303616520
2015-01-02,2994.9448263732470490473149
2015-01-05,313.2148350530004074074126
2015-01-06,-8425.9951562655655691930330
2015-01-07,-3061.8151475824505553259987
2015-01-08,4323.3148611023457744995513
2015-01-09,-405.4351302111762541623224
2015-01-12,2660.5348784769836843054780
2015-01-13,309.8248871668259155830999
2015-01-14,-1170.3151041416492345862478
2015-01-15,8304.6749045515585596037178
2015-01-16,474.2549132464496240223653
2015-01-19,-36.9150780569757153978384
2015-01-20,3406.4849306412828673386846
2015-01-21,1000.6049393412256982906342
2015-01-22,610.6649480428531035798456
2015-01-23,3955.6949567461654093913008
2015-01-27,974.5349654511629419731418
2015-01-28,2425.7549741578460276366815
2015-01-29,293.9249828662149927564171
2015-01-30,-1217.2650084237298362299586
2015-02-02,-820.3649997119881328215439
2015-02-03,-1327.9649909985595704542170
2015-02-04,-1740.5849822834438225006235
2015-02-05,-1424.2049735666405622701632
2015-02-06,-949.2749648481494630089795
2015-02-09,-5997.6149561279701978999459
2015-02-10,4725.7650525938975599373461
2015-02-11,1430.7150613174541374465986
2015-02-12,1887.4350700426998616348201
2015-02-13,3127.6050787696350595723377
2015-02-16,1346.6250874982600583928094
2015-02-18,-302.2349037714248147067641
2015-02-19,-1243.5148950394192324660263
2015-02-20,52.3651136942771324387465
2015-02-23,-1996.9648775703353926053421
2015-02-24,-1502.2348688332564801477962
2015-02-25,1019.8951399055141973252846
2015-02-26,-2700.9748513540230326087830
2015-02-27,6402.4651573881321576907470
2015-02-28,532.9951661319800959280615
2015-03-02,1715.3251748775211098708014
2015-03-03,2689.6351836247555273500731
2015-03-04,-2799.5248076263163237395390
2015-03-05,1236.1052011243058845600403
2015-03-09,-5014.3647901233775197296116
2015-03-10,276.4352186306337914765981
2015-03-11,-1380.2847726136598536727106
2015-03-12,3359.8952361437418730346214
2015-03-13,-3222.4947550971607001256940
2015-03-16,-2786.3247463363672448143816
2015-03-17,4103.1752624261225673714107
2015-03-18,2477.7152711903090648981240
2015-03-19,-3893.2947200438074237041999
2015-03-20,-1376.3547112762265698419054
2015-03-23,-3525.6747025069480448577114
2015-03-24,-276.1646937359715200306986
2015-03-25,-1354.2146849632966665762972
2015-03-26,-1911.7946761889231556462751
2015-03-27,-3407.8346674128506583287246
2015-03-30,4032.6453413649211543519492
2015-03-31,-136.1846498556073885649595
2015-04-01,3782.5053589255640420235562
2015-04-06,3966.9453677084357752842272
2015-04-07,3673.4253764930081404475210
2015-04-08,-527.0246147207185331923453
2015-04-09,7088.4453940672560837226060
2015-04-10,-2315.3245971430676793858727
2015-04-13,3080.2954116483105069677562
2015-04-15,-2104.4545795586090276671706
2015-04-16,-3827.4145707638259536775059
2015-04-17,-6013.3345619673399413862793
2015-04-20,-4767.7945531691506610526849
2015-04-21,-2553.4945443692577828720687
2015-04-22,2874.0754644323390230240832
2015-04-23,379.8154732356400865681575
2015-04-24,-5939.4145179593542622435741
2015-04-27,-4875.8245091526436933509426
2015-04-28,2855.3254996557721233701307
2015-04-29,-1670.2344915341064818923535
2015-04-30,596.7455172777208211135402
2015-05-04,4356.3455260912543627036939
2015-05-05,478.5455349064944732579489
2015-05-06,-6927.6444562765585167798817
2015-05-07,-6172.6044474579042769020011
2015-05-08,3786.2555613624575234633841
2015-05-11,6796.6955701845272149520763
2015-05-12,-4455.3444209916948717361016
2015-05-13,5623.1255878337915941627077
2015-05-14,228.2255966609869434764069
2015-05-15,1883.8656054898915070969571
2015-05-18,3341.1456143205056159803906
2015-05-19,-249.9143768471703988531774
2015-05-20,1548.9156319868637936804636
2015-05-21,261.2556408226085247296327
2015-05-22,905.0856496600641255067691
2015-05-25,-1408.6643415007690727115553
2015-05-26,-2458.3343326598907385846231
2015-05-27,471.5856761826994592924408
2015-05-28,-2421.9143149729981476113188
2015-05-29,4036.2156938730167722373259
2015-06-01,412.1257027207445504357973
2015-06-02,-4904.9242884298144813542744
2015-06-03,-6170.2642795786599914070398
2015-06-04,1188.7957292742083520675832
2015-06-05,-260.9842618712091190760788
2015-06-08,-4368.2242530149120729194420
2015-06-09,920.6257558430998225203470
2015-06-10,2262.7357647028268992904236
2015-06-11,-3704.7442264357305104977827
2015-06-12,-162.0742175725720746685350
2015-06-15,198.2257912923025390182229
2015-06-16,816.8858001588936628668787
2015-06-17,2767.4858090272016292461644
2015-06-18,3009.7658178972267705891691
2015-06-19,2340.2258267689694193933509
2015-06-22,3572.5358356424299082205492
2015-06-23,897.7658445176085696969980
2015-06-24,-80.6541466054942634866622
2015-06-25,1869.4058622731217414246279
2015-06-26,-1192.6341288465430827496407
2015-06-29,-2869.6941199644884031255329
2015-06-30,1670.1458889192861132453428
2015-07-01,6138.4058978047807993758466
2015-07-02,1439.4759066919959883433208
2015-07-03,-1811.2940844190679867103992
2015-07-06,3242.0559244715892074210292
2015-07-07,302.1459333639679040084670
2015-07-08,-3623.8640577419315636126932
2015-07-09,-275.6240488461088620425149
2015-07-10,871.8759600514363421834947
2015-07-13,2803.5459689507043825943976
2015-07-14,257.8659778516955927838366
2015-07-15,1000.2459867544103064100491
2015-07-16,3540.0459956588488571958785
2015-07-17,2535.3760045650115789287871
2015-07-20,151.0960134728988054608688
2015-07-21,-4246.2739776174891292911383
2015-07-22,2383.9660312938481086541595
2015-07-23,66.8260402069108533428260
2015-07-24,-1497.4039508783005611143944
2015-07-27,-5725.1539419617858005420627
2015-07-28,188.2360669564554692999664
2015-07-29,1030.2460758764235827165573
2015-07-30,2936.3860847981188740773060
2015-07-31,4121.0260937215416778165530
2015-08-03,1582.4861026466923284333949
2015-08-04,1432.3361115735711604916980
2015-08-05,4361.1761205021785086201102
2015-08-06,467.1161294325147075120736
2015-08-07,-1203.1638616354199080741626
2015-08-10,-271.6938527016250033155298
2015-08-11,-3808.8438437661002433241277
2015-08-12,-5306.1138348288452931472114
2015-08-13,449.0861741101401822328213
2015-08-14,4698.2561830508565178984420
2015-08-17,118.7861919933040489970046
2015-08-18,931.3362009374831107407577
2015-08-19,577.6362098833940384068571
2015-08-20,-3568.6937811689628326626213
2015-08-21,-3525.6737722195871670606691
2015-08-24,-24087.5537632684786293153333
2015-08-25,5248.0062456843631161102973
2015-08-26,-2958.0737453610615951818963
2015-08-27,6671.1762635952475724749495
2015-08-28,2612.6862725532909548126942
2015-08-31,-1505.0837184869311123717952
2015-09-01,-5897.8037095254182932166311
2015-09-02,1126.7990194378297482051073
2015-09-03,-737.3044930569358755161407
2015-09-04,-1502.8990141835935684806667
2015-09-07,-5235.1935342493742408834256
2015-09-08,-737.2880532540724745695449
2015-09-09,3329.9674288025171883910691
2015-09-10,219.7229119206002457114332
2015-09-11,363.2783961003822348951904
2015-09-14,3186.4338813420687332443148
2015-09-15,-1359.3106323541346421331824
2015-09-16,219.7448550119777656844545
2015-09-18,2133.7503434406116534404356
2015-09-21,-1215.7441670680272422928649
2015-09-22,-2507.6886765137331451061957
2015-09-23,985.3668151036997612542847
2015-09-24,506.8723077844773328947232
2015-09-28,-3034.0221984711945342187111
2015-09-29,124.0832963368900957478912
2015-09-30,3138.6387922089371985038993
2015-10-01,554.7442891451527896418633
2015-10-05,3808.5497871457429246452367
2015-10-06,1846.7052862109136988961009
2015-10-07,-115.1392136591287523171096
2015-10-08,-2364.0837124641782537918799
2015-10-09,-19.4282102040285904038864
2015-10-12,28.4272931215264929007336
2015-10-13,-545.7672024873067088868865
2015-10-14,-928.5616970303218608306100
2015-10-15,1320.3938094926874119584384
2015-10-16,1320.3993170819275243296080
2015-10-19,506.9548257376049311004600
2015-10-20,28.4603354599261270645064
2015-10-21,-737.1341537509023530010490
2015-10-23,-1072.0786418946739343275693
2015-10-26,-67.2231289711820021472403
2015-10-27,-737.1176149802199016853255
2015-10-28,-1263.4620999215809381524199
2015-10-29,-306.4565837950583767367017
2015-10-30,650.5489333995545574038172
2015-11-02,267.7544516624646791490424
2015-11-03,267.7599709938788434245495
2015-11-04,363.4654913940039452093380
2015-11-05,-1024.1789871369530804564130
2015-11-06,-1263.4234645987852584635878
2015-11-09,1320.4820590087144263736247
2015-11-10,-2842.4624163142469706745093
2015-11-11,4095.7931094325376457544935
2015-11-13,-5378.5013637507245888769040
2015-11-16,-497.7958358638264989984941
2015-11-17,-67.1403069065608689245586
2015-11-18,124.2652231212795571538989
2015-11-19,1894.7207542199020751769221
2015-11-20,1320.5262863895140212233725
2015-11-23,1942.5818196303227715187016
2015-11-24,-928.4126460574642575572753
2015-11-26,650.6428893263603905373954
2015-11-27,-19.2515742179957874854171
2015-11-30,-114.9460366903252547361503
2015-12-01,698.5095019095795658602314
2015-12-02,-502.3915084180737084279822
2015-12-03,65.4396639161327301950275
2015-12-04,65.4523350314048853212534
2015-12-07,65.4650086001915090733028
2015-12-08,65.4776846229676767005492
2015-12-09,65.4903631002085554414268
2015-12-10,65.5030440323894045412432
2015-12-11,65.5157274199855752699943
2015-12-14,65.5284132634725109401832
2015-12-15,65.5411015633257469246424
2015-12-16,65.5537923200209106743596
2015-12-17,65.5664855340337217363068
2015-12-18,65.5791812058399917712726
2015-12-21,65.5918793359156245716988
2015-12-22,65.6045799247366160795194
2015-12-23,65.6172829727790544040039
2015-12-24,65.6299884805191198396034
2015-12-28,65.6426964484330848838007
2015-12-29,65.6554068769973142549636
2015-12-30,65.6681197666882649102015
2015-12-31,65.6808351179824860632258
2016-01-01,65.6935529313566192022136
2016-01-04,-2330.0257267927126018923253
2016-01-05,616.6606479485206067095027
2016-01-06,-1051.3329892275717545662648
2016-01-07,-3469.9266251716272995551645
2016-01-08,1700.8797401165925316556223
2016-01-11,-133.9138933626736548286091
2016-01-12,-2135.5075256091872067011423
2016-01-13,-1218.1011566227094254448939
2016-01-14,-1843.5947864030015663234658
2016-01-15,-2052.0884149498248383721955
2016-01-18,-5137.8820422629404043892051
2016-01-19,700.1243316578906190735516
2016-01-20,-1426.5692931870928382807560
2016-01-21,-2302.2629167976518004848793
2016-01-22,3202.1434608264527547014682
2016-01-25,491.6498396854598958005703
2016-01-27,-759.3437802203912623743302
2016-01-28,199.7626011091384412899320
2016-01-29,2243.0689836742882142154097
2016-02-01,1367.3753674752973101420101
2016-02-02,-39.9062474875949708635371
2016-02-03,63.1157312402311248218246
2016-02-04,63.1279523712420707811977
2016-02-05,63.1401758686368049316000
2016-02-08,63.1524017328735313646164
2016-02-09,63.1646299644105428941225
2016-02-10,63.1768605637062210734635
2016-02-11,63.1890935312190362126369
2016-02-12,63.2013288674075473954786
2016-02-15,63.2135665727304024968522
2016-02-16,63.2258066476463381998416
2016-02-17,63.2380490926141800129471
2016-02-18,63.2502939080928422872844
2016-02-19,63.2625410945413282337879
2016-02-22,63.2747906524187299404157
2016-02-23,63.2870425821842283893599
2016-02-24,63.2992968842970934742585
2016-02-25,63.3115535592166840174118
2016-02-26,63.3238126074024477870013
2016-02-29,63.3360740293139215143130
2016-03-01,63.3483378254107309109626
2016-03-02,63.3606039961525906861253
2016-03-03,63.3728725419993045637683
2016-03-04,63.3851434634107652998867
2016-03-08,63.3974167608469546997430
2016-03-09,63.4096924347679436351097
2016-03-10,63.4219704856338920615151
2016-03-11,63.4342509139050490354928
2016-03-14,63.4465337200417527318344
2016-03-15,63.4588189045044304608456
2016-03-16,63.4711064677535986856052
2016-03-17,63.4833964102498630392281
2016-03-18,63.4956887324539183421312
2016-03-21,63.5079834348265486193030
2016-03-22,63.5202805178286271175761
2016-03-23,63.5325799819211163229032
2016-03-28,63.5448818275650679776368
2016-03-29,63.5571860552216230978118
2016-03-30,63.5694926653520119904315
2016-03-31,63.5818016584175542707574
2016-04-01,63.5941130348796588796017
2016-04-04,-2601.7808532048001758993767
2016-04-05,2695.4530835953120000676647
2016-04-06,95.2392435788032894879881
2016-04-07,1617.3254047550553026298515
2016-04-08,666.0315671242989943563750
2016-04-11,158.6777306867653642505860
2016-04-12,1744.1838954426854566240779
2016-04-13,-1236.5499386077096394743288
2016-04-18,919.7362285358112097500762
2016-04-20,475.8023968734791828465567
2016-04-21,1807.6285664055255031275963
2016-04-22,-856.0052628678185613224345
2016-04-25,-1617.0390909463216976386086
2016-04-26,158.7270821702474518332280
2016-04-27,1046.6132564821202895451294
2016-04-28,1617.3994319895282627557234
2016-04-29,1934.5056086927028635388879
2016-05-02,1997.9317865918756287924282
2016-05-03,31.9179656872781402467567
2016-05-04,-1743.8358540208579755264269
2016-05-05,-412.0096725323010471054520
2016-05-06,983.2365101531806417900063
2016-05-09,-919.3573059641811476923861
2016-05-10,285.6288791158453904710651
2016-05-11,31.9550653934921071887718
2016-05-12,-919.3387471310091017374450
2016-05-13,1110.1074415425737043963371
2016-05-16,856.4336314144725112048365
2016-05-17,-285.1201775150806507777362
2016-05-18,285.6660147541462939110193
2016-05-19,-94.8477917776145343296072
2016-05-20,-348.5215971101309701547354
2016-05-23,-221.6754012431708032651920
2016-05-24,-1046.1292041765017783988053
2016-05-25,-1934.0030059098915953217000
2016-05-26,1046.7431935568920911804114
2016-05-27,-348.4906057759183286890621
2016-05-30,-2441.3444039080904197288788
2016-05-31,285.7217991606082982687489
2016-06-01,285.7280034304103505268688
2016-06-02,-1299.7657910984516927074944
2016-06-03,-94.7795844257452161546213
2016-06-06,2885.9666234487624405066220
2016-06-07,-1299.7471674746960173524950
2016-06-08,-31.3409571958878393018437
2016-06-09,856.5452542854197701562883
2016-06-10,983.3914669694596515959232
2016-06-13,1807.8576808564646906761219
2016-06-14,32.1038959466678181497130
2016-06-15,-348.4098877596979901279749
2016-06-16,2949.4363297376002868096196
2016-06-17,-1997.3174515612042849509744
2016-06-20,-221.5512316558785941945233
2016-06-21,222.3949894538105154316490
2016-06-22,-1426.5187882319037545735985
2016-06-23,-665.4725647127881575564826
2016-06-24,6057.0536600113905983004478
2016-06-27,1871.3398859408658499870563
2016-06-28,412.6861130758709796743663
2016-06-29,-1489.9076585833605852766909
2016-06-30,-475.1814290365953723065259
2016-07-01,1617.6848017164001363518607
2016-07-04,920.0710336758595036816319
2016-07-05,-475.1627331579836621091307
2016-07-07,1871.3835012151042924213303
2016-07-08,-158.0502632046429340427936
2016-07-11,476.1559735830084024338839
2016-07-12,-1489.8577884217079089532944
2016-07-13,-665.3915492185580337402653
2016-07-14,-411.7053088073080921854801
2016-07-15,-158.0190671877241592611370
2016-07-18,-728.7928243595722646444126
2016-07-19,412.7734196773816072913084
2016-07-20,-284.8403350766284825147942
2016-07-21,-94.5740886213684278022024
2016-07-22,159.1121590433959230197156
2016-07-25,-411.6615920821012331195174
2016-07-26,920.1646580023743460572917
2016-07-27,-475.0690907029430518162134
2016-07-28,1300.6971618021809062588443
2016-07-29,-475.0565844820194013446410
2016-08-01,3203.3096704446904491290280
2016-08-02,2125.1759265825449268271391
2016-08-03,539.6821839317785462973600
2016-08-04,-601.8715575073741325034711
2016-08-05,2125.1947022653214957994473
2016-08-08,-4660.7390367498999179923256
2016-08-09,1173.9072254471963223583227
2016-08-10,1617.8534888568449585328562
2016-08-11,-728.6802465207192223341105
2016-08-12,222.6260193147386123539891
2016-08-16,-1109.1877136365466593355240
2016-08-17,-221.3014453743401138557696
2016-08-18,1047.1048241015932178284978
2016-08-19,159.2310947914883502496972
2016-08-22,-665.2226333044196565537696
2016-08-23,-411.5363601858956970287064
2016-08-24,286.0899141472953799016903
2016-08-25,-1235.9838103046112291533538
2016-08-26,666.6224664586197179566253
2016-08-29,-1616.4912555627764910678512
2016-08-30,-94.4049763685645229673858
2016-08-31,-94.3986959585089989148826
2016-09-01,-1870.1524143323744945067243
2016-09-02,-12.2061314899255397539471
2016-09-06,3606.7607556354134537248779
2016-09-07,1667.8007635269477833577629
2016-09-08,324.0407714200101547803047
2016-09-09,-1501.5192206853991361319910
2016-09-12,-2419.0392127892797934463279
2016-09-14,75.5807951083684788273920
2016-09-15,-616.9991969924540232634207
2016-09-16,294.9408109082529963859682
2016-09-19,339.3408188104898339376283
2016-09-20,1073.1408267142567856109748
2016-09-21,-906.8591653804458523172199
2016-09-22,2242.3008425263822164871850
2016-09-23,1242.8808504347412884157095
2016-09-26,-701.1191416553683400827362
2016-09-27,-1047.3191337439463725018397
2016-09-28,-118.0391258309925122778767
2016-09-29,-2935.1591179165064627896985
2016-09-30,394.5408899995120726412781
2016-10-03,4092.1008979170633907510826
2016-10-04,961.7809058361477883332013
2016-10-05,-1585.4590862432344377614108
2016-10-06,-1141.5190783210829906243195
2016-10-07,-634.1590703973975732896001
2016-10-10,3236.3209375278221112661736
2016-10-13,-6280.7590545454236398760589
2016-10-14,528.1009533828654704221653
2016-10-17,-1278.7990386873102606431555
2016-10-18,3351.4009692440494641815230
2016-10-19,-606.7390228230550577926973
2016-10-20,-142.2790148886235291971463
2016-10-21,294.9409930473443473944260
2016-10-24,-1138.1589990151511305341398
2016-10-25,68.6810089238903345585991
2016-10-26,-1304.5389831355309597283016
2016-10-27,-1585.6389751934147157381620
2016-10-28,3327.3410327502393642433333
2016-10-30,2529.9410406954315779881465
2016-11-01,-1314.4389513578377766741028
2016-11-02,-1311.6189434095684018561261
2016-11-03,-1071.3789354597599996129546
2016-11-04,-2211.4389275084122719419283
2016-11-07,-390.7389195555249207826850
2016-11-08,2163.4010883989023519828514
2016-11-09,-1196.8989036451301554695187
2016-11-10,2343.5811043123778550937414
2016-11-11,-7480.6988877285733180360844
2016-11-15,-10868.4188797679833765099544
2016-11-16,2410.3611281941479780789430
2016-11-17,-2389.3988638421789558047999
2016-11-18,-3974.8988558769638796387994
2016-11-21,1697.0811520897935051571317
2016-11-22,2965.6611600580934972209946
2016-11-23,586.3011680279363952486161
2016-11-24,-2235.3188240006775020063407
2016-11-25,742.6011839722521042676356
2016-11-28,1143.2811919467255129399149
2016-11-29,485.2011999227430229377378
2016-11-30,716.6812079003049332462259
2016-12-01,-2514.5587841205884570916060
2016-12-02,-4488.6407661399368489748400
2016-12-05,1830.5966259669613615613813
2016-12-06,1092.6867124473735800293027
2016-12-07,-1905.9332010554689554787729
2016-12-08,6016.0468854584369974276240
2016-12-09,11.5169719890946817667890
2016-12-12,-3476.0729414634926588150349
2016-12-13,711.5371451006782199564638
2016-12-14,-3054.8727683183894370162127
2016-12-15,64.4373182793076157977499
2016-12-16,-1816.7425951062273754424004
2016-12-19,-616.5025084749911639488600
2016-12-20,-1426.8624218269805023051483
2016-12-21,-2659.3223351621921424659857
2016-12-22,-2411.3722484806228357571719
2016-12-23,-638.3721617822693328754644
2016-12-26,-4254.6620750671283838884562
2016-12-27,4541.2180116648032617655458
2016-12-28,664.9180984135288552776420
2016-12-29,2990.6081851790516484684636
2016-12-30,3793.6782719613748937882926
2017-01-02,1803.5083587605018443171848
2017-01-03,444.5376455764357537650919
2017-01-04,67.9892223314079713242468
2017-01-05,1147.9954164207319530414905
2017-01-06,644.0016117094205881405913
2017-01-09,356.0078081977061102069147
2017-01-10,1328.0140058858207977933329
2017-01-11,1292.0202047739969744289318
2017-01-12,1688.0264048624670086277202
2017-01-13,860.0326061514633138973396
2017-01-16,608.0388086412183487477771
2017-01-17,-1299.9549876680353832999215
2017-01-18,896.0512172239346662950645
2017-01-19,1184.0574233173610911020472
2017-01-20,-2271.9363693875234702724505
2017-01-23,1220.0698391095136658240257
2017-01-24,1544.0760488087052280985834
2017-01-25,2876.0822597102839903217075
2017-01-27,1184.0884718144827713359863
2017-01-30,-3.9053148784655649351616
2017-01-31,-1011.8991003683281094787583
2017-02-01,2624.1071153451280918164645
2017-02-02,1243.4578322621360381687976
2017-02-03,-137.4865476471954217229118
2017-02-06,2706.9134549575904660372535
2017-02-07,-252.8365424371192801916952
2017-02-08,922.5634601686754372508879
2017-02-09,541.3134627749747160445596
2017-02-10,-81.5365346182213461122107
2017-02-13,-298.8365320109126515020351
2017-02-14,-500.0865294030991023886055
2017-02-15,-3610.7865267947806010166884
2017-02-16,2604.5634758140429503878775
2017-02-17,2152.6134784233716496181860
2017-02-20,3257.7634810332055944862666
2017-02-21,1346.3134836435448828230878
2017-02-22,-128.3865137456103875214383
2017-02-23,-1122.9365111342601186784534
2017-02-27,-636.6865085224042127601483
2017-02-28,894.8134940899574281402398
2017-03-01,2022.4634967028249019484319
2017-03-02,-3112.4365006838016933908901
2017-03-03,-505.2864980699222599140788
2017-03-06,2031.1635045444633003614818
2017-03-07,-646.2364928406449145626199
2017-03-08,-2336.9364902252468066658195
2017-03-09,927.3135123906577220914276
2017-03-10,266.7635150070687697676487
2017-03-14,5213.8635176239864344403589
2017-03-15,285.4135202414108142060640
2017-03-16,3884.0635228593420071802638
2017-03-17,-163.9364745222198885025433
2017-03-20,168.3135280967252253111430
2017-03-21,21.2635307161774467938282
2017-03-22,-3720.9364666638631258629731
2017-03-23,3178.8135359566036055512672
2017-03-24,-447.1864614224222607339069
2017-03-27,-1162.7864588009406264699309
2017-03-28,1267.3635438210486066107836
2017-03-29,1258.2635464435455367948528
2017-03-30,1473.8135490665502623879236
2017-03-31,310.5635516900628817146787
2017-04-03,2449.7135543140834931188388
2017-04-05,1646.4635569386121949631671
2017-04-06,360.0135595636490856294731
2017-04-07,160.9635621891942635186156
2017-04-10,122.7635648152478270505072
2017-04-11,2745.9635674418098746641174
2017-04-12,-434.1364299311194951825236
2017-04-13,-700.4364273035401840123209
2017-04-17,-1209.2364246754520933291115
2017-04-18,-2444.4864220468551246176607
2017-04-19,1087.8135805822508206563419
2017-04-20,1602.2135832118658410462859
2017-04-21,-502.2364141580099648753559
2017-04-24,3523.6135884726235014829755
2017-04-25,4172.0635911037663387319296
2017-04-26,409.8635937354186455012500
2017-04-27,-363.8864036324194795602219
2017-04-28,-671.3864009997479377845434
2017-05-02,1173.2636016334333695153332
2017-05-03,-161.3363957328754589544352
2017-05-04,1761.8136069013256755314204
2017-05-05,-3769.5363904639631282827144
2017-05-08,242.4636121712582283666654
2017-05-09,1985.2136148069898442621892
2017-05-10,3910.5136174432318182056130
2017-05-11,457.1636200799842490178242
2017-05-12,-1289.0363772827527644611550
2017-05-15,2471.4136253550208766278358
2017-05-16,1345.4136279933052711630993
2017-05-17,-26.8863693678994819579161
2017-05-18,-5841.0363667285932838186122
2017-05-19,-1222.6863640887760354832375
2017-05-22,-1450.8363614484476379968840
2017-05-23,-3295.0363588076079923854824
2017-05-24,-3311.5363561662569996557994
2017-05-25,4382.8136464756054392045665
2017-05-26,5706.6136491179794232271888
2017-05-29,-1070.8863482391349485371837
2017-05-30,1395.7636544042624229813770
2017-05-31,1154.6136570481716368719823
2017-06-01,-414.6363403074072077570703
2017-06-02,1809.9636623375259882217075
2017-06-05,2810.1636649829713239549979
2017-06-06,-2761.9863323710711013913190
2017-06-07,1724.9636702753988113678385
2017-06-08,753.4136729223811614367571
2017-06-09,590.3136755698760480389329
2017-06-12,-1426.9363217821164295829257
2017-06-13,1014.5136808664038278331063
2017-06-14,-1299.8863164845630804318260
2017-06-15,-75.4363138350170550773535
2017-06-16,378.6636888150420032161201
2017-06-19,1850.7136914656141937874229
2017-06-20,165.2636941166996159946176
2017-06-21,-559.4863032317016307849941
2017-06-22,-1301.1863005795894471548680
2017-06-23,-2532.5362979269637336992139
2017-06-27,-3752.1862952738243909829916
2017-06-28,714.8137073798286804480929
2017-06-29,239.8637100339955800675909
2017-06-30,2355.6137126886764073683147
2017-07-03,3293.3137153438712618623417
2017-07-04,671.8637179995802430810175
2017-07-05,1386.2137206558034505749603
2017-07-06,2187.3137233125409839140644
2017-07-07,-120.9862740302070573124964
2017-07-10,3215.6637286275594265037353
2017-07-11,-389.9362687141594650094957
2017-07-12,965.0637339446363677948460
2017-07-13,3602.5637366039470245830911
2017-07-14,-227.6862607362273949591320
2017-07-17,1144.6137419241132088731079
2017-07-18,-2420.1862554150310641959524
2017-07-19,3892.3137472463398855772338
2017-07-20,-1251.7362500917738420444740
2017-07-21,919.5137525706278527211018
2017-07-24,1605.6637552335450696754588
2017-07-25,1177.1637578969779086394196
2017-07-26,455.4137605609264694531351
2017-07-27,-293.6362367746091480239117
2017-07-28,71.1637658903711560870982
2017-07-31,2725.5637685558674816843231
2017-08-01,578.1637712218799286852647
2017-08-02,-645.3862261115914029732281
2017-08-03,-1576.1362234445464133349556
2017-08-04,4040.2137792230149975756365
2017-08-07,2521.7637818910929297534606
2017-08-08,-3944.3362154403125167872087
2017-08-09,-4391.9362127712012420127309
2017-08-10,-8838.9862101015731458700958
2017-08-11,-2002.4862074314281282869205
2017-08-14,6267.4137952392339108285556
2017-08-16,4088.7637979104130715874738
2017-08-17,-121.4361994178905458796404
2017-08-18,-1457.7361967456768414228727
2017-08-21,-4367.6361940729457148729170
2017-08-22,-836.2361913996970660410714
2017-08-23,3722.7138112740692052807660
2017-08-24,2804.9638139483531993200997
2017-08-28,1941.8138166231550163238421
2017-08-29,-4236.6361807015252434416841
2017-08-30,4750.6638219743125203092587
2017-08-31,846.2138246506684078818263
2017-09-01,3285.5138273275425196005969
2017-09-04,-2049.3361699950650441904257
2017-09-05,1699.3638326828458168721922
2017-09-06,-308.7861646387247968286825
2017-09-07,1435.6638380402232151092544
2017-09-08,-1498.5361592803100468922519
2017-09-11,3812.0638433996755176079885
2017-09-12,2620.1638460801800090706140
2017-09-13,-1450.3861512387964720242851
2017-09-14,893.0638514427461748228381
2017-09-15,197.3638541248080501309898
2017-09-18,1741.4138568073892544386401
2017-09-19,1130.7638594904898883037260
2017-09-20,-667.9361378258899476963441
2017-09-21,-2961.9361351417501529646868
2017-09-22,-7060.2361324570906268849406
2017-09-25,-4771.8861297719112688212613
2017-09-26,16.5138729137880218816818
2017-09-27,-5306.6861243999926541012913
2017-09-28,907.3638782867468039241334
2017-09-29,1925.3638809740064966717677
2017-10-03,4299.1638836617865248749241
2017-10-04,1080.4138863500869892864205
2017-10-05,-228.9861109610920093214162
2017-10-06,4164.6638917282496298432528
2017-10-09,-485.3361055818879924082166
2017-10-10,1303.8138971084952247550514
2017-10-11,-1936.5861002006006178165437
2017-10-12,4427.5139024908245807469256
2017-10-13,2862.1639051827709213349185
2017-10-16,1948.3139078752385048564286
2017-10-17,176.1139105682274322399897
2017-10-18,-549.0860867382621955663223
2017-10-19,-945.4860840442302775948849
2017-10-23,264.5639186503232871414754
2017-10-24,-15.5860786546014003505143
2017-10-25,3846.3139240409957609554314
2017-10-26,2529.9639267371148721051595
2017-10-27,924.3139294337560341640828
2017-10-30,3486.7639321309193482171830
2017-10-31,-1341.9360651713950846309844
2017-11-01,4777.1139375268128367437123
2017-11-02,682.7139402255432134849862
2017-11-03,572.9639429247961467561343
2017-11-06,1368.0139456245717377400423
2017-11-07,-5146.6360516751299123608121
2017-11-08,-3437.7360489743087023243555
2017-11-09,1448.2639537270354690910856
2017-11-10,654.5139564289027031467877
2017-11-13,-2472.2360408687068988763651
2017-11-14,-1393.9860381657932356778779
2017-11-15,-4260.0860354623562059376405
2017-11-16,3685.4139672416042916840754
2017-11-17,4254.9139699460883585466210
2017-11-20,919.5139726510960960289736
2017-11-21,301.0139753566276055297406
2017-11-22,-409.4360219373170115328369
2017-11-23,979.8139807692623462791202
2017-11-24,1086.0639834763657804231322
2017-11-27,578.6139861839933923763646
2017-11-28,-135.7360111078547163643676
2017-11-29,-471.8860083991784442825970
2017-11-30,-2892.9360056899776898421994
2017-12-01,-4087.4360029802523514873898
2017-12-04,-390.7860002700023276427193
2017-12-05,-42.4859975592275167130705
2017-12-06,-3059.9359948479278170836546
2017-12-07,5955.1140078638968728799933
2017-12-08,2977.1140105762466548320178
2017-12-11,1474.2640132891216304462463
2017-12-12,-3069.4859839974780985838063
2017-12-13,-3679.3359812835524305449341
2017-12-14,786.3640214308987362957635
2017-12-15,3321.0640241458755036908855
2017-12-18,2952.4140268613779734127337
2017-12-19,4573.2640295774062472533158
2017-12-20,91.1140322939604270243498
2017-12-21,1093.4640350110406145572672
2017-12-22,2029.8640377286469117032175
2017-12-26,1714.1140404467794203330716
2017-12-27,-1118.5859568345617576625744
2017-12-28,-1006.2359541153765203733952
2017-12-29,2189.9140486043352341306675
2018-01-01,-310.9359486754263922005912
2018-01-02,-2363.3859459546612973976359
2018-01-03,1325.0640567666306205288137
2018-01-04,4121.7640594884494635877855
2018-01-05,3455.1140622107953338080602
2018-01-08,2680.4640649336683332381737
2018-01-09,51.6140676570685639464222
2018-01-10,-224.6859296190038719791351
2018-01-11,-712.1859268945488724306713
2018-01-12,807.6140758304336647194117
2018-01-15,1822.9640785559438416184868
2018-01-16,-4749.7859187180182395662940
2018-01-17,2509.5640840085475233520036
2018-01-18,-2830.1359132643587674198991
2018-01-19,2580.2640894632629903445092
2018-01-22,4274.8640921914128988915341
2018-01-23,3487.1640949200910604872791
2018-01-24,-1097.3359023507024225823503
2018-01-25,-3131.5358996209674480116431
2018-01-29,-242.4858968907039134750786
2018-01-30,-3281.1358941599117166273231
2018-01-31,-2045.0358914285907551032253
2018-02-01,177.4141113032590734821870
2018-02-02,-9362.8858859643621284662896
2018-02-05,-3211.7358832314542585240289
2018-02-06,-5609.3858804980172142465732
2018-02-07,1291.2641222359491068303725
2018-02-08,5310.1641249704448071909426
2018-02-09,-3880.5358722945300106608838
2018-02-12,5693.1641304410247557987200
2018-02-14,-1435.1858668228907908865677
2018-02-15,-323.5858640862765481532125
2018-02-16,-4435.7358613491324134178211
2018-02-19,-3835.8858586114582840771369
2018-02-20,363.0641441267459424919642
2018-02-21,-148.7858531345196310675228
2018-02-22,-1938.3358503952549020927287
2018-02-23,5321.0141523445402320990954
2018-02-26,2559.8641550848658742105799
2018-02-27,-851.3858421742778730357578
2018-02-28,-1587.4358394328909068975102
2018-03-01,-2033.7358366909731246123761
2018-03-05,-3913.0858339485244233981557
2018-03-06,-4246.1858312055447004527482
2018-03-07,-4188.9358284620338529541466
2018-03-08,1335.8641742820082219395654
2018-03-09,50.7641770265816270902173
2018-03-12,5427.2141797716864653795559
2018-03-13,2245.4641825173228397092491
2018-03-14,677.5141852634908530008896
2018-03-15,-936.3858119898093918040011
2018-03-16,-5106.6858092425777917439689
2018-03-19,-4865.1358064948142438376231
2018-03-20,1144.2141962534813549163672
2018-03-21,268.9141990023091075392770
2018-03-22,-903.4357982483308829276704
2018-03-23,-2938.4857954984385134232999
2018-03-26,3792.9642072519863191335195
2018-03-27,3343.2142100029437178438784
2018-03-28,-628.8857872455662141711695
2018-04-02,4809.2142155064566262293977
2018-04-03,2585.9142182590123422065726
2018-04-04,-4621.7857789878989630586772
2018-04-05,7092.7642237657228136345954
2018-04-06,2176.0642265198777755073199
2018-04-09,1957.8642292745660258004126
2018-04-10,466.2642320297876677747807
2018-04-11,591.6142347855428047113255
2018-04-12,485.7642375418315399109467
2018-04-13,365.2142402986539766945464
2018-04-16,1793.9142430560102184030325
2018-04-17,448.0642458139003683973233
2018-04-18,-1076.9357514276754699416498
2018-04-19,2136.5642513312828067870631
2018-04-20,-1737.0857459092246979955671
2018-04-23,1901.9142568508021191514562
2018-04-24,1190.1642596113633616891590
2018-04-25,-176.4857376275408669013997
2018-04-26,1.7142651340895368808763
2018-04-27,2277.5142678962546765571242
2018-04-30,3297.6642706589546556685261
2018-05-02,-3661.9857265778104222236875
2018-05-03,-3039.5857238140404535382330
2018-05-04,-2427.1357210497353346737706
2018-05-07,2205.5142817151050379910999
2018-05-08,259.8142844804807680978431
2018-05-09,-604.6357127536080406920086
2018-05-10,-3393.9357099871612846968502
2018-05-11,1402.6642927798211397849987
2018-05-14,-714.7857044526606635247013
2018-05-15,-1420.0357016846065908841064
2018-05-16,-285.7856989160165385312845
2018-05-17,-847.0356961468904026842128
2018-05-18,-5430.2856933772280795407724
2018-05-21,-4176.3856906070294652787458
2018-05-22,3200.9643121637055439441881
2018-05-23,-3637.6356850650229480095427
2018-05-24,1537.5643177067851627426005
2018-05-25,4888.5643204791299801032719
2018-05-28,6992.6143232520116079952434
2018-05-29,-1196.1856739745698496385894
2018-05-30,-814.5356712006142888352051
2018-05-31,943.7643315738783943885483
2018-06-01,-3256.8856656510916959640430
2018-06-04,19539.4435871244755441304460
2018-06-05,-669.4127070246100673324482
2018-06-06,1593.4377842727140081558046
2018-06-07,2278.3882756651682333685450
2018-06-08,1558.9387671527710284048521
2018-06-11,-455.2107412644591830695025
2018-06-12,470.4897504134960261786370
2018-06-13,211.6402421866550869505005
2018-06-14,534.8907340550364336160837
2018-06-15,703.8912260186585041148385
2018-06-18,-2591.4582819224602600436359
2018-06-19,-910.7577897683014137789010
2018-06-20,-287.3572975188465084389884
2018-06-21,-2262.5568051740770917997075
2018-06-22,1854.5436872660252919360455
2018-06-25,-308.3058201985208978610204
2018-06-26,-981.3553275676971982458982
2018-06-27,-1231.2048348414851426985924
2018-06-28,-1741.5043420198662611234252
2018-06-29,1066.7461508971779201516548
2018-07-02,-271.5533560903341216242341
2018-07-03,1248.6971370176160943757849
2018-07-04,1280.3476302210470525570408
2018-07-05,157.3981235199772409040076
2018-07-06,1272.9986169144251509809966
2018-07-09,1287.6991104044092779328506
2018-07-10,662.0996039899481204856361
2018-07-11,-238.1999023289398190526622
2018-07-12,-567.6494085522360347914487
2018-07-13,-557.4989146799220172568227
2018-07-16,-67.5484207119792533908845
2018-07-17,-108.1979266483892265510418
2018-07-18,-3094.9974324891334165093156
2018-07-19,243.3030617658067005483545
2018-07-20,1834.2035561164496520228044
2018-07-23,2291.9540505628139689023398
2018-07-24,-109.8954548950818142365687
2018-07-25,554.7050397427808407714088
2018-07-26,-191.8444655235795243188435
2018-07-27,1141.3560293058556358378079
2018-07-30,1248.7065242311048701774415
2018-07-31,151.2070192521867312277752
2018-08-01,-60.7424856308802248911374
2018-08-02,-3263.9479904180774384662122
2018-08-03,3559.3663122959908757741142
2018-08-06,586.4164316328529378322782
2018-08-07,-904.3834490071777430591005
2018-08-08,2141.9666703759033073698658
2018-08-09,297.9167897821005642554194
2018-08-10,-1375.0330907885814963996739
2018-08-13,-4185.5329713361383977259577
2018-08-14,3218.1671481394343380128823
2018-08-16,-2373.2827323618588105798123
2018-08-17,5016.1173871599866359664935
2018-08-20,3829.1175067049751579896973
2018-08-21,1706.4676262731112366952267
2018-08-23,1619.7677458643993541562073
2018-08-24,-717.9321345211560066863691
2018-08-27,4138.5679851164496379765232
2018-08-28,-104.6318952227792271778874
2018-08-29,1854.4682244611618833959974
2018-08-30,-685.0316558317225438876857
2018-08-31,2309.7684638985719782539071
2018-09-03,-3554.8314163479500620275061
2018-09-04,-8073.1312965712841757111635
2018-09-05,-2380.9811767714258729070926
2018-09-06,2664.1189430516293371440594
2018-09-07,3337.7190628978859460711926
2018-09-10,-5525.0308172326515536270756
2018-09-11,-7477.6806973399786685822439
2018-09-12,2108.0194225759090954442427
2018-09-14,5590.9695425150162335611607
2018-09-17,-2772.6803375226527582523229
2018-09-18,-5048.8802175370933831464828
2018-09-19,-1739.2300975283011434008663
2018-09-21,-6123.9299774962715404241245
2018-09-24,-9685.8798574410000747538443
2018-09-25,3275.2202626375177539436206
2018-09-26,498.6203827392864468733184
2018-09-27,-4341.3294971356894938881317
2018-09-28,-4317.1293769874055653923718
2018-10-01,1457.5207431841427361808648
2018-10-03,1807.0925633789599155239212
2018-10-04,-6765.4962946381996637864254
2018-10-05,-4562.8562939207285814582405
2018-10-08,-942.4362932031185748409539
2018-10-09,-1106.0262924853696170345847
2018-10-10,3603.7137082325183188660560
2018-10-11,-2705.1462910494547402286331
2018-10-12,6091.9737096687112325969577
2018-10-15,3457.1637103870162642636494
2018-10-16,-406.5562888945396183025240
2018-10-17,-1972.6362881759563881703153
2018-10-19,-1830.7262874572340184032618
2018-10-22,-2141.0062867383724820596859
2018-10-23,-755.4162860193717521926926
2018-10-24,493.6137146997681981498303
2018-10-25,-1565.1762845809526040747859
2018-10-26,-1091.1162838615341319039901
2018-10-29,2880.1037168580236416299891
2018-10-30,-1387.9062824222792564998544
2018-10-31,3981.6837182975572006846954
2018-11-01,750.2637190175330401670788
2018-11-02,60.1334697376482889359607
2018-11-05,1847.0229306218736219558399
2018-11-06,-864.1294049152195654841572
2018-11-07,-111.0217389682389178897274
2018-11-09,-2144.3840715368970732924442
2018-11-12,-2294.9964026209066140818377
2018-11-13,-35.6887322199800669946201
2018-11-14,114.9389396661700968960896
2018-11-15,-638.1533869621685378084558
2018-11-16,-713.4557121047083308218512
2018-11-19,190.2719642388384138382425
2018-11-20,39.6596420687594478608834
2018-11-21,-110.9526786146574213473651
2018-11-22,-35.6349978111243306516457
2018-11-26,-1541.8273155203533611780165
2018-11-27,-261.5496317420565383026583
2018-11-28,-1767.7419464759458316410793
2018-11-29,792.8057402782668449626811
2018-11-30,-864.0065714791303665531478
2018-12-03,2073.0911182521507315427326
2018-12-04,-112.8662805276016072145065
2018-12-05,-1710.1101962928578354868083
2018-12-06,-2900.7424956456208629238794
2018-12-07,1663.3852064926963348513159
2018-12-10,-3622.3270898776175235419165
2018-12-11,1302.6006152437263364204614
2018-12-12,2890.1283218570167451780452
2018-12-13,725.3360299625425890968150
2018-12-14,220.2237395605928104799638
2018-12-17,1825.7914506514564075787297
2018-12-18,526.9191632354224346032281
2018-12-19,1176.3668773127800017332878
2018-12-20,21.8145928838182751292881
2018-12-21,-3441.8576900511735230570017
2018-12-24,-1331.1699714919061146715804
2018-12-26,1014.0377485619098344526286
2018-12-27,1140.3254701105637145066234
2018-12-28,1086.2131931543449717161710
2018-12-31,238.3409176935431083526582
2019-01-01,599.1486437284476827439429
2019-01-02,-1964.2168787406516907147913
2019-01-03,-749.4655153674896939490446
2019-01-04,-61.6554931997723094656492
2019-01-07,-454.4854710277625786361705
2019-01-08,105.6545511485403296685893
2019-01-09,2046.7345733291372467387588
2019-01-10,1706.6745955140290040254308
2019-01-11,-1373.1753822967835668593081
2019-01-14,-357.0853601032996341423461
2019-01-15,2652.4446620944816341104859
2019-01-16,1609.7246842965610699944443
2019-01-17,762.2947065029395057659050
2019-01-18,-1720.8852712863822261576065
2019-01-21,646.4047509285967068026172
2019-01-22,349.6247731478771373864962
2019-01-23,-1352.8852046285401015048060
2019-01-24,-745.8251824006541768088503
2019-01-25,-411.2051601684642553018919
2019-01-28,194.4648620680304964011522
2019-01-29,1415.7848843088309118467334
2019-01-30,147.5849065539378247427029
2019-01-31,4172.3049288033520689583439
2019-02-01,1574.9949510570744785244012
2019-02-04,-393.3506266848941123668856
2019-02-05,257.6411807671079781316654
2019-02-06,1056.3588894262060311798535
2019-02-07,-2501.5234004220643498403167
2019-02-08,-541.0456887774141459226504
2019-02-11,693.3320243604457179019443
2019-02-12,-613.6402610081956274237086
2019-02-13,-395.8025448830489949722137
2019-02-14,475.5251727361748581792354
2019-02-15,1927.7328918497652309596987
2019-02-18,1637.3006124580114783153346
2019-02-19,620.7683345612030112202461
2019-02-20,1129.0460581596292966873299
2019-02-21,-1630.1262167464201422208732
2019-02-22,-1339.6784901566557263813249
2019-02-25,548.1892379292121794003651
2019-02-26,-177.9030324885267335992032
2019-02-27,475.5946985904172819896387
2019-02-28,-686.1575688336659703595109
2019-03-01,-3082.2798347604866310582600
2019-03-05,-1274.6580991897547843925579
2019-03-06,1565.8480066604988705556058
2019-03-07,-1160.6719917891674013216132
2019-03-08,1216.6980097614665187062565
2019-03-11,2786.8580113124006887655257
2019-03-12,1242.7480128636351669937599
2019-03-13,2398.5680144151700115397822
2019-03-14,-1924.8319840329947194363254
2019-03-15,2040.9180175191410322367812
2019-03-18,-1560.4319809284226752582907
2019-03-19,3109.1480206243142162723327
2019-03-20,-1724.9519778226482349662073
2019-03-22,630.6880237306900292425015
2019-03-25,-2131.7319747156709328738568
2019-03-26,2606.5480268382689369236771
2019-03-27,-328.7619716074903031146612
2019-03-28,659.4380299470514052726435
2019-03-29,733.3980315018941203583870
2019-04-01,109.0580330570379004266489
2019-04-02,166.4180346124828037727944
2019-04-03,-1563.6719638317711112965239
2019-04-04,560.5080377242762135366371
2019-04-05,1166.3580392806248366015119
2019-04-08,976.5980408372748162386300
2019-04-09,529.7380423942262107998171
2019-04-10,-1221.5419560485209213518024
2019-04-11,-362.7719544909665218418033
2019-04-12,948.7980470668894677155430
2019-04-15,-251.0219513749528942827300
2019-04-16,1748.5880501835064505717187
2019-04-18,-1308.8619482577324393014599
2019-04-22,-2425.1419466986695054713036
2019-04-23,-527.5619451393046894955356
2019-04-24,2186.6780564203620670794368
2019-04-25,740.8180579803308227185247
2019-04-26,1549.5180595406016358979601
2019-04-30,-54.3819388988254348947027
2019-05-02,-2887.7919373379503311605841
2019-05-03,-587.1781757767729943894775
2019-05-06,-2074.4591000616842062224567
2019-05-07,-1655.3915366798430825169929
2019-05-08,-2457.0639718335005017284505
2019-05-09,-1910.4564055223728916978601
2019-05-10,111.9711622538233746419688
2019-05-13,-2293.0612685046280207229210
2019-05-14,1205.1863022025566591230003
2019-05-15,-616.8061256243387939646149
2019-05-16,1077.6614480149694668206464
2019-05-17,2881.4490231207653432465983
2019-05-20,7873.7365996933327920530978
2019-05-21,-1527.7758222670441750373105
2019-05-22,494.6517572399185086912516
2019-05-23,-1272.6806617854950350413556
2019-05-24,3592.0669206569993704993606
2019-05-27,931.9545045676859570731783
2019-05-28,294.2620899468490114758148
2019-05-29,-726.0503232052271244504160
2019-05-30,1351.0372651117419461940545
2019-05-31,-379.8551451019593246232893
2019-06-03,2863.3124461539535701436158
2019-06-04,-343.3999611202348073699240
2019-06-06,-3440.7923669242398399286917
2019-06-07,421.8552287422231448131089
2019-06-10,1478.6228258794388743225246
2019-06-11,-70.0695755123078688014742
2019-06-12,-944.6219754327322468173181
2019-06-13,658.7456261184506331698383
2019-06-14,-1600.5267708584742807812037
2019-06-17,-2566.1791663632219854370063
2019-06-18,130.3884396044925776211891
2019-06-19,-161.1239529550454779918530
2019-06-20,2717.6436559584490165453255
2019-06-21,-1454.7287336547387147284338
2019-06-24,-452.6211217943233925462144
2019-06-25,1260.0664915399803175976694
2019-06-26,1096.0941063484578054583680
2019-06-27,330.8617226313945160511947
2019-06-28,-926.3106596109240503376742
2019-07-01,1223.6569596217876618595024
2019-07-02,177.4984203298152635027350
2019-07-03,3886.8425264246538364319803
2019-07-04,-435.1374730861532781002197
2019-07-05,-483.8174725968656699662088
2019-07-08,-4572.7574721074833208247893
2019-07-09,-2102.9574716180062123312116
2019-07-10,120.0425288715656738628252
2019-07-11,4509.8425293612323561091757
2019-07-12,-2216.7174701490061472367528
2019-07-15,1687.4225303408501821840017
2019-07-16,1603.8225308308013627339556
2019-07-17,172.4025313208474127791815
2019-07-18,1923.0625318109883506893073
2019-07-19,-1846.7974676987758051624811
2019-07-22,-3684.1174672084450363994412
2019-07-23,-911.9174667180193246412714
2019-07-24,-678.1174662274986515041118
2019-07-25,-204.8574657368829986005423
2019-07-26,-493.7774652461723475395825
2019-07-29,-1817.5574647553666799266912
2019-07-30,-1201.1374642644659773637654
2019-07-31,-288.4574637734702214491395
2019-08-01,-3737.3974632823793937775848
2019-08-02,4555.9005372088065240596911
2019-08-05,4831.6342580746155853049511
2019-08-06,1409.6421648326909248044879
2019-08-07,3325.9700731217558355535060
2019-08-08,-301.3420170578932361617998
2019-08-09,930.5858942940402133458099
2019-08-13,4010.3938071778527451757334
2019-08-14,-3586.4382784061590221493550
2019-08-16,862.1696375423015873276141
2019-08-19,314.6575550235313070092254
2019-08-20,1751.9054740378269277547032
2019-08-21,-1601.6466054145147021089642
2019-08-22,1751.9213166668033232241035
2019-08-23,-711.9107597179220329501915
2019-08-26,5995.2171654316062501652060
2019-08-27,-27.4949078843147491203612
2019-08-28,1820.3930203346121050258732
2019-08-29,109.4009500886840059712373
2019-08-30,-2833.5111186218017953712386
2019-09-03,4489.5768142034520094683207
2019-09-04,930.7047485647427865277801
2019-09-05,-438.0873155376320405758590
2019-09-06,-6734.5593781033749906353097
2019-09-09,1204.4885608678114751581519
2019-09-11,-2422.8234986237750467741601
2019-09-12,-1190.8955565778369023871858
2019-09-13,-164.2876129940763800009618
2019-09-16,930.7603321278042897105387
2019-09-17,793.8882787881029337305679
2019-09-18,-1601.5037730128825632892321
2019-09-19,-2149.0158232748542590176637
2019-09-20,177.9521280024858465671956
2019-09-23,1820.5200808194358111891634
2019-09-24,109.5280351762937502851253
2019-09-25,1752.0959910733578370162099
2019-09-26,-2354.2960514890736977210338
2019-09-27,246.4319074892974347165425
2019-09-30,-301.0801319912304192701315
2019-10-01,-2217.3921699303588555111616
2019-10-03,4900.3757936722105879434970
2019-10-04,2025.9037588167764308352278
2019-10-07,-232.6082744963627492920571
2019-10-09,862.4396937330916829192755
2019-10-10,794.0076635054384206517744
2019-10-11,-1122.3043651790237850758994
2019-10-14,657.1436076800038746022263
2019-10-15,1204.6715820828202664106355
2019-10-16,-1259.1604419702756850564722
2019-10-17,451.8475355210150026760232
2019-10-18,-164.1044854430086300246302
2019-10-22,-643.1765048620474848878466
2019-10-23,930.9514772641975942715097
2019-10-24,-574.7205390639741784356621
2019-10-25,4010.7674461537364690385171
2019-10-27,-985.3445670823711333098755
2019-10-29,-2833.2165787719975975253438
2019-10-30,-300.9285889148434776817501
2019-10-31,2847.3194024893907301289092
2019-11-01,794.1273954410045878077317
2019-11-04,-631.8476100597022847398627
2019-11-05,-1172.1706978964671237117538
2019-11-06,-867.6706960952961047154431
2019-11-07,361.9293057062236759376484
2019-11-08,-3532.1906924919077142215833
2019-11-11,1065.4693093103097923508346
2019-11-13,587.5493111128762632119526
2019-11-14,-183.8506870842082340680971
2019-11-15,-1212.1906852809436319060991
2019-11-18,-1291.0706834773298627057514
2019-11-19,3043.2693183266331411423365
2019-11-20,1698.2493201309454472606463
2019-11-21,-1413.4506780643928767152466
2019-11-22,-217.4906762593817631366702
2019-11-25,-3.4706744540211443418540
2019-11-26,-865.9306726483109526559256
2019-11-27,450.6693291577488796090906
2019-11-28,1200.0293309641584201542772
2019-11-29,-1017.8906672290822633061744
2019-12-02,201.8493345780268969550388
2019-12-03,-664.6706636145140313216660
2019-12-04,2774.1493381932950196172444
2019-12-05,-1053.2706599985458824615768
2019-12-06,-1990.5506581900366697783552
2019-12-09,-2432.5106563811772745401921
2019-12-10,-1096.7706545719676289410621
2019-12-11,1117.0893472375923348381897
2019-12-12,1633.8693490475026846298500
2019-12-13,866.5293508577634882793399
2019-12-16,866.5293526683748136452172
2019-12-17,2244.0293544793367285991796
2019-12-18,1760.8893562906493010260666
2019-12-19,1238.8893581023125988238623
2019-12-20,936.7093599143266899036978
2019-12-23,-672.7906382733083578101458
2019-12-24,-156.5906364605924763802355
2019-12-26,449.5093653524744021440166
2019-12-27,2456.3093671658923457263555
2019-12-30,2204.0093689796614223436865
2019-12-31,-823.5906292062183000139232
2020-01-01,-263.8906273917467533432410
2020-01-02,1261.5093744230761303721328
2020-01-03,6429.3093762382504191617682
2020-01-06,1180.3093780537761810684078
2020-01-07,-3775.7906201303465158520310
2020-01-08,3770.0093816858823964695477
2020-01-09,-4158.5906164975370138845811
2020-01-10,-263.8906146806046788189583
2020-01-13,-23.1906128633205302249407
2020-01-14,1009.2093889543155000193039
2020-01-15,2053.2093907723034800487973
2020-01-16,-510.3906074093565219882451
2020-01-17,162.4093944093355620695875
2020-01-20,-438.4706037716201996030962
2020-01-21,-1609.4906019522237388184863
2020-01-22,-82.3506001324749873755703
2020-01-23,713.9894016876261229398705
2020-01-24,2645.9694035080796603552632
2020-01-27,809.1094053288856931112456
2020-01-28,-1983.0105928499557105383309
2020-01-29,340.4694089715555176736009
2020-01-30,508.0894107934194460273273
2020-01-31,-1419.8305873843638571836450
2020-02-01,-1793.9305855617943236525848
2020-02-03,-2557.7905837388718850595352
2020-02-04,1694.1894180844035269286897
2020-02-05,86.4294199080319806585072
2020-02-06,3613.9894217320135444895688
2020-02-07,-440.2105764436517132052382
2020-02-10,1206.4094253810362759602136
2020-02-11,-216.9105727939224196147079
2020-02-12,1103.1694290314722684826106
2020-02-13,1468.5694308572204086780280
2020-02-14,-2198.1905673166779305893465
2020-02-17,-377.5705654902226808671523
2020-02-18,596.2494363365862263102255
2020-02-19,6003.5894381637488594216594
2020-02-20,332.3494399912652869592812
2020-02-24,7672.2494418191355774284845
2020-02-25,-8474.9505563526402006520716
2020-02-26,-1639.0705545240619787504614
2020-02-27,-1630.9505526951296883214887
2020-02-28,-7385.1305508658432608066857
2020-03-02,-3840.7505490362026276343086
2020-03-03,1925.7445527937922797806632
2020-03-04,6745.9443500618590069711021
2020-03-05,-371.8081323595722705905776
2020-03-06,6951.2793866746289980943874
2020-03-09,-3999.1130928352553321067311
2020-03-11,-1877.4655708889433517509605
2020-03-12,-1466.8180474861530968090603
2020-03-13,-9132.0905226266025486549517
2020-03-16,-6462.9229963100096340551468
2020-03-17,-5710.0754685360922251581745
2020-03-18,4213.7320606954318605159949
2020-03-19,-1535.2204086151551399134720
2020-03-20,6198.5071235324290653223075
2020-03-23,-7421.0453428615331773474858
2020-03-24,9415.2021922032405331772114
2020-03-25,4145.3297287270326526779300
2020-03-26,-1808.9427332898743083717427
2020-03-27,9962.7448061528022152044265
2020-03-30,10784.0323470553448432959092
2020-03-31,-10432.3601105819637494839910
2020-04-01,244.2874332411591662124585
2020-04-03,3803.1749785249963744780168
2020-04-07,6061.7025252698307141610703
2020-04-08,860.2700734759450788762347
2020-04-09,6882.9976231436224170149599
2020-04-13,11673.8051742731457317561358
2020-04-15,1270.9327268647980810767015
2020-04-16,4076.9802809188625777622553
2020-04-17,-5367.7321635643776105823322
2020-04-20,-6257.4446065846392615223039
2020-04-21,3461.0429518583609022176012
2020-04-22,3871.6905117649062127637660
2020-04-23,39.0580731352800571043168
2020-04-24,586.5856359697658770997459
2020-04-27,-850.6467997313528305064635
2020-04-28,860.3607660322074859227901
2020-04-29,-2082.5516667392695670711450
2020-04-30,1407.8959019544996719679582
2020-05-04,1134.1434721137989194218376
2020-05-05,-8105.2489562610880533916217
2020-05-06,-1192.8013831698774202077509
2020-05-07,-2014.0738086122852998044576
2020-05-08,3118.9337674119722440084154
2020-05-11,-2287.8186550968207976002665
2020-05-12,518.2289238616196215277161
2020-05-13,-1808.7234957124223974494160
2020-05-14,3598.0440861813373016372094
2020-05-15,2160.8116695431829299777671
2020-05-18,5103.7392543733987537943888
2020-05-19,-7968.2931593277309056481812
2020-05-20,3529.6344284400783279680719
2020-05-21,-3040.5979823228891139749066
2020-05-22,1544.8896083836512549794210
2020-05-26,-3040.5827994400160236271507
2020-05-27,-3724.9752057936063531569043
2020-05-28,3734.9923893231649181344688
2020-05-29,-1329.5600140894175028914615
2020-06-01,1544.9275839689311457548085
2020-06-02,-166.0648165015043187986091
2020-06-03,-2013.9372155004390242743173
2020-06-04,-439.8096130275880432349561
2020-06-05,2639.9979909173336069274788
2020-06-08,-3656.4744036653890359976816
2020-06-09,2434.6932032245291209709053
2020-06-10,1476.5408115873732260172802
2020-06-11,3598.1884214234284825388715
2020-06-12,518.3960327329801491571857
2020-06-15,-2629.8363544836864602714993
2020-06-16,3050.6912597737140233545609
2020-06-17,-1329.4611244945329756067255
2020-06-18,1339.7064927118580224694126
2020-06-19,-645.0458886068274475146893
2020-06-22,3803.5617315496962046315721
2020-06-23,-439.7106468182853756022266
2020-06-24,3324.4969762895135125831719
2020-06-25,-2629.7753991266213746925845
2020-06-26,176.2722269335957740212543
2020-06-29,1134.4398544704508255172544
2020-06-30,860.6874834842297019405135
2020-07-01,2708.5751139752183807993794
2020-07-02,-5162.0172540562971050238303
2020-07-03,-234.3296206100306672621064
2020-07-06,518.5180143143038377469766
2020-07-07,1066.0456507169926090719864
2020-07-08,4077.4132885983219011983614
2020-07-09,2229.5409279585780240391411
2020-07-10,-850.2514312019526570543019
2020-07-13,450.1162111170162787184734
2020-07-14,-918.6761450842286923822873
2020-07-15,723.8915001945989613742048
2020-07-16,-644.9008530462141727999770
2020-07-17,-1603.0532048063814522007327
2020-07-20,1339.8744449143838213788100
2020-07-21,1339.8820961163684016590422
2020-07-22,4282.8097487998590978846233
2020-07-23,4282.8174029651427748352320
2020-07-24,2914.0250586125063528363194
2020-07-27,10510.8727157422368077698647
2020-07-28,-2971.7996256453788289148673
2020-07-29,3530.0080344499465298094327
2020-07-30,244.8956960285000265588809
2020-07-31,4077.5433590905688595491634
2020-08-03,1066.1910236364402826063025
2020-08-04,-125.8313103335983948225758
2020-08-05,8227.4457645415661310148104
2020-08-06,4307.2057734029774962223572
2020-08-07,2939.9257822661047010012448
2020-08-10,-2394.2342088690519224096419
2020-08-11,-8547.5542000024920417070855
2020-08-12,-12288.4341911342153245235253
2020-08-13,4342.0858177357785615729561
2020-08-14,875.3658266074899490786454
2020-08-17,-1236.2341645190808294457898
2020-08-18,10596.2858443560665586247125
2020-08-19,-3088.4741467670675540203799
2020-08-20,-9049.9541378884828346271798
2020-08-21,1147.4058709918210496226309
2020-08-24,-1651.2341201261555683881858
2020-08-25,-2918.2341112424123557124115
2020-08-26,-853.2741023569489793383593
2020-08-27,2511.8459065302348938101390
2020-08-28,1143.0459154191395968737456
2020-08-31,-6292.5940756902345369423716
2020-09-01,1622.1259332021128256314742
2020-09-02,55.0059420961820179295012
2020-09-03,-2886.1940490080266266495291
2020-09-04,-2633.6340401105127746422989
2020-09-07,-195.0340312112760925209213
2020-09-08,-1268.0740223103162466929291
2020-09-09,930.5259865923670964987393
2020-09-10,3663.5659954967742707757515
2020-09-11,1259.4460044029056099243937
2020-09-14,-1067.3139866892385522044166
2020-09-15,6066.1660222203421183048817
2020-09-16,-685.8739688683520445674941
2020-09-17,-2919.5539599553207067766574
2020-09-18,2873.0060489594364657869589
2020-09-21,-7832.0339421240801927023839
2020-09-22,-8777.3139332058703480057181
2020-09-23,-2418.5939242859336658193573
2020-09-24,-7271.7139153642698117748836
2020-09-25,6089.2460935591215485608647
2020-09-28,1059.7661024842407496858059
2020-09-29,5581.5661114110881261626272
2020-09-30,984.3261203396640126187974
2020-10-01,639.1661292699687437465794
2020-10-05,11841.9361382020026543030426
2020-10-06,2985.1597932372987635541267
2020-10-07,-4474.7920278501403810868198
2020-10-08,384.4561526461074564103943
2020-10-09,2779.8643347263489261583278
2020-10-12,2711.4325183908907376463559
2020-10-13,-436.7992963599603402478322
2020-10-14,-3858.7911095258974792467342
2020-10-15,1068.8970788933862083384668
2020-10-16,1342.6652688981976696194067
2020-10-19,247.6334604888439111420457
2020-10-20,-505.1983463343680011018226
2020-10-21,2437.7298484288690583369387
2020-10-22,42.3380447788622743763228
2020-10-23,-915.8137572840811085853057
2020-10-26,-642.0455577596537866576939
2020-10-27,-162.9573566475483964471808
2020-10-28,658.3308460525424849548241
2020-10-29,-1737.0609496590736600166351
2020-10-30,-162.9327437820892893885347
2020-11-02,2095.5954636838031983616571
2020-11-03,1274.3236727389114643175105
2020-11-04,316.1718833835432291351674
2020-11-05,589.9400956180062730548761
2020-11-06,4764.7883094426084359125288
2020-11-09,1548.1165248576576171512010
2020-11-10,-12618.9552581365382241673067
2020-11-11,1548.1329604603289306490755
2020-11-12,453.1011806485671599342327
2020-11-13,589.9894024284846016754139
2020-11-17,1205.9576258003894535247827
2020-11-18,-2216.0341492354100271890300
2020-11-19,-2352.9059226786055234493703
2020-11-20,-94.3776945288886585400044
2020-11-23,521.5905352140490039664413
2020-11-24,-7485.8812334494840397799579
2020-11-25,-641.8730005191792338948610
2020-11-26,1821.9752340052720372519054
2020-11-27,-641.8565298758215509520847
2020-12-01,-3721.6482921621512633502855
2020-12-02,16549.4287471465916949943933
2020-12-03,101.8074333471679463795496
2020-12-04,101.8271463720569111582082
2020-12-07,101.8468632139888707031708
2020-12-08,101.8665838737029209830146
2020-12-09,101.8863083519383010778434
2020-12-10,101.9060366494343932069988
2020-12-11,101.9257687669307227567757
2020-12-14,101.9455047051669583081445
2020-12-15,101.9652444648829116644775
2020-12-16,101.9849880468185378792811
2020-12-17,102.0047354517139352839337
2020-12-18,102.0244866803093455154283
2020-12-21,102.0442417333451535441214
2020-12-22,102.0640006115618877014859
2020-12-23,102.0837633157002197078710
2020-12-24,102.1035298465009647002661
2020-12-28,102.1233002047050812600708
2020-12-29,102.1430743910536714408702
2020-12-30,102.1628524062879807962156
2020-12-31,102.1826342511493984074101
2021-01-01,102.2024199263794569113001
2021-01-04,-20212.6992905672801674719276
2021-01-05,7264.9204598909494984327775
2021-01-06,1281.4504754704389394655869
2021-01-07,-3137.4995089470549550694385
2021-01-08,-1373.9294933615316010540365
2021-01-11,-3470.0094777729904142568417
2021-01-12,1396.9905378185691896666356
2021-01-13,-2658.4294465868522048259669
2021-01-14,-1392.0594309892540131638438
2021-01-15,-964.5894153886356506629979
2021-01-18,-7102.7993997849965325262203
2021-01-19,5214.1706158216639261569333
2021-01-20,1605.0306314313463104101631
2021-01-21,-477.9593529559487946295519
2021-01-22,-2421.4193373402208037119325
2021-01-25,-4664.1893217214691314733772
2021-01-27,-3808.9893060996931924369401
2021-01-28,-1256.3392904748924010123093
2021-01-29,-4799.2892748470661714957846
2021-02-01,4992.5607407837860819297442
2021-02-02,13220.7965064176649451948195
2021-02-03,3304.0205307497294848312052
2021-02-04,5182.1105308524988237994864
2021-02-05,-117.4494690447119379530707
2021-02-08,5198.9005310580972034266413
2021-02-09,-138.2294688390737482075240
2021-02-10,1105.2505312637752109990332
2021-02-11,3322.6005313666440849016591
2021-02-12,1332.3305314695328773564465
2021-02-15,5275.9105315724415922202345
2021-02-16,-345.8794683246297666493906
2021-02-17,-34.6294682216811953940957
2021-02-18,178.7505318812873098451994
2021-02-19,-6210.6594680157242470716781
2021-02-22,-8491.0794679127158622841531
2021-02-23,1255.0105321903124680690966
2021-02-24,6974.2805322933607478501410
2021-02-25,4859.2105323964289809217978
2021-02-26,-7636.1594675004828288523670
2021-03-01,-2777.9694673973746776080397
2021-03-02,7383.0905327057534385198417
2021-03-03,9161.8305328089015233970881
2021-03-04,-1638.7694670879304191097417
2021-03-05,-6467.4194669847423851333400
2021-03-08,-99.9194668815343708056502
2021-03-09,327.8805332216936277421334
2021-03-10,2394.4305333249416143795652
2021-03-12,-4378.6994665717904070230506
2021-03-15,-2801.2994664685024325946609
2021-03-16,-423.7794663651944584634627
2021-03-17,-6827.2694662618664807569034
2021-03-18,-5209.0394661585184956016806
2021-03-19,4428.0005339448495008762581
2021-03-22,1846.5905340482375125517153
2021-03-23,4519.0605341516455433002437
2021-03-24,-6940.1494657449264030018533
2021-03-25,-9173.9094656414783224775218
2021-03-26,5105.6805344619897887510425
2021-03-30,6593.7605345654779345623953
2021-03-31,-380.2394653310138811641573
2021-04-01,4096.4005347725143454514425
2021-04-05,-4254.7494651239373817099965
2021-04-06,2044.3705349796309412330860
2021-04-07,5083.0805350832193181630018
2021-04-08,2107.1405351868277529628147
2021-04-09,816.7205352904562495163402
2021-04-12,-19290.4994646058951882918544
2021-04-13,4316.9005354977734434235509
2021-04-15,1650.5805356014621485486279
2021-04-16,4471.8905357051709309702011
2021-04-19,-8142.6094641911002054241521
2021-04-20,-420.4094640873512567461023
2021-04-22,1885.2805360164177808934334
2021-04-23,8.0905361202069113842911
2021-04-26,2791.3905362240161386170593
2021-04-27,4917.8005363278454664830805
2021-04-28,4263.3005364316948988744507
2021-04-29,-96.0094634644355603159810
2021-04-30,-3082.2394633605459071946111
2021-05-03,1527.9105367433638621329173
2021-05-04,-3113.2394631527062484382846
2021-05-05,5298.2805369512437649876488
2021-05-06,3415.9005370552139063073371
2021-05-07,2317.1105371592041794181545
2021-05-10,5051.6205372632145882182301
2021-05-11,-787.4594626327548633935526
2021-05-12,-965.6994625287041715175546
2021-05-14,-4202.6694624246333322533827
2021-05-17,5338.8705376794576583001126
2021-05-18,6688.1905377835688040448355
2021-05-19,2122.1205378877001088834456
2021-05-20,-2231.5094620081484232806411
2021-05-21,4052.8205380960232114567465
2021-05-24,3915.2605382002150170005358
2021-05-25,-904.9894616955730027435897
2021-05-26,1345.8705384086591561308098
2021-05-27,2555.2205385129114975309302
2021-05-28,1406.7805386171840253647244
2021-05-31,4321.6205387214767435409016
2021-06-01,602.4105388257896559689282
2021-06-02,5794.7405389301227665590274
2021-06-03,4751.7905390344760792221792
2021-06-04,1075.5705391388495978701218
2021-06-07,1246.3805392432433264153499
2021-06-08,1614.4005393476572687711162
2021-06-09,-4671.5294605479085711485689
2021-06-10,5276.0305395565458105710629
2021-06-11,926.8505396610204178455379
2021-06-14,-232.1494602344847454088597
2021-06-15,1913.2605398700303247249130
2021-06-16,-3424.8394600254343678353427
2021-06-17,-4842.7294599208788191710671
2021-06-18,-1400.0894598163030253629418
2021-06-21,2205.1605402882930175091110
2021-06-22,3425.7705403929093133659275
2021-06-23,-4396.6594595024541338708964
2021-06-24,616.5305406022026797209942
2021-06-25,2909.7705407068797580647139
2021-06-28,-903.3994591884228949158631
2021-06-29,109.7505409162947247038970
2021-06-30,-1578.0994589789673791506118
2021-07-01,-486.7794588742092025532355
2021-07-02,943.8405412305692584229399
2021-07-05,2269.5905413353680077055890
2021-07-06,694.5505414401870492231469
2021-07-07,1095.7305415450263869048094
2021-07-08,-1685.5594583501139753194672
2021-07-09,477.0705417547659664810349
2021-07-12,264.8105418596662162377941
2021-07-13,761.8405419645867778830502
2021-07-14,617.8105420695276553498046
2021-07-15,2103.7705421744888525718201
2021-07-16,1215.2305422794703734836213
2021-07-19,-3868.3894576155277779795059
2021-07-20,-3958.2094575105055978815125
2021-07-22,6157.9905425945369177144114
2021-07-23,531.3605426995997727458389
2021-07-26,1125.8405428046829711511051
2021-07-27,-2750.4894570902134831306922
2021-07-28,526.9905430149104138403075
2021-07-29,693.2705431200546660047275
2021-07-30,1581.7405432252192773039543
2021-08-02,4307.1105433304042516801376
2021-08-03,4853.2105434356095930761901
2021-08-04,466.3805435408353054357883
2021-08-05,895.3905436460813927033721
2021-08-06,406.0205437513478588241453
2021-08-09,-418.2494561433652922559243
2021-08-10,-1823.0594560380580565901053
2021-08-11,-2088.6794559327304302309015
2021-08-12,3615.3105441726175907699474
2021-08-13,2884.3405442779860103614661
2021-08-16,1604.1805443833748324934439
2021-08-17,1632.4705444887840611164354
2021-08-18,1561.8105445942137001817595
2021-08-20,-6198.4694553003362463584995
2021-08-23,-101.4694551948657745514918
2021-08-24,4571.6105449106251195563971
2021-08-25,372.3905450161364399195481
2021-08-26,2114.5705451216681904931070
2021-08-27,4336.3305452272203752329861
2021-08-30,8246.6305453327929980958631
2021-08-31,7338.7405454383860630391822
2021-09-01,2787.1805455439995740211540
2021-09-02,3051.9805456496335350007549
2021-09-03,6570.9405457552879499377287
2021-09-06,822.2505458609628227925853
2021-09-07,-1921.0394540333418424733982
2021-09-08,822.0605460723739581018221
2021-09-09,2558.5505461781102284810576
2021-09-13,864.0105462838669726278867
2021-09-14,1680.3005463896441945066554
2021-09-15,3125.1205464954418980824773
2021-09-16,4454.2405466012600873212337
2021-09-17,-2494.9294532929012338104258
2021-09-20,-9395.0694531870420613450843
2021-09-21,5621.2505469188376086854441
2021-09-22,1689.2805470247377802501132
2021-09-23,6309.1405471306584573186455
2021-09-24,-846.4794527634003561384679
2021-09-27,-1293.4394526574386561499671
2021-09-28,-3478.5094525514564387438234
2021-09-29,-2462.8494524454536999472386
2021-09-30,-1972.3494523394304357866455
2021-10-01,-1951.5694522333866422877075
2021-10-04,7405.3405478726776845246814
2021-10-05,4747.8805479787625486263973
2021-10-06,-5855.4094519151320460059141
2021-10-07,5791.8705481909939046051630
2021-10-08,283.1105482971404044378142
2021-10-11,2051.4905484033074574709960
2021-10-12,3275.3505485094950676844349
2021-10-13,6707.5005486157032390586281
2021-10-14,5338.9505487219319755748436
2021-10-18,3778.6105488281812812151203
2021-10-19,-4398.4794510655488400377319
2021-10-20,-9126.2394509592583842001319
2021-10-21,-3749.2794508529473472877273
2021-10-22,-5548.6594507466157253153941
2021-10-25,-2991.6194506402635142972368
2021-10-26,6166.9705494661092897534120
2021-10-27,749.9305495725026908239918
2021-10-28,-9081.3794503210833070972863
2021-10-29,-4570.8294502146487000214385
2021-11-01,7943.4305498918065160412913
2021-11-02,-207.0294500017176549185684
2021-11-03,72.6005501047787910902835
2021-11-04,4466.1605502112958580599213
2021-11-08,6355.0405503178335499831921
2021-11-09,1182.3405504243918708537160
2021-11-10,485.6605505309708246658864
2021-11-11,-3580.4394493624295845851294
2021-11-12,7054.5805507441906470966089
2021-11-15,1669.6605508508315237078154
2021-11-16,-2352.1694490425069507540214
2021-11-17,-1881.7194489358247722906396
2021-11-18,-7093.0494488291219369030025
2021-11-22,-12023.5394487223984405912999
2021-11-23,6222.0405513843457206450539
2021-11-24,-3475.5694485088894491925815
2021-11-25,4718.7405515978960538979284
2021-11-26,-16122.2994482952977660805065
2021-11-29,-4744.2094481884709051242020
2021-11-30,-1190.1494480816233592286979
2021-12-01,4080.5305520252448756112409
2021-12-02,6264.9105521321338034016252
2021-12-03,-3111.9594477609565718507584
2021-12-06,-10720.1194476540262461383478
2021-12-07,8561.9005524529247845471956
2021-12-08,8478.9705525598965242149858
2021-12-09,1210.3905526668889768749140
2021-12-10,1971.9305527739021465376470
2021-12-13,-3300.8094471190639627853713
2021-12-14,-87.8794470120093470819204
2021-12-15,-4450.0994469049340023390029
2021-12-16,25.5005532021620754571554
2021-12-17,-12461.1394466907211096788936
2021-12-20,-15090.3094465835835537318211
2021-12-21,7015.4605535235747473144791
2021-12-22,7812.7905536307537974768916
2021-12-23,3694.3705537379536007730778
2021-12-24,-2821.8094461548258387785224
2021-12-27,2638.9605539524154828413091
2021-12-28,5364.1805540596775696525683
2021-12-29,-974.4894458330395743239703
2021-12-30,-2175.2094457257359450667536
2021-12-31,7547.1305543815884614465502
2022-01-03,6836.3205544889336492390517
2022-01-04,4018.4605545962996223346405
2022-01-05,368.0905547036863847579856
2022-01-06,-2422.2494451889060594654654
2022-01-07,3135.3805549185222936905154
2022-01-10,3597.0005550259714482529350
2022-01-11,1226.4905551334414082495802
2022-01-12,3522.4705552409321777090179
2022-01-13,3526.1505553484437606605948
2022-01-14,1265.4205554559761611344379
2022-01-17,2385.2205555635293831614547
2022-01-18,-8869.0094443288965692266668
2022-01-19,-2967.8494442213016919974585
2022-01-20,-3410.0494441136859811176706
2022-01-21,-7931.1294440060494325532729
2022-01-24,-19222.1194438983920422694541
2022-01-25,4638.7905562092861937693785
2022-01-27,-8751.3694436830147204004008
2022-01-28,3612.8005564247052192583636
2022-01-31,6637.2605565324460167836088
2022-02-01,6908.3805566402076762140544
2022-02-02,8930.7705567479902015892016
2022-02-03,-5099.0194431442064030506663
2022-02-04,-802.6694430363821336644834
2022-02-07,-7280.8794429285369862104015
2022-02-08,-374.2494428206709566457898
2022-02-09,7077.7605572872159590727655
2022-02-10,2629.7505573951237649894607
2022-02-11,-7810.9694424969475348507242
2022-02-14,-19190.2294423889979364020267
2022-02-15,13774.4205577189725643820998
2022-02-16,-17.7594421730360284510151
2022-02-17,-635.3794420650237108532579
2022-02-18,-2826.9194419569904787757312
2022-02-21,-4266.2494418489363281687538
2022-02-22,-2602.1194417408612549818601
2022-02-23,2588.3505583672347448361995
2022-02-24,-27157.6594415246483246625407
2022-02-25,14063.7005585834895405747381
2022-02-28,4516.3905586916483446016393
2022-03-02,-3357.1894412001719085274486
2022-03-03,9102.1064089080287852426480
2022-03-04,1751.1820629048315662054817
2022-03-07,9197.0934739500235163208659
2022-03-08,-414.8751127952580728490619
2022-03-09,-1768.6636973305853695764909
2022-03-10,-5762.3622796555304592923363
2022-03-11,3308.1091402303346554298016
2022-03-14,-4273.1594376725619451103190
2022-03-15,-2039.3780133637920977235347
2022-03-16,-617.8765868429275563152269
2022-03-17,59.0348418904600081307313
2022-03-21,-550.1637271632009924319690
2022-03-22,1277.4777059965179369039873
2022-03-23,735.9691413700453740156007
2022-03-24,1142.1205789578099797656235
2022-03-25,1480.5820187602404980186279
2022-03-28,-1971.5965392222342443429223
2022-03-29,-2039.2750949891853374025967
2022-03-30,-414.7036485401837881939206
2022-03-31,126.8278001251994793157060
2022-04-01,3105.1992510073936242410930
2022-04-04,8472.0815241068278887953466
2022-04-05,1250.8700675249794806430760
2022-04-06,-1740.9899130988949689677212
2022-04-07,-3520.6698937190176095733346
2022-04-08,7225.5101256646122852909136
2022-04-11,1829.7201450519954422303673
2022-04-12,-7086.8398355568674120089367
2022-04-13,392.8101838380244494597587
2022-04-18,-7363.7797967633282463360419
2022-04-19,-8539.6397773609247722280598
2022-04-20,4301.7502420452355990927867
2022-04-21,7025.7502614551535950764076
2022-04-22,-4664.7497191311700566864301
2022-04-25,-9924.3396997137346284640758
2022-04-26,10378.5403197074606076160320
2022-04-27,-5552.3196608675836204326063
2022-04-28,5893.0203585611334155444745
2022-04-29,-4499.0396220063875561572668
2022-05-02,-2440.1496025701458071013514
2022-05-04,4630.7500768698593912897467
2022-05-05,4308.2456451196830069539903
2022-05-06,-6441.1935366665119933063483
2022-05-09,-5729.5727182942758400432282
2022-05-10,-7647.3218997635778561521404
2022-05-11,-1703.1710810743873585885526
2022-05-12,-7099.5802622266736583667587
2022-05-13,-5506.1394432204060605587294
2022-05-16,1870.1213759444461357070399
2022-05-17,8758.0721952679136372466784
2022-05-18,473.8530147500271568220920
2022-05-19,-6317.3561656091825868578859
2022-05-20,5484.1546541903151308636574
2022-05-23,587.7654741485510405928654
2022-05-24,-3548.1837057344441211137356
2022-05-25,-4186.0928854586396117480843
2022-05-26,1220.5079349759953171505682
2022-05-27,3159.0087555694914199968106
2022-05-30,6123.9795763218794571602244
2022-05-31,408.7003972331901949665376
2022-06-01,-5375.9787816965455943012235
2022-06-02,10772.1920395327028675984212
2022-06-03,1163.4831408905636760501236
2022-06-06,-914.5853374861247203532438
2022-06-07,-849.6338136318753587207278
2022-06-08,189.4177124537437385558285
2022-06-09,514.1292407711646327286249
2022-06-10,-849.5992286791805312898996
2022-06-13,2527.2923041031404750891324
2022-06-14,-3966.6961608814400358527612
2022-06-15,319.3553763675103318747835
2022-06-16,773.9469158504240579871851
2022-06-17,2397.4584575677337059411286
2022-06-20,-1628.8099984801280770492198
2022-06-21,-200.1184522927285599959947
2022-06-22,-589.7469038696349281214102
2022-06-23,579.1846467895857171584642
2022-06-24,-589.7238003146336417500690
2022-06-27,1423.4277548181400613978953
2022-06-28,-394.8806878116600232979010
2022-06-29,-200.0491282036006618666434
2022-06-30,59.7224336427514635497963
2022-07-01,3956.1339977278297547131025
2022-07-04,2137.8255640520676973047622
2022-07-05,839.0371326158988609423146
2022-07-06,-4031.4512965802431008043966
2022-07-07,-3706.7397235359244503969671
2022-07-08,-70.0881482507113663121735
2022-07-11,-5.1365707241699430257110
2022-07-12,449.4550090441338090040716
2022-07-13,-1109.0934089453660366475597
2022-07-14,-849.3218246922353223554526
2022-07-15,-1174.0102381960398064282940
2022-07-18,2917.2213505436548369076678
2022-07-19,-979.1670584727169824750956
2022-07-20,59.8845347552792294108906
2022-07-21,-2277.9438697719219493156075
2022-07-22,4345.9477279461141436117571
2022-07-25,-524.5406720901777453767935
2022-07-26,-849.2290698803627856708659
2022-07-27,774.2825345759939375364048
2022-07-28,2982.2541412793274232646578
2022-07-29,319.7257502300727547626128
2022-08-01,1099.0173614286650995243793
2022-08-02,-17852.2660951244602906942308
2022-08-03,798.5643078954548390196124
2022-08-04,3143.8147056721332334427733
2022-08-05,511.1351035258333275948680
2022-08-08,1651.8755014565700352266297
2022-08-10,1998.8058994643582729765492
2022-08-11,2202.7162975492129603714330
2022-08-12,1362.8766957111490198269634
2022-08-16,-434.4529060498186233517421
2022-08-17,1857.1374922663249590304278
2022-08-18,-83.7621093404053019408611
2022-08-19,-3977.4617108699944722888298
2022-08-22,-6761.7413123224276151450252
2022-08-23,2892.4190863023102092512387
2022-08-24,1827.8994850042339435534414
2022-08-25,746.1498837833585333084162
2022-08-26,-1996.8797173603010730430901
2022-08-29,-6622.8793184267299241658562
2022-08-30,7015.4010805840869341703735
2022-09-01,-6704.9385203278355409085501
2022-09-02,-14540.9587411624823893806201
2022-09-05,2225.0653795238121830469154
2022-09-06,1367.4354870622307030097891
2022-09-07,684.0655946214719414236327
2022-09-08,3066.9657022015399302019671
2022-09-09,962.0258098024387020390153
2022-09-12,4448.7259174241722904098525
2022-09-13,3872.7560250667447295705580
2022-09-14,-160.9738672698399454416341
2022-09-15,1349.4862404144223011918170
2022-09-16,-13574.1336518804644939290908
2022-09-19,1890.4864558455037065772496
2022-09-20,5108.7365635923309408742054
2022-09-21,-5116.2033286399787520929443
2022-09-22,268.9167791485786674031423
2022-09-23,-9803.8231130419927601279785
2022-09-26,-12541.1430052116889933943844
2022-09-27,370.6171026394940096783645
2022-09-28,-4173.2627894884397080526235
2022-09-29,-1175.7326815954861029474191
2022-09-30,6043.5774263183588694168786
2022-10-03,-9349.7524657469007457537054
2022-10-04,9335.7152422087390975301288
2022-10-06,2108.1207204066779778468878
2022-10-07,-369.4187382090530524701693
2022-10-10,-2572.3381947836505071108314
2022-10-11,-3085.7476493167191603469164
2022-10-12,747.0028981921362900775161
2022-10-13,-2506.6365522566887770390176
2022-10-14,-918.6060006627989063406041
2022-10-17,1558.9545529742014341008910
2022-10-18,2896.2451086547078528006493
2022-10-19,-363.3643336208839651242699
2022-10-20,2693.2862261478217420599020
2022-10-21,-3372.2232120387791872815213
2022-10-24,1720.1973518197091618631570
2022-10-25,-864.8020822763172188331419
2022-10-27,2520.1984856735377389785714
2022-10-28,-446.8809443303298196617988
2022-10-31,1565.0196277124763269914166
2022-11-01,3218.7202018023524774045041
2022-11-02,1378.9447779396950067792229
2022-11-03,107.4680189557913526991056
2022-11-04,107.4888280427390513565995
2022-11-07,107.5096411589607964167854
2022-11-09,107.5304583052367782542731
2022-11-10,107.5512794823473383123300
2022-11-11,107.5721046910729691321324
2022-11-14,107.5929339321943143820225
2022-11-15,107.6137672064921688867716
2022-11-16,107.6346045147474786568484
2022-11-17,107.6554458577413409176933
2022-11-18,107.6762912362550041389979
2022-11-21,107.6971406510698680639909
2022-11-22,107.7179941029674837387289
2022-11-23,107.7388515927295535413938
2022-11-24,107.7597131211379312115946
2022-11-25,107.7805786889746218796760
2022-11-28,107.8014482970217820960324
2022-11-29,107.8223219460617198604271
2022-11-30,107.8431996368768946513176
2022-12-01,107.8640813702499174551868
2022-12-02,-5648.3771028530364492041209
2022-12-05,771.3930382647967451825030
2022-12-06,-2030.2369417838518488006941
2022-12-07,-1579.7869218286372525049050
2022-12-08,2331.3930981304412821013604
2022-12-09,-1224.7568819066154968055651
2022-12-12,656.7331380601931590955203
2022-12-13,1372.3831580308679982707165
2022-12-14,3068.8831780054097693310493
2022-12-15,-6785.2468020161807789675015
2022-12-16,-1479.0367820339028977239744
2022-12-19,3952.2332379522441621076024
2022-12-20,1374.7232579422611497182389
2022-12-21,-1759.9667220638511855559887
2022-12-22,-1077.7267020660920942339101
2022-12-23,-5638.2566820644608266892324
2022-12-26,2785.2233379410433668494880
2022-12-27,2116.8933579504212362988730
2022-12-28,-1943.5266220363264682792486
2022-12-29,1419.8333979808010033221867
2022-12-30,95.0034180018044014555057
2023-01-02,4032.9634380266844766183260
2023-01-03,3230.0834580554419794535845
2023-01-04,-37.2065219119223392504345
2023-01-05,-2552.5765018754077285600711
2023-01-06,-3496.5064818350134373962619
2023-01-09,7107.4635382092612854654885
2023-01-10,-3783.5464417425828086048648
2023-01-11,362.0235783094550319081219
2023-01-12,-1118.4164016346244413345920
2023-01-13,3028.0636184251795234734981
2023-01-16,2098.6936384888676782844688
2023-01-17,681.6936585564407751959981
2023-01-18,1338.8436786278995664513927
2023-01-19,-53.1963012967551955603833
2023-01-20,256.2037187824772416953196
2023-01-23,1386.0337388655976308988647
2023-01-24,817.8037589526067248763569
2023-01-25,-4091.5162209564947234003283
2023-01-27,-3949.8162008617059608135177
2023-01-30,274.5338192369737659002889
2023-01-31,-348.6861606604547898495538
2023-02-01,4048.6938594460091254921924
2023-02-02,6099.4438795563662656266764
2023-02-03,-3374.3061003293826155990131
2023-02-06,-3149.0160802112367641918193
2023-02-07,-408.0960600891954260126901
2023-02-08,2792.7639600367421532234519
2023-02-09,-74.1260198334232720522642
2023-02-10,-3249.8959996996909472626280
2023-02-13,-1131.2859795620601176843197
2023-02-14,2571.7640405794699715521175
2023-02-15,-2327.1559392750999245376937
2023-02-16,482.2740808742309492080636
2023-02-17,-2793.2058989725366519025714
2023-02-20,1643.1741211845980275846911
2023-02-21,-1165.6058586543642567295801
2023-02-22,-4285.3458384894227490985087
2023-02-23,-2478.9958183205766936288829
2023-02-24,-1218.9057981478253342811271
2023-02-27,-3255.8757779711679148692729
2023-02-28,-1332.3957577906036790609317
2023-03-01,4287.2442623938681296227344
2023-03-02,-1566.2657174177517321929592
2023-03-03,3515.0443027745374922638080
2023-03-06,1894.9843229707365599113916
2023-03-08,-4189.0156568291537721852914
2023-03-09,-2055.5856366251327468147321
2023-03-10,-359.0856164171996066188031
2023-03-13,4863.0144037946464059072709
2023-03-14,249.8344240104060484149412
2023-03-15,-2290.8855557699199212976362
2023-03-16,4818.8144644536692547144269
2023-03-17,1895.1144846811743345427808
2023-03-20,5363.6445049125960764258647
2023-03-21,-906.5154748520647612510636
2023-03-22,-2091.5954546128074199559001
2023-03-23,631.5145656303688589903344
2023-03-24,1610.4145858774648344135224
2023-03-27,-2346.3953938715187347135219
2023-03-28,-568.9053736165810892710237
2023-03-29,3536.8846466422785300077803
2023-03-31,5646.1346669050608825366706
2023-04-03,-336.0753128282332721235265
2023-04-05,7163.4958674423968257350894
2023-04-06,-251.9395501236598296373216
2023-04-10,-2544.0899343455950670013817
2023-04-11,1075.1196832943776731299994
2023-04-12,1075.1293027966189129416427
2023-04-13,1376.7389241614892444264623
2023-04-17,-1156.6914526106506706010172
2023-04-18,-1277.3218275194401004911417
2023-04-19,-2363.0722005645182437456049
2023-04-20,3186.3774282544757709960764
2023-04-21,-2061.4529410620971150299102
2023-04-24,-131.2033085138758906981429
2023-04-25,411.6863258995005250195674
2023-04-26,1014.8959621783932830677119
2023-04-27,-10.5343996768363956793775
2023-04-28,-1277.2447596658272204039884
2023-05-02,411.7248822117821696685159
2023-05-03,1276.9743759563532052832419
2023-05-04,4976.0000138242887101315962
2023-05-05,-2116.3199861730344858428494
2023-05-08,412.3900138296428364936244
2023-05-09,1193.5500138323206772413783
2023-05-10,747.4200138349990365007927
2023-05-11,87.8300138376779143722673
2023-05-12,-2890.3699861596426890437791
2023-05-15,3619.6400138430372263530925
2023-05-16,-2453.9099861542823393366602
2023-05-17,-3557.5099861516013860125597
2023-05-18,-1093.3099861489199135741089
2023-05-19,84.6500138537620780792083
2023-05-22,4439.4800138564445890479280
2023-05-23,-2957.7999861408723805673947
2023-05-24,927.9400138618111693338150
2023-05-25,-1218.4999861355047611478484
2023-05-26,2038.9100138671798280882285
2023-05-29,752.8500138698649371426791
2023-05-30,41.4200138725505661161559
2023-05-31,-959.8199861247632848906686
2023-06-01,-1705.4299861220766157771029
2023-06-02,3082.8100138806105735575640
2023-06-05,-3053.7999861167017167859369
2023-06-06,1802.8000138859865132931444
2023-06-07,1187.9400138886752638955776
2023-06-08,-2815.8299861086354648778480
2023-06-09,951.5200138940543270736761
2023-06-12,371.5900138967446398509784
2023-06-13,1030.8700138994354735549064
2023-06-14,-1476.5599860978731717136724
2023-06-15,-3106.6999860951812958538712
2023-06-16,4909.9400139075111012352161
2023-06-19,-2161.2299860897959803454842
2023-06-20,1148.6400139128974595049729
2023-06-21,-2135.0899860844085791124473
2023-06-22,-2118.7499860817140960967603
2023-06-23,-2425.0299860790190913469623
2023-06-26,1816.4000139236764352379707
2023-06-27,323.8100139263724837590817
2023-06-28,868.1900139290690543174336
2023-06-30,1761.9500139317661470141084
2023-07-03,3263.4600139344637619502085
2023-07-04,3465.4400139371618992268550
2023-07-05,103.8600139398605589451892
2023-07-06,889.5200139425597412063715
2023-07-07,-436.5899860547405538884176
2023-07-10,-416.1899860520403262379783
2023-07-11,1966.3600139506604242589086
2023-07-12,-734.5699860466383022965177
2023-07-13,3228.4000139560634941970013
2023-07-14,2036.3500139587658138407441
2023-07-17,1384.6200139614686567360082
2023-07-18,1366.3400139641720229841114
2023-07-19,3512.9100139668759126863904
2023-07-20,1595.5200139695803259442022
2023-07-21,-4156.4699860277147371410771
2023-07-24,-1513.4299860250092764680512
2023-07-25,-383.6899860223032919353050
2023-07-26,3171.7000139804032165585971
2023-07-27,-1183.2599860168897508848901
2023-07-28,-1403.8299860141821941642923
2023-07-31,1059.4400139885258868218849
2023-08-01,-200.6099860087655078248448
2023-08-02,-2577.8599860060563780029479
2023-08-03,-3013.2599860033467236108714
2023-08-04,1579.4900139993634554529578
2023-08-07,1096.1800140020741592901318
2023-08-08,87.0800140047853880022629
2023-08-09,-129.8699859925028583090171
2023-08-10,-2206.5799859897905795420567
2023-08-11,-1569.8199859870777755951848
2023-08-14,-365.8499859843644463667106
2023-08-16,287.6900140183494082450768
2023-08-17,-3129.2199859789362116580929
2023-08-18,-1382.0599859762213059744694
2023-08-21,234.1700140264941253977169
2023-08-22,1476.2500140292100825602551
2023-08-23,230.9900140319265656149547
2023-08-24,638.1300140346435746636439
2023-08-25,-434.0299859626388901918282
2023-08-28,-1722.2099859599208288495940
2023-08-29,1856.7600140427977587922349
2023-08-30,2491.7100140455168728355659
2023-08-31,-465.4699859517634866176735
2023-09-01,1193.9900140509566805344637
2023-09-04,2118.4400140536773743939445
2023-09-05,-221.6299859436014049372445
2023-09-06,247.0200140591203426429030
2023-09-07,530.4700140618426172364131
2023-09-08,1680.4800140645654189453318
2023-09-11,2229.8500140672887478717245
2023-09-12,-1088.6299859299873958823233
2023-09-13,748.9200140727369877852936
2023-09-14,128.5000140754618989767001
2023-09-15,2784.0800140781873377940408
2023-09-18,1094.9900140809133043394804
2023-09-20,-3343.1199859163602012847972
2023-09-21,-3194.9699859136331789765875
2023-09-22,-1355.2999859109056286336671
2023-09-25,-12.8499859081775501537920
2023-09-26,-1501.9499859054489434346991
2023-09-27,-658.0899859027198083741049
2023-09-28,-4290.7099858999901448697066
2023-09-29,776.7400141027400471808187
2023-10-03,-4291.0199858945292321201861
2023-10-04,-5479.8463358917979826703588
2023-10-05,1388.3335229084020666456592
2023-10-06,3008.8838585713209263044012
2023-10-09,-5116.4658057007656330299966
2023-10-10,6066.8345300921549735761086
2023-10-11,3048.2848659500953334931871
2023-10-12,623.1852018730680365290076
2023-10-13,-899.4644621389143250708900
2023-10-16,437.7858739141608433772771
2023-10-17,2056.7362100323061389960066
2023-10-18,-3815.5134537844658386530166
2023-10-19,-1565.8631175361424875684482
2023-10-20,-3972.1127812227112033088115
2023-10-23,-8018.9124448441593789920263
2023-10-25,-4288.1121084004744052949343
2023-10-26,-4233.1617718916436704528288
2023-10-27,5899.4885646823454397410204
2023-10-30,1686.5889013215055419358380
2023-10-31,533.5392380258492552238172
2023-11-01,-3269.6104252046107988594076
2023-11-02,8882.9443116301380036657120
2023-11-03,1077.8425973895267100110700
2023-11-06,2131.5429444910672736631923
2023-11-07,-2219.1167083401827155631150
2023-11-08,657.2536388957897561314388
2023-11-09,-3192.6960138010022949339870
2023-11-10,1946.3743335694541500801234
2023-11-12,637.5946810071721125341301
2023-11-13,-2311.9749714878353836902742
2023-11-15,6007.4153760844446878104244
2023-11-16,1148.4657237240253559620484
2023-11-17,2389.9760714309196522132182
2023-11-20,-1951.9535807948593894641602
2023-11-21,2540.2767670467012674255943
2023-11-22,1766.2571149556146619024255
2023-11-23,-779.2525370681061644889701
2023-11-24,609.3178109755518323213441
2023-11-28,2209.1981590866016989290352
2023-11-29,6798.2985072650564844559890
2023-11-30,1152.1488555109292405507995
2023-12-01,2848.4592038242330213892577
2023-12-04,8043.8695522049808836748417
2023-12-05,-1844.3200993468141133607947
2023-12-06,531.5602491688610920426685
2023-12-07,953.2505977520195641747058
2023-12-08,191.0909464026743698544374
2023-12-11,-4472.5287048791614215688822
2023-12-12,-1993.6283560934747382153734
2023-12-13,136.6719927597474943259579
2023-12-14,8951.2823416805183529977106
2023-12-15,3435.9926906688509172745787
2023-12-18,-1810.9269602752417308361584
2023-12-19,715.2533888482534932058542
2023-12-20,-3120.0862619606503235254623
2023-12-21,1900.4740872980599085778701
2023-12-22,2961.4244366243972816583766
2023-12-26,3314.6347860183748903936208
2023-12-27,3474.9851354800058319966954
2023-12-28,2755.4954850093032062167129
2023-12-29,-1637.0641653937198846607032
2024-01-01,1338.4261842709496641870733
2024-01-02,-8698.9567659966750398798386
2024-01-03,5.3019734190736824207340
2024-01-04,1932.6224307691832613101132
2024-01-05,-1647.2171117921502264147567
2024-01-08,-4077.3566542649096334300064
2024-01-09,2178.8238033509221909084787
2024-01-10,-115.9957389446375994342991
2024-01-11,2535.4247188484281528281934
2024-01-12,1171.7051767301366083046640
2024-01-15,2132.9256347005049309266370
2024-01-16,-1440.1739072404497120509017
2024-01-17,-5023.2534490927101500488626
2024-01-18,-2630.6729908562592091634079
2024-01-19,6414.4074674689202878346920
2024-01-20,49.0079258828455215007019
2024-01-23,-7597.9516156144663242834335
2024-01-24,5119.7288429770019376915542
2024-01-25,1459.3693016572674979629015
2024-01-29,3717.3697604263475503964571
2024-01-30,-376.1897807157407078126729
2024-01-31,3631.7506782310199238605186
2024-02-01,1736.1511372666466492715857
2024-02-02,1044.5883963911566756072732
2024-02-05,-2702.0616844403931920025960
2024-02-06,6437.3783229786680231835224
2024-02-07,5541.9983303991657949508189
2024-02-08,-2000.6616621788995985395282
2024-02-09,-51.5616547555278790724796
2024-02-12,-7243.9416473307187683791258
2024-02-13,3591.8783600955280118633247
2024-02-14,5635.6583675232127400315550
2024-02-15,4541.7983749523356945561501
2024-02-16,4129.5383823828971539216082
2024-02-19,2073.6383898148973966663500
2024-02-20,800.1383972483367013827302
2024-02-21,-3817.5815953167846532829526
2024-02-22,5920.7784121195336113695544
2024-02-23,720.2784195572917740944691
2024-02-26,-720.2615730035098863000155
2024-02-27,351.5784344371289090482797
2024-02-28,-7212.7415581207915609444704
2024-02-29,3592.6584493227289826919162
2024-03-01,6973.0584567676908189816384
2024-03-02,2445.6384642140942270029227
2024-03-04,1153.2384716619394858880338
2024-03-05,184.2384791112268748232846
2024-03-06,655.1184865619566730490474
2024-03-07,3278.2584940141291598597638
2024-03-11,-1733.4214985322553853960449
2024-03-12,-6364.2214910771966833157666
2024-03-13,-15499.4614836206944544426886
2024-03-14,9195.5185238372515807340130
2024-03-15,-4713.4414687033582982207156
2024-03-18,2235.4585387574761883122036
2024-03-19,-8966.6014537802446799940082
2024-03-20,1253.8585536834793765880231
2024-03-21,9771.6385611486486378398357
2024-03-22,2370.8185686152633835971418
2024-03-26,1930.2985760833238937498382
2024-03-27,2876.6185835528304482420176
2024-03-28,5984.5585910237833270719774
2024-04-01,7790.7985984961828102922320
2024-04-02,4199.5586059700291780095224
2024-04-03,994.8986134453227103848265
2024-04-04,-820.8213790779363123666299
2024-04-05,2081.5586284002523900246371
2024-04-08,4355.5586358798890978823805
2024-04-09,-978.2013566390259084153680
2024-04-10,4162.4186508435076515637134
2024-04-12,-4509.3213416725099416937533
2024-04-15,-8661.0813341870784076468356
2024-04-16,-1484.0613267001974657002793
2024-04-18,-2612.9013192118668352044987
2024-04-19,1842.5186882779137645444345
2024-04-22,6387.2786957691446143048009
2024-04-23,1469.5587032618259948892451
2024-04-24,2697.8787107559581871647853
2024-04-25,3599.2587182515414720528241
2024-04-26,1757.1387257485761305291591
2024-04-29,3698.3787332470624436239934
2024-04-30,2201.1987407470006924219461
2024-05-02,6323.4387482483911580620629
2024-05-03,-2746.1012442487658782621735
2024-05-06,-5200.5812367444701353028327
2024-05-07,-7170.6212292387213317575261
2024-05-08,4172.0187782684808137306036
2024-05-09,-11451.9212142228634174271069
2024-05-10,5040.1587932872462562351684
2024-05-13,2341.9588007988101162377568
2024-05-14,6928.7188083118284441554955
2024-05-15,1708.8388158263015216177439
2024-05-16,4874.4988233422296303083933
2024-05-17,6003.6988308596130519658772
2024-05-18,3486.3388383784520683831828
2024-05-21,4143.4588458987469614078607
2024-05-22,1691.0188534204980129420357
2024-05-23,6984.9388609437055049424178
2024-05-24,2807.1388684683697194203121
2024-05-27,-153.7411240055090615583700
2024-05-28,-3857.1211164779305558731009
2024-05-29,-4889.1211089488944813487258
2024-05-30,-5424.9211014184005557554516
2024-05-31,1201.5989061135515031911620
2024-06-03,24571.6589136469619778302155
2024-06-04,-14794.2810788181688494445225
2024-06-05,-13540.7010712818406961846020
2024-06-06,9581.7989362559467201131164
2024-06-07,11984.3789437951936820064741
2024-06-10,2707.5989513359004721080243
2024-06-11,723.5189588780673730850421
2024-06-12,3501.2789664216946676595362
2024-06-13,4434.9989739667826386082584
2024-06-14,5961.6989815133315687627151
2024-06-18,3484.9589890613417410091772
2024-06-19,-3770.0610033891865617113086
2024-06-20,828.3390041617469435970899
2024-06-21,-3827.2409882858574600149980
2024-06-24,3266.6190192680005105578639
2024-06-25,1282.2990268233211384759300
2024-06-26,1436.1990343801047069542826
2024-06-27,2427.5790419383514992628438
2024-06-28,1682.5590494980617987263849
2024-07-01,4593.5790570592358887245375
2024-07-02,2908.9396046218740526918045
2024-07-03,4603.7505350264825811595048
2024-07-04,3349.5705370663850954369909
2024-07-05,4324.9905391066825970716169
2024-07-08,894.7905411473751625449851
2024-07-09,581.8305431884628683535066
2024-07-10,993.9105452299457910084049
2024-07-11,1800.7905472718240070357177
2024-07-12,-501.2894506859024070236987
2024-07-15,3451.1505513567666253858322
2024-07-16,793.7505533998311808348104
2024-07-18,-1939.2494445567086640914374
2024-07-19,-12233.7494425128528327927559
2024-07-22,2732.5905595313987513458433
2024-07-23,-13727.6894384239538350458174
2024-07-24,-2301.5294363789105153230770
2024-07-25,13.6305656665287871735660
2024-07-26,10769.8305677123641491184564
2024-07-29,-2793.8894302414043527992139
2024-07-30,-2874.3494281947766418754041
2024-07-31,4601.5305738522473586087791
2024-08-01,721.5105758996677253870839
2024-08-02,-5968.1123320525154647918834
2024-08-05,-15436.8658954768848052287110
2024-08-06,-11454.6258908095137844300652
2024-08-07,14666.2341138587609817835669
2024-08-08,-3646.2658814720603315951320
2024-08-09,6893.0841231980224504604043
2024-08-12,-1530.9058721309904969893671
2024-08-13,-6612.6958674590989988500924
2024-08-14,307.2841372136971200064860
2024-08-16,11226.1141418873980347425357
2024-08-19,3323.5841465620039205541415
2024-08-20,5574.7841512375149526713107
2024-08-21,1640.5541559139313063579813
2024-08-22,3279.6241605912531569120272
2024-08-23,-1062.6358347305193203347343
2024-08-26,4603.7441699486140499834633
2024-08-27,177.5241746286534432663429
2024-08-28,1189.4041793095990349475901
2024-08-29,559.1441839914510004948598
2024-08-30,2615.1041886742095154097829
2024-09-02,801.6141933578747552279725
2024-09-03,891.1141980424468955190311
2024-09-04,493.0042027279261118865564
2024-09-05,-2230.2857925856874200318512
2024-09-06,-6981.7257878983935245645828
2024-09-09,-20.8357832101920260060143
2024-09-10,2873.0442214789172513835011
2024-09-11,-4219.7357738310655166223623
2024-09-12,11257.3342308598598457841059
2024-09-13,953.7242355516935144446574
2024-09-16,95.4642402444356652350922
2024-09-17,139.3842449380864740652652
2024-09-18,-2193.0457503673538831209069
2024-09-19,-2119.3757456718852303454396
2024-09-20,8893.7042590244926084037264
2024-09-23,8831.9442637217798091727320
2024-09-24,422.1042684199765480418053
2024-09-25,-325.9657268809169988747303
2024-09-26,4398.7842778190993445715492
2024-09-27,3591.3242825200257545631755
2024-09-30,-5399.2257127781375926832048
2024-10-01,-1118.4857080753905209168252
2024-10-03,-14069.3157033717328538527905
2024-10-04,-5342.6556986671644151720725
2024-10-07,-12069.0556939616850285215013
2024-10-08,7431.6143107447054824862397
2024-10-09,3714.5243154520072942726214
2024-10-10,-38.8356798397794167067248
2024-10-11,-248.2156751306544739620004
2024-10-14,3926.6643295793822990307671
2024-10-15,164.2143342903310788297302
2024-10-16,-2442.7456609978079579727707
2024-10-17,-11503.1056562850346347502026
2024-10-18,2609.9043484286512251581686
2024-10-21,-7006.5556468567502015527166
2024-10-22,-15185.2856421412387381537036
2024-10-23,-1729.9656374248142078814185
2024-10-24,-3057.2656327074764339382597
2024-10-25,-6748.4556279892252394923927
2024-10-28,3468.8743767299395523222569
2024-10-29,4563.5643814500181184060107
2024-10-30,-3198.8856138289893643065570
2024-10-31,-3546.3756091070827188466114
2024-11-01,7007.2543956157382317889484
2024-11-04,-12508.7755996605263353625032
2024-11-05,4829.6844050641237567706879
2024-11-06,12627.5044097896886852944622
2024-11-07,-8068.1455854838313726509464
2024-11-08,-5460.7455807564362398910047
2024-11-11,1190.1944239718742607831275
2024-11-12,-11960.8355712988996933853971
2024-11-13,-11369.3755665687579251191060
2024-11-14,1602.5744381622997428937999
2024-11-18,-1662.0155571057265120005476
2024-11-19,2725.5244476271634875783230
2024-11-21,-7510.5555476390300809547707
2024-11-22,13472.7944570956929598493424
2024-11-25,12191.1544618313327874741921
2024-11-26,650.3144665678895794376753
2024-11-27,4737.4044713053635132920612
2024-11-28,-4161.2555239562452333760015
2024-11-29,5140.6644807830635170545227
2024-12-02,4383.8644855232899422390615
2024-12-03,-242.5752497355657801325577
2024-12-04,1546.3304345300972920001843
2024-12-05,1340.3304346142355748474826
2024-12-06,2276.5704346983901494331084
2024-12-09,452.1004347825610189116392
2024-12-10,4045.7004348667481864382634
2024-12-11,2649.0704349509516551687803
2024-12-12,1241.9104350351714282596001
2024-12-13,-5004.5195648805924911322553
2024-12-16,510.5304352036599001508467
2024-12-17,-7214.2395647120713947328496
2024-12-18,-3928.0395646277863726244886
2024-12-19,-6494.8195645434850303646024
2024-12-20,-12718.3595644591673647931122
2024-12-23,4055.8704356251666272506732
2024-12-24,-1216.5495642904830510719431
2024-12-26,2645.0604357938836034009543
2024-12-27,-1656.6895641217334061681075
2024-12-30,-3939.1495640373340766159882
2024-12-31,-1335.4251739529184047789360
